2026-06-18 16:00:57    [PROFIL] Profil 'Standard Profile' aplicat pe session6.
2026-06-18 16:00:57  =================================================================
2026-06-18 16:00:57    S6-US30-M15 — US30 M15+M30 | LONG | PW=10 | 13-21h UTC | skipMon | test=+0.2349R p=0.1508 8/10yr+ DD=-16.1% | scan_comprehensive 2026-06-12
2026-06-18 16:00:57    Piete: ['US30']
2026-06-18 16:00:57    TF: M15 (trend M30) | PW=10 | LONG
2026-06-18 16:00:57    Output: C:\Dev\trading-bot\data\live_signals\session6
2026-06-18 16:00:57  =================================================================
2026-06-18 16:00:58  MT5: 52906173 @ ICMarketsEU-Demo (DEMO)
2026-06-18 16:00:58  Simboluri active: ['US30']
2026-06-18 16:00:58  Pornit. Ctrl+C pentru oprire.

2026-06-18 16:00:58  --- S6-US30-M15 iter 1 @ 16:00:58 ---
2026-06-18 16:01:00    Niciun semnal nou. Pendinge: 0
2026-06-18 16:01:00    Urmatoarea bara 15min @ 16:15:05 — 845s
2026-06-18 16:34:27    [PROFIL] Profil 'Standard Profile' aplicat pe session6.
2026-06-18 16:34:27  =================================================================
2026-06-18 16:34:27    S6-US30-M15 — US30 M15+M30 | LONG | PW=10 | 13-21h UTC | skipMon | test=+0.2349R p=0.1508 8/10yr+ DD=-16.1% | scan_comprehensive 2026-06-12
2026-06-18 16:34:27    Piete: ['US30']
2026-06-18 16:34:27    TF: M15 (trend M30) | PW=10 | LONG
2026-06-18 16:34:27    Output: C:\Dev\trading-bot\data\live_signals\session6
2026-06-18 16:34:27  =================================================================
2026-06-18 16:34:27  MT5: 52906173 @ ICMarketsEU-Demo (DEMO)
2026-06-18 16:34:27  Simboluri active: ['US30']
2026-06-18 16:34:27  Pornit. Ctrl+C pentru oprire.

2026-06-18 16:34:27  --- S6-US30-M15 iter 1 @ 16:34:27 ---
2026-06-18 16:34:28    Niciun semnal nou. Pendinge: 0
2026-06-18 16:34:28    Urmatoarea bara 15min @ 16:45:05 — 637s
2026-06-18 16:37:42    [PROFIL] Profil 'Standard Profile' aplicat pe session6.
2026-06-18 16:37:42  =================================================================
2026-06-18 16:37:42    S6-US30-M15 — US30 M15+M30 | LONG | PW=10 | 13-21h UTC | skipMon | test=+0.2349R p=0.1508 8/10yr+ DD=-16.1% | scan_comprehensive 2026-06-12
2026-06-18 16:37:42    Piete: ['US30']
2026-06-18 16:37:42    TF: M15 (trend M30) | PW=10 | LONG
2026-06-18 16:37:42    Output: C:\Dev\trading-bot\data\live_signals\session6
2026-06-18 16:37:42  =================================================================
2026-06-18 16:37:42  MT5: 52906173 @ ICMarketsEU-Demo (DEMO)
2026-06-18 16:37:42  Simboluri active: ['US30']
2026-06-18 16:37:42  Pornit. Ctrl+C pentru oprire.

2026-06-18 16:37:42  --- S6-US30-M15 iter 1 @ 16:37:42 ---
2026-06-18 16:37:42    Niciun semnal nou. Pendinge: 0
2026-06-18 16:37:42    Urmatoarea bara 15min @ 16:45:05 — 443s
2026-06-18 16:45:05  --- S6-US30-M15 iter 2 @ 16:45:05 ---
2026-06-18 16:45:05    Niciun semnal nou. Pendinge: 0
2026-06-18 16:45:05    Urmatoarea bara 15min @ 17:00:05 — 900s
2026-06-18 16:55:23    [PROFIL] Profil 'Standard Profile' aplicat pe session6.
2026-06-18 16:55:23  =================================================================
2026-06-18 16:55:23    S6-US30-M15 — US30 M15+M30 | LONG | PW=10 | 13-21h UTC | skipMon | test=+0.2349R p=0.1508 8/10yr+ DD=-16.1% | scan_comprehensive 2026-06-12
2026-06-18 16:55:23    Piete: ['US30']
2026-06-18 16:55:23    TF: M15 (trend M30) | PW=10 | LONG
2026-06-18 16:55:23    Output: C:\Dev\trading-bot\data\live_signals\session6
2026-06-18 16:55:23  =================================================================
2026-06-18 16:55:23  MT5: 52906173 @ ICMarketsEU-Demo (DEMO)
2026-06-18 16:55:23  Simboluri active: ['US30']
2026-06-18 16:55:23  Pornit. Ctrl+C pentru oprire.

2026-06-18 16:55:23  --- S6-US30-M15 iter 1 @ 16:55:23 ---
2026-06-18 16:55:23    Niciun semnal nou. Pendinge: 0
2026-06-18 16:55:23    Urmatoarea bara 15min @ 17:00:05 — 282s
2026-06-18 17:00:05  --- S6-US30-M15 iter 2 @ 17:00:05 ---
2026-06-18 17:00:05    Niciun semnal nou. Pendinge: 0
2026-06-18 17:00:05    Urmatoarea bara 15min @ 17:15:05 — 900s
2026-06-18 17:15:05  --- S6-US30-M15 iter 3 @ 17:15:05 ---
2026-06-18 17:15:05    Niciun semnal nou. Pendinge: 0
2026-06-18 17:15:05    Urmatoarea bara 15min @ 17:30:05 — 900s
2026-06-18 17:30:05  --- S6-US30-M15 iter 4 @ 17:30:05 ---
2026-06-18 17:30:05    Niciun semnal nou. Pendinge: 0
2026-06-18 17:30:05    Urmatoarea bara 15min @ 17:45:05 — 900s
2026-06-18 17:45:05  --- S6-US30-M15 iter 5 @ 17:45:05 ---
2026-06-18 17:45:05    Niciun semnal nou. Pendinge: 0
2026-06-18 17:45:05    Urmatoarea bara 15min @ 18:00:05 — 900s
2026-06-18 18:00:05  --- S6-US30-M15 iter 6 @ 18:00:05 ---
2026-06-18 18:00:05    Niciun semnal nou. Pendinge: 0
2026-06-18 18:00:05    Urmatoarea bara 15min @ 18:15:05 — 900s
2026-06-18 18:46:54    [PROFIL] Profil 'Standard Profile' aplicat pe session6.
2026-06-18 18:46:54  =================================================================
2026-06-18 18:46:54    S6-US30-M15 — US30 M15+M30 | LONG | PW=10 | 13-21h UTC | skipMon | test=+0.2349R p=0.1508 8/10yr+ DD=-16.1% | scan_comprehensive 2026-06-12
2026-06-18 18:46:54    Piete: ['US30']
2026-06-18 18:46:54    TF: M15 (trend M30) | PW=10 | LONG
2026-06-18 18:46:54    Output: C:\Dev\trading-bot\data\live_signals\session6
2026-06-18 18:46:54  =================================================================
2026-06-18 18:46:54  MT5: 52906173 @ ICMarketsEU-Demo (DEMO)
2026-06-18 18:46:54  Simboluri active: ['US30']
2026-06-18 18:46:54  Pornit. Ctrl+C pentru oprire.

2026-06-18 18:46:54  --- S6-US30-M15 iter 1 @ 18:46:54 ---
2026-06-18 18:46:54    Niciun semnal nou. Pendinge: 0
2026-06-18 18:46:54    Urmatoarea bara 15min @ 19:00:05 — 790s
2026-06-18 19:00:05  --- S6-US30-M15 iter 2 @ 19:00:05 ---
2026-06-18 19:00:05    Niciun semnal nou. Pendinge: 0
2026-06-18 19:00:05    Urmatoarea bara 15min @ 19:15:05 — 900s
2026-06-18 19:15:05  --- S6-US30-M15 iter 3 @ 19:15:05 ---
2026-06-18 19:15:05    Niciun semnal nou. Pendinge: 0
2026-06-18 19:15:05    Urmatoarea bara 15min @ 19:30:05 — 900s
2026-06-18 19:30:05  --- S6-US30-M15 iter 4 @ 19:30:05 ---
2026-06-18 19:30:05    Niciun semnal nou. Pendinge: 0
2026-06-18 19:30:05    Urmatoarea bara 15min @ 19:45:05 — 900s
2026-06-18 19:45:05  --- S6-US30-M15 iter 5 @ 19:45:05 ---
2026-06-18 19:45:05    Niciun semnal nou. Pendinge: 0
2026-06-18 19:45:05    Urmatoarea bara 15min @ 20:00:05 — 900s
2026-06-18 20:00:05  --- S6-US30-M15 iter 6 @ 20:00:05 ---
2026-06-18 20:00:05    Niciun semnal nou. Pendinge: 0
2026-06-18 20:00:05    Urmatoarea bara 15min @ 20:15:05 — 900s
2026-06-18 20:15:05  --- S6-US30-M15 iter 7 @ 20:15:05 ---
2026-06-18 20:15:05    Niciun semnal nou. Pendinge: 0
2026-06-18 20:15:05    Urmatoarea bara 15min @ 20:30:05 — 900s
2026-06-18 20:30:05  --- S6-US30-M15 iter 8 @ 20:30:05 ---
2026-06-18 20:30:05    Niciun semnal nou. Pendinge: 0
2026-06-18 20:30:05    Urmatoarea bara 15min @ 20:45:05 — 900s
2026-06-18 20:42:34    [PROFIL] Profil 'Standard Profile' aplicat pe session6.
2026-06-18 20:42:34  =================================================================
2026-06-18 20:42:34    S6-US30-M15 — US30 M15+M30 | LONG | PW=10 | 13-21h UTC | skipMon | test=+0.2349R p=0.1508 8/10yr+ DD=-16.1% | scan_comprehensive 2026-06-12
2026-06-18 20:42:34    Piete: ['US30']
2026-06-18 20:42:34    TF: M15 (trend M30) | PW=10 | LONG
2026-06-18 20:42:34    Output: C:\Dev\trading-bot\data\live_signals\session6
2026-06-18 20:42:34  =================================================================
2026-06-18 20:42:34  MT5: 52906173 @ ICMarketsEU-Demo (DEMO)
2026-06-18 20:42:34  Simboluri active: ['US30']
2026-06-18 20:42:34  Pornit. Ctrl+C pentru oprire.

2026-06-18 20:42:34  --- S6-US30-M15 iter 1 @ 20:42:34 ---
2026-06-18 20:42:34    Niciun semnal nou. Pendinge: 0
2026-06-18 20:42:34    Urmatoarea bara 15min @ 20:45:05 — 150s
2026-06-18 20:45:05  --- S6-US30-M15 iter 2 @ 20:45:05 ---
2026-06-18 20:45:05    Niciun semnal nou. Pendinge: 0
2026-06-18 20:45:05    Urmatoarea bara 15min @ 21:00:05 — 900s
2026-06-20 11:00:30    [PROFIL] Profil 'Standard Profile' aplicat pe session6.
2026-06-20 11:00:30  =================================================================
2026-06-20 11:00:30    S6-US30-M15 — US30 M15+M30 | LONG | PW=10 | 13-21h UTC | skipMon | test=+0.2349R p=0.1508 8/10yr+ DD=-16.1% | scan_comprehensive 2026-06-12
2026-06-20 11:00:30    Piete: ['US30']
2026-06-20 11:00:30    TF: M15 (trend M30) | PW=10 | LONG
2026-06-20 11:00:30    Output: C:\Dev\trading-bot\data\live_signals\session6
2026-06-20 11:00:30  =================================================================
2026-06-20 11:00:30  MT5: 52906173 @ ICMarketsEU-Demo (DEMO)
2026-06-20 11:00:31  Simboluri active: ['US30']
2026-06-20 11:00:31  Pornit. Ctrl+C pentru oprire.

2026-06-20 11:00:31  --- S6-US30-M15 iter 1 @ 11:00:31 ---
2026-06-20 11:00:32    Niciun semnal nou. Pendinge: 0
2026-06-20 11:00:32    Urmatoarea bara 15min @ 11:15:05 — 873s
2026-06-20 11:15:05  --- S6-US30-M15 iter 2 @ 11:15:05 ---
2026-06-20 11:15:05    Niciun semnal nou. Pendinge: 0
2026-06-20 11:15:05    Urmatoarea bara 15min @ 11:30:05 — 900s
2026-06-20 11:30:05  --- S6-US30-M15 iter 3 @ 11:30:05 ---
2026-06-20 11:30:05    Niciun semnal nou. Pendinge: 0
2026-06-20 11:30:05    Urmatoarea bara 15min @ 11:45:05 — 900s
2026-06-20 11:45:05  --- S6-US30-M15 iter 4 @ 11:45:05 ---
2026-06-20 11:45:05    Niciun semnal nou. Pendinge: 0
2026-06-20 11:45:05    Urmatoarea bara 15min @ 12:00:05 — 900s
2026-06-20 12:00:05  --- S6-US30-M15 iter 5 @ 12:00:05 ---
2026-06-20 12:00:05    Niciun semnal nou. Pendinge: 0
2026-06-20 12:00:05    Urmatoarea bara 15min @ 12:15:05 — 900s
2026-06-20 12:15:05  --- S6-US30-M15 iter 6 @ 12:15:05 ---
2026-06-20 12:15:05    Niciun semnal nou. Pendinge: 0
2026-06-20 12:15:05    Urmatoarea bara 15min @ 12:30:05 — 900s
2026-06-20 12:30:05  --- S6-US30-M15 iter 7 @ 12:30:05 ---
2026-06-20 12:30:05    Niciun semnal nou. Pendinge: 0
2026-06-20 12:30:05    Urmatoarea bara 15min @ 12:45:05 — 900s
2026-06-20 12:45:05  --- S6-US30-M15 iter 8 @ 12:45:05 ---
2026-06-20 12:45:05    Niciun semnal nou. Pendinge: 0
2026-06-20 12:45:05    Urmatoarea bara 15min @ 13:00:05 — 900s
2026-06-20 13:00:05  --- S6-US30-M15 iter 9 @ 13:00:05 ---
2026-06-20 13:00:05    Niciun semnal nou. Pendinge: 0
2026-06-20 13:00:05    Urmatoarea bara 15min @ 13:15:05 — 900s
2026-06-20 13:15:05  --- S6-US30-M15 iter 10 @ 13:15:05 ---
2026-06-20 13:15:05    Niciun semnal nou. Pendinge: 0
2026-06-20 13:15:05    Urmatoarea bara 15min @ 13:30:05 — 900s
2026-06-20 13:30:05  --- S6-US30-M15 iter 11 @ 13:30:05 ---
2026-06-20 13:30:05    Niciun semnal nou. Pendinge: 0
2026-06-20 13:30:05    Urmatoarea bara 15min @ 13:45:05 — 900s
2026-06-20 13:45:05  --- S6-US30-M15 iter 12 @ 13:45:05 ---
2026-06-20 13:45:05    Niciun semnal nou. Pendinge: 0
2026-06-20 13:45:05    Urmatoarea bara 15min @ 14:00:05 — 900s
2026-06-20 14:00:05  --- S6-US30-M15 iter 13 @ 14:00:05 ---
2026-06-20 14:00:05    Niciun semnal nou. Pendinge: 0
2026-06-20 14:00:05    Urmatoarea bara 15min @ 14:15:05 — 900s
2026-06-20 14:15:05  --- S6-US30-M15 iter 14 @ 14:15:05 ---
2026-06-20 14:15:05    Niciun semnal nou. Pendinge: 0
2026-06-20 14:15:05    Urmatoarea bara 15min @ 14:30:05 — 900s
2026-06-20 14:30:05  --- S6-US30-M15 iter 15 @ 14:30:05 ---
2026-06-20 14:30:05    Niciun semnal nou. Pendinge: 0
2026-06-20 14:30:05    Urmatoarea bara 15min @ 14:45:05 — 900s
2026-06-21 10:14:50    [PROFIL] Profil 'Standard Profile' aplicat pe session6.
2026-06-21 10:14:50  =================================================================
2026-06-21 10:14:50    S6-US30-M15 — US30 M15+M30 | LONG | PW=10 | 13-21h UTC | skipMon | test=+0.2349R p=0.1508 8/10yr+ DD=-16.1% | scan_comprehensive 2026-06-12
2026-06-21 10:14:50    Piete: ['US30']
2026-06-21 10:14:50    TF: M15 (trend M30) | PW=10 | LONG
2026-06-21 10:14:50    Output: C:\Dev\trading-bot\data\live_signals\session6
2026-06-21 10:14:50  =================================================================
2026-06-21 10:14:50  MT5: 52906173 @ ICMarketsEU-Demo (DEMO)
2026-06-21 10:14:50  Simboluri active: ['US30']
2026-06-21 10:14:50  Pornit. Ctrl+C pentru oprire.

2026-06-21 10:14:50  --- S6-US30-M15 iter 1 @ 10:14:50 ---
2026-06-21 10:14:51    Niciun semnal nou. Pendinge: 0
2026-06-21 10:14:51    Urmatoarea bara 15min @ 10:15:05 — 14s
2026-06-21 10:14:53  --- S6-US30-M15 iter 2 @ 10:14:53 ---
2026-06-21 10:14:53    Niciun semnal nou. Pendinge: 0
2026-06-21 10:14:53    Urmatoarea bara 15min @ 10:15:05 — 11s
2026-06-21 10:15:05  --- S6-US30-M15 iter 3 @ 10:15:05 ---
2026-06-21 10:15:05    Niciun semnal nou. Pendinge: 0
2026-06-21 10:15:05    Urmatoarea bara 15min @ 10:30:05 — 900s
2026-06-21 10:32:45    signal_counter sincronizat la 3 din signals.csv
2026-06-21 10:32:45    [PROFIL] Profil 'Standard Profile' aplicat pe session6.
2026-06-21 10:32:45  =================================================================
2026-06-21 10:32:45    S6-US30-M15 — US30 M15+M30 | LONG | PW=10 | 13-21h UTC | skipMon | test=+0.2349R p=0.1508 8/10yr+ DD=-16.1% | scan_comprehensive 2026-06-12
2026-06-21 10:32:45    Piete: ['US30']
2026-06-21 10:32:45    TF: M15 (trend M30) | PW=10 | LONG
2026-06-21 10:32:45    Output: C:\Dev\trading-bot\data\live_signals\session6
2026-06-21 10:32:45  =================================================================
2026-06-21 10:32:45  MT5: 52906593 @ ICMarketsEU-Demo (DEMO)
2026-06-21 10:32:45  Simboluri active: ['US30']
2026-06-21 10:32:45  Pornit. Ctrl+C pentru oprire.

2026-06-21 10:32:45  --- S6-US30-M15 iter 1 @ 10:32:45 ---
2026-06-21 10:32:45    Niciun semnal nou. Pendinge: 0
2026-06-21 10:32:45    Urmatoarea bara 15min @ 10:45:05 — 739s
2026-06-21 10:45:05  --- S6-US30-M15 iter 2 @ 10:45:05 ---
2026-06-21 10:45:05    Niciun semnal nou. Pendinge: 0
2026-06-21 10:45:05    Urmatoarea bara 15min @ 11:00:05 — 900s
2026-06-21 11:00:05  --- S6-US30-M15 iter 3 @ 11:00:05 ---
2026-06-21 11:00:05    Niciun semnal nou. Pendinge: 0
2026-06-21 11:00:05    Urmatoarea bara 15min @ 11:15:05 — 900s
2026-06-21 11:15:05  --- S6-US30-M15 iter 4 @ 11:15:05 ---
2026-06-21 11:15:05    Niciun semnal nou. Pendinge: 0
2026-06-21 11:15:05    Urmatoarea bara 15min @ 11:30:05 — 900s
2026-06-21 11:30:05  --- S6-US30-M15 iter 5 @ 11:30:05 ---
2026-06-21 11:30:05    Niciun semnal nou. Pendinge: 0
2026-06-21 11:30:05    Urmatoarea bara 15min @ 11:45:05 — 900s
2026-06-21 11:45:05  --- S6-US30-M15 iter 6 @ 11:45:05 ---
2026-06-21 11:45:05    Niciun semnal nou. Pendinge: 0
2026-06-21 11:45:05    Urmatoarea bara 15min @ 12:00:05 — 900s
2026-06-21 12:00:05  --- S6-US30-M15 iter 7 @ 12:00:05 ---
2026-06-21 12:00:05    Niciun semnal nou. Pendinge: 0
2026-06-21 12:00:05    Urmatoarea bara 15min @ 12:15:05 — 900s
2026-06-21 12:15:05  --- S6-US30-M15 iter 8 @ 12:15:05 ---
2026-06-21 12:15:05    Niciun semnal nou. Pendinge: 0
2026-06-21 12:15:05    Urmatoarea bara 15min @ 12:30:05 — 900s
2026-06-21 12:30:05  --- S6-US30-M15 iter 9 @ 12:30:05 ---
2026-06-21 12:30:05    Niciun semnal nou. Pendinge: 0
2026-06-21 12:30:05    Urmatoarea bara 15min @ 12:45:05 — 900s
2026-06-21 12:45:05  --- S6-US30-M15 iter 10 @ 12:45:05 ---
2026-06-21 12:45:05    Niciun semnal nou. Pendinge: 0
2026-06-21 12:45:05    Urmatoarea bara 15min @ 13:00:05 — 900s
2026-06-21 13:00:05  --- S6-US30-M15 iter 11 @ 13:00:05 ---
2026-06-21 13:00:05    Niciun semnal nou. Pendinge: 0
2026-06-21 13:00:05    Urmatoarea bara 15min @ 13:15:05 — 900s
2026-06-21 13:15:05  --- S6-US30-M15 iter 12 @ 13:15:05 ---
2026-06-21 13:15:05    Niciun semnal nou. Pendinge: 0
2026-06-21 13:15:05    Urmatoarea bara 15min @ 13:30:05 — 900s
2026-06-21 13:30:05  --- S6-US30-M15 iter 13 @ 13:30:05 ---
2026-06-21 13:30:05    Niciun semnal nou. Pendinge: 0
2026-06-21 13:30:05    Urmatoarea bara 15min @ 13:45:05 — 900s
2026-06-21 13:45:05  --- S6-US30-M15 iter 14 @ 13:45:05 ---
2026-06-21 13:45:05    Niciun semnal nou. Pendinge: 0
2026-06-21 13:45:05    Urmatoarea bara 15min @ 14:00:05 — 900s
2026-06-21 14:00:05  --- S6-US30-M15 iter 15 @ 14:00:05 ---
2026-06-21 14:00:05    Niciun semnal nou. Pendinge: 0
2026-06-21 14:00:05    Urmatoarea bara 15min @ 14:15:05 — 900s
2026-06-21 14:15:05  --- S6-US30-M15 iter 16 @ 14:15:05 ---
2026-06-21 14:15:05    Niciun semnal nou. Pendinge: 0
2026-06-21 14:15:05    Urmatoarea bara 15min @ 14:30:05 — 900s
2026-06-21 14:30:05  --- S6-US30-M15 iter 17 @ 14:30:05 ---
2026-06-21 14:30:05    Niciun semnal nou. Pendinge: 0
2026-06-21 14:30:05    Urmatoarea bara 15min @ 14:45:05 — 900s
2026-06-21 14:45:05  --- S6-US30-M15 iter 18 @ 14:45:05 ---
2026-06-21 14:45:05    Niciun semnal nou. Pendinge: 0
2026-06-21 14:45:05    Urmatoarea bara 15min @ 15:00:05 — 900s
2026-06-21 15:00:05  --- S6-US30-M15 iter 19 @ 15:00:05 ---
2026-06-21 15:00:05    Niciun semnal nou. Pendinge: 0
2026-06-21 15:00:05    Urmatoarea bara 15min @ 15:15:05 — 900s
2026-06-21 15:15:05  --- S6-US30-M15 iter 20 @ 15:15:05 ---
2026-06-21 15:15:05    Niciun semnal nou. Pendinge: 0
2026-06-21 15:15:05    Urmatoarea bara 15min @ 15:30:05 — 900s
2026-06-21 15:30:05  --- S6-US30-M15 iter 21 @ 15:30:05 ---
2026-06-21 15:30:05    Niciun semnal nou. Pendinge: 0
2026-06-21 15:30:05    Urmatoarea bara 15min @ 15:45:05 — 900s
2026-06-21 15:45:05  --- S6-US30-M15 iter 22 @ 15:45:05 ---
2026-06-21 15:45:05    Niciun semnal nou. Pendinge: 0
2026-06-21 15:45:05    Urmatoarea bara 15min @ 16:00:05 — 900s
2026-06-21 16:00:05  --- S6-US30-M15 iter 23 @ 16:00:05 ---
2026-06-21 16:00:05    Niciun semnal nou. Pendinge: 0
2026-06-21 16:00:05    Urmatoarea bara 15min @ 16:15:05 — 900s
2026-06-21 16:15:05  --- S6-US30-M15 iter 24 @ 16:15:05 ---
2026-06-21 16:15:05    Niciun semnal nou. Pendinge: 0
2026-06-21 16:15:05    Urmatoarea bara 15min @ 16:30:05 — 900s
2026-06-21 16:30:05  --- S6-US30-M15 iter 25 @ 16:30:05 ---
2026-06-21 16:30:05    Niciun semnal nou. Pendinge: 0
2026-06-21 16:30:05    Urmatoarea bara 15min @ 16:45:05 — 900s
2026-06-21 16:45:05  --- S6-US30-M15 iter 26 @ 16:45:05 ---
2026-06-21 16:45:05    Niciun semnal nou. Pendinge: 0
2026-06-21 16:45:05    Urmatoarea bara 15min @ 17:00:05 — 900s
2026-06-21 17:00:05  --- S6-US30-M15 iter 27 @ 17:00:05 ---
2026-06-21 17:00:05    Niciun semnal nou. Pendinge: 0
2026-06-21 17:00:05    Urmatoarea bara 15min @ 17:15:05 — 900s
2026-06-21 17:15:05  --- S6-US30-M15 iter 28 @ 17:15:05 ---
2026-06-21 17:15:05    Niciun semnal nou. Pendinge: 0
2026-06-21 17:15:05    Urmatoarea bara 15min @ 17:30:05 — 900s
2026-06-21 17:30:05  --- S6-US30-M15 iter 29 @ 17:30:05 ---
2026-06-21 17:30:05    Niciun semnal nou. Pendinge: 0
2026-06-21 17:30:05    Urmatoarea bara 15min @ 17:45:05 — 900s
2026-06-21 17:45:05  --- S6-US30-M15 iter 30 @ 17:45:05 ---
2026-06-21 17:45:05    Niciun semnal nou. Pendinge: 0
2026-06-21 17:45:05    Urmatoarea bara 15min @ 18:00:05 — 900s
2026-06-21 18:00:05  --- S6-US30-M15 iter 31 @ 18:00:05 ---
2026-06-21 18:00:05    Niciun semnal nou. Pendinge: 0
2026-06-21 18:00:05    Urmatoarea bara 15min @ 18:15:05 — 900s
2026-06-21 18:15:05  --- S6-US30-M15 iter 32 @ 18:15:05 ---
2026-06-21 18:15:05    Niciun semnal nou. Pendinge: 0
2026-06-21 18:15:05    Urmatoarea bara 15min @ 18:30:05 — 900s
2026-06-21 18:30:05  --- S6-US30-M15 iter 33 @ 18:30:05 ---
2026-06-21 18:30:05    Niciun semnal nou. Pendinge: 0
2026-06-21 18:30:05    Urmatoarea bara 15min @ 18:45:05 — 900s
2026-06-21 18:45:05  --- S6-US30-M15 iter 34 @ 18:45:05 ---
2026-06-21 18:45:05    Niciun semnal nou. Pendinge: 0
2026-06-21 18:45:05    Urmatoarea bara 15min @ 19:00:05 — 900s
2026-06-21 19:00:05  --- S6-US30-M15 iter 35 @ 19:00:05 ---
2026-06-21 19:00:05    Niciun semnal nou. Pendinge: 0
2026-06-21 19:00:05    Urmatoarea bara 15min @ 19:15:05 — 900s
2026-06-21 19:15:05  --- S6-US30-M15 iter 36 @ 19:15:05 ---
2026-06-21 19:15:05    Niciun semnal nou. Pendinge: 0
2026-06-21 19:15:05    Urmatoarea bara 15min @ 19:30:05 — 900s
2026-06-21 19:30:05  --- S6-US30-M15 iter 37 @ 19:30:05 ---
2026-06-21 19:30:05    Niciun semnal nou. Pendinge: 0
2026-06-21 19:30:05    Urmatoarea bara 15min @ 19:45:05 — 900s
2026-06-21 19:45:05  --- S6-US30-M15 iter 38 @ 19:45:05 ---
2026-06-21 19:45:05    Niciun semnal nou. Pendinge: 0
2026-06-21 19:45:05    Urmatoarea bara 15min @ 20:00:05 — 900s
2026-06-21 20:00:05  --- S6-US30-M15 iter 39 @ 20:00:05 ---
2026-06-21 20:00:05    Niciun semnal nou. Pendinge: 0
2026-06-21 20:00:05    Urmatoarea bara 15min @ 20:15:05 — 900s
2026-06-21 20:15:05  --- S6-US30-M15 iter 40 @ 20:15:05 ---
2026-06-21 20:15:05    Niciun semnal nou. Pendinge: 0
2026-06-21 20:15:05    Urmatoarea bara 15min @ 20:30:05 — 900s
2026-06-21 20:30:05  --- S6-US30-M15 iter 41 @ 20:30:05 ---
2026-06-21 20:30:05    Niciun semnal nou. Pendinge: 0
2026-06-21 20:30:05    Urmatoarea bara 15min @ 20:45:05 — 900s
2026-06-21 20:45:05  --- S6-US30-M15 iter 42 @ 20:45:05 ---
2026-06-21 20:45:05    Niciun semnal nou. Pendinge: 0
2026-06-21 20:45:05    Urmatoarea bara 15min @ 21:00:05 — 900s
2026-06-21 21:00:05  --- S6-US30-M15 iter 43 @ 21:00:05 ---
2026-06-21 21:00:05    Niciun semnal nou. Pendinge: 0
2026-06-21 21:00:05    Urmatoarea bara 15min @ 21:15:05 — 900s
2026-06-21 21:15:05  --- S6-US30-M15 iter 44 @ 21:15:05 ---
2026-06-21 21:15:05    Niciun semnal nou. Pendinge: 0
2026-06-21 21:15:05    Urmatoarea bara 15min @ 21:30:05 — 900s
2026-06-21 21:30:05  --- S6-US30-M15 iter 45 @ 21:30:05 ---
2026-06-21 21:30:05    Niciun semnal nou. Pendinge: 0
2026-06-21 21:30:05    Urmatoarea bara 15min @ 21:45:05 — 900s
2026-06-21 21:45:05  --- S6-US30-M15 iter 46 @ 21:45:05 ---
2026-06-21 21:45:05    Niciun semnal nou. Pendinge: 0
2026-06-21 21:45:05    Urmatoarea bara 15min @ 22:00:05 — 900s
2026-06-21 22:00:05  --- S6-US30-M15 iter 47 @ 22:00:05 ---
2026-06-21 22:00:05    Niciun semnal nou. Pendinge: 0
2026-06-21 22:00:05    Urmatoarea bara 15min @ 22:15:05 — 900s
2026-06-21 22:15:05  --- S6-US30-M15 iter 48 @ 22:15:05 ---
2026-06-21 22:15:05    Niciun semnal nou. Pendinge: 0
2026-06-21 22:15:05    Urmatoarea bara 15min @ 22:30:05 — 900s
2026-06-21 22:30:05  --- S6-US30-M15 iter 49 @ 22:30:05 ---
2026-06-21 22:30:05    Niciun semnal nou. Pendinge: 0
2026-06-21 22:30:05    Urmatoarea bara 15min @ 22:45:05 — 900s
2026-06-21 22:45:05  --- S6-US30-M15 iter 50 @ 22:45:05 ---
2026-06-21 22:45:05    Niciun semnal nou. Pendinge: 0
2026-06-21 22:45:05    Urmatoarea bara 15min @ 23:00:05 — 900s
2026-06-21 23:00:05  --- S6-US30-M15 iter 51 @ 23:00:05 ---
2026-06-21 23:00:05    Niciun semnal nou. Pendinge: 0
2026-06-21 23:00:05    Urmatoarea bara 15min @ 23:15:05 — 900s
2026-06-21 23:15:05  --- S6-US30-M15 iter 52 @ 23:15:05 ---
2026-06-21 23:15:05    Niciun semnal nou. Pendinge: 0
2026-06-21 23:15:05    Urmatoarea bara 15min @ 23:30:05 — 900s
2026-06-21 23:30:05  --- S6-US30-M15 iter 53 @ 23:30:05 ---
2026-06-21 23:30:05    Niciun semnal nou. Pendinge: 0
2026-06-21 23:30:05    Urmatoarea bara 15min @ 23:45:05 — 900s
2026-06-21 23:45:05  --- S6-US30-M15 iter 54 @ 23:45:05 ---
2026-06-21 23:45:05    Niciun semnal nou. Pendinge: 0
2026-06-21 23:45:05    Urmatoarea bara 15min @ 00:00:05 — 900s
2026-06-22 00:00:05  --- S6-US30-M15 iter 55 @ 00:00:05 ---
2026-06-22 00:00:06    Niciun semnal nou. Pendinge: 0
2026-06-22 00:00:06    Urmatoarea bara 15min @ 00:15:05 — 898s
2026-06-22 00:15:05  --- S6-US30-M15 iter 56 @ 00:15:05 ---
2026-06-22 00:15:05    Niciun semnal nou. Pendinge: 0
2026-06-22 00:15:05    Urmatoarea bara 15min @ 00:30:05 — 900s
2026-06-22 00:30:05  --- S6-US30-M15 iter 57 @ 00:30:05 ---
2026-06-22 00:30:05    Niciun semnal nou. Pendinge: 0
2026-06-22 00:30:05    Urmatoarea bara 15min @ 00:45:05 — 900s
2026-06-22 00:45:05  --- S6-US30-M15 iter 58 @ 00:45:05 ---
2026-06-22 00:45:05    Niciun semnal nou. Pendinge: 0
2026-06-22 00:45:05    Urmatoarea bara 15min @ 01:00:05 — 900s
2026-06-22 01:00:05  --- S6-US30-M15 iter 59 @ 01:00:05 ---
2026-06-22 01:00:05    Niciun semnal nou. Pendinge: 0
2026-06-22 01:00:05    Urmatoarea bara 15min @ 01:15:05 — 900s
2026-06-22 01:15:05  --- S6-US30-M15 iter 60 @ 01:15:05 ---
2026-06-22 01:15:05    Niciun semnal nou. Pendinge: 0
2026-06-22 01:15:05    Urmatoarea bara 15min @ 01:30:05 — 900s
2026-06-22 01:30:05  --- S6-US30-M15 iter 61 @ 01:30:05 ---
2026-06-22 01:30:05    Niciun semnal nou. Pendinge: 0
2026-06-22 01:30:05    Urmatoarea bara 15min @ 01:45:05 — 900s
2026-06-22 01:45:05  --- S6-US30-M15 iter 62 @ 01:45:05 ---
2026-06-22 01:45:05    Niciun semnal nou. Pendinge: 0
2026-06-22 01:45:05    Urmatoarea bara 15min @ 02:00:05 — 900s
2026-06-22 02:00:05  --- S6-US30-M15 iter 63 @ 02:00:05 ---
2026-06-22 02:00:05    Niciun semnal nou. Pendinge: 0
2026-06-22 02:00:05    Urmatoarea bara 15min @ 02:15:05 — 900s
2026-06-22 02:15:05  --- S6-US30-M15 iter 64 @ 02:15:05 ---
2026-06-22 02:15:05    Niciun semnal nou. Pendinge: 0
2026-06-22 02:15:05    Urmatoarea bara 15min @ 02:30:05 — 900s
2026-06-22 02:30:05  --- S6-US30-M15 iter 65 @ 02:30:05 ---
2026-06-22 02:30:05    Niciun semnal nou. Pendinge: 0
2026-06-22 02:30:05    Urmatoarea bara 15min @ 02:45:05 — 900s
2026-06-22 02:45:05  --- S6-US30-M15 iter 66 @ 02:45:05 ---
2026-06-22 02:45:05    Niciun semnal nou. Pendinge: 0
2026-06-22 02:45:05    Urmatoarea bara 15min @ 03:00:05 — 900s
2026-06-22 03:00:05  --- S6-US30-M15 iter 67 @ 03:00:05 ---
2026-06-22 03:00:05    Niciun semnal nou. Pendinge: 0
2026-06-22 03:00:05    Urmatoarea bara 15min @ 03:15:05 — 900s
2026-06-22 03:15:05  --- S6-US30-M15 iter 68 @ 03:15:05 ---
2026-06-22 03:15:05    Niciun semnal nou. Pendinge: 0
2026-06-22 03:15:05    Urmatoarea bara 15min @ 03:30:05 — 900s
2026-06-22 03:30:05  --- S6-US30-M15 iter 69 @ 03:30:05 ---
2026-06-22 03:30:05    Niciun semnal nou. Pendinge: 0
2026-06-22 03:30:05    Urmatoarea bara 15min @ 03:45:05 — 900s
2026-06-22 03:45:05  --- S6-US30-M15 iter 70 @ 03:45:05 ---
2026-06-22 03:45:05    Niciun semnal nou. Pendinge: 0
2026-06-22 03:45:05    Urmatoarea bara 15min @ 04:00:05 — 900s
2026-06-22 04:00:05  --- S6-US30-M15 iter 71 @ 04:00:05 ---
2026-06-22 04:00:05    Niciun semnal nou. Pendinge: 0
2026-06-22 04:00:05    Urmatoarea bara 15min @ 04:15:05 — 900s
2026-06-22 04:15:05  --- S6-US30-M15 iter 72 @ 04:15:05 ---
2026-06-22 04:15:05    Niciun semnal nou. Pendinge: 0
2026-06-22 04:15:05    Urmatoarea bara 15min @ 04:30:05 — 900s
2026-06-22 04:30:05  --- S6-US30-M15 iter 73 @ 04:30:05 ---
2026-06-22 04:30:05    Niciun semnal nou. Pendinge: 0
2026-06-22 04:30:05    Urmatoarea bara 15min @ 04:45:05 — 900s
2026-06-22 04:45:05  --- S6-US30-M15 iter 74 @ 04:45:05 ---
2026-06-22 04:45:05    Niciun semnal nou. Pendinge: 0
2026-06-22 04:45:05    Urmatoarea bara 15min @ 05:00:05 — 900s
2026-06-22 05:00:05  --- S6-US30-M15 iter 75 @ 05:00:05 ---
2026-06-22 05:00:05    Niciun semnal nou. Pendinge: 0
2026-06-22 05:00:05    Urmatoarea bara 15min @ 05:15:05 — 900s
2026-06-22 05:15:05  --- S6-US30-M15 iter 76 @ 05:15:05 ---
2026-06-22 05:15:05    Niciun semnal nou. Pendinge: 0
2026-06-22 05:15:05    Urmatoarea bara 15min @ 05:30:05 — 900s
2026-06-22 05:30:05  --- S6-US30-M15 iter 77 @ 05:30:05 ---
2026-06-22 05:30:05    Niciun semnal nou. Pendinge: 0
2026-06-22 05:30:05    Urmatoarea bara 15min @ 05:45:05 — 900s
2026-06-22 05:45:05  --- S6-US30-M15 iter 78 @ 05:45:05 ---
2026-06-22 05:45:05    Niciun semnal nou. Pendinge: 0
2026-06-22 05:45:05    Urmatoarea bara 15min @ 06:00:05 — 900s
2026-06-22 06:00:05  --- S6-US30-M15 iter 79 @ 06:00:05 ---
2026-06-22 06:00:05    Niciun semnal nou. Pendinge: 0
2026-06-22 06:00:05    Urmatoarea bara 15min @ 06:15:05 — 900s
2026-06-22 06:15:05  --- S6-US30-M15 iter 80 @ 06:15:05 ---
2026-06-22 06:15:05    Niciun semnal nou. Pendinge: 0
2026-06-22 06:15:05    Urmatoarea bara 15min @ 06:30:05 — 900s
2026-06-22 06:30:05  --- S6-US30-M15 iter 81 @ 06:30:05 ---
2026-06-22 06:30:05    Niciun semnal nou. Pendinge: 0
2026-06-22 06:30:05    Urmatoarea bara 15min @ 06:45:05 — 900s
2026-06-22 06:45:05  --- S6-US30-M15 iter 82 @ 06:45:05 ---
2026-06-22 06:45:05    Niciun semnal nou. Pendinge: 0
2026-06-22 06:45:05    Urmatoarea bara 15min @ 07:00:05 — 900s
2026-06-22 07:00:05  --- S6-US30-M15 iter 83 @ 07:00:05 ---
2026-06-22 07:00:05    Niciun semnal nou. Pendinge: 0
2026-06-22 07:00:05    Urmatoarea bara 15min @ 07:15:05 — 900s
2026-06-22 07:15:05  --- S6-US30-M15 iter 84 @ 07:15:05 ---
2026-06-22 07:15:05    Niciun semnal nou. Pendinge: 0
2026-06-22 07:15:05    Urmatoarea bara 15min @ 07:30:05 — 900s
2026-06-22 07:30:05  --- S6-US30-M15 iter 85 @ 07:30:05 ---
2026-06-22 07:30:05    Niciun semnal nou. Pendinge: 0
2026-06-22 07:30:05    Urmatoarea bara 15min @ 07:45:05 — 900s
2026-06-22 07:45:05  --- S6-US30-M15 iter 86 @ 07:45:05 ---
2026-06-22 07:45:05    Niciun semnal nou. Pendinge: 0
2026-06-22 07:45:05    Urmatoarea bara 15min @ 08:00:05 — 900s
2026-06-22 08:00:05  --- S6-US30-M15 iter 87 @ 08:00:05 ---
2026-06-22 08:00:05    Niciun semnal nou. Pendinge: 0
2026-06-22 08:00:05    Urmatoarea bara 15min @ 08:15:05 — 900s
2026-06-22 08:15:05  --- S6-US30-M15 iter 88 @ 08:15:05 ---
2026-06-22 08:15:05    Niciun semnal nou. Pendinge: 0
2026-06-22 08:15:05    Urmatoarea bara 15min @ 08:30:05 — 900s
2026-06-22 08:30:05  --- S6-US30-M15 iter 89 @ 08:30:05 ---
2026-06-22 08:30:05    Niciun semnal nou. Pendinge: 0
2026-06-22 08:30:05    Urmatoarea bara 15min @ 08:45:05 — 900s
2026-06-22 08:45:05  --- S6-US30-M15 iter 90 @ 08:45:05 ---
2026-06-22 08:45:05    Niciun semnal nou. Pendinge: 0
2026-06-22 08:45:05    Urmatoarea bara 15min @ 09:00:05 — 900s
2026-06-28 21:29:40    [PROFIL] Profil 'Standard Profile' aplicat pe session6.
2026-06-28 21:29:40  =================================================================
2026-06-28 21:29:40    S6-US30 — US30 M15+M30 BOTH pw=10 pullback | test +0.229R Score 2.71 | 15-22h
2026-06-28 21:29:40    Piete: ['US30']
2026-06-28 21:29:40    TF: M15 (trend M30) | PW=8 | BOTH
2026-06-28 21:29:40    Output: C:\Dev\trading-bot\data\live_signals\session6
2026-06-28 21:29:40  =================================================================
2026-06-28 21:29:42  MT5: 52906593 @ ICMarketsEU-Demo (DEMO)
2026-06-28 21:29:50  Simboluri active: ['US30']
2026-06-28 21:29:50  Pornit. Ctrl+C pentru oprire.

2026-06-28 21:29:50  --- S6-US30 iter 1 @ 21:29:50 ---
2026-06-28 21:29:55    Niciun semnal nou. Pendinge: 0
2026-06-28 21:29:55    Urmatoarea bara 15min @ 21:30:05 — 10s
2026-06-28 21:30:05  --- S6-US30 iter 2 @ 21:30:05 ---
2026-06-28 21:30:05    Niciun semnal nou. Pendinge: 0
2026-06-28 21:30:05    Urmatoarea bara 15min @ 21:45:05 — 900s
2026-06-28 21:45:05  --- S6-US30 iter 3 @ 21:45:05 ---
2026-06-28 21:45:05    Niciun semnal nou. Pendinge: 0
2026-06-28 21:45:05    Urmatoarea bara 15min @ 22:00:05 — 900s
2026-06-28 22:00:05  --- S6-US30 iter 4 @ 22:00:05 ---
2026-06-28 22:00:06    Niciun semnal nou. Pendinge: 0
2026-06-28 22:00:06    Urmatoarea bara 15min @ 22:15:05 — 898s
2026-06-28 22:15:05  --- S6-US30 iter 5 @ 22:15:05 ---
2026-06-28 22:15:05    Niciun semnal nou. Pendinge: 0
2026-06-28 22:15:05    Urmatoarea bara 15min @ 22:30:05 — 900s
2026-06-28 22:30:05  --- S6-US30 iter 6 @ 22:30:05 ---
2026-06-28 22:30:05    Niciun semnal nou. Pendinge: 0
2026-06-28 22:30:05    Urmatoarea bara 15min @ 22:45:05 — 900s
2026-06-28 22:44:35    [PROFIL] Profil 'Standard Profile' aplicat pe session6.
2026-06-28 22:44:35  =================================================================
2026-06-28 22:44:35    S6-US30 — US30 M15+M30 BOTH pw=10 pullback | test +0.229R Score 2.71 | 15-22h
2026-06-28 22:44:35    Piete: ['US30']
2026-06-28 22:44:35    TF: M15 (trend M30) | PW=8 | BOTH
2026-06-28 22:44:35    Output: C:\Dev\trading-bot\data\live_signals\session6
2026-06-28 22:44:35  =================================================================
2026-06-28 22:44:35  MT5 nu e disponibil: mt5.initialize() a esuat: (-6, 'Terminal: Authorization failed')
2026-06-29 06:54:54    [PROFIL] Profil 'Standard Profile' aplicat pe session6.
2026-06-29 06:54:54  =================================================================
2026-06-29 06:54:54    S6-US30 — US30 M15+M30 BOTH pw=10 pullback | test +0.229R Score 2.71 | 15-22h
2026-06-29 06:54:54    Piete: ['US30']
2026-06-29 06:54:54    TF: M15 (trend M30) | PW=8 | BOTH
2026-06-29 06:54:54    Output: C:\Dev\trading-bot\data\live_signals\session6
2026-06-29 06:54:54  =================================================================
2026-06-29 06:54:55  MT5: 52906593 @ ICMarketsEU-Demo (DEMO)
2026-06-29 06:54:59  Simboluri active: ['US30']
2026-06-29 06:54:59  Pornit. Ctrl+C pentru oprire.

2026-06-29 06:54:59  --- S6-US30 iter 1 @ 06:54:59 ---
2026-06-29 06:55:00    Niciun semnal nou. Pendinge: 0
2026-06-29 06:55:00    Urmatoarea bara 15min @ 07:00:05 — 305s
2026-06-29 07:00:05  --- S6-US30 iter 2 @ 07:00:05 ---
2026-06-29 07:00:05    Niciun semnal nou. Pendinge: 0
2026-06-29 07:00:05    Urmatoarea bara 15min @ 07:15:05 — 900s
2026-06-29 07:15:04  --- S6-US30 iter 3 @ 07:15:04 ---
2026-06-29 07:15:05    Niciun semnal nou. Pendinge: 0
2026-06-29 07:15:05    Urmatoarea bara 15min @ 07:30:05 — 900s
2026-06-29 07:30:04  --- S6-US30 iter 4 @ 07:30:04 ---
2026-06-29 07:30:04    Niciun semnal nou. Pendinge: 0
2026-06-29 07:30:04    Urmatoarea bara 15min @ 07:45:05 — 900s
2026-06-29 07:45:04  --- S6-US30 iter 5 @ 07:45:04 ---
2026-06-29 07:45:04    Niciun semnal nou. Pendinge: 0
2026-06-29 07:45:04    Urmatoarea bara 15min @ 08:00:05 — 900s
2026-06-29 08:00:04  --- S6-US30 iter 6 @ 08:00:04 ---
2026-06-29 08:00:05    Niciun semnal nou. Pendinge: 0
2026-06-29 08:00:05    Urmatoarea bara 15min @ 08:15:05 — 900s
2026-06-29 08:15:04  --- S6-US30 iter 7 @ 08:15:04 ---
2026-06-29 08:15:05    Niciun semnal nou. Pendinge: 0
2026-06-29 08:15:05    Urmatoarea bara 15min @ 08:30:05 — 900s
2026-06-29 08:30:04  --- S6-US30 iter 8 @ 08:30:04 ---
2026-06-29 08:30:05    Niciun semnal nou. Pendinge: 0
2026-06-29 08:30:05    Urmatoarea bara 15min @ 08:45:05 — 900s
2026-06-29 08:45:04  --- S6-US30 iter 9 @ 08:45:04 ---
2026-06-29 08:45:05    Niciun semnal nou. Pendinge: 0
2026-06-29 08:45:05    Urmatoarea bara 15min @ 09:00:05 — 900s
2026-06-29 09:00:04  --- S6-US30 iter 10 @ 09:00:04 ---
2026-06-29 09:00:05    Niciun semnal nou. Pendinge: 0
2026-06-29 09:00:05    Urmatoarea bara 15min @ 09:15:05 — 900s
2026-06-29 22:42:54    [PROFIL] Profil 'Standard Profile' aplicat pe session6.
2026-06-29 22:42:54  =================================================================
2026-06-29 22:42:54    S6-US30 — US30 M15+M30 BOTH pw=10 pullback | test +0.229R Score 2.71 | 15-22h
2026-06-29 22:42:54    Piete: ['US30']
2026-06-29 22:42:54    TF: M15 (trend M30) | PW=8 | BOTH
2026-06-29 22:42:54    Output: C:\Dev\trading-bot\data\live_signals\session6
2026-06-29 22:42:54  =================================================================
2026-06-29 22:42:54  MT5: 52906593 @ ICMarketsEU-Demo (DEMO)
2026-06-29 22:42:54  Simboluri active: ['US30']
2026-06-29 22:42:54  Pornit. Ctrl+C pentru oprire.

2026-06-29 22:42:54  --- S6-US30 iter 1 @ 22:42:54 ---
2026-06-29 22:42:55    Niciun semnal nou. Pendinge: 0
2026-06-29 22:42:55    Urmatoarea bara 15min @ 22:45:05 — 130s
2026-06-29 22:45:05  --- S6-US30 iter 2 @ 22:45:05 ---
2026-06-29 22:45:05    Niciun semnal nou. Pendinge: 0
2026-06-29 22:45:05    Urmatoarea bara 15min @ 23:00:05 — 900s
2026-06-29 23:00:05  --- S6-US30 iter 3 @ 23:00:05 ---
2026-06-29 23:00:05    Niciun semnal nou. Pendinge: 0
2026-06-29 23:00:05    Urmatoarea bara 15min @ 23:15:05 — 899s
2026-06-29 23:15:05  --- S6-US30 iter 4 @ 23:15:05 ---
2026-06-29 23:15:05    Niciun semnal nou. Pendinge: 0
2026-06-29 23:15:05    Urmatoarea bara 15min @ 23:30:05 — 900s
2026-06-29 23:30:05  --- S6-US30 iter 5 @ 23:30:05 ---
2026-06-29 23:30:05    Niciun semnal nou. Pendinge: 0
2026-06-29 23:30:22    Urmatoarea bara 15min @ 23:45:05 — 883s
2026-06-29 23:45:05  --- S6-US30 iter 6 @ 23:45:05 ---
2026-06-29 23:45:05    Niciun semnal nou. Pendinge: 0
2026-06-29 23:45:05    Urmatoarea bara 15min @ 00:00:05 — 900s
2026-06-30 00:00:05  --- S6-US30 iter 7 @ 00:00:05 ---
2026-06-30 00:00:05    Niciun semnal nou. Pendinge: 0
2026-06-30 00:00:05    Urmatoarea bara 15min @ 00:15:05 — 899s
2026-06-30 00:15:05  --- S6-US30 iter 8 @ 00:15:05 ---
2026-06-30 00:15:05    Niciun semnal nou. Pendinge: 0
2026-06-30 00:15:05    Urmatoarea bara 15min @ 00:30:05 — 900s
2026-06-30 00:30:05  --- S6-US30 iter 9 @ 00:30:05 ---
2026-06-30 00:30:05    Niciun semnal nou. Pendinge: 0
2026-06-30 00:30:05    Urmatoarea bara 15min @ 00:45:05 — 900s
2026-06-30 00:45:05  --- S6-US30 iter 10 @ 00:45:05 ---
2026-06-30 00:45:05    Niciun semnal nou. Pendinge: 0
2026-06-30 00:45:05    Urmatoarea bara 15min @ 01:00:05 — 900s
2026-06-30 01:00:05  --- S6-US30 iter 11 @ 01:00:05 ---
2026-06-30 01:00:05    Niciun semnal nou. Pendinge: 0
2026-06-30 01:00:05    Urmatoarea bara 15min @ 01:15:05 — 900s
2026-06-30 01:15:05  --- S6-US30 iter 12 @ 01:15:05 ---
2026-06-30 01:15:05    Niciun semnal nou. Pendinge: 0
2026-06-30 01:15:05    Urmatoarea bara 15min @ 01:30:05 — 900s
2026-06-30 01:30:05  --- S6-US30 iter 13 @ 01:30:05 ---
2026-06-30 01:30:05    Niciun semnal nou. Pendinge: 0
2026-06-30 01:30:05    Urmatoarea bara 15min @ 01:45:05 — 900s
2026-06-30 01:45:05  --- S6-US30 iter 14 @ 01:45:05 ---
2026-06-30 01:45:05    Niciun semnal nou. Pendinge: 0
2026-06-30 01:45:05    Urmatoarea bara 15min @ 02:00:05 — 900s
2026-06-30 02:00:05  --- S6-US30 iter 15 @ 02:00:05 ---
2026-06-30 02:00:05    Niciun semnal nou. Pendinge: 0
2026-06-30 02:00:05    Urmatoarea bara 15min @ 02:15:05 — 900s
2026-06-30 02:15:05  --- S6-US30 iter 16 @ 02:15:05 ---
2026-06-30 02:15:05    Niciun semnal nou. Pendinge: 0
2026-06-30 02:15:05    Urmatoarea bara 15min @ 02:30:05 — 900s
2026-06-30 02:30:05  --- S6-US30 iter 17 @ 02:30:05 ---
2026-06-30 02:30:05    Niciun semnal nou. Pendinge: 0
2026-06-30 02:30:05    Urmatoarea bara 15min @ 02:45:05 — 900s
2026-06-30 02:45:05  --- S6-US30 iter 18 @ 02:45:05 ---
2026-06-30 02:45:05    Niciun semnal nou. Pendinge: 0
2026-06-30 02:45:05    Urmatoarea bara 15min @ 03:00:05 — 900s
2026-06-30 03:00:05  --- S6-US30 iter 19 @ 03:00:05 ---
2026-06-30 03:00:05    Niciun semnal nou. Pendinge: 0
2026-06-30 03:00:05    Urmatoarea bara 15min @ 03:15:05 — 900s
2026-06-30 03:15:05  --- S6-US30 iter 20 @ 03:15:05 ---
2026-06-30 03:15:05    Niciun semnal nou. Pendinge: 0
2026-06-30 03:15:05    Urmatoarea bara 15min @ 03:30:05 — 900s
2026-06-30 03:30:05  --- S6-US30 iter 21 @ 03:30:05 ---
2026-06-30 03:30:05    Niciun semnal nou. Pendinge: 0
2026-06-30 03:30:05    Urmatoarea bara 15min @ 03:45:05 — 900s
2026-06-30 03:45:05  --- S6-US30 iter 22 @ 03:45:05 ---
2026-06-30 03:45:05    Niciun semnal nou. Pendinge: 0
2026-06-30 03:45:05    Urmatoarea bara 15min @ 04:00:05 — 900s
2026-06-30 04:00:05  --- S6-US30 iter 23 @ 04:00:05 ---
2026-06-30 04:00:05    Niciun semnal nou. Pendinge: 0
2026-06-30 04:00:05    Urmatoarea bara 15min @ 04:15:05 — 900s
2026-06-30 04:15:05  --- S6-US30 iter 24 @ 04:15:05 ---
2026-06-30 04:15:05    Niciun semnal nou. Pendinge: 0
2026-06-30 04:15:05    Urmatoarea bara 15min @ 04:30:05 — 900s
2026-06-30 04:30:05  --- S6-US30 iter 25 @ 04:30:05 ---
2026-06-30 04:30:05    Niciun semnal nou. Pendinge: 0
2026-06-30 04:30:05    Urmatoarea bara 15min @ 04:45:05 — 900s
2026-06-30 04:45:05  --- S6-US30 iter 26 @ 04:45:05 ---
2026-06-30 04:45:05    Niciun semnal nou. Pendinge: 0
2026-06-30 04:45:05    Urmatoarea bara 15min @ 05:00:05 — 900s
2026-06-30 05:00:05  --- S6-US30 iter 27 @ 05:00:05 ---
2026-06-30 05:00:05    Niciun semnal nou. Pendinge: 0
2026-06-30 05:00:05    Urmatoarea bara 15min @ 05:15:05 — 900s
2026-06-30 05:15:05  --- S6-US30 iter 28 @ 05:15:05 ---
2026-06-30 05:15:05    Niciun semnal nou. Pendinge: 0
2026-06-30 05:15:05    Urmatoarea bara 15min @ 05:30:05 — 900s
2026-06-30 05:30:05  --- S6-US30 iter 29 @ 05:30:05 ---
2026-06-30 05:30:05    Niciun semnal nou. Pendinge: 0
2026-06-30 05:30:05    Urmatoarea bara 15min @ 05:45:05 — 900s
2026-06-30 05:45:05  --- S6-US30 iter 30 @ 05:45:05 ---
2026-06-30 05:45:05    Niciun semnal nou. Pendinge: 0
2026-06-30 05:45:05    Urmatoarea bara 15min @ 06:00:05 — 900s
2026-06-30 06:00:05  --- S6-US30 iter 31 @ 06:00:05 ---
2026-06-30 06:00:05    Niciun semnal nou. Pendinge: 0
2026-06-30 06:00:05    Urmatoarea bara 15min @ 06:15:05 — 900s
2026-06-30 06:15:05  --- S6-US30 iter 32 @ 06:15:05 ---
2026-06-30 06:15:05    Niciun semnal nou. Pendinge: 0
2026-06-30 06:15:05    Urmatoarea bara 15min @ 06:30:05 — 900s
2026-06-30 06:30:05  --- S6-US30 iter 33 @ 06:30:05 ---
2026-06-30 06:30:05    Niciun semnal nou. Pendinge: 0
2026-06-30 06:30:05    Urmatoarea bara 15min @ 06:45:05 — 900s
2026-06-30 06:45:05  --- S6-US30 iter 34 @ 06:45:05 ---
2026-06-30 06:45:05    Niciun semnal nou. Pendinge: 0
2026-06-30 06:45:05    Urmatoarea bara 15min @ 07:00:05 — 900s
2026-06-30 07:00:05  --- S6-US30 iter 35 @ 07:00:05 ---
2026-06-30 07:00:05    Niciun semnal nou. Pendinge: 0
2026-06-30 07:00:05    Urmatoarea bara 15min @ 07:15:05 — 900s
2026-06-30 07:15:05  --- S6-US30 iter 36 @ 07:15:05 ---
2026-06-30 07:15:05    Niciun semnal nou. Pendinge: 0
2026-06-30 07:15:05    Urmatoarea bara 15min @ 07:30:05 — 900s
2026-06-30 07:30:05  --- S6-US30 iter 37 @ 07:30:05 ---
2026-06-30 07:30:05    Niciun semnal nou. Pendinge: 0
2026-06-30 07:30:05    Urmatoarea bara 15min @ 07:45:05 — 900s
2026-06-30 07:45:05  --- S6-US30 iter 38 @ 07:45:05 ---
2026-06-30 07:45:05    Niciun semnal nou. Pendinge: 0
2026-06-30 07:45:05    Urmatoarea bara 15min @ 08:00:05 — 900s
2026-06-30 08:00:05  --- S6-US30 iter 39 @ 08:00:05 ---
2026-06-30 08:00:05    Niciun semnal nou. Pendinge: 0
2026-06-30 08:00:06    Urmatoarea bara 15min @ 08:15:05 — 899s
2026-06-30 08:15:05  --- S6-US30 iter 40 @ 08:15:05 ---
2026-06-30 08:15:05    Niciun semnal nou. Pendinge: 0
2026-06-30 08:15:05    Urmatoarea bara 15min @ 08:30:05 — 900s
2026-06-30 08:30:05  --- S6-US30 iter 41 @ 08:30:05 ---
2026-06-30 08:30:05    Niciun semnal nou. Pendinge: 0
2026-06-30 08:30:05    Urmatoarea bara 15min @ 08:45:05 — 900s
2026-06-30 08:45:05  --- S6-US30 iter 42 @ 08:45:05 ---
2026-06-30 08:45:05    Niciun semnal nou. Pendinge: 0
2026-06-30 08:45:05    Urmatoarea bara 15min @ 09:00:05 — 900s
2026-06-30 09:00:05  --- S6-US30 iter 43 @ 09:00:05 ---
2026-06-30 09:00:05    Niciun semnal nou. Pendinge: 0
2026-06-30 09:00:05    Urmatoarea bara 15min @ 09:15:05 — 900s
2026-06-30 09:15:05  --- S6-US30 iter 44 @ 09:15:05 ---
2026-06-30 09:15:05    Niciun semnal nou. Pendinge: 0
2026-06-30 09:15:05    Urmatoarea bara 15min @ 09:30:05 — 900s
2026-06-30 09:18:47    [PROFIL] Profil 'Standard Profile' aplicat pe session6.
2026-06-30 09:18:47  =================================================================
2026-06-30 09:18:47    S6-US30 — US30 M15+M30 BOTH pw=10 pullback | test +0.229R Score 2.71 | 15-22h
2026-06-30 09:18:47    Piete: ['US30']
2026-06-30 09:18:47    TF: M15 (trend M30) | PW=8 | BOTH
2026-06-30 09:18:47    Output: C:\Dev\trading-bot\data\live_signals\session6
2026-06-30 09:18:47  =================================================================
2026-06-30 09:18:47  MT5: 52906593 @ ICMarketsEU-Demo (DEMO)
2026-06-30 09:18:48  Simboluri active: ['US30']
2026-06-30 09:18:48  Pornit. Ctrl+C pentru oprire.

2026-06-30 09:18:48  --- S6-US30 iter 1 @ 09:18:48 ---
2026-06-30 09:18:48    Niciun semnal nou. Pendinge: 0
2026-06-30 09:18:48    Urmatoarea bara 15min @ 09:30:05 — 677s
2026-07-01 22:59:00    ib_signal_counter sincronizat la 2 din signals.csv
2026-07-01 22:59:00    [PROFIL] Profil 'Standard Profile' aplicat pe session6.
2026-07-01 22:59:00  =================================================================
2026-07-01 22:59:00    S6-US30 — US30 M15+M30 BOTH pw=10 pullback | test +0.229R Score 2.71 | 15-22h
2026-07-01 22:59:00    Piete: ['US30']
2026-07-01 22:59:00    TF: M15 (trend M30) | PW=8 | BOTH
2026-07-01 22:59:00    Output: C:\Dev\trading-bot\data\live_signals\session6
2026-07-01 22:59:00  =================================================================
2026-07-01 22:59:01  MT5: 52906593 @ ICMarketsEU-Demo (DEMO)
2026-07-01 22:59:01    [ORPHAN] Nicio pozitie MT5 fara corespondent — state consistent cu MT5.
2026-07-01 22:59:01    US30: nu e disponibil — sarit
2026-07-01 22:59:01  Simboluri active: []
2026-07-01 22:59:01  Pornit. Ctrl+C pentru oprire.

2026-07-01 22:59:01  --- S6-US30 iter 1 @ 22:59:01 ---
2026-07-01 22:59:01    Niciun semnal nou. Pendinge: 0
2026-07-01 22:59:01    Urmatoarea bara 15min @ 23:00:05 — 63s
2026-07-01 23:00:05  --- S6-US30 iter 2 @ 23:00:05 ---
2026-07-01 23:00:05    Niciun semnal nou. Pendinge: 0
2026-07-01 23:00:05    Urmatoarea bara 15min @ 23:15:05 — 900s
2026-07-01 23:14:36    [PROFIL] Profil 'Standard Profile' aplicat pe session6.
2026-07-01 23:14:36  =================================================================
2026-07-01 23:14:36    S6-US30 — US30 M15+M30 BOTH pw=10 pullback | test +0.229R Score 2.71 | 15-22h
2026-07-01 23:14:36    Piete: ['US30']
2026-07-01 23:14:36    TF: M15 (trend M30) | PW=8 | BOTH
2026-07-01 23:14:36    Output: C:\Dev\trading-bot\data\live_signals\session6
2026-07-01 23:14:36  =================================================================
2026-07-01 23:14:36  MT5: 52906593 @ ICMarketsEU-Demo (DEMO)
2026-07-01 23:14:36    [ORPHAN] Nicio pozitie MT5 fara corespondent — state consistent cu MT5.
2026-07-01 23:14:37  Simboluri active: ['US30']
2026-07-01 23:14:37  Pornit. Ctrl+C pentru oprire.

2026-07-01 23:14:37  --- S6-US30 iter 1 @ 23:14:37 ---
2026-07-01 23:14:37    Niciun semnal nou. Pendinge: 0
2026-07-01 23:14:37    Urmatoarea bara 15min @ 23:15:05 — 28s
2026-07-01 23:15:05  --- S6-US30 iter 2 @ 23:15:05 ---
2026-07-01 23:15:05    Niciun semnal nou. Pendinge: 0
2026-07-01 23:15:05    Urmatoarea bara 15min @ 23:30:05 — 900s
2026-07-01 23:21:39    [PROFIL] Profil 'Standard Profile' aplicat pe session6.
2026-07-01 23:21:39  =================================================================
2026-07-01 23:21:39    S6-US30 — US30 M15+M30 BOTH pw=10 pullback | test +0.229R Score 2.71 | 15-22h
2026-07-01 23:21:39    Piete: ['US30']
2026-07-01 23:21:39    TF: M15 (trend M30) | PW=8 | BOTH
2026-07-01 23:21:39    Output: C:\Dev\trading-bot\data\live_signals\session6
2026-07-01 23:21:39  =================================================================
2026-07-01 23:21:40  MT5: 52906593 @ ICMarketsEU-Demo (DEMO)
2026-07-01 23:21:40    [ORPHAN] Nicio pozitie MT5 fara corespondent — state consistent cu MT5.
2026-07-01 23:21:40  Simboluri active: ['US30']
2026-07-01 23:21:40  Pornit. Ctrl+C pentru oprire.

2026-07-01 23:21:40  --- S6-US30 iter 1 @ 23:21:40 ---
2026-07-01 23:21:40    Niciun semnal nou. Pendinge: 0
2026-07-01 23:21:40    Urmatoarea bara 15min @ 23:30:05 — 505s
2026-07-01 23:30:05  --- S6-US30 iter 2 @ 23:30:05 ---
2026-07-01 23:30:05    Niciun semnal nou. Pendinge: 0
2026-07-01 23:30:05    Urmatoarea bara 15min @ 23:45:05 — 900s
2026-07-01 23:33:51    [PROFIL] Profil 'Standard Profile' aplicat pe session6.
2026-07-01 23:33:51  =================================================================
2026-07-01 23:33:51    S6-US30 — US30 M15+M30 BOTH pw=10 pullback | test +0.229R Score 2.71 | 15-22h
2026-07-01 23:33:51    Piete: ['US30']
2026-07-01 23:33:51    TF: M15 (trend M30) | PW=8 | BOTH
2026-07-01 23:33:51    Output: C:\Dev\trading-bot\data\live_signals\session6
2026-07-01 23:33:51  =================================================================
2026-07-01 23:33:51  MT5: 52906593 @ ICMarketsEU-Demo (DEMO)
2026-07-01 23:33:51    [ORPHAN] Nicio pozitie MT5 fara corespondent — state consistent cu MT5.
2026-07-01 23:33:51  Simboluri active: ['US30']
2026-07-01 23:33:51  Pornit. Ctrl+C pentru oprire.

2026-07-01 23:33:51  --- S6-US30 iter 1 @ 23:33:51 ---
2026-07-01 23:33:51    Niciun semnal nou. Pendinge: 0
2026-07-01 23:33:52    Urmatoarea bara 15min @ 23:45:05 — 673s
2026-07-01 23:45:05  --- S6-US30 iter 2 @ 23:45:05 ---
2026-07-01 23:45:05    Niciun semnal nou. Pendinge: 0
2026-07-01 23:45:05    Urmatoarea bara 15min @ 00:00:05 — 900s
2026-07-02 00:00:05  --- S6-US30 iter 3 @ 00:00:05 ---
2026-07-02 00:00:05    Niciun semnal nou. Pendinge: 0
2026-07-02 00:00:05    Urmatoarea bara 15min @ 00:15:05 — 900s
2026-07-02 00:15:05  --- S6-US30 iter 4 @ 00:15:05 ---
2026-07-02 00:15:05    Niciun semnal nou. Pendinge: 0
2026-07-02 00:15:05    Urmatoarea bara 15min @ 00:30:05 — 900s
2026-07-02 00:30:05  --- S6-US30 iter 5 @ 00:30:05 ---
2026-07-02 00:30:05    Niciun semnal nou. Pendinge: 0
2026-07-02 00:30:05    Urmatoarea bara 15min @ 00:45:05 — 900s
2026-07-02 00:45:05  --- S6-US30 iter 6 @ 00:45:05 ---
2026-07-02 00:45:05    Niciun semnal nou. Pendinge: 0
2026-07-02 00:45:05    Urmatoarea bara 15min @ 01:00:05 — 900s
2026-07-02 01:00:05  --- S6-US30 iter 7 @ 01:00:05 ---
2026-07-02 01:00:05    Niciun semnal nou. Pendinge: 0
2026-07-02 01:00:05    Urmatoarea bara 15min @ 01:15:05 — 899s
2026-07-02 01:15:05  --- S6-US30 iter 8 @ 01:15:05 ---
2026-07-02 01:15:05    Niciun semnal nou. Pendinge: 0
2026-07-02 01:15:05    Urmatoarea bara 15min @ 01:30:05 — 900s
2026-07-02 01:30:05  --- S6-US30 iter 9 @ 01:30:05 ---
2026-07-02 01:30:05    Niciun semnal nou. Pendinge: 0
2026-07-02 01:30:05    Urmatoarea bara 15min @ 01:45:05 — 900s
2026-07-02 01:45:05  --- S6-US30 iter 10 @ 01:45:05 ---
2026-07-02 01:45:05    Niciun semnal nou. Pendinge: 0
2026-07-02 01:45:05    Urmatoarea bara 15min @ 02:00:05 — 900s
2026-07-02 02:00:05  --- S6-US30 iter 11 @ 02:00:05 ---
2026-07-02 02:00:05    Niciun semnal nou. Pendinge: 0
2026-07-02 02:00:05    Urmatoarea bara 15min @ 02:15:05 — 900s
2026-07-02 02:15:05  --- S6-US30 iter 12 @ 02:15:05 ---
2026-07-02 02:15:05    Niciun semnal nou. Pendinge: 0
2026-07-02 02:15:05    Urmatoarea bara 15min @ 02:30:05 — 900s
2026-07-02 02:30:05  --- S6-US30 iter 13 @ 02:30:05 ---
2026-07-02 02:30:05    Niciun semnal nou. Pendinge: 0
2026-07-02 02:30:05    Urmatoarea bara 15min @ 02:45:05 — 900s
2026-07-02 02:45:05  --- S6-US30 iter 14 @ 02:45:05 ---
2026-07-02 02:45:05    Niciun semnal nou. Pendinge: 0
2026-07-02 02:45:05    Urmatoarea bara 15min @ 03:00:05 — 900s
2026-07-02 03:00:05  --- S6-US30 iter 15 @ 03:00:05 ---
2026-07-02 03:00:05    Niciun semnal nou. Pendinge: 0
2026-07-02 03:00:05    Urmatoarea bara 15min @ 03:15:05 — 900s
2026-07-02 03:15:05  --- S6-US30 iter 16 @ 03:15:05 ---
2026-07-02 03:15:05    Niciun semnal nou. Pendinge: 0
2026-07-02 03:15:05    Urmatoarea bara 15min @ 03:30:05 — 900s
2026-07-02 03:30:05  --- S6-US30 iter 17 @ 03:30:05 ---
2026-07-02 03:30:05    Niciun semnal nou. Pendinge: 0
2026-07-02 03:30:05    Urmatoarea bara 15min @ 03:45:05 — 900s
2026-07-02 03:45:05  --- S6-US30 iter 18 @ 03:45:05 ---
2026-07-02 03:45:05    Niciun semnal nou. Pendinge: 0
2026-07-02 03:45:05    Urmatoarea bara 15min @ 04:00:05 — 900s
2026-07-02 04:00:05  --- S6-US30 iter 19 @ 04:00:05 ---
2026-07-02 04:00:05    Niciun semnal nou. Pendinge: 0
2026-07-02 04:00:05    Urmatoarea bara 15min @ 04:15:05 — 900s
2026-07-02 04:15:05  --- S6-US30 iter 20 @ 04:15:05 ---
2026-07-02 04:15:05    Niciun semnal nou. Pendinge: 0
2026-07-02 04:15:05    Urmatoarea bara 15min @ 04:30:05 — 900s
2026-07-02 04:30:05  --- S6-US30 iter 21 @ 04:30:05 ---
2026-07-02 04:30:05    Niciun semnal nou. Pendinge: 0
2026-07-02 04:30:05    Urmatoarea bara 15min @ 04:45:05 — 900s
2026-07-02 04:45:05  --- S6-US30 iter 22 @ 04:45:05 ---
2026-07-02 04:45:05    Niciun semnal nou. Pendinge: 0
2026-07-02 04:45:05    Urmatoarea bara 15min @ 05:00:05 — 900s
2026-07-02 05:00:05  --- S6-US30 iter 23 @ 05:00:05 ---
2026-07-02 05:00:05    Niciun semnal nou. Pendinge: 0
2026-07-02 05:00:05    Urmatoarea bara 15min @ 05:15:05 — 900s
2026-07-02 05:15:05  --- S6-US30 iter 24 @ 05:15:05 ---
2026-07-02 05:15:05    Niciun semnal nou. Pendinge: 0
2026-07-02 05:15:05    Urmatoarea bara 15min @ 05:30:05 — 900s
2026-07-02 05:30:05  --- S6-US30 iter 25 @ 05:30:05 ---
2026-07-02 05:30:05    Niciun semnal nou. Pendinge: 0
2026-07-02 05:30:05    Urmatoarea bara 15min @ 05:45:05 — 900s
2026-07-02 05:45:05  --- S6-US30 iter 26 @ 05:45:05 ---
2026-07-02 05:45:05    Niciun semnal nou. Pendinge: 0
2026-07-02 05:45:05    Urmatoarea bara 15min @ 06:00:05 — 900s
2026-07-02 06:00:05  --- S6-US30 iter 27 @ 06:00:05 ---
2026-07-02 06:00:05    Niciun semnal nou. Pendinge: 0
2026-07-02 06:00:05    Urmatoarea bara 15min @ 06:15:05 — 899s
2026-07-02 06:15:05  --- S6-US30 iter 28 @ 06:15:05 ---
2026-07-02 06:15:05    Niciun semnal nou. Pendinge: 0
2026-07-02 06:15:05    Urmatoarea bara 15min @ 06:30:05 — 900s
2026-07-02 06:30:05  --- S6-US30 iter 29 @ 06:30:05 ---
2026-07-02 06:30:05    Niciun semnal nou. Pendinge: 0
2026-07-02 06:30:05    Urmatoarea bara 15min @ 06:45:05 — 900s
2026-07-02 06:45:05  --- S6-US30 iter 30 @ 06:45:05 ---
2026-07-02 06:45:05    Niciun semnal nou. Pendinge: 0
2026-07-02 06:45:05    Urmatoarea bara 15min @ 07:00:05 — 900s
2026-07-02 07:00:05  --- S6-US30 iter 31 @ 07:00:05 ---
2026-07-02 07:00:05    Niciun semnal nou. Pendinge: 0
2026-07-02 07:00:05    Urmatoarea bara 15min @ 07:15:05 — 900s
2026-07-02 07:15:05  --- S6-US30 iter 32 @ 07:15:05 ---
2026-07-02 07:15:05    Niciun semnal nou. Pendinge: 0
2026-07-02 07:15:05    Urmatoarea bara 15min @ 07:30:05 — 900s
2026-07-02 07:30:05  --- S6-US30 iter 33 @ 07:30:05 ---
2026-07-02 07:30:05    Niciun semnal nou. Pendinge: 0
2026-07-02 07:30:05    Urmatoarea bara 15min @ 07:45:05 — 900s
2026-07-02 07:45:05  --- S6-US30 iter 34 @ 07:45:05 ---
2026-07-02 07:45:05    Niciun semnal nou. Pendinge: 0
2026-07-02 07:45:05    Urmatoarea bara 15min @ 08:00:05 — 900s
2026-07-02 08:00:05  --- S6-US30 iter 35 @ 08:00:05 ---
2026-07-02 08:00:05    Niciun semnal nou. Pendinge: 0
2026-07-02 08:00:05    Urmatoarea bara 15min @ 08:15:05 — 900s
2026-07-02 08:15:05  --- S6-US30 iter 36 @ 08:15:05 ---
2026-07-02 08:15:05    Niciun semnal nou. Pendinge: 0
2026-07-02 08:15:05    Urmatoarea bara 15min @ 08:30:05 — 900s
2026-07-02 08:30:05  --- S6-US30 iter 37 @ 08:30:05 ---
2026-07-02 08:30:05    Niciun semnal nou. Pendinge: 0
2026-07-02 08:30:05    Urmatoarea bara 15min @ 08:45:05 — 900s
2026-07-02 08:45:05  --- S6-US30 iter 38 @ 08:45:05 ---
2026-07-02 08:45:05    Niciun semnal nou. Pendinge: 0
2026-07-02 08:45:05    Urmatoarea bara 15min @ 09:00:05 — 900s
2026-07-02 09:00:05  --- S6-US30 iter 39 @ 09:00:05 ---
2026-07-02 09:00:05    Niciun semnal nou. Pendinge: 0
2026-07-02 09:00:05    Urmatoarea bara 15min @ 09:15:05 — 900s
2026-07-02 09:15:05  --- S6-US30 iter 40 @ 09:15:05 ---
2026-07-02 09:15:05    Niciun semnal nou. Pendinge: 0
2026-07-02 09:15:05    Urmatoarea bara 15min @ 09:30:05 — 900s
2026-07-02 09:30:05  --- S6-US30 iter 41 @ 09:30:05 ---
2026-07-02 09:30:05    Niciun semnal nou. Pendinge: 0
2026-07-02 09:30:05    Urmatoarea bara 15min @ 09:45:05 — 900s
2026-07-02 09:45:05  --- S6-US30 iter 42 @ 09:45:05 ---
2026-07-02 09:45:05    Niciun semnal nou. Pendinge: 0
2026-07-02 09:45:05    Urmatoarea bara 15min @ 10:00:05 — 900s
2026-07-02 10:00:05  --- S6-US30 iter 43 @ 10:00:05 ---
2026-07-02 10:00:05    Niciun semnal nou. Pendinge: 0
2026-07-02 10:00:05    Urmatoarea bara 15min @ 10:15:05 — 900s
2026-07-02 10:15:05  --- S6-US30 iter 44 @ 10:15:05 ---
2026-07-02 10:15:05    Niciun semnal nou. Pendinge: 0
2026-07-02 10:15:05    Urmatoarea bara 15min @ 10:30:05 — 900s
2026-07-02 10:30:05  --- S6-US30 iter 45 @ 10:30:05 ---
2026-07-02 10:30:05    Niciun semnal nou. Pendinge: 0
2026-07-02 10:30:05    Urmatoarea bara 15min @ 10:45:05 — 900s
2026-07-02 10:45:05  --- S6-US30 iter 46 @ 10:45:05 ---
2026-07-02 10:45:05    Niciun semnal nou. Pendinge: 0
2026-07-02 10:45:05    Urmatoarea bara 15min @ 11:00:05 — 900s
2026-07-02 11:00:05  --- S6-US30 iter 47 @ 11:00:05 ---
2026-07-02 11:00:05    Niciun semnal nou. Pendinge: 0
2026-07-02 11:00:05    Urmatoarea bara 15min @ 11:15:05 — 900s
2026-07-02 11:15:05  --- S6-US30 iter 48 @ 11:15:05 ---
2026-07-02 11:15:05    Niciun semnal nou. Pendinge: 0
2026-07-02 11:15:05    Urmatoarea bara 15min @ 11:30:05 — 900s
2026-07-02 11:30:05  --- S6-US30 iter 49 @ 11:30:05 ---
2026-07-02 11:30:05    Niciun semnal nou. Pendinge: 0
2026-07-02 11:30:05    Urmatoarea bara 15min @ 11:45:05 — 900s
2026-07-02 11:45:05  --- S6-US30 iter 50 @ 11:45:05 ---
2026-07-02 11:45:05    Niciun semnal nou. Pendinge: 0
2026-07-02 11:45:05    Urmatoarea bara 15min @ 12:00:05 — 900s
2026-07-02 12:00:05  --- S6-US30 iter 51 @ 12:00:05 ---
2026-07-02 12:00:05    Niciun semnal nou. Pendinge: 0
2026-07-02 12:00:05    Urmatoarea bara 15min @ 12:15:05 — 900s
2026-07-02 12:15:05  --- S6-US30 iter 52 @ 12:15:05 ---
2026-07-02 12:15:05    Niciun semnal nou. Pendinge: 0
2026-07-02 12:15:05    Urmatoarea bara 15min @ 12:30:05 — 900s
2026-07-02 12:30:05  --- S6-US30 iter 53 @ 12:30:05 ---
2026-07-02 12:30:05    Niciun semnal nou. Pendinge: 0
2026-07-02 12:30:05    Urmatoarea bara 15min @ 12:45:05 — 900s
2026-07-02 12:45:05  --- S6-US30 iter 54 @ 12:45:05 ---
2026-07-02 12:45:05    Niciun semnal nou. Pendinge: 0
2026-07-02 12:45:05    Urmatoarea bara 15min @ 13:00:05 — 900s
2026-07-02 13:00:05  --- S6-US30 iter 55 @ 13:00:05 ---
2026-07-02 13:00:05    Niciun semnal nou. Pendinge: 0
2026-07-02 13:00:05    Urmatoarea bara 15min @ 13:15:05 — 899s
2026-07-02 13:15:05  --- S6-US30 iter 56 @ 13:15:05 ---
2026-07-02 13:15:05    Niciun semnal nou. Pendinge: 0
2026-07-02 13:15:05    Urmatoarea bara 15min @ 13:30:05 — 900s
2026-07-02 13:30:05  --- S6-US30 iter 57 @ 13:30:05 ---
2026-07-02 13:30:05    Niciun semnal nou. Pendinge: 0
2026-07-02 13:30:05    Urmatoarea bara 15min @ 13:45:05 — 900s
2026-07-02 13:45:05  --- S6-US30 iter 58 @ 13:45:05 ---
2026-07-02 13:45:05    Niciun semnal nou. Pendinge: 0
2026-07-02 13:45:05    Urmatoarea bara 15min @ 14:00:05 — 900s
2026-07-02 14:00:05  --- S6-US30 iter 59 @ 14:00:05 ---
2026-07-02 14:00:05    Niciun semnal nou. Pendinge: 0
2026-07-02 14:00:05    Urmatoarea bara 15min @ 14:15:05 — 900s
2026-07-02 14:15:05  --- S6-US30 iter 60 @ 14:15:05 ---
2026-07-02 14:15:05    Niciun semnal nou. Pendinge: 0
2026-07-02 14:15:05    Urmatoarea bara 15min @ 14:30:05 — 900s
2026-07-02 14:30:05  --- S6-US30 iter 61 @ 14:30:05 ---
2026-07-02 14:30:05    Niciun semnal nou. Pendinge: 0
2026-07-02 14:30:05    Urmatoarea bara 15min @ 14:45:05 — 900s
2026-07-02 14:33:03    [PROFIL] Profil 'Standard Profile' aplicat pe session6.
2026-07-02 14:33:03  =================================================================
2026-07-02 14:33:03    S6-US30 — US30 M15+M30 BOTH pw=10 pullback | test +0.229R Score 2.71 | 15-22h
2026-07-02 14:33:03    Piete: ['US30']
2026-07-02 14:33:03    TF: M15 (trend M30) | PW=8 | BOTH
2026-07-02 14:33:03    Output: C:\Dev\trading-bot\data\live_signals\session6
2026-07-02 14:33:03  =================================================================
2026-07-02 14:33:04  MT5: 52906593 @ ICMarketsEU-Demo (DEMO)
2026-07-02 14:33:04    [ORPHAN] Nicio pozitie MT5 fara corespondent — state consistent cu MT5.
2026-07-02 14:33:04  Simboluri active: ['US30']
2026-07-02 14:33:04  Pornit. Ctrl+C pentru oprire.

2026-07-02 14:33:04  --- S6-US30 iter 1 @ 14:33:04 ---
2026-07-02 14:33:04    Niciun semnal nou. Pendinge: 0
2026-07-02 14:33:05    Urmatoarea bara 15min @ 14:45:05 — 720s
2026-07-02 14:39:33    [PROFIL] Profil 'Standard Profile' aplicat pe session6.
2026-07-02 14:39:33  =================================================================
2026-07-02 14:39:33    S6-US30 — US30 M15+M30 BOTH pw=10 pullback | test +0.229R Score 2.71 | 15-22h
2026-07-02 14:39:33    Piete: ['US30']
2026-07-02 14:39:33    TF: M15 (trend M30) | PW=8 | BOTH
2026-07-02 14:39:33    Output: C:\Dev\trading-bot\data\live_signals\session6
2026-07-02 14:39:33  =================================================================
2026-07-02 14:39:34  MT5: 52906593 @ ICMarketsEU-Demo (DEMO)
2026-07-02 14:39:34    [ORPHAN] Nicio pozitie MT5 fara corespondent — state consistent cu MT5.
2026-07-02 14:39:34  Simboluri active: ['US30']
2026-07-02 14:39:34  Pornit. Ctrl+C pentru oprire.

2026-07-02 14:39:34  --- S6-US30 iter 1 @ 14:39:34 ---
2026-07-02 14:39:34    Niciun semnal nou. Pendinge: 0
2026-07-02 14:39:34    Urmatoarea bara 15min @ 14:45:05 — 331s
2026-07-02 14:45:05  --- S6-US30 iter 2 @ 14:45:05 ---
2026-07-02 14:45:05    Niciun semnal nou. Pendinge: 0
2026-07-02 14:45:05    Urmatoarea bara 15min @ 15:00:05 — 900s
2026-07-02 14:49:40    [PROFIL] Profil 'Standard Profile' aplicat pe session6.
2026-07-02 14:49:40  =================================================================
2026-07-02 14:49:40    S6-US30 — US30 M15+M30 BOTH pw=10 pullback | test +0.229R Score 2.71 | 15-22h
2026-07-02 14:49:40    Piete: ['US30']
2026-07-02 14:49:40    TF: M15 (trend M30) | PW=8 | BOTH
2026-07-02 14:49:40    Output: C:\Dev\trading-bot\data\live_signals\session6
2026-07-02 14:49:40  =================================================================
2026-07-02 14:49:40  MT5: 52906593 @ ICMarketsEU-Demo (DEMO)
2026-07-02 14:49:40    [ORPHAN] Nicio pozitie MT5 fara corespondent — state consistent cu MT5.
2026-07-02 14:49:40  Simboluri active: ['US30']
2026-07-02 14:49:40  Pornit. Ctrl+C pentru oprire.

2026-07-02 14:49:40  --- S6-US30 iter 1 @ 14:49:40 ---
2026-07-02 14:49:40    Niciun semnal nou. Pendinge: 0
2026-07-02 14:49:40    Urmatoarea bara 15min @ 15:00:05 — 624s
2026-07-02 15:00:05  --- S6-US30 iter 2 @ 15:00:05 ---
2026-07-02 15:00:05    Niciun semnal nou. Pendinge: 0
2026-07-02 15:00:05    Urmatoarea bara 15min @ 15:15:05 — 900s
2026-07-02 15:15:05  --- S6-US30 iter 3 @ 15:15:05 ---
2026-07-02 15:15:05    Niciun semnal nou. Pendinge: 0
2026-07-02 15:15:05    Urmatoarea bara 15min @ 15:30:05 — 900s
2026-07-02 15:30:05  --- S6-US30 iter 4 @ 15:30:05 ---
2026-07-02 15:30:05    [STIRI] Pauza automata — Average Hourly Earnings m/m (USD, High, 0 min)
2026-07-02 15:30:05    [STIRI] Tranzitie → pauza: inchid ordine/pozitii active.
2026-07-02 15:30:05    [STIRI] Nicio pozitie/ordin activ — nimic de inchis.
2026-07-02 15:30:20    Niciun semnal nou. Pendinge: 0
2026-07-02 15:30:20    Urmatoarea bara 15min @ 15:45:05 — 884s
2026-07-02 15:45:05  --- S6-US30 iter 5 @ 15:45:05 ---
2026-07-02 15:45:05    [STIRI] Pauza automata — Average Hourly Earnings m/m (USD, High, -15 min)
2026-07-02 15:45:05    Niciun semnal nou. Pendinge: 0
2026-07-02 15:45:05    Urmatoarea bara 15min @ 16:00:05 — 900s
2026-07-02 16:00:05  --- S6-US30 iter 6 @ 16:00:05 ---
2026-07-02 16:00:05    Niciun semnal nou. Pendinge: 0
2026-07-02 16:00:05    Urmatoarea bara 15min @ 16:15:05 — 900s
2026-07-02 16:15:05  --- S6-US30 iter 7 @ 16:15:05 ---
2026-07-02 16:15:05    Niciun semnal nou. Pendinge: 0
2026-07-02 16:15:05    Urmatoarea bara 15min @ 16:30:05 — 900s
2026-07-02 16:30:05  --- S6-US30 iter 8 @ 16:30:05 ---
2026-07-02 16:30:05    Niciun semnal nou. Pendinge: 0
2026-07-02 16:30:05    Urmatoarea bara 15min @ 16:45:05 — 900s
2026-07-02 16:45:05  --- S6-US30 iter 9 @ 16:45:05 ---
2026-07-02 16:45:05    Niciun semnal nou. Pendinge: 0
2026-07-02 16:45:05    Urmatoarea bara 15min @ 17:00:05 — 900s
2026-07-02 17:00:05  --- S6-US30 iter 10 @ 17:00:05 ---
2026-07-02 17:00:05    Niciun semnal nou. Pendinge: 0
2026-07-02 17:00:05    Urmatoarea bara 15min @ 17:15:05 — 900s
2026-07-02 17:02:02    [PROFIL] Profil 'Standard Profile' aplicat pe session6.
2026-07-02 17:02:02  =================================================================
2026-07-02 17:02:02    S6-US30 — US30 M15+M30 BOTH pw=10 pullback | test +0.229R Score 2.71 | 15-22h
2026-07-02 17:02:02    Piete: ['US30']
2026-07-02 17:02:02    TF: M15 (trend M30) | PW=8 | BOTH
2026-07-02 17:02:02    Output: C:\Dev\trading-bot\data\live_signals\session6
2026-07-02 17:02:02  =================================================================
2026-07-02 17:02:02  MT5: 52906593 @ ICMarketsEU-Demo (DEMO)
2026-07-02 17:02:02    [ORPHAN] Nicio pozitie MT5 fara corespondent — state consistent cu MT5.
2026-07-02 17:02:02  Simboluri active: ['US30']
2026-07-02 17:02:02  Pornit. Ctrl+C pentru oprire.

2026-07-02 17:02:02  --- S6-US30 iter 1 @ 17:02:02 ---
2026-07-02 17:02:02    Niciun semnal nou. Pendinge: 0
2026-07-02 17:02:02    Urmatoarea bara 15min @ 17:15:05 — 782s
2026-07-02 17:15:05  --- S6-US30 iter 2 @ 17:15:05 ---
2026-07-02 17:15:05    Niciun semnal nou. Pendinge: 0
2026-07-02 17:15:05    Urmatoarea bara 15min @ 17:30:05 — 900s
2026-07-02 17:30:05  --- S6-US30 iter 3 @ 17:30:05 ---
2026-07-02 17:30:05    Niciun semnal nou. Pendinge: 0
2026-07-02 17:30:05    Urmatoarea bara 15min @ 17:45:05 — 900s
2026-07-02 17:45:05  --- S6-US30 iter 4 @ 17:45:05 ---
2026-07-02 17:45:05    Niciun semnal nou. Pendinge: 0
2026-07-02 17:45:05    Urmatoarea bara 15min @ 18:00:05 — 900s
2026-07-02 18:00:05  --- S6-US30 iter 5 @ 18:00:05 ---
2026-07-02 18:00:05    Niciun semnal nou. Pendinge: 0
2026-07-02 18:00:06    Urmatoarea bara 15min @ 18:15:05 — 899s
2026-07-02 18:15:05  --- S6-US30 iter 6 @ 18:15:05 ---
2026-07-02 18:15:05    Niciun semnal nou. Pendinge: 0
2026-07-02 18:15:05    Urmatoarea bara 15min @ 18:30:05 — 900s
2026-07-02 18:30:05  --- S6-US30 iter 7 @ 18:30:05 ---
2026-07-02 18:30:05    Niciun semnal nou. Pendinge: 0
2026-07-02 18:30:05    Urmatoarea bara 15min @ 18:45:05 — 900s
2026-07-02 18:45:05  --- S6-US30 iter 8 @ 18:45:05 ---
2026-07-02 18:45:05    Niciun semnal nou. Pendinge: 0
2026-07-02 18:45:05    Urmatoarea bara 15min @ 19:00:05 — 900s
2026-07-02 19:00:05  --- S6-US30 iter 9 @ 19:00:05 ---
2026-07-02 19:00:05    Niciun semnal nou. Pendinge: 0
2026-07-02 19:00:05    Urmatoarea bara 15min @ 19:15:05 — 900s
2026-07-02 19:15:05  --- S6-US30 iter 10 @ 19:15:05 ---
2026-07-02 19:15:05    Niciun semnal nou. Pendinge: 0
2026-07-02 19:15:05    Urmatoarea bara 15min @ 19:30:05 — 900s
2026-07-02 19:30:05  --- S6-US30 iter 11 @ 19:30:05 ---
2026-07-02 19:30:05    Niciun semnal nou. Pendinge: 0
2026-07-02 19:30:05    Urmatoarea bara 15min @ 19:45:05 — 900s
2026-07-02 19:45:05  --- S6-US30 iter 12 @ 19:45:05 ---
2026-07-02 19:45:05    Niciun semnal nou. Pendinge: 0
2026-07-02 19:45:05    Urmatoarea bara 15min @ 20:00:05 — 900s
2026-07-02 20:00:05  --- S6-US30 iter 13 @ 20:00:05 ---
2026-07-02 20:00:05    Niciun semnal nou. Pendinge: 0
2026-07-02 20:00:05    Urmatoarea bara 15min @ 20:15:05 — 900s
2026-07-02 20:15:05  --- S6-US30 iter 14 @ 20:15:05 ---
2026-07-02 20:15:05    Niciun semnal nou. Pendinge: 0
2026-07-02 20:15:05    Urmatoarea bara 15min @ 20:30:05 — 900s
2026-07-02 20:30:05  --- S6-US30 iter 15 @ 20:30:05 ---
2026-07-02 20:30:05    Niciun semnal nou. Pendinge: 0
2026-07-02 20:30:05    Urmatoarea bara 15min @ 20:45:05 — 900s
2026-07-02 20:45:05  --- S6-US30 iter 16 @ 20:45:05 ---
2026-07-02 20:45:05    Niciun semnal nou. Pendinge: 0
2026-07-02 20:45:05    Urmatoarea bara 15min @ 21:00:05 — 900s
2026-07-02 21:00:05  --- S6-US30 iter 17 @ 21:00:05 ---
2026-07-02 21:00:05    Niciun semnal nou. Pendinge: 0
2026-07-02 21:00:05    Urmatoarea bara 15min @ 21:15:05 — 900s
2026-07-02 21:15:05  --- S6-US30 iter 18 @ 21:15:05 ---
2026-07-02 21:15:05    Niciun semnal nou. Pendinge: 0
2026-07-02 21:15:05    Urmatoarea bara 15min @ 21:30:05 — 900s
2026-07-02 21:30:05  --- S6-US30 iter 19 @ 21:30:05 ---
2026-07-02 21:30:05    Niciun semnal nou. Pendinge: 0
2026-07-02 21:30:05    Urmatoarea bara 15min @ 21:45:05 — 899s
2026-07-02 21:45:05  --- S6-US30 iter 20 @ 21:45:05 ---
2026-07-02 21:45:05    *** SEMNAL [INSIDE_BAR]: S6-US30-IB0003 US30 LONG entry=52698.10000 sl=52512.10000 tp=53070.10000 (2.0R) RSI=59
2026-07-02 21:45:05    Urmatoarea bara 15min @ 22:00:05 — 900s
2026-07-02 22:00:05  --- S6-US30 iter 21 @ 22:00:05 ---
2026-07-02 22:00:05    Niciun semnal nou. Pendinge: 1
2026-07-02 22:00:05    Urmatoarea bara 15min @ 22:15:05 — 899s
2026-07-02 22:15:05  --- S6-US30 iter 22 @ 22:15:05 ---
2026-07-02 22:15:05    Niciun semnal nou. Pendinge: 1
2026-07-02 22:15:05    Urmatoarea bara 15min @ 22:30:05 — 900s
2026-07-02 22:30:05  --- S6-US30 iter 23 @ 22:30:05 ---
2026-07-02 22:30:05    Niciun semnal nou. Pendinge: 1
2026-07-02 22:30:05    Urmatoarea bara 15min @ 22:45:05 — 900s
2026-07-02 22:45:05  --- S6-US30 iter 24 @ 22:45:05 ---
2026-07-02 22:45:05    TRIGGERAT: S6-US30-IB0003 US30 LONG @ 52698.10000
2026-07-02 22:45:05    Niciun semnal nou. Pendinge: 1
2026-07-02 22:45:05    Urmatoarea bara 15min @ 23:00:05 — 900s
2026-07-02 23:00:05  --- S6-US30 iter 25 @ 23:00:05 ---
2026-07-02 23:00:05    Niciun semnal nou. Pendinge: 1
2026-07-02 23:00:05    Urmatoarea bara 15min @ 23:15:05 — 900s
2026-07-02 23:15:05  --- S6-US30 iter 26 @ 23:15:05 ---
2026-07-02 23:15:05    Niciun semnal nou. Pendinge: 1
2026-07-02 23:15:05    Urmatoarea bara 15min @ 23:30:05 — 900s
2026-07-02 23:30:05  --- S6-US30 iter 27 @ 23:30:05 ---
2026-07-02 23:30:05    Niciun semnal nou. Pendinge: 1
2026-07-02 23:30:05    Urmatoarea bara 15min @ 23:45:05 — 900s
2026-07-02 23:45:05  --- S6-US30 iter 28 @ 23:45:05 ---
2026-07-02 23:45:05    Niciun semnal nou. Pendinge: 1
2026-07-02 23:45:05    Urmatoarea bara 15min @ 00:00:05 — 900s
2026-07-03 00:00:05  --- S6-US30 iter 29 @ 00:00:05 ---
2026-07-03 00:00:05    Niciun semnal nou. Pendinge: 1
2026-07-03 00:00:05    Urmatoarea bara 15min @ 00:15:05 — 899s
2026-07-03 00:15:05  --- S6-US30 iter 30 @ 00:15:05 ---
2026-07-03 00:15:05    Niciun semnal nou. Pendinge: 1
2026-07-03 00:15:05    Urmatoarea bara 15min @ 00:30:05 — 900s
2026-07-03 00:30:05  --- S6-US30 iter 31 @ 00:30:05 ---
2026-07-03 00:30:05    Niciun semnal nou. Pendinge: 1
2026-07-03 00:30:05    Urmatoarea bara 15min @ 00:45:05 — 900s
2026-07-03 00:45:05  --- S6-US30 iter 32 @ 00:45:05 ---
2026-07-03 00:45:05    Niciun semnal nou. Pendinge: 1
2026-07-03 00:45:05    Urmatoarea bara 15min @ 01:00:05 — 900s
2026-07-03 01:00:05  --- S6-US30 iter 33 @ 01:00:05 ---
2026-07-03 01:00:05    Niciun semnal nou. Pendinge: 1
2026-07-03 01:00:05    Urmatoarea bara 15min @ 01:15:05 — 899s
2026-07-03 01:15:05  --- S6-US30 iter 34 @ 01:15:05 ---
2026-07-03 01:15:05    Niciun semnal nou. Pendinge: 1
2026-07-03 01:15:05    Urmatoarea bara 15min @ 01:30:05 — 900s
2026-07-03 01:30:05  --- S6-US30 iter 35 @ 01:30:05 ---
2026-07-03 01:30:05    Niciun semnal nou. Pendinge: 1
2026-07-03 01:30:05    Urmatoarea bara 15min @ 01:45:05 — 900s
2026-07-03 01:45:05  --- S6-US30 iter 36 @ 01:45:05 ---
2026-07-03 01:45:05    Niciun semnal nou. Pendinge: 1
2026-07-03 01:45:05    Urmatoarea bara 15min @ 02:00:05 — 900s
2026-07-03 02:00:05  --- S6-US30 iter 37 @ 02:00:05 ---
2026-07-03 02:00:05    Niciun semnal nou. Pendinge: 1
2026-07-03 02:00:05    Urmatoarea bara 15min @ 02:15:05 — 900s
2026-07-03 02:15:05  --- S6-US30 iter 38 @ 02:15:05 ---
2026-07-03 02:15:05    Niciun semnal nou. Pendinge: 1
2026-07-03 02:15:05    Urmatoarea bara 15min @ 02:30:05 — 900s
2026-07-03 02:30:05  --- S6-US30 iter 39 @ 02:30:05 ---
2026-07-03 02:30:05    Niciun semnal nou. Pendinge: 1
2026-07-03 02:30:05    Urmatoarea bara 15min @ 02:45:05 — 900s
2026-07-03 02:45:05  --- S6-US30 iter 40 @ 02:45:05 ---
2026-07-03 02:45:05    Niciun semnal nou. Pendinge: 1
2026-07-03 02:45:05    Urmatoarea bara 15min @ 03:00:05 — 900s
2026-07-03 03:00:05  --- S6-US30 iter 41 @ 03:00:05 ---
2026-07-03 03:00:05    Niciun semnal nou. Pendinge: 1
2026-07-03 03:00:05    Urmatoarea bara 15min @ 03:15:05 — 900s
2026-07-03 03:15:05  --- S6-US30 iter 42 @ 03:15:05 ---
2026-07-03 03:15:05    Niciun semnal nou. Pendinge: 1
2026-07-03 03:15:05    Urmatoarea bara 15min @ 03:30:05 — 900s
2026-07-03 03:30:05  --- S6-US30 iter 43 @ 03:30:05 ---
2026-07-03 03:30:05    Niciun semnal nou. Pendinge: 1
2026-07-03 03:30:05    Urmatoarea bara 15min @ 03:45:05 — 900s
2026-07-03 03:45:05  --- S6-US30 iter 44 @ 03:45:05 ---
2026-07-03 03:45:05    Niciun semnal nou. Pendinge: 1
2026-07-03 03:45:05    Urmatoarea bara 15min @ 04:00:05 — 900s
2026-07-03 04:00:05  --- S6-US30 iter 45 @ 04:00:05 ---
2026-07-03 04:00:05    Niciun semnal nou. Pendinge: 1
2026-07-03 04:00:05    Urmatoarea bara 15min @ 04:15:05 — 900s
2026-07-03 04:15:05  --- S6-US30 iter 46 @ 04:15:05 ---
2026-07-03 04:15:05    Niciun semnal nou. Pendinge: 1
2026-07-03 04:15:05    Urmatoarea bara 15min @ 04:30:05 — 900s
2026-07-03 04:30:05  --- S6-US30 iter 47 @ 04:30:05 ---
2026-07-03 04:30:05    Niciun semnal nou. Pendinge: 1
2026-07-03 04:30:05    Urmatoarea bara 15min @ 04:45:05 — 900s
2026-07-03 04:45:05  --- S6-US30 iter 48 @ 04:45:05 ---
2026-07-03 04:45:05    Niciun semnal nou. Pendinge: 1
2026-07-03 04:45:05    Urmatoarea bara 15min @ 05:00:05 — 900s
2026-07-03 05:00:05  --- S6-US30 iter 49 @ 05:00:05 ---
2026-07-03 05:00:05    Niciun semnal nou. Pendinge: 1
2026-07-03 05:00:05    Urmatoarea bara 15min @ 05:15:05 — 899s
2026-07-03 05:15:05  --- S6-US30 iter 50 @ 05:15:05 ---
2026-07-03 05:15:05    Niciun semnal nou. Pendinge: 1
2026-07-03 05:15:05    Urmatoarea bara 15min @ 05:30:05 — 900s
2026-07-03 05:30:05  --- S6-US30 iter 51 @ 05:30:05 ---
2026-07-03 05:30:05    Niciun semnal nou. Pendinge: 1
2026-07-03 05:30:05    Urmatoarea bara 15min @ 05:45:05 — 900s
2026-07-03 05:45:05  --- S6-US30 iter 52 @ 05:45:05 ---
2026-07-03 05:45:05    Niciun semnal nou. Pendinge: 1
2026-07-03 05:45:05    Urmatoarea bara 15min @ 06:00:05 — 900s
2026-07-03 06:00:05  --- S6-US30 iter 53 @ 06:00:05 ---
2026-07-03 06:00:05    Niciun semnal nou. Pendinge: 1
2026-07-03 06:00:05    Urmatoarea bara 15min @ 06:15:05 — 899s
2026-07-03 06:15:05  --- S6-US30 iter 54 @ 06:15:05 ---
2026-07-03 06:15:05    Niciun semnal nou. Pendinge: 1
2026-07-03 06:15:05    Urmatoarea bara 15min @ 06:30:05 — 900s
2026-07-03 06:30:05  --- S6-US30 iter 55 @ 06:30:05 ---
2026-07-03 06:30:05    Niciun semnal nou. Pendinge: 1
2026-07-03 06:30:05    Urmatoarea bara 15min @ 06:45:05 — 900s
2026-07-03 06:45:05  --- S6-US30 iter 56 @ 06:45:05 ---
2026-07-03 06:45:05    Niciun semnal nou. Pendinge: 1
2026-07-03 06:45:05    Urmatoarea bara 15min @ 07:00:05 — 900s
2026-07-03 07:00:05  --- S6-US30 iter 57 @ 07:00:05 ---
2026-07-03 07:00:05    Niciun semnal nou. Pendinge: 1
2026-07-03 07:00:05    Urmatoarea bara 15min @ 07:15:05 — 900s
2026-07-03 07:15:05  --- S6-US30 iter 58 @ 07:15:05 ---
2026-07-03 07:15:05    Niciun semnal nou. Pendinge: 1
2026-07-03 07:15:05    Urmatoarea bara 15min @ 07:30:05 — 900s
2026-07-03 07:30:05  --- S6-US30 iter 59 @ 07:30:05 ---
2026-07-03 07:30:05    Niciun semnal nou. Pendinge: 1
2026-07-03 07:30:05    Urmatoarea bara 15min @ 07:45:05 — 900s
2026-07-03 07:45:05  --- S6-US30 iter 60 @ 07:45:05 ---
2026-07-03 07:45:05    Niciun semnal nou. Pendinge: 1
2026-07-03 07:45:05    Urmatoarea bara 15min @ 08:00:05 — 900s
2026-07-03 08:00:05  --- S6-US30 iter 61 @ 08:00:05 ---
2026-07-03 08:00:05    Niciun semnal nou. Pendinge: 1
2026-07-03 08:00:05    Urmatoarea bara 15min @ 08:15:05 — 899s
2026-07-03 14:37:29    [PROFIL] Profil 'Standard Profile' aplicat pe session6.
2026-07-03 14:37:29  =================================================================
2026-07-03 14:37:29    S6-US30 — US30 M15+M30 BOTH pw=10 pullback | test +0.229R Score 2.71 | 15-22h
2026-07-03 14:37:29    Piete: ['US30']
2026-07-03 14:37:29    TF: M15 (trend M30) | PW=8 | BOTH
2026-07-03 14:37:29    Output: C:\Dev\trading-bot\data\live_signals\session6
2026-07-03 14:37:29  =================================================================
2026-07-03 14:37:29  MT5: 52906593 @ ICMarketsEU-Demo (DEMO)
2026-07-03 14:37:29    [ORPHAN] Nicio pozitie MT5 fara corespondent — state consistent cu MT5.
2026-07-03 14:37:30  Simboluri active: ['US30']
2026-07-03 14:37:30  Pornit. Ctrl+C pentru oprire.

2026-07-03 14:37:30  --- S6-US30 iter 1 @ 14:37:30 ---
2026-07-03 14:37:31    [BE Faza 1] S6-US30-IB0003 +1.000R
2026-07-03 14:37:31    Niciun semnal nou. Pendinge: 0
2026-07-03 14:37:32    Urmatoarea bara 15min @ 14:45:05 — 453s
2026-07-03 14:45:05  --- S6-US30 iter 2 @ 14:45:05 ---
2026-07-03 14:45:05    Niciun semnal nou. Pendinge: 0
2026-07-03 14:45:05    Urmatoarea bara 15min @ 15:00:05 — 900s
2026-07-03 15:00:05  --- S6-US30 iter 3 @ 15:00:05 ---
2026-07-03 15:00:05    Niciun semnal nou. Pendinge: 0
2026-07-03 15:00:05    Urmatoarea bara 15min @ 15:15:05 — 900s
2026-07-03 15:15:05  --- S6-US30 iter 4 @ 15:15:05 ---
2026-07-03 15:15:05    Niciun semnal nou. Pendinge: 0
2026-07-03 15:15:05    Urmatoarea bara 15min @ 15:30:05 — 900s
2026-07-03 15:30:05  --- S6-US30 iter 5 @ 15:30:05 ---
2026-07-03 15:30:05    Niciun semnal nou. Pendinge: 0
2026-07-03 15:30:05    Urmatoarea bara 15min @ 15:45:05 — 900s
2026-07-03 15:45:05  --- S6-US30 iter 6 @ 15:45:05 ---
2026-07-03 15:45:05    Niciun semnal nou. Pendinge: 0
2026-07-03 15:45:05    Urmatoarea bara 15min @ 16:00:05 — 900s
2026-07-03 16:00:05  --- S6-US30 iter 7 @ 16:00:05 ---
2026-07-03 16:00:05    Niciun semnal nou. Pendinge: 0
2026-07-03 16:00:05    Urmatoarea bara 15min @ 16:15:05 — 899s
2026-07-03 16:15:05  --- S6-US30 iter 8 @ 16:15:05 ---
2026-07-03 16:15:05    Niciun semnal nou. Pendinge: 0
2026-07-03 16:15:05    Urmatoarea bara 15min @ 16:30:05 — 900s
2026-07-03 16:30:05  --- S6-US30 iter 9 @ 16:30:05 ---
2026-07-03 16:30:05    Niciun semnal nou. Pendinge: 0
2026-07-03 16:30:05    Urmatoarea bara 15min @ 16:45:05 — 900s
2026-07-03 16:45:05  --- S6-US30 iter 10 @ 16:45:05 ---
2026-07-03 16:45:05    Niciun semnal nou. Pendinge: 0
2026-07-03 16:45:05    Urmatoarea bara 15min @ 17:00:05 — 900s
2026-07-03 17:00:05  --- S6-US30 iter 11 @ 17:00:05 ---
2026-07-03 17:00:05    Niciun semnal nou. Pendinge: 0
2026-07-03 17:00:05    Urmatoarea bara 15min @ 17:15:05 — 899s
2026-07-03 17:15:05  --- S6-US30 iter 12 @ 17:15:05 ---
2026-07-03 17:15:05    Niciun semnal nou. Pendinge: 0
2026-07-03 17:15:05    Urmatoarea bara 15min @ 17:30:05 — 900s
2026-07-03 17:30:05  --- S6-US30 iter 13 @ 17:30:05 ---
2026-07-03 17:30:05    Niciun semnal nou. Pendinge: 0
2026-07-03 17:30:05    Urmatoarea bara 15min @ 17:45:05 — 900s
2026-07-03 17:45:05  --- S6-US30 iter 14 @ 17:45:05 ---
2026-07-03 17:45:05    Niciun semnal nou. Pendinge: 0
2026-07-03 17:45:05    Urmatoarea bara 15min @ 18:00:05 — 900s
2026-07-03 18:00:05  --- S6-US30 iter 15 @ 18:00:05 ---
2026-07-03 18:00:05    Niciun semnal nou. Pendinge: 0
2026-07-03 18:00:05    Urmatoarea bara 15min @ 18:15:05 — 899s
2026-07-03 18:15:05  --- S6-US30 iter 16 @ 18:15:05 ---
2026-07-03 18:15:05    Niciun semnal nou. Pendinge: 0
2026-07-03 18:15:05    Urmatoarea bara 15min @ 18:30:05 — 900s
2026-07-03 18:30:05  --- S6-US30 iter 17 @ 18:30:05 ---
2026-07-03 18:30:05    Niciun semnal nou. Pendinge: 0
2026-07-03 18:30:05    Urmatoarea bara 15min @ 18:45:05 — 900s
2026-07-03 18:45:05  --- S6-US30 iter 18 @ 18:45:05 ---
2026-07-03 18:45:05    Niciun semnal nou. Pendinge: 0
2026-07-03 18:45:05    Urmatoarea bara 15min @ 19:00:05 — 900s
2026-07-03 19:00:05  --- S6-US30 iter 19 @ 19:00:05 ---
2026-07-03 19:00:05    Niciun semnal nou. Pendinge: 0
2026-07-03 19:00:06    Urmatoarea bara 15min @ 19:15:05 — 899s
2026-07-03 19:15:05  --- S6-US30 iter 20 @ 19:15:05 ---
2026-07-03 19:15:05    Niciun semnal nou. Pendinge: 0
2026-07-03 19:15:05    Urmatoarea bara 15min @ 19:30:05 — 900s
2026-07-03 19:30:05  --- S6-US30 iter 21 @ 19:30:05 ---
2026-07-03 19:30:05    Niciun semnal nou. Pendinge: 0
2026-07-03 19:30:05    Urmatoarea bara 15min @ 19:45:05 — 900s
2026-07-03 19:45:05  --- S6-US30 iter 22 @ 19:45:05 ---
2026-07-03 19:45:05    Niciun semnal nou. Pendinge: 0
2026-07-03 19:45:05    Urmatoarea bara 15min @ 20:00:05 — 900s
2026-07-03 20:00:05  --- S6-US30 iter 23 @ 20:00:05 ---
2026-07-03 20:00:05    [VINERI] Ora 20:00 >= 20:00 — inchid pozitii deschise.
2026-07-03 20:00:05    Niciun semnal nou. Pendinge: 0
2026-07-03 20:00:05    Urmatoarea bara 15min @ 20:15:05 — 900s
2026-07-03 20:15:05  --- S6-US30 iter 24 @ 20:15:05 ---
2026-07-03 20:15:05    Niciun semnal nou. Pendinge: 0
2026-07-03 20:15:05    Urmatoarea bara 15min @ 20:30:05 — 900s
2026-07-03 20:30:05  --- S6-US30 iter 25 @ 20:30:05 ---
2026-07-03 20:30:05    Niciun semnal nou. Pendinge: 0
2026-07-03 20:30:05    Urmatoarea bara 15min @ 20:45:05 — 900s
2026-07-03 20:45:05  --- S6-US30 iter 26 @ 20:45:05 ---
2026-07-03 20:45:05    Niciun semnal nou. Pendinge: 0
2026-07-03 20:45:05    Urmatoarea bara 15min @ 21:00:05 — 899s
2026-07-03 21:00:05  --- S6-US30 iter 27 @ 21:00:05 ---
2026-07-03 21:00:05    Niciun semnal nou. Pendinge: 0
2026-07-03 21:00:05    Urmatoarea bara 15min @ 21:15:05 — 900s
2026-07-03 21:15:05  --- S6-US30 iter 28 @ 21:15:05 ---
2026-07-03 21:15:05    Niciun semnal nou. Pendinge: 0
2026-07-03 21:15:05    Urmatoarea bara 15min @ 21:30:05 — 900s
2026-07-03 21:30:05  --- S6-US30 iter 29 @ 21:30:05 ---
2026-07-03 21:30:05    Niciun semnal nou. Pendinge: 0
2026-07-03 21:30:05    Urmatoarea bara 15min @ 21:45:05 — 899s
2026-07-03 21:45:05  --- S6-US30 iter 30 @ 21:45:05 ---
2026-07-03 21:45:05    Niciun semnal nou. Pendinge: 0
2026-07-03 21:45:05    Urmatoarea bara 15min @ 22:00:05 — 900s
2026-07-03 22:00:05  --- S6-US30 iter 31 @ 22:00:05 ---
2026-07-03 22:00:05    Niciun semnal nou. Pendinge: 0
2026-07-03 22:00:05    Urmatoarea bara 15min @ 22:15:05 — 900s
2026-07-03 22:15:05  --- S6-US30 iter 32 @ 22:15:05 ---
2026-07-03 22:15:05    Niciun semnal nou. Pendinge: 0
2026-07-03 22:15:05    Urmatoarea bara 15min @ 22:30:05 — 900s
2026-07-03 22:30:05  --- S6-US30 iter 33 @ 22:30:05 ---
2026-07-03 22:30:05    Niciun semnal nou. Pendinge: 0
2026-07-03 22:30:05    Urmatoarea bara 15min @ 22:45:05 — 900s
2026-07-03 22:45:05  --- S6-US30 iter 34 @ 22:45:05 ---
2026-07-03 22:45:05    Niciun semnal nou. Pendinge: 0
2026-07-03 22:45:05    Urmatoarea bara 15min @ 23:00:05 — 900s
2026-07-03 23:00:05  --- S6-US30 iter 35 @ 23:00:05 ---
2026-07-03 23:00:05    Niciun semnal nou. Pendinge: 0
2026-07-03 23:00:05    Urmatoarea bara 15min @ 23:15:05 — 899s
2026-07-03 23:15:05  --- S6-US30 iter 36 @ 23:15:05 ---
2026-07-03 23:15:05    Niciun semnal nou. Pendinge: 0
2026-07-03 23:15:05    Urmatoarea bara 15min @ 23:30:05 — 900s
2026-07-03 23:30:05  --- S6-US30 iter 37 @ 23:30:05 ---
2026-07-03 23:30:05    Niciun semnal nou. Pendinge: 0
2026-07-03 23:30:05    Urmatoarea bara 15min @ 23:45:05 — 900s
2026-07-03 23:45:05  --- S6-US30 iter 38 @ 23:45:05 ---
2026-07-03 23:45:05    Niciun semnal nou. Pendinge: 0
2026-07-03 23:45:05    Urmatoarea bara 15min @ 00:00:05 — 900s
2026-07-04 00:00:05  --- S6-US30 iter 39 @ 00:00:05 ---
2026-07-04 00:00:05    Niciun semnal nou. Pendinge: 0
2026-07-04 00:00:05    Urmatoarea bara 15min @ 00:15:05 — 899s
2026-07-04 00:15:05  --- S6-US30 iter 40 @ 00:15:05 ---
2026-07-04 00:15:05    Niciun semnal nou. Pendinge: 0
2026-07-04 00:15:05    Urmatoarea bara 15min @ 00:30:05 — 899s
2026-07-04 00:30:05  --- S6-US30 iter 41 @ 00:30:05 ---
2026-07-04 00:30:05    Niciun semnal nou. Pendinge: 0
2026-07-04 00:30:05    Urmatoarea bara 15min @ 00:45:05 — 900s
2026-07-04 00:45:05  --- S6-US30 iter 42 @ 00:45:05 ---
2026-07-04 00:45:05    Niciun semnal nou. Pendinge: 0
2026-07-04 00:45:05    Urmatoarea bara 15min @ 01:00:05 — 900s
2026-07-04 01:00:05  --- S6-US30 iter 43 @ 01:00:05 ---
2026-07-04 01:00:05    Niciun semnal nou. Pendinge: 0
2026-07-04 01:00:05    Urmatoarea bara 15min @ 01:15:05 — 900s
2026-07-05 13:12:54    [PROFIL] Profil 'Standard Profile' aplicat pe session6.
2026-07-05 13:12:54  =================================================================
2026-07-05 13:12:54    S6-US30 — US30 M15+M30 BOTH pw=10 pullback | test +0.229R Score 2.71 | 15-22h
2026-07-05 13:12:54    Piete: ['US30']
2026-07-05 13:12:54    TF: M15 (trend M30) | PW=8 | BOTH
2026-07-05 13:12:54    Output: C:\Dev\trading-bot\data\live_signals\session6
2026-07-05 13:12:54  =================================================================
2026-07-05 13:12:55  MT5: 52906593 @ ICMarketsEU-Demo (DEMO)
2026-07-05 13:12:55    [MIGRATE] Cheie goala stearsa din pending: 'US30'
2026-07-05 13:12:55    [MIGRATE] Migrare pending: 0 semnale migrate, 1 chei goale sterse.
2026-07-05 13:12:55    [ORPHAN] Nicio pozitie MT5 fara corespondent — state consistent cu MT5.
2026-07-05 13:12:58  Simboluri active: ['US30']
2026-07-05 13:12:58  Pornit. Ctrl+C pentru oprire.

2026-07-05 13:12:58  --- S6-US30 iter 1 @ 13:12:58 ---
2026-07-05 13:13:03    Niciun semnal nou. Pendinge: 0
2026-07-05 13:13:04    Urmatoarea bara 15min @ 13:15:05 — 121s
2026-07-05 13:15:05  --- S6-US30 iter 2 @ 13:15:05 ---
2026-07-05 13:15:05    Niciun semnal nou. Pendinge: 0
2026-07-05 13:15:05    Urmatoarea bara 15min @ 13:30:05 — 900s
2026-07-05 20:28:47    [PROFIL] Profil 'Standard Profile' aplicat pe session6.
2026-07-05 20:28:47  =================================================================
2026-07-05 20:28:47    S6-US30 — US30 M15+M30 BOTH pw=10 pullback | test +0.229R Score 2.71 | 15-22h
2026-07-05 20:28:47    Piete: ['US30']
2026-07-05 20:28:47    TF: M15 (trend M30) | PW=8 | BOTH
2026-07-05 20:28:47    Output: C:\Dev\trading-bot\data\live_signals\session6
2026-07-05 20:28:47  =================================================================
2026-07-05 20:28:47  MT5: 52906593 @ ICMarketsEU-Demo (DEMO)
2026-07-05 20:28:47    [ORPHAN] Nicio pozitie MT5 fara corespondent — state consistent cu MT5.
2026-07-05 20:28:47  Simboluri active: ['US30']
2026-07-05 20:28:47  Pornit. Ctrl+C pentru oprire.

2026-07-05 20:28:47  --- S6-US30 iter 1 @ 20:28:47 ---
2026-07-05 20:28:49    Niciun semnal nou. Pendinge: 0
2026-07-05 20:28:49    Urmatoarea bara 15min @ 20:30:05 — 75s
2026-07-05 20:30:05  --- S6-US30 iter 2 @ 20:30:05 ---
2026-07-05 20:30:05    Niciun semnal nou. Pendinge: 0
2026-07-05 20:30:05    Urmatoarea bara 15min @ 20:45:05 — 900s
2026-07-05 20:45:05  --- S6-US30 iter 3 @ 20:45:05 ---
2026-07-05 20:45:05    Niciun semnal nou. Pendinge: 0
2026-07-05 20:45:05    Urmatoarea bara 15min @ 21:00:05 — 900s
2026-07-05 21:00:05  --- S6-US30 iter 4 @ 21:00:05 ---
2026-07-05 21:00:05    Niciun semnal nou. Pendinge: 0
2026-07-05 21:00:05    Urmatoarea bara 15min @ 21:15:05 — 900s
2026-07-05 21:15:05  --- S6-US30 iter 5 @ 21:15:05 ---
2026-07-05 21:15:05    Niciun semnal nou. Pendinge: 0
2026-07-05 21:15:05    Urmatoarea bara 15min @ 21:30:05 — 900s
2026-07-05 21:30:05  --- S6-US30 iter 6 @ 21:30:05 ---
2026-07-05 21:30:05    Niciun semnal nou. Pendinge: 0
2026-07-05 21:30:05    Urmatoarea bara 15min @ 21:45:05 — 900s
2026-07-05 21:45:05  --- S6-US30 iter 7 @ 21:45:05 ---
2026-07-05 21:45:05    Niciun semnal nou. Pendinge: 0
2026-07-05 21:45:05    Urmatoarea bara 15min @ 22:00:05 — 900s
2026-07-05 22:00:05  --- S6-US30 iter 8 @ 22:00:05 ---
2026-07-05 22:00:05    Niciun semnal nou. Pendinge: 0
2026-07-05 22:00:05    Urmatoarea bara 15min @ 22:15:05 — 899s
2026-07-05 22:15:05  --- S6-US30 iter 9 @ 22:15:05 ---
2026-07-05 22:15:05    Niciun semnal nou. Pendinge: 0
2026-07-05 22:15:05    Urmatoarea bara 15min @ 22:30:05 — 900s
2026-07-05 22:30:05  --- S6-US30 iter 10 @ 22:30:05 ---
2026-07-05 22:30:05    Niciun semnal nou. Pendinge: 0
2026-07-05 22:30:05    Urmatoarea bara 15min @ 22:45:05 — 900s
2026-07-05 22:45:05  --- S6-US30 iter 11 @ 22:45:05 ---
2026-07-05 22:45:05    Niciun semnal nou. Pendinge: 0
2026-07-05 22:45:05    Urmatoarea bara 15min @ 23:00:05 — 900s
2026-07-05 23:00:05  --- S6-US30 iter 12 @ 23:00:05 ---
2026-07-05 23:00:05    Niciun semnal nou. Pendinge: 0
2026-07-05 23:00:05    Urmatoarea bara 15min @ 23:15:05 — 900s
2026-07-05 23:15:05  --- S6-US30 iter 13 @ 23:15:05 ---
2026-07-05 23:15:05    Niciun semnal nou. Pendinge: 0
2026-07-05 23:15:05    Urmatoarea bara 15min @ 23:30:05 — 900s
2026-07-05 23:30:05  --- S6-US30 iter 14 @ 23:30:05 ---
2026-07-05 23:30:05    Niciun semnal nou. Pendinge: 0
2026-07-05 23:30:05    Urmatoarea bara 15min @ 23:45:05 — 900s
2026-07-05 23:45:05  --- S6-US30 iter 15 @ 23:45:05 ---
2026-07-05 23:45:05    Niciun semnal nou. Pendinge: 0
2026-07-05 23:45:05    Urmatoarea bara 15min @ 00:00:05 — 900s
2026-07-06 00:00:05  --- S6-US30 iter 16 @ 00:00:05 ---
2026-07-06 00:00:05    Niciun semnal nou. Pendinge: 0
2026-07-06 00:00:05    Urmatoarea bara 15min @ 00:15:05 — 900s
2026-07-06 00:15:05  --- S6-US30 iter 17 @ 00:15:05 ---
2026-07-06 00:15:05    Niciun semnal nou. Pendinge: 0
2026-07-06 00:15:05    Urmatoarea bara 15min @ 00:30:05 — 900s
2026-07-06 00:30:05  --- S6-US30 iter 18 @ 00:30:05 ---
2026-07-06 00:30:05    Niciun semnal nou. Pendinge: 0
2026-07-06 00:30:05    Urmatoarea bara 15min @ 00:45:05 — 900s
2026-07-06 00:45:05  --- S6-US30 iter 19 @ 00:45:05 ---
2026-07-06 00:45:05    Niciun semnal nou. Pendinge: 0
2026-07-06 00:45:05    Urmatoarea bara 15min @ 01:00:05 — 900s
2026-07-06 01:00:05  --- S6-US30 iter 20 @ 01:00:05 ---
2026-07-06 01:00:05    Niciun semnal nou. Pendinge: 0
2026-07-06 01:00:05    Urmatoarea bara 15min @ 01:15:05 — 900s
2026-07-06 01:15:05  --- S6-US30 iter 21 @ 01:15:05 ---
2026-07-06 01:15:05    Niciun semnal nou. Pendinge: 0
2026-07-06 01:15:05    Urmatoarea bara 15min @ 01:30:05 — 899s
2026-07-06 01:30:05  --- S6-US30 iter 22 @ 01:30:05 ---
2026-07-06 01:30:05    Niciun semnal nou. Pendinge: 0
2026-07-06 01:30:05    Urmatoarea bara 15min @ 01:45:05 — 900s
2026-07-06 01:45:05  --- S6-US30 iter 23 @ 01:45:05 ---
2026-07-06 01:45:05    Niciun semnal nou. Pendinge: 0
2026-07-06 01:45:05    Urmatoarea bara 15min @ 02:00:05 — 900s
2026-07-06 02:00:05  --- S6-US30 iter 24 @ 02:00:05 ---
2026-07-06 02:00:05    Niciun semnal nou. Pendinge: 0
2026-07-06 02:00:05    Urmatoarea bara 15min @ 02:15:05 — 900s
2026-07-06 02:15:05  --- S6-US30 iter 25 @ 02:15:05 ---
2026-07-06 02:15:05    Niciun semnal nou. Pendinge: 0
2026-07-06 02:15:05    Urmatoarea bara 15min @ 02:30:05 — 900s
2026-07-06 02:30:05  --- S6-US30 iter 26 @ 02:30:05 ---
2026-07-06 02:30:05    Niciun semnal nou. Pendinge: 0
2026-07-06 02:30:05    Urmatoarea bara 15min @ 02:45:05 — 900s
2026-07-06 02:45:05  --- S6-US30 iter 27 @ 02:45:05 ---
2026-07-06 02:45:05    Niciun semnal nou. Pendinge: 0
2026-07-06 02:45:05    Urmatoarea bara 15min @ 03:00:05 — 900s
2026-07-06 03:00:05  --- S6-US30 iter 28 @ 03:00:05 ---
2026-07-06 03:00:05    Niciun semnal nou. Pendinge: 0
2026-07-06 03:00:05    Urmatoarea bara 15min @ 03:15:05 — 899s
2026-07-06 03:15:05  --- S6-US30 iter 29 @ 03:15:05 ---
2026-07-06 03:15:05    Niciun semnal nou. Pendinge: 0
2026-07-06 03:15:05    Urmatoarea bara 15min @ 03:30:05 — 900s
2026-07-06 03:30:05  --- S6-US30 iter 30 @ 03:30:05 ---
2026-07-06 03:30:05    Niciun semnal nou. Pendinge: 0
2026-07-06 03:30:05    Urmatoarea bara 15min @ 03:45:05 — 900s
2026-07-06 03:45:05  --- S6-US30 iter 31 @ 03:45:05 ---
2026-07-06 03:45:05    Niciun semnal nou. Pendinge: 0
2026-07-06 03:45:05    Urmatoarea bara 15min @ 04:00:05 — 900s
2026-07-06 04:00:05  --- S6-US30 iter 32 @ 04:00:05 ---
2026-07-06 04:00:05    Niciun semnal nou. Pendinge: 0
2026-07-06 04:00:06    Urmatoarea bara 15min @ 04:15:05 — 899s
2026-07-06 04:15:05  --- S6-US30 iter 33 @ 04:15:05 ---
2026-07-06 04:15:05    Niciun semnal nou. Pendinge: 0
2026-07-06 04:15:05    Urmatoarea bara 15min @ 04:30:05 — 900s
2026-07-06 04:30:05  --- S6-US30 iter 34 @ 04:30:05 ---
2026-07-06 04:30:05    Niciun semnal nou. Pendinge: 0
2026-07-06 04:30:05    Urmatoarea bara 15min @ 04:45:05 — 900s
2026-07-06 04:45:05  --- S6-US30 iter 35 @ 04:45:05 ---
2026-07-06 04:45:05    Niciun semnal nou. Pendinge: 0
2026-07-06 04:45:05    Urmatoarea bara 15min @ 05:00:05 — 900s
2026-07-06 05:00:05  --- S6-US30 iter 36 @ 05:00:05 ---
2026-07-06 05:00:05    Niciun semnal nou. Pendinge: 0
2026-07-06 05:00:05    Urmatoarea bara 15min @ 05:15:05 — 900s
2026-07-06 05:15:05  --- S6-US30 iter 37 @ 05:15:05 ---
2026-07-06 05:15:05    Niciun semnal nou. Pendinge: 0
2026-07-06 05:15:05    Urmatoarea bara 15min @ 05:30:05 — 899s
2026-07-06 05:30:05  --- S6-US30 iter 38 @ 05:30:05 ---
2026-07-06 05:30:05    Niciun semnal nou. Pendinge: 0
2026-07-06 05:30:05    Urmatoarea bara 15min @ 05:45:05 — 900s
2026-07-06 05:45:05  --- S6-US30 iter 39 @ 05:45:05 ---
2026-07-06 05:45:05    Niciun semnal nou. Pendinge: 0
2026-07-06 05:45:05    Urmatoarea bara 15min @ 06:00:05 — 900s
2026-07-06 09:02:13    [PROFIL] Profil 'Standard Profile' aplicat pe session6.
2026-07-06 09:02:13  =================================================================
2026-07-06 09:02:13    S6-US30 — US30 M15+M30 BOTH pw=10 pullback | test +0.229R Score 2.71 | 15-22h
2026-07-06 09:02:13    Piete: ['US30']
2026-07-06 09:02:13    TF: M15 (trend M30) | PW=8 | BOTH
2026-07-06 09:02:13    Output: C:\Dev\trading-bot\data\live_signals\session6
2026-07-06 09:02:13  =================================================================
2026-07-06 09:02:13  MT5: 52906593 @ ICMarketsEU-Demo (DEMO)
2026-07-06 09:02:13    [ORPHAN] Nicio pozitie MT5 fara corespondent — state consistent cu MT5.
2026-07-06 09:02:13  Simboluri active: ['US30']
2026-07-06 09:02:13  Pornit. Ctrl+C pentru oprire.

2026-07-06 09:02:13  --- S6-US30 iter 1 @ 09:02:13 ---
2026-07-06 09:02:13    Niciun semnal nou. Pendinge: 0
2026-07-06 09:02:13    Urmatoarea bara 15min @ 09:15:05 — 771s
2026-07-06 09:15:05  --- S6-US30 iter 2 @ 09:15:05 ---
2026-07-06 09:15:05    Niciun semnal nou. Pendinge: 0
2026-07-06 09:15:05    Urmatoarea bara 15min @ 09:30:05 — 900s
2026-07-06 09:30:05  --- S6-US30 iter 3 @ 09:30:05 ---
2026-07-06 09:30:05    Niciun semnal nou. Pendinge: 0
2026-07-06 09:30:05    Urmatoarea bara 15min @ 09:45:05 — 900s
2026-07-06 09:45:05  --- S6-US30 iter 4 @ 09:45:05 ---
2026-07-06 09:45:05    Niciun semnal nou. Pendinge: 0
2026-07-06 09:45:05    Urmatoarea bara 15min @ 10:00:05 — 900s
2026-07-06 10:00:05  --- S6-US30 iter 5 @ 10:00:05 ---
2026-07-06 10:00:05    Niciun semnal nou. Pendinge: 0
2026-07-06 10:00:05    Urmatoarea bara 15min @ 10:15:05 — 900s
2026-07-06 10:15:05  --- S6-US30 iter 6 @ 10:15:05 ---
2026-07-06 10:15:05    Niciun semnal nou. Pendinge: 0
2026-07-06 10:15:05    Urmatoarea bara 15min @ 10:30:05 — 900s
2026-07-06 10:30:05  --- S6-US30 iter 7 @ 10:30:05 ---
2026-07-06 10:30:05    Niciun semnal nou. Pendinge: 0
2026-07-06 10:30:05    Urmatoarea bara 15min @ 10:45:05 — 900s
2026-07-06 10:45:05  --- S6-US30 iter 8 @ 10:45:05 ---
2026-07-06 10:45:05    Niciun semnal nou. Pendinge: 0
2026-07-06 10:45:05    Urmatoarea bara 15min @ 11:00:05 — 900s
2026-07-06 11:00:05  --- S6-US30 iter 9 @ 11:00:05 ---
2026-07-06 11:00:05    Niciun semnal nou. Pendinge: 0
2026-07-06 11:00:05    Urmatoarea bara 15min @ 11:15:05 — 900s
2026-07-06 11:15:05  --- S6-US30 iter 10 @ 11:15:05 ---
2026-07-06 11:15:05    Niciun semnal nou. Pendinge: 0
2026-07-06 11:15:05    Urmatoarea bara 15min @ 11:30:05 — 900s
2026-07-06 11:24:58    [PROFIL] Profil 'Standard Profile' aplicat pe session6.
2026-07-06 11:24:58  =================================================================
2026-07-06 11:24:58    S6-US30 — US30 M15+M30 BOTH pw=10 pullback | test +0.229R Score 2.71 | 15-22h
2026-07-06 11:24:58    Piete: ['US30']
2026-07-06 11:24:58    TF: M15 (trend M30) | PW=8 | BOTH
2026-07-06 11:24:58    Output: C:\Dev\trading-bot\data\live_signals\session6
2026-07-06 11:24:58  =================================================================
2026-07-06 11:24:58  MT5: 52906593 @ ICMarketsEU-Demo (DEMO)
2026-07-06 11:24:58    [ORPHAN] Nicio pozitie MT5 fara corespondent — state consistent cu MT5.
2026-07-06 11:24:58  Simboluri active: ['US30']
2026-07-06 11:24:58  Pornit. Ctrl+C pentru oprire.

2026-07-06 11:24:58  --- S6-US30 iter 1 @ 11:24:58 ---
2026-07-06 11:24:58    Niciun semnal nou. Pendinge: 0
2026-07-06 11:24:58    Urmatoarea bara 15min @ 11:30:05 — 307s
2026-07-06 11:30:05  --- S6-US30 iter 2 @ 11:30:05 ---
2026-07-06 11:30:05    Niciun semnal nou. Pendinge: 0
2026-07-06 11:30:05    Urmatoarea bara 15min @ 11:45:05 — 900s
2026-07-06 11:45:05  --- S6-US30 iter 3 @ 11:45:05 ---
2026-07-06 11:45:05    Niciun semnal nou. Pendinge: 0
2026-07-06 11:45:05    Urmatoarea bara 15min @ 12:00:05 — 900s
2026-07-06 12:00:05  --- S6-US30 iter 4 @ 12:00:05 ---
2026-07-06 12:00:05    Niciun semnal nou. Pendinge: 0
2026-07-06 12:00:05    Urmatoarea bara 15min @ 12:15:05 — 899s
2026-07-06 12:15:05  --- S6-US30 iter 5 @ 12:15:05 ---
2026-07-06 12:15:05    Niciun semnal nou. Pendinge: 0
2026-07-06 12:15:05    Urmatoarea bara 15min @ 12:30:05 — 900s
2026-07-06 12:30:05  --- S6-US30 iter 6 @ 12:30:05 ---
2026-07-06 12:30:05    Niciun semnal nou. Pendinge: 0
2026-07-06 12:30:05    Urmatoarea bara 15min @ 12:45:05 — 900s
2026-07-06 12:45:05  --- S6-US30 iter 7 @ 12:45:05 ---
2026-07-06 12:45:05    Niciun semnal nou. Pendinge: 0
2026-07-06 12:45:05    Urmatoarea bara 15min @ 13:00:05 — 900s
2026-07-06 12:57:13    [PROFIL] Profil 'Standard Profile' aplicat pe session6.
2026-07-06 12:57:13  =================================================================
2026-07-06 12:57:13    S6-US30 — US30 M15+M30 BOTH pw=10 pullback | test +0.229R Score 2.71 | 15-22h
2026-07-06 12:57:13    Piete: ['US30']
2026-07-06 12:57:13    TF: M15 (trend M30) | PW=8 | BOTH
2026-07-06 12:57:13    Output: C:\Dev\trading-bot\data\live_signals\session6
2026-07-06 12:57:13  =================================================================
2026-07-06 12:57:13  MT5: 52906593 @ ICMarketsEU-Demo (DEMO)
2026-07-06 12:57:13    [ORPHAN] Nicio pozitie MT5 fara corespondent — state consistent cu MT5.
2026-07-06 12:57:13  Simboluri active: ['US30']
2026-07-06 12:57:13  Pornit. Ctrl+C pentru oprire.

2026-07-06 12:57:13  --- S6-US30 iter 1 @ 12:57:13 ---
2026-07-06 12:57:13    Niciun semnal nou. Pendinge: 0
2026-07-06 12:57:13    Urmatoarea bara 15min @ 13:00:05 — 171s
2026-07-06 13:00:05  --- S6-US30 iter 2 @ 13:00:05 ---
2026-07-06 13:00:05    Niciun semnal nou. Pendinge: 0
2026-07-06 13:00:22    Urmatoarea bara 15min @ 13:15:05 — 883s
2026-07-06 13:15:05  --- S6-US30 iter 3 @ 13:15:05 ---
2026-07-06 13:15:05    Niciun semnal nou. Pendinge: 0
2026-07-06 13:15:05    Urmatoarea bara 15min @ 13:30:05 — 900s
2026-07-06 13:30:05  --- S6-US30 iter 4 @ 13:30:05 ---
2026-07-06 13:30:05    Niciun semnal nou. Pendinge: 0
2026-07-06 13:30:05    Urmatoarea bara 15min @ 13:45:05 — 900s
2026-07-06 13:45:05  --- S6-US30 iter 5 @ 13:45:05 ---
2026-07-06 13:45:05    Niciun semnal nou. Pendinge: 0
2026-07-06 13:45:05    Urmatoarea bara 15min @ 14:00:05 — 900s
2026-07-06 14:00:05  --- S6-US30 iter 6 @ 14:00:05 ---
2026-07-06 14:00:05    Niciun semnal nou. Pendinge: 0
2026-07-06 14:00:05    Urmatoarea bara 15min @ 14:15:05 — 899s
2026-07-06 14:15:05  --- S6-US30 iter 7 @ 14:15:05 ---
2026-07-06 14:15:05    Niciun semnal nou. Pendinge: 0
2026-07-06 14:15:05    Urmatoarea bara 15min @ 14:30:05 — 900s
2026-07-06 14:30:05  --- S6-US30 iter 8 @ 14:30:05 ---
2026-07-06 14:30:05    Niciun semnal nou. Pendinge: 0
2026-07-06 14:30:05    Urmatoarea bara 15min @ 14:45:05 — 900s
2026-07-06 14:45:05  --- S6-US30 iter 9 @ 14:45:05 ---
2026-07-06 14:45:05    Niciun semnal nou. Pendinge: 0
2026-07-06 14:45:27    Urmatoarea bara 15min @ 15:00:05 — 877s
2026-07-06 15:00:05  --- S6-US30 iter 10 @ 15:00:05 ---
2026-07-06 15:00:05    Niciun semnal nou. Pendinge: 0
2026-07-06 15:00:05    Urmatoarea bara 15min @ 15:15:05 — 900s
2026-07-06 15:15:05  --- S6-US30 iter 11 @ 15:15:05 ---
2026-07-06 15:15:05    Niciun semnal nou. Pendinge: 0
2026-07-06 15:15:05    Urmatoarea bara 15min @ 15:30:05 — 900s
2026-07-06 15:30:05  --- S6-US30 iter 12 @ 15:30:05 ---
2026-07-06 15:30:05    Niciun semnal nou. Pendinge: 0
2026-07-06 15:30:05    Urmatoarea bara 15min @ 15:45:05 — 900s
2026-07-06 15:45:05  --- S6-US30 iter 13 @ 15:45:05 ---
2026-07-06 15:45:05    Niciun semnal nou. Pendinge: 0
2026-07-06 15:45:05    Urmatoarea bara 15min @ 16:00:05 — 900s
2026-07-06 16:00:05  --- S6-US30 iter 14 @ 16:00:05 ---
2026-07-06 16:00:05    Niciun semnal nou. Pendinge: 0
2026-07-06 16:00:05    Urmatoarea bara 15min @ 16:15:05 — 899s
2026-07-06 16:15:05  --- S6-US30 iter 15 @ 16:15:05 ---
2026-07-06 16:15:05    Niciun semnal nou. Pendinge: 0
2026-07-06 16:15:05    Urmatoarea bara 15min @ 16:30:05 — 900s
2026-07-06 16:30:05  --- S6-US30 iter 16 @ 16:30:05 ---
2026-07-06 16:30:05    Niciun semnal nou. Pendinge: 0
2026-07-06 16:30:05    Urmatoarea bara 15min @ 16:45:05 — 900s
2026-07-06 16:45:05  --- S6-US30 iter 17 @ 16:45:05 ---
2026-07-06 16:45:05    Niciun semnal nou. Pendinge: 0
2026-07-06 16:45:05    Urmatoarea bara 15min @ 17:00:05 — 900s
2026-07-06 17:00:05  --- S6-US30 iter 18 @ 17:00:05 ---
2026-07-06 17:00:05    [STIRI] Pauza automata — ISM Services PMI (USD, High, 2 min)
2026-07-06 17:00:05    [STIRI] Tranzitie → pauza: inchid ordine/pozitii active.
2026-07-06 17:00:05    [STIRI] Nicio pozitie/ordin activ — nimic de inchis.
2026-07-06 17:00:06    Niciun semnal nou. Pendinge: 0
2026-07-06 17:00:06    Urmatoarea bara 15min @ 17:15:05 — 899s
2026-07-06 17:15:05  --- S6-US30 iter 19 @ 17:15:05 ---
2026-07-06 17:15:05    [STIRI] Pauza automata — ISM Services PMI (USD, High, -13 min)
2026-07-06 17:15:05    Niciun semnal nou. Pendinge: 0
2026-07-06 17:15:05    Urmatoarea bara 15min @ 17:30:05 — 900s
2026-07-06 17:30:05  --- S6-US30 iter 20 @ 17:30:05 ---
2026-07-06 17:30:05    Niciun semnal nou. Pendinge: 0
2026-07-06 17:30:05    Urmatoarea bara 15min @ 17:45:05 — 900s
2026-07-06 17:45:05  --- S6-US30 iter 21 @ 17:45:05 ---
2026-07-06 17:45:05    Niciun semnal nou. Pendinge: 0
2026-07-06 17:45:05    Urmatoarea bara 15min @ 18:00:05 — 900s
2026-07-06 18:00:05  --- S6-US30 iter 22 @ 18:00:05 ---
2026-07-06 18:00:05    Niciun semnal nou. Pendinge: 0
2026-07-06 18:00:05    Urmatoarea bara 15min @ 18:15:05 — 900s
2026-07-06 18:15:05  --- S6-US30 iter 23 @ 18:15:05 ---
2026-07-06 18:15:05    Niciun semnal nou. Pendinge: 0
2026-07-06 18:15:05    Urmatoarea bara 15min @ 18:30:05 — 900s
2026-07-06 18:30:05  --- S6-US30 iter 24 @ 18:30:05 ---
2026-07-06 18:30:05    Niciun semnal nou. Pendinge: 0
2026-07-06 18:30:05    Urmatoarea bara 15min @ 18:45:05 — 900s
2026-07-06 18:45:05  --- S6-US30 iter 25 @ 18:45:05 ---
2026-07-06 18:45:05    Niciun semnal nou. Pendinge: 0
2026-07-06 18:45:12    Urmatoarea bara 15min @ 19:00:05 — 892s
2026-07-06 19:00:05  --- S6-US30 iter 26 @ 19:00:05 ---
2026-07-06 19:00:05    Niciun semnal nou. Pendinge: 0
2026-07-06 19:00:05    Urmatoarea bara 15min @ 19:15:05 — 900s
2026-07-06 19:15:05  --- S6-US30 iter 27 @ 19:15:05 ---
2026-07-06 19:15:05    Niciun semnal nou. Pendinge: 0
2026-07-06 19:15:05    Urmatoarea bara 15min @ 19:30:05 — 900s
2026-07-06 19:30:05  --- S6-US30 iter 28 @ 19:30:05 ---
2026-07-06 19:30:05    Niciun semnal nou. Pendinge: 0
2026-07-06 19:30:05    Urmatoarea bara 15min @ 19:45:05 — 900s
2026-07-06 19:45:05  --- S6-US30 iter 29 @ 19:45:05 ---
2026-07-06 19:45:05    Niciun semnal nou. Pendinge: 0
2026-07-06 19:45:05    Urmatoarea bara 15min @ 20:00:05 — 900s
2026-07-06 20:00:05  --- S6-US30 iter 30 @ 20:00:05 ---
2026-07-06 20:00:05    Niciun semnal nou. Pendinge: 0
2026-07-06 20:00:05    Urmatoarea bara 15min @ 20:15:05 — 900s
2026-07-06 20:15:05  --- S6-US30 iter 31 @ 20:15:05 ---
2026-07-06 20:15:05    Niciun semnal nou. Pendinge: 0
2026-07-06 20:15:05    Urmatoarea bara 15min @ 20:30:05 — 900s
2026-07-06 20:30:05  --- S6-US30 iter 32 @ 20:30:05 ---
2026-07-06 20:30:05    Niciun semnal nou. Pendinge: 0
2026-07-06 20:30:05    Urmatoarea bara 15min @ 20:45:05 — 900s
2026-07-06 20:45:05  --- S6-US30 iter 33 @ 20:45:05 ---
2026-07-06 20:45:05    Niciun semnal nou. Pendinge: 0
2026-07-06 20:45:05    Urmatoarea bara 15min @ 21:00:05 — 900s
2026-07-06 21:00:05  --- S6-US30 iter 34 @ 21:00:05 ---
2026-07-06 21:00:05    Niciun semnal nou. Pendinge: 0
2026-07-06 21:00:05    Urmatoarea bara 15min @ 21:15:05 — 900s
2026-07-06 21:15:05  --- S6-US30 iter 35 @ 21:15:05 ---
2026-07-06 21:15:05    Niciun semnal nou. Pendinge: 0
2026-07-06 21:15:05    Urmatoarea bara 15min @ 21:30:05 — 900s
2026-07-06 21:30:05  --- S6-US30 iter 36 @ 21:30:05 ---
2026-07-06 21:30:05    Niciun semnal nou. Pendinge: 0
2026-07-06 21:30:05    Urmatoarea bara 15min @ 21:45:05 — 900s
2026-07-06 21:45:05  --- S6-US30 iter 37 @ 21:45:05 ---
2026-07-06 21:45:05    Niciun semnal nou. Pendinge: 0
2026-07-06 21:45:05    Urmatoarea bara 15min @ 22:00:05 — 900s
2026-07-06 22:00:05  --- S6-US30 iter 38 @ 22:00:05 ---
2026-07-06 22:00:05    Niciun semnal nou. Pendinge: 0
2026-07-06 22:00:05    Urmatoarea bara 15min @ 22:15:05 — 899s
2026-07-06 22:15:05  --- S6-US30 iter 39 @ 22:15:05 ---
2026-07-06 22:15:05    Niciun semnal nou. Pendinge: 0
2026-07-06 22:15:05    Urmatoarea bara 15min @ 22:30:05 — 900s
2026-07-06 22:30:05  --- S6-US30 iter 40 @ 22:30:05 ---
2026-07-06 22:30:05    Niciun semnal nou. Pendinge: 0
2026-07-06 22:30:05    Urmatoarea bara 15min @ 22:45:05 — 900s
2026-07-06 22:45:05  --- S6-US30 iter 41 @ 22:45:05 ---
2026-07-06 22:45:05    Niciun semnal nou. Pendinge: 0
2026-07-06 22:45:05    Urmatoarea bara 15min @ 23:00:05 — 900s
2026-07-06 23:00:05  --- S6-US30 iter 42 @ 23:00:05 ---
2026-07-06 23:00:05    Niciun semnal nou. Pendinge: 0
2026-07-06 23:00:05    Urmatoarea bara 15min @ 23:15:05 — 900s
2026-07-06 23:15:05  --- S6-US30 iter 43 @ 23:15:05 ---
2026-07-06 23:15:05    Niciun semnal nou. Pendinge: 0
2026-07-06 23:15:05    Urmatoarea bara 15min @ 23:30:05 — 900s
2026-07-06 23:30:05  --- S6-US30 iter 44 @ 23:30:05 ---
2026-07-06 23:30:05    Niciun semnal nou. Pendinge: 0
2026-07-06 23:30:05    Urmatoarea bara 15min @ 23:45:05 — 900s
2026-07-06 23:45:05  --- S6-US30 iter 45 @ 23:45:05 ---
2026-07-06 23:45:05    Niciun semnal nou. Pendinge: 0
2026-07-06 23:45:05    Urmatoarea bara 15min @ 00:00:05 — 900s
2026-07-07 00:00:05  --- S6-US30 iter 46 @ 00:00:05 ---
2026-07-07 00:00:05    Niciun semnal nou. Pendinge: 0
2026-07-07 00:00:05    Urmatoarea bara 15min @ 00:15:05 — 900s
2026-07-07 00:15:05  --- S6-US30 iter 47 @ 00:15:05 ---
2026-07-07 00:15:05    Niciun semnal nou. Pendinge: 0
2026-07-07 00:15:05    Urmatoarea bara 15min @ 00:30:05 — 900s
2026-07-07 00:30:05  --- S6-US30 iter 48 @ 00:30:05 ---
2026-07-07 00:30:05    Niciun semnal nou. Pendinge: 0
2026-07-07 00:30:05    Urmatoarea bara 15min @ 00:45:05 — 900s
2026-07-07 00:45:05  --- S6-US30 iter 49 @ 00:45:05 ---
2026-07-07 00:45:05    Niciun semnal nou. Pendinge: 0
2026-07-07 00:45:05    Urmatoarea bara 15min @ 01:00:05 — 900s
2026-07-07 01:00:05  --- S6-US30 iter 50 @ 01:00:05 ---
2026-07-07 01:00:05    Niciun semnal nou. Pendinge: 0
2026-07-07 01:00:05    Urmatoarea bara 15min @ 01:15:05 — 900s
2026-07-07 01:15:05  --- S6-US30 iter 51 @ 01:15:05 ---
2026-07-07 01:15:05    Niciun semnal nou. Pendinge: 0
2026-07-07 01:15:05    Urmatoarea bara 15min @ 01:30:05 — 899s
2026-07-07 01:30:05  --- S6-US30 iter 52 @ 01:30:05 ---
2026-07-07 01:30:05    Niciun semnal nou. Pendinge: 0
2026-07-07 01:30:05    Urmatoarea bara 15min @ 01:45:05 — 900s
2026-07-07 01:45:05  --- S6-US30 iter 53 @ 01:45:05 ---
2026-07-07 01:45:05    Niciun semnal nou. Pendinge: 0
2026-07-07 01:45:05    Urmatoarea bara 15min @ 02:00:05 — 900s
2026-07-07 02:00:05  --- S6-US30 iter 54 @ 02:00:05 ---
2026-07-07 02:00:05    Niciun semnal nou. Pendinge: 0
2026-07-07 02:00:05    Urmatoarea bara 15min @ 02:15:05 — 900s
2026-07-07 02:15:05  --- S6-US30 iter 55 @ 02:15:05 ---
2026-07-07 02:15:05    Niciun semnal nou. Pendinge: 0
2026-07-07 02:15:05    Urmatoarea bara 15min @ 02:30:05 — 900s
2026-07-07 02:30:05  --- S6-US30 iter 56 @ 02:30:05 ---
2026-07-07 02:30:05    Niciun semnal nou. Pendinge: 0
2026-07-07 02:30:05    Urmatoarea bara 15min @ 02:45:05 — 900s
2026-07-07 02:45:05  --- S6-US30 iter 57 @ 02:45:05 ---
2026-07-07 02:45:05    Niciun semnal nou. Pendinge: 0
2026-07-07 02:45:05    Urmatoarea bara 15min @ 03:00:05 — 900s
2026-07-07 03:00:05  --- S6-US30 iter 58 @ 03:00:05 ---
2026-07-07 03:00:05    Niciun semnal nou. Pendinge: 0
2026-07-07 03:00:05    Urmatoarea bara 15min @ 03:15:05 — 900s
2026-07-07 03:15:05  --- S6-US30 iter 59 @ 03:15:05 ---
2026-07-07 03:15:05    Niciun semnal nou. Pendinge: 0
2026-07-07 03:15:05    Urmatoarea bara 15min @ 03:30:05 — 900s
2026-07-07 03:30:05  --- S6-US30 iter 60 @ 03:30:05 ---
2026-07-07 03:30:05    Niciun semnal nou. Pendinge: 0
2026-07-07 03:30:05    Urmatoarea bara 15min @ 03:45:05 — 900s
2026-07-07 03:45:05  --- S6-US30 iter 61 @ 03:45:05 ---
2026-07-07 03:45:05    Niciun semnal nou. Pendinge: 0
2026-07-07 03:45:05    Urmatoarea bara 15min @ 04:00:05 — 900s
2026-07-07 04:00:05  --- S6-US30 iter 62 @ 04:00:05 ---
2026-07-07 04:00:05    Niciun semnal nou. Pendinge: 0
2026-07-07 04:00:05    Urmatoarea bara 15min @ 04:15:05 — 899s
2026-07-07 04:15:05  --- S6-US30 iter 63 @ 04:15:05 ---
2026-07-07 04:15:05    Niciun semnal nou. Pendinge: 0
2026-07-07 04:15:05    Urmatoarea bara 15min @ 04:30:05 — 900s
2026-07-07 04:30:05  --- S6-US30 iter 64 @ 04:30:05 ---
2026-07-07 04:30:05    Niciun semnal nou. Pendinge: 0
2026-07-07 04:30:05    Urmatoarea bara 15min @ 04:45:05 — 900s
2026-07-07 04:45:05  --- S6-US30 iter 65 @ 04:45:05 ---
2026-07-07 04:45:05    Niciun semnal nou. Pendinge: 0
2026-07-07 04:45:05    Urmatoarea bara 15min @ 05:00:05 — 900s
2026-07-07 05:00:05  --- S6-US30 iter 66 @ 05:00:05 ---
2026-07-07 05:00:05    Niciun semnal nou. Pendinge: 0
2026-07-07 05:00:05    Urmatoarea bara 15min @ 05:15:05 — 900s
2026-07-07 05:15:05  --- S6-US30 iter 67 @ 05:15:05 ---
2026-07-07 05:15:05    Niciun semnal nou. Pendinge: 0
2026-07-07 05:15:05    Urmatoarea bara 15min @ 05:30:05 — 900s
2026-07-07 05:30:05  --- S6-US30 iter 68 @ 05:30:05 ---
2026-07-07 05:30:05    Niciun semnal nou. Pendinge: 0
2026-07-07 05:30:05    Urmatoarea bara 15min @ 05:45:05 — 900s
2026-07-07 05:45:05  --- S6-US30 iter 69 @ 05:45:05 ---
2026-07-07 05:45:05    Niciun semnal nou. Pendinge: 0
2026-07-07 05:45:05    Urmatoarea bara 15min @ 06:00:05 — 900s
2026-07-07 06:00:05  --- S6-US30 iter 70 @ 06:00:05 ---
2026-07-07 06:00:05    Niciun semnal nou. Pendinge: 0
2026-07-07 06:00:05    Urmatoarea bara 15min @ 06:15:05 — 900s
2026-07-07 06:15:05  --- S6-US30 iter 71 @ 06:15:05 ---
2026-07-07 06:15:05    Niciun semnal nou. Pendinge: 0
2026-07-07 06:15:05    Urmatoarea bara 15min @ 06:30:05 — 900s
2026-07-07 06:30:05  --- S6-US30 iter 72 @ 06:30:05 ---
2026-07-07 06:30:05    Niciun semnal nou. Pendinge: 0
2026-07-07 06:30:05    Urmatoarea bara 15min @ 06:45:05 — 900s
2026-07-07 06:45:05  --- S6-US30 iter 73 @ 06:45:05 ---
2026-07-07 06:45:05    Niciun semnal nou. Pendinge: 0
2026-07-07 06:45:05    Urmatoarea bara 15min @ 07:00:05 — 900s
2026-07-07 07:00:05  --- S6-US30 iter 74 @ 07:00:05 ---
2026-07-07 07:00:05    Niciun semnal nou. Pendinge: 0
2026-07-07 07:00:05    Urmatoarea bara 15min @ 07:15:05 — 900s
2026-07-07 07:15:05  --- S6-US30 iter 75 @ 07:15:05 ---
2026-07-07 07:15:05    Niciun semnal nou. Pendinge: 0
2026-07-07 07:15:05    Urmatoarea bara 15min @ 07:30:05 — 900s
2026-07-07 07:30:05  --- S6-US30 iter 76 @ 07:30:05 ---
2026-07-07 07:30:05    Niciun semnal nou. Pendinge: 0
2026-07-07 07:30:05    Urmatoarea bara 15min @ 07:45:05 — 900s
2026-07-07 07:45:05  --- S6-US30 iter 77 @ 07:45:05 ---
2026-07-07 07:45:05    Niciun semnal nou. Pendinge: 0
2026-07-07 07:45:05    Urmatoarea bara 15min @ 08:00:05 — 900s
2026-07-07 08:00:05  --- S6-US30 iter 78 @ 08:00:05 ---
2026-07-07 08:00:05    Niciun semnal nou. Pendinge: 0
2026-07-07 08:00:05    Urmatoarea bara 15min @ 08:15:05 — 900s
2026-07-07 08:15:05  --- S6-US30 iter 79 @ 08:15:05 ---
2026-07-07 08:15:05    Niciun semnal nou. Pendinge: 0
2026-07-07 08:15:05    Urmatoarea bara 15min @ 08:30:05 — 900s
2026-07-07 08:30:05  --- S6-US30 iter 80 @ 08:30:05 ---
2026-07-07 08:30:05    Niciun semnal nou. Pendinge: 0
2026-07-07 08:30:05    Urmatoarea bara 15min @ 08:45:05 — 900s
2026-07-07 08:45:05  --- S6-US30 iter 81 @ 08:45:05 ---
2026-07-07 08:45:05    Niciun semnal nou. Pendinge: 0
2026-07-07 08:45:05    Urmatoarea bara 15min @ 09:00:05 — 900s
2026-07-07 08:57:53    [PROFIL] Profil 'Standard Profile' aplicat pe session6.
2026-07-07 08:57:53  =================================================================
2026-07-07 08:57:53    S6-US30 — US30 M15+M30 BOTH pw=10 pullback | test +0.229R Score 2.71 | 15-22h
2026-07-07 08:57:53    Piete: ['US30']
2026-07-07 08:57:53    TF: M15 (trend M30) | PW=8 | BOTH
2026-07-07 08:57:53    Output: C:\Dev\trading-bot\data\live_signals\session6
2026-07-07 08:57:53  =================================================================
2026-07-07 08:57:53  MT5: 52906593 @ ICMarketsEU-Demo (DEMO)
2026-07-07 08:57:53    [ORPHAN] Nicio pozitie MT5 fara corespondent — state consistent cu MT5.
2026-07-07 08:57:53  Simboluri active: ['US30']
2026-07-07 08:57:53  Pornit. Ctrl+C pentru oprire.

2026-07-07 08:57:53  --- S6-US30 iter 1 @ 08:57:53 ---
2026-07-07 08:57:54    Niciun semnal nou. Pendinge: 0
2026-07-07 08:57:54    Urmatoarea bara 15min @ 09:00:05 — 131s
2026-07-07 09:00:05  --- S6-US30 iter 2 @ 09:00:05 ---
2026-07-07 09:00:05    Niciun semnal nou. Pendinge: 0
2026-07-07 09:00:05    Urmatoarea bara 15min @ 09:15:05 — 900s
2026-07-07 09:15:05  --- S6-US30 iter 3 @ 09:15:05 ---
2026-07-07 09:15:05    Niciun semnal nou. Pendinge: 0
2026-07-07 09:15:05    Urmatoarea bara 15min @ 09:30:05 — 900s
2026-07-07 09:30:05  --- S6-US30 iter 4 @ 09:30:05 ---
2026-07-07 09:30:05    Niciun semnal nou. Pendinge: 0
2026-07-07 09:30:05    Urmatoarea bara 15min @ 09:45:05 — 900s
2026-07-07 09:45:05  --- S6-US30 iter 5 @ 09:45:05 ---
2026-07-07 09:45:05    Niciun semnal nou. Pendinge: 0
2026-07-07 09:45:05    Urmatoarea bara 15min @ 10:00:05 — 900s
2026-07-07 10:00:05  --- S6-US30 iter 6 @ 10:00:05 ---
2026-07-07 10:00:05    Niciun semnal nou. Pendinge: 0
2026-07-07 10:00:05    Urmatoarea bara 15min @ 10:15:05 — 899s
2026-07-07 10:15:05  --- S6-US30 iter 7 @ 10:15:05 ---
2026-07-07 10:15:05    Niciun semnal nou. Pendinge: 0
2026-07-07 10:15:05    Urmatoarea bara 15min @ 10:30:05 — 900s
2026-07-07 10:30:05  --- S6-US30 iter 8 @ 10:30:05 ---
2026-07-07 10:30:05    Niciun semnal nou. Pendinge: 0
2026-07-07 10:30:05    Urmatoarea bara 15min @ 10:45:05 — 900s
2026-07-07 10:45:05  --- S6-US30 iter 9 @ 10:45:05 ---
2026-07-07 10:45:05    Niciun semnal nou. Pendinge: 0
2026-07-07 10:45:05    Urmatoarea bara 15min @ 11:00:05 — 900s
2026-07-07 11:00:05  --- S6-US30 iter 10 @ 11:00:05 ---
2026-07-07 11:00:05    Niciun semnal nou. Pendinge: 0
2026-07-07 11:00:05    Urmatoarea bara 15min @ 11:15:05 — 900s
2026-07-07 11:15:05  --- S6-US30 iter 11 @ 11:15:05 ---
2026-07-07 11:15:05    Niciun semnal nou. Pendinge: 0
2026-07-07 11:15:05    Urmatoarea bara 15min @ 11:30:05 — 900s
2026-07-07 11:30:05  --- S6-US30 iter 12 @ 11:30:05 ---
2026-07-07 11:30:05    Niciun semnal nou. Pendinge: 0
2026-07-07 11:30:05    Urmatoarea bara 15min @ 11:45:05 — 900s
2026-07-07 11:45:05  --- S6-US30 iter 13 @ 11:45:05 ---
2026-07-07 11:45:05    Niciun semnal nou. Pendinge: 0
2026-07-07 11:45:05    Urmatoarea bara 15min @ 12:00:05 — 900s
2026-07-07 12:00:05  --- S6-US30 iter 14 @ 12:00:05 ---
2026-07-07 12:00:05    Niciun semnal nou. Pendinge: 0
2026-07-07 12:00:05    Urmatoarea bara 15min @ 12:15:05 — 899s
2026-07-07 12:15:05  --- S6-US30 iter 15 @ 12:15:05 ---
2026-07-07 12:15:05    Niciun semnal nou. Pendinge: 0
2026-07-07 12:15:05    Urmatoarea bara 15min @ 12:30:05 — 900s
2026-07-07 12:30:05  --- S6-US30 iter 16 @ 12:30:05 ---
2026-07-07 12:30:05    Niciun semnal nou. Pendinge: 0
2026-07-07 12:30:05    Urmatoarea bara 15min @ 12:45:05 — 900s
2026-07-07 12:45:05  --- S6-US30 iter 17 @ 12:45:05 ---
2026-07-07 12:45:05    Niciun semnal nou. Pendinge: 0
2026-07-07 12:45:05    Urmatoarea bara 15min @ 13:00:05 — 900s
2026-07-07 13:00:05  --- S6-US30 iter 18 @ 13:00:05 ---
2026-07-07 13:00:05    Niciun semnal nou. Pendinge: 0
2026-07-07 13:00:05    Urmatoarea bara 15min @ 13:15:05 — 900s
2026-07-07 13:15:05  --- S6-US30 iter 19 @ 13:15:05 ---
2026-07-07 13:15:05    Niciun semnal nou. Pendinge: 0
2026-07-07 13:15:05    Urmatoarea bara 15min @ 13:30:05 — 900s
2026-07-07 13:30:05  --- S6-US30 iter 20 @ 13:30:05 ---
2026-07-07 13:30:05    Niciun semnal nou. Pendinge: 0
2026-07-07 13:30:05    Urmatoarea bara 15min @ 13:45:05 — 900s
2026-07-07 13:45:05  --- S6-US30 iter 21 @ 13:45:05 ---
2026-07-07 13:45:05    Niciun semnal nou. Pendinge: 0
2026-07-07 13:45:05    Urmatoarea bara 15min @ 14:00:05 — 900s
2026-07-07 14:00:05  --- S6-US30 iter 22 @ 14:00:05 ---
2026-07-07 14:00:05    Niciun semnal nou. Pendinge: 0
2026-07-07 14:00:05    Urmatoarea bara 15min @ 14:15:05 — 900s
2026-07-07 14:15:05  --- S6-US30 iter 23 @ 14:15:05 ---
2026-07-07 14:15:05    Niciun semnal nou. Pendinge: 0
2026-07-07 14:15:05    Urmatoarea bara 15min @ 14:30:05 — 900s
2026-07-07 14:30:05  --- S6-US30 iter 24 @ 14:30:05 ---
2026-07-07 14:30:05    Niciun semnal nou. Pendinge: 0
2026-07-07 14:30:05    Urmatoarea bara 15min @ 14:45:05 — 900s
2026-07-07 14:45:05  --- S6-US30 iter 25 @ 14:45:05 ---
2026-07-07 14:45:05    Niciun semnal nou. Pendinge: 0
2026-07-07 14:45:05    Urmatoarea bara 15min @ 15:00:05 — 900s
2026-07-07 15:00:05  --- S6-US30 iter 26 @ 15:00:05 ---
2026-07-07 15:00:05    Niciun semnal nou. Pendinge: 0
2026-07-07 15:00:05    Urmatoarea bara 15min @ 15:15:05 — 899s
2026-07-07 15:15:05  --- S6-US30 iter 27 @ 15:15:05 ---
2026-07-07 15:15:05    Niciun semnal nou. Pendinge: 0
2026-07-07 15:15:05    Urmatoarea bara 15min @ 15:30:05 — 900s
2026-07-07 15:30:05  --- S6-US30 iter 28 @ 15:30:05 ---
2026-07-07 15:30:05    Niciun semnal nou. Pendinge: 0
2026-07-07 15:30:05    Urmatoarea bara 15min @ 15:45:05 — 900s
2026-07-07 15:45:05  --- S6-US30 iter 29 @ 15:45:05 ---
2026-07-07 15:45:05    Niciun semnal nou. Pendinge: 0
2026-07-07 15:45:05    Urmatoarea bara 15min @ 16:00:05 — 900s
2026-07-07 16:00:05  --- S6-US30 iter 30 @ 16:00:05 ---
2026-07-07 16:00:05    Niciun semnal nou. Pendinge: 0
2026-07-07 16:00:05    Urmatoarea bara 15min @ 16:15:05 — 899s
2026-07-07 16:15:05  --- S6-US30 iter 31 @ 16:15:05 ---
2026-07-07 16:15:05    Niciun semnal nou. Pendinge: 0
2026-07-07 16:15:05    Urmatoarea bara 15min @ 16:30:05 — 900s
2026-07-07 16:30:05  --- S6-US30 iter 32 @ 16:30:05 ---
2026-07-07 16:30:05    Niciun semnal nou. Pendinge: 0
2026-07-07 16:30:05    Urmatoarea bara 15min @ 16:45:05 — 899s
2026-07-07 16:45:05  --- S6-US30 iter 33 @ 16:45:05 ---
2026-07-07 16:45:05    Niciun semnal nou. Pendinge: 0
2026-07-07 16:45:05    Urmatoarea bara 15min @ 17:00:05 — 900s
2026-07-07 17:00:05  --- S6-US30 iter 34 @ 17:00:05 ---
2026-07-07 17:00:05    Niciun semnal nou. Pendinge: 0
2026-07-07 17:00:05    Urmatoarea bara 15min @ 17:15:05 — 900s
2026-07-07 17:15:05  --- S6-US30 iter 35 @ 17:15:05 ---
2026-07-07 17:15:05    Niciun semnal nou. Pendinge: 0
2026-07-07 17:15:05    Urmatoarea bara 15min @ 17:30:05 — 900s
2026-07-07 17:30:05  --- S6-US30 iter 36 @ 17:30:05 ---
2026-07-07 17:30:05    Niciun semnal nou. Pendinge: 0
2026-07-07 17:30:05    Urmatoarea bara 15min @ 17:45:05 — 900s
2026-07-07 17:45:05  --- S6-US30 iter 37 @ 17:45:05 ---
2026-07-07 17:45:05    Niciun semnal nou. Pendinge: 0
2026-07-07 17:45:05    Urmatoarea bara 15min @ 18:00:05 — 900s
2026-07-07 18:00:05  --- S6-US30 iter 38 @ 18:00:05 ---
2026-07-07 18:00:05    Niciun semnal nou. Pendinge: 0
2026-07-07 18:00:05    Urmatoarea bara 15min @ 18:15:05 — 900s
2026-07-07 18:15:05  --- S6-US30 iter 39 @ 18:15:05 ---
2026-07-07 18:15:05    Niciun semnal nou. Pendinge: 0
2026-07-07 18:15:05    Urmatoarea bara 15min @ 18:30:05 — 900s
2026-07-07 18:30:05  --- S6-US30 iter 40 @ 18:30:05 ---
2026-07-07 18:30:05    Niciun semnal nou. Pendinge: 0
2026-07-07 18:30:05    Urmatoarea bara 15min @ 18:45:05 — 900s
2026-07-07 18:45:05  --- S6-US30 iter 41 @ 18:45:05 ---
2026-07-07 18:45:05    Niciun semnal nou. Pendinge: 0
2026-07-07 18:45:05    Urmatoarea bara 15min @ 19:00:05 — 900s
2026-07-07 19:00:05  --- S6-US30 iter 42 @ 19:00:05 ---
2026-07-07 19:00:05    Niciun semnal nou. Pendinge: 0
2026-07-07 19:00:05    Urmatoarea bara 15min @ 19:15:05 — 900s
2026-07-07 19:15:05  --- S6-US30 iter 43 @ 19:15:05 ---
2026-07-07 19:15:05    Niciun semnal nou. Pendinge: 0
2026-07-07 19:15:05    Urmatoarea bara 15min @ 19:30:05 — 900s
2026-07-07 19:30:05  --- S6-US30 iter 44 @ 19:30:05 ---
2026-07-07 19:30:05    Niciun semnal nou. Pendinge: 0
2026-07-07 19:30:05    Urmatoarea bara 15min @ 19:45:05 — 900s
2026-07-07 19:45:05  --- S6-US30 iter 45 @ 19:45:05 ---
2026-07-07 19:45:05    Niciun semnal nou. Pendinge: 0
2026-07-07 19:45:05    Urmatoarea bara 15min @ 20:00:05 — 900s
2026-07-07 20:00:05  --- S6-US30 iter 46 @ 20:00:05 ---
2026-07-07 20:00:05    Niciun semnal nou. Pendinge: 0
2026-07-07 20:00:05    Urmatoarea bara 15min @ 20:15:05 — 899s
2026-07-07 20:15:05  --- S6-US30 iter 47 @ 20:15:05 ---
2026-07-07 20:15:05    Niciun semnal nou. Pendinge: 0
2026-07-07 20:15:05    Urmatoarea bara 15min @ 20:30:05 — 900s
2026-07-07 20:30:05  --- S6-US30 iter 48 @ 20:30:05 ---
2026-07-07 20:30:05    *** SEMNAL [INSIDE_BAR]: S6-US30-IB0004 US30 LONG entry=52934.10000 sl=52860.60000 tp=53081.10000 (2.0R) RSI=43
2026-07-07 20:30:05    Urmatoarea bara 15min @ 20:45:05 — 900s
2026-07-07 20:45:05  --- S6-US30 iter 49 @ 20:45:05 ---
2026-07-07 20:45:05    TRIGGERAT: S6-US30-IB0004 US30 LONG @ 52934.10000
2026-07-07 20:45:05    Niciun semnal nou. Pendinge: 1
2026-07-07 20:45:05    Urmatoarea bara 15min @ 21:00:05 — 900s
2026-07-07 21:00:05  --- S6-US30 iter 50 @ 21:00:05 ---
2026-07-07 21:00:05    Niciun semnal nou. Pendinge: 1
2026-07-07 21:00:05    Urmatoarea bara 15min @ 21:15:05 — 900s
2026-07-07 21:15:05  --- S6-US30 iter 51 @ 21:15:05 ---
2026-07-07 21:15:05    Niciun semnal nou. Pendinge: 1
2026-07-07 21:15:05    Urmatoarea bara 15min @ 21:30:05 — 900s
2026-07-07 21:30:05  --- S6-US30 iter 52 @ 21:30:05 ---
2026-07-07 21:30:05    Niciun semnal nou. Pendinge: 1
2026-07-07 21:30:05    Urmatoarea bara 15min @ 21:45:05 — 900s
2026-07-07 21:45:05  --- S6-US30 iter 53 @ 21:45:05 ---
2026-07-07 21:45:05    Niciun semnal nou. Pendinge: 1
2026-07-07 21:45:05    Urmatoarea bara 15min @ 22:00:05 — 900s
2026-07-07 22:00:05  --- S6-US30 iter 54 @ 22:00:05 ---
2026-07-07 22:00:05    Niciun semnal nou. Pendinge: 1
2026-07-07 22:00:05    Urmatoarea bara 15min @ 22:15:05 — 900s
2026-07-07 22:15:05  --- S6-US30 iter 55 @ 22:15:05 ---
2026-07-07 22:15:05    PIERDERE: S6-US30-IB0004 SL -1.0R
2026-07-07 22:15:05    Niciun semnal nou. Pendinge: 0
2026-07-07 22:15:05    Urmatoarea bara 15min @ 22:30:05 — 900s
2026-07-07 22:30:05  --- S6-US30 iter 56 @ 22:30:05 ---
2026-07-07 22:30:05    Niciun semnal nou. Pendinge: 0
2026-07-07 22:30:05    Urmatoarea bara 15min @ 22:45:05 — 900s
2026-07-07 22:45:05  --- S6-US30 iter 57 @ 22:45:05 ---
2026-07-07 22:45:05    Niciun semnal nou. Pendinge: 0
2026-07-07 22:45:05    Urmatoarea bara 15min @ 23:00:05 — 900s
2026-07-07 23:00:05  --- S6-US30 iter 58 @ 23:00:05 ---
2026-07-07 23:00:05    Niciun semnal nou. Pendinge: 0
2026-07-07 23:00:05    Urmatoarea bara 15min @ 23:15:05 — 899s
2026-07-07 23:15:05  --- S6-US30 iter 59 @ 23:15:05 ---
2026-07-07 23:15:05    Niciun semnal nou. Pendinge: 0
2026-07-07 23:15:05    Urmatoarea bara 15min @ 23:30:05 — 900s
2026-07-07 23:30:05  --- S6-US30 iter 60 @ 23:30:05 ---
2026-07-07 23:30:05    Niciun semnal nou. Pendinge: 0
2026-07-07 23:30:05    Urmatoarea bara 15min @ 23:45:05 — 900s
2026-07-07 23:45:05  --- S6-US30 iter 61 @ 23:45:05 ---
2026-07-07 23:45:05    Niciun semnal nou. Pendinge: 0
2026-07-07 23:45:05    Urmatoarea bara 15min @ 00:00:05 — 900s
2026-07-08 00:00:05  --- S6-US30 iter 62 @ 00:00:05 ---
2026-07-08 00:00:05    Niciun semnal nou. Pendinge: 0
2026-07-08 00:00:05    Urmatoarea bara 15min @ 00:15:05 — 900s
2026-07-08 00:15:05  --- S6-US30 iter 63 @ 00:15:05 ---
2026-07-08 00:15:05    Niciun semnal nou. Pendinge: 0
2026-07-08 00:15:05    Urmatoarea bara 15min @ 00:30:05 — 900s
2026-07-08 00:30:05  --- S6-US30 iter 64 @ 00:30:05 ---
2026-07-08 00:30:05    Niciun semnal nou. Pendinge: 0
2026-07-08 00:30:05    Urmatoarea bara 15min @ 00:45:05 — 900s
2026-07-08 00:45:05  --- S6-US30 iter 65 @ 00:45:05 ---
2026-07-08 00:45:05    Niciun semnal nou. Pendinge: 0
2026-07-08 00:45:05    Urmatoarea bara 15min @ 01:00:05 — 900s
2026-07-08 01:00:05  --- S6-US30 iter 66 @ 01:00:05 ---
2026-07-08 01:00:05    Niciun semnal nou. Pendinge: 0
2026-07-08 01:00:05    Urmatoarea bara 15min @ 01:15:05 — 900s
2026-07-08 01:15:05  --- S6-US30 iter 67 @ 01:15:05 ---
2026-07-08 01:15:05    Niciun semnal nou. Pendinge: 0
2026-07-08 01:15:05    Urmatoarea bara 15min @ 01:30:05 — 900s
2026-07-08 01:30:05  --- S6-US30 iter 68 @ 01:30:05 ---
2026-07-08 01:30:05    Niciun semnal nou. Pendinge: 0
2026-07-08 01:30:05    Urmatoarea bara 15min @ 01:45:05 — 900s
2026-07-08 01:45:05  --- S6-US30 iter 69 @ 01:45:05 ---
2026-07-08 01:45:05    Niciun semnal nou. Pendinge: 0
2026-07-08 01:45:05    Urmatoarea bara 15min @ 02:00:05 — 900s
2026-07-08 02:00:05  --- S6-US30 iter 70 @ 02:00:05 ---
2026-07-08 02:00:05    Niciun semnal nou. Pendinge: 0
2026-07-08 02:00:05    Urmatoarea bara 15min @ 02:15:05 — 900s
2026-07-08 02:15:05  --- S6-US30 iter 71 @ 02:15:05 ---
2026-07-08 02:15:05    Niciun semnal nou. Pendinge: 0
2026-07-08 02:15:05    Urmatoarea bara 15min @ 02:30:05 — 900s
2026-07-08 02:30:05  --- S6-US30 iter 72 @ 02:30:05 ---
2026-07-08 02:30:05    Niciun semnal nou. Pendinge: 0
2026-07-08 02:30:05    Urmatoarea bara 15min @ 02:45:05 — 900s
2026-07-08 02:45:05  --- S6-US30 iter 73 @ 02:45:05 ---
2026-07-08 02:45:05    Niciun semnal nou. Pendinge: 0
2026-07-08 02:45:05    Urmatoarea bara 15min @ 03:00:05 — 900s
2026-07-08 03:00:05  --- S6-US30 iter 74 @ 03:00:05 ---
2026-07-08 03:00:05    Niciun semnal nou. Pendinge: 0
2026-07-08 03:00:05    Urmatoarea bara 15min @ 03:15:05 — 900s
2026-07-08 03:15:05  --- S6-US30 iter 75 @ 03:15:05 ---
2026-07-08 03:15:05    Niciun semnal nou. Pendinge: 0
2026-07-08 03:15:05    Urmatoarea bara 15min @ 03:30:05 — 900s
2026-07-08 03:30:05  --- S6-US30 iter 76 @ 03:30:05 ---
2026-07-08 03:30:05    Niciun semnal nou. Pendinge: 0
2026-07-08 03:30:05    Urmatoarea bara 15min @ 03:45:05 — 900s
2026-07-08 03:45:05  --- S6-US30 iter 77 @ 03:45:05 ---
2026-07-08 03:45:05    Niciun semnal nou. Pendinge: 0
2026-07-08 03:45:05    Urmatoarea bara 15min @ 04:00:05 — 900s
2026-07-08 04:00:05  --- S6-US30 iter 78 @ 04:00:05 ---
2026-07-08 04:00:06    Niciun semnal nou. Pendinge: 0
2026-07-08 04:00:06    Urmatoarea bara 15min @ 04:15:05 — 899s
2026-07-08 04:15:05  --- S6-US30 iter 79 @ 04:15:05 ---
2026-07-08 04:15:05    Niciun semnal nou. Pendinge: 0
2026-07-08 04:15:05    Urmatoarea bara 15min @ 04:30:05 — 900s
2026-07-08 04:30:05  --- S6-US30 iter 80 @ 04:30:05 ---
2026-07-08 04:30:05    Niciun semnal nou. Pendinge: 0
2026-07-08 04:30:05    Urmatoarea bara 15min @ 04:45:05 — 900s
2026-07-08 04:45:05  --- S6-US30 iter 81 @ 04:45:05 ---
2026-07-08 04:45:05    Niciun semnal nou. Pendinge: 0
2026-07-08 04:45:05    Urmatoarea bara 15min @ 05:00:05 — 900s
2026-07-08 05:00:05  --- S6-US30 iter 82 @ 05:00:05 ---
2026-07-08 05:00:05    Niciun semnal nou. Pendinge: 0
2026-07-08 05:00:05    Urmatoarea bara 15min @ 05:15:05 — 900s
2026-07-08 05:15:05  --- S6-US30 iter 83 @ 05:15:05 ---
2026-07-08 05:15:05    Niciun semnal nou. Pendinge: 0
2026-07-08 05:15:05    Urmatoarea bara 15min @ 05:30:05 — 900s
2026-07-08 05:30:05  --- S6-US30 iter 84 @ 05:30:05 ---
2026-07-08 05:30:05    Niciun semnal nou. Pendinge: 0
2026-07-08 05:30:05    Urmatoarea bara 15min @ 05:45:05 — 900s
2026-07-08 05:45:05  --- S6-US30 iter 85 @ 05:45:05 ---
2026-07-08 05:45:05    Niciun semnal nou. Pendinge: 0
2026-07-08 05:45:05    Urmatoarea bara 15min @ 06:00:05 — 900s
2026-07-08 06:00:05  --- S6-US30 iter 86 @ 06:00:05 ---
2026-07-08 06:00:05    Niciun semnal nou. Pendinge: 0
2026-07-08 06:00:05    Urmatoarea bara 15min @ 06:15:05 — 900s
2026-07-08 06:15:05  --- S6-US30 iter 87 @ 06:15:05 ---
2026-07-08 06:15:05    Niciun semnal nou. Pendinge: 0
2026-07-08 06:15:05    Urmatoarea bara 15min @ 06:30:05 — 900s
2026-07-08 06:30:05  --- S6-US30 iter 88 @ 06:30:05 ---
2026-07-08 06:30:05    Niciun semnal nou. Pendinge: 0
2026-07-08 06:30:05    Urmatoarea bara 15min @ 06:45:05 — 900s
2026-07-08 06:45:05  --- S6-US30 iter 89 @ 06:45:05 ---
2026-07-08 06:45:05    Niciun semnal nou. Pendinge: 0
2026-07-08 06:45:05    Urmatoarea bara 15min @ 07:00:05 — 899s
2026-07-08 07:00:05  --- S6-US30 iter 90 @ 07:00:05 ---
2026-07-08 07:00:05    Niciun semnal nou. Pendinge: 0
2026-07-08 07:00:05    Urmatoarea bara 15min @ 07:15:05 — 900s
2026-07-08 07:15:05  --- S6-US30 iter 91 @ 07:15:05 ---
2026-07-08 07:15:05    Niciun semnal nou. Pendinge: 0
2026-07-08 07:15:05    Urmatoarea bara 15min @ 07:30:05 — 900s
2026-07-08 07:30:05  --- S6-US30 iter 92 @ 07:30:05 ---
2026-07-08 07:30:05    Niciun semnal nou. Pendinge: 0
2026-07-08 07:30:05    Urmatoarea bara 15min @ 07:45:05 — 900s
2026-07-08 07:45:05  --- S6-US30 iter 93 @ 07:45:05 ---
2026-07-08 07:45:05    Niciun semnal nou. Pendinge: 0
2026-07-08 07:45:05    Urmatoarea bara 15min @ 08:00:05 — 900s
2026-07-08 08:00:05  --- S6-US30 iter 94 @ 08:00:05 ---
2026-07-08 08:00:05    Niciun semnal nou. Pendinge: 0
2026-07-08 08:00:05    Urmatoarea bara 15min @ 08:15:05 — 899s
2026-07-08 08:15:05  --- S6-US30 iter 95 @ 08:15:05 ---
2026-07-08 08:15:05    Niciun semnal nou. Pendinge: 0
2026-07-08 08:15:05    Urmatoarea bara 15min @ 08:30:05 — 900s
2026-07-08 08:30:05  --- S6-US30 iter 96 @ 08:30:05 ---
2026-07-08 08:30:05    Niciun semnal nou. Pendinge: 0
2026-07-08 08:30:05    Urmatoarea bara 15min @ 08:45:05 — 900s
2026-07-08 08:41:53    [PROFIL] Profil 'Standard Profile' aplicat pe session6.
2026-07-08 08:41:53  =================================================================
2026-07-08 08:41:53    S6-US30 — US30 M15+M30 BOTH pw=10 pullback | test +0.229R Score 2.71 | 15-22h
2026-07-08 08:41:53    Piete: ['US30']
2026-07-08 08:41:53    TF: M15 (trend M30) | PW=8 | BOTH
2026-07-08 08:41:53    Output: C:\Dev\trading-bot\data\live_signals\session6
2026-07-08 08:41:53  =================================================================
2026-07-08 08:41:53  MT5: 52906593 @ ICMarketsEU-Demo (DEMO)
2026-07-08 08:41:53    [MIGRATE] Cheie goala stearsa din pending: 'US30'
2026-07-08 08:41:53    [MIGRATE] Migrare pending: 0 semnale migrate, 1 chei goale sterse.
2026-07-08 08:41:53    [ORPHAN] Nicio pozitie MT5 fara corespondent — state consistent cu MT5.
2026-07-08 08:41:53  Simboluri active: ['US30']
2026-07-08 08:41:53  Pornit. Ctrl+C pentru oprire.

2026-07-08 08:41:53  --- S6-US30 iter 1 @ 08:41:53 ---
2026-07-08 08:41:53    Niciun semnal nou. Pendinge: 0
2026-07-08 08:41:53    Urmatoarea bara 15min @ 08:45:05 — 191s
2026-07-08 08:45:05  --- S6-US30 iter 2 @ 08:45:05 ---
2026-07-08 08:45:05    Niciun semnal nou. Pendinge: 0
2026-07-08 08:45:05    Urmatoarea bara 15min @ 09:00:05 — 900s
2026-07-08 09:00:05  --- S6-US30 iter 3 @ 09:00:05 ---
2026-07-08 09:00:05    Niciun semnal nou. Pendinge: 0
2026-07-08 09:00:05    Urmatoarea bara 15min @ 09:15:05 — 900s
2026-07-08 09:15:05  --- S6-US30 iter 4 @ 09:15:05 ---
2026-07-08 09:15:05    Niciun semnal nou. Pendinge: 0
2026-07-08 09:15:05    Urmatoarea bara 15min @ 09:30:05 — 900s
2026-07-08 09:30:05  --- S6-US30 iter 5 @ 09:30:05 ---
2026-07-08 09:30:05    Niciun semnal nou. Pendinge: 0
2026-07-08 09:30:05    Urmatoarea bara 15min @ 09:45:05 — 900s
2026-07-08 09:45:05  --- S6-US30 iter 6 @ 09:45:05 ---
2026-07-08 09:45:05    Niciun semnal nou. Pendinge: 0
2026-07-08 09:45:05    Urmatoarea bara 15min @ 10:00:05 — 900s
2026-07-08 10:00:05  --- S6-US30 iter 7 @ 10:00:05 ---
2026-07-08 10:00:05    Niciun semnal nou. Pendinge: 0
2026-07-08 10:00:05    Urmatoarea bara 15min @ 10:15:05 — 900s
2026-07-08 10:15:05  --- S6-US30 iter 8 @ 10:15:05 ---
2026-07-08 10:15:05    Niciun semnal nou. Pendinge: 0
2026-07-08 10:15:05    Urmatoarea bara 15min @ 10:30:05 — 900s
2026-07-08 10:30:05  --- S6-US30 iter 9 @ 10:30:05 ---
2026-07-08 10:30:05    Niciun semnal nou. Pendinge: 0
2026-07-08 10:30:05    Urmatoarea bara 15min @ 10:45:05 — 900s
2026-07-08 10:45:05  --- S6-US30 iter 10 @ 10:45:05 ---
2026-07-08 10:45:05    Niciun semnal nou. Pendinge: 0
2026-07-08 10:45:05    Urmatoarea bara 15min @ 11:00:05 — 900s
2026-07-08 11:00:05  --- S6-US30 iter 11 @ 11:00:05 ---
2026-07-08 11:00:05    Niciun semnal nou. Pendinge: 0
2026-07-08 11:00:05    Urmatoarea bara 15min @ 11:15:05 — 900s
2026-07-08 11:15:05  --- S6-US30 iter 12 @ 11:15:05 ---
2026-07-08 11:15:05    Niciun semnal nou. Pendinge: 0
2026-07-08 11:15:05    Urmatoarea bara 15min @ 11:30:05 — 900s
2026-07-08 11:30:05  --- S6-US30 iter 13 @ 11:30:05 ---
2026-07-08 11:30:05    Niciun semnal nou. Pendinge: 0
2026-07-08 11:30:05    Urmatoarea bara 15min @ 11:45:05 — 900s
2026-07-08 11:45:05  --- S6-US30 iter 14 @ 11:45:05 ---
2026-07-08 11:45:05    Niciun semnal nou. Pendinge: 0
2026-07-08 11:45:05    Urmatoarea bara 15min @ 12:00:05 — 900s
2026-07-08 12:00:05  --- S6-US30 iter 15 @ 12:00:05 ---
2026-07-08 12:00:05    Niciun semnal nou. Pendinge: 0
2026-07-08 12:00:05    Urmatoarea bara 15min @ 12:15:05 — 900s
2026-07-08 12:15:05  --- S6-US30 iter 16 @ 12:15:05 ---
2026-07-08 12:15:05    Niciun semnal nou. Pendinge: 0
2026-07-08 12:15:05    Urmatoarea bara 15min @ 12:30:05 — 900s
2026-07-08 12:30:05  --- S6-US30 iter 17 @ 12:30:05 ---
2026-07-08 12:30:05    Niciun semnal nou. Pendinge: 0
2026-07-08 12:30:05    Urmatoarea bara 15min @ 12:45:05 — 900s
2026-07-08 12:45:05  --- S6-US30 iter 18 @ 12:45:05 ---
2026-07-08 12:45:05    Niciun semnal nou. Pendinge: 0
2026-07-08 12:45:05    Urmatoarea bara 15min @ 13:00:05 — 900s
2026-07-08 13:00:05  --- S6-US30 iter 19 @ 13:00:05 ---
2026-07-08 13:00:05    Niciun semnal nou. Pendinge: 0
2026-07-08 13:00:05    Urmatoarea bara 15min @ 13:15:05 — 900s
2026-07-08 13:15:05  --- S6-US30 iter 20 @ 13:15:05 ---
2026-07-08 13:15:05    Niciun semnal nou. Pendinge: 0
2026-07-08 13:15:05    Urmatoarea bara 15min @ 13:30:05 — 900s
2026-07-08 13:30:05  --- S6-US30 iter 21 @ 13:30:05 ---
2026-07-08 13:30:05    Niciun semnal nou. Pendinge: 0
2026-07-08 13:30:05    Urmatoarea bara 15min @ 13:45:05 — 900s
2026-07-08 13:45:05  --- S6-US30 iter 22 @ 13:45:05 ---
2026-07-08 13:45:05    Niciun semnal nou. Pendinge: 0
2026-07-08 13:45:05    Urmatoarea bara 15min @ 14:00:05 — 900s
2026-07-08 13:49:04    [PROFIL] Profil 'Standard Profile' aplicat pe session6.
2026-07-08 13:49:04  =================================================================
2026-07-08 13:49:04    S6-US30 — US30 M15+M30 BOTH pw=10 pullback | test +0.229R Score 2.71 | 15-22h
2026-07-08 13:49:04    Piete: ['US30']
2026-07-08 13:49:04    TF: M15 (trend M30) | PW=8 | BOTH
2026-07-08 13:49:04    Output: C:\Dev\trading-bot\data\live_signals\session6
2026-07-08 13:49:04  =================================================================
2026-07-08 13:49:04  MT5: 52906593 @ ICMarketsEU-Demo (DEMO)
2026-07-08 13:49:04    [ORPHAN] Nicio pozitie MT5 fara corespondent — state consistent cu MT5.
2026-07-08 13:49:04  Simboluri active: ['US30']
2026-07-08 13:49:04  Pornit. Ctrl+C pentru oprire.

2026-07-08 13:49:04  --- S6-US30 iter 1 @ 13:49:04 ---
2026-07-08 13:49:04    Niciun semnal nou. Pendinge: 0
2026-07-08 13:49:04    Urmatoarea bara 15min @ 14:00:05 — 660s
2026-07-08 14:00:05  --- S6-US30 iter 2 @ 14:00:05 ---
2026-07-08 14:00:05    Niciun semnal nou. Pendinge: 0
2026-07-08 14:00:05    Urmatoarea bara 15min @ 14:15:05 — 900s
2026-07-08 14:15:05  --- S6-US30 iter 3 @ 14:15:05 ---
2026-07-08 14:15:05    Niciun semnal nou. Pendinge: 0
2026-07-08 14:15:05    Urmatoarea bara 15min @ 14:30:05 — 900s
2026-07-08 14:30:05  --- S6-US30 iter 4 @ 14:30:05 ---
2026-07-08 14:30:05    Niciun semnal nou. Pendinge: 0
2026-07-08 14:30:05    Urmatoarea bara 15min @ 14:45:05 — 900s
2026-07-08 14:45:05  --- S6-US30 iter 5 @ 14:45:05 ---
2026-07-08 14:45:05    Niciun semnal nou. Pendinge: 0
2026-07-08 14:45:05    Urmatoarea bara 15min @ 15:00:05 — 900s
2026-07-08 15:00:05  --- S6-US30 iter 6 @ 15:00:05 ---
2026-07-08 15:00:05    Niciun semnal nou. Pendinge: 0
2026-07-08 15:00:05    Urmatoarea bara 15min @ 15:15:05 — 900s
2026-07-08 15:15:05  --- S6-US30 iter 7 @ 15:15:05 ---
2026-07-08 15:15:05    Niciun semnal nou. Pendinge: 0
2026-07-08 15:15:05    Urmatoarea bara 15min @ 15:30:05 — 900s
2026-07-08 15:30:05  --- S6-US30 iter 8 @ 15:30:05 ---
2026-07-08 15:30:05    Niciun semnal nou. Pendinge: 0
2026-07-08 15:30:05    Urmatoarea bara 15min @ 15:45:05 — 900s
2026-07-08 15:45:05  --- S6-US30 iter 9 @ 15:45:05 ---
2026-07-08 15:45:05    Niciun semnal nou. Pendinge: 0
2026-07-08 15:45:05    Urmatoarea bara 15min @ 16:00:05 — 900s
2026-07-08 16:00:05  --- S6-US30 iter 10 @ 16:00:05 ---
2026-07-08 16:00:06    Niciun semnal nou. Pendinge: 0
2026-07-08 16:00:06    Urmatoarea bara 15min @ 16:15:05 — 899s
2026-07-08 16:15:05  --- S6-US30 iter 11 @ 16:15:05 ---
2026-07-08 16:15:05    Niciun semnal nou. Pendinge: 0
2026-07-08 16:15:05    Urmatoarea bara 15min @ 16:30:05 — 900s
2026-07-08 16:30:05  --- S6-US30 iter 12 @ 16:30:05 ---
2026-07-08 16:30:05    Niciun semnal nou. Pendinge: 0
2026-07-08 16:30:05    Urmatoarea bara 15min @ 16:45:05 — 900s
2026-07-08 16:45:05  --- S6-US30 iter 13 @ 16:45:05 ---
2026-07-08 16:45:05    Niciun semnal nou. Pendinge: 0
2026-07-08 16:45:05    Urmatoarea bara 15min @ 17:00:05 — 900s
2026-07-08 17:00:05  --- S6-US30 iter 14 @ 17:00:05 ---
2026-07-08 17:00:05    Niciun semnal nou. Pendinge: 0
2026-07-08 17:00:05    Urmatoarea bara 15min @ 17:15:05 — 899s
2026-07-08 17:15:05  --- S6-US30 iter 15 @ 17:15:05 ---
2026-07-08 17:15:05    *** SEMNAL [INSIDE_BAR]: S6-US30-IB0005 US30 SHORT entry=52322.20000 sl=52477.70000 tp=52011.20000 (2.0R) RSI=41
2026-07-08 17:15:05    Urmatoarea bara 15min @ 17:30:05 — 899s
2026-07-13 21:45:56    ib_signal_counter sincronizat la 6 din signals.csv
2026-07-13 21:45:56    [PROFIL] Profil 'Standard Profile' aplicat pe session6.
2026-07-13 21:45:56  =================================================================
2026-07-13 21:45:56    S6-US30 — US30 M15+M30 BOTH pw=10 pullback | test +0.229R Score 2.71 | 15-22h
2026-07-13 21:45:56    Piete: ['US30']
2026-07-13 21:45:56    TF: M15 (trend M30) | PW=8 | BOTH
2026-07-13 21:45:56    Output: C:\Dev\trading-bot\data\live_signals\session6
2026-07-13 21:45:56  =================================================================
2026-07-13 21:45:56  MT5: 52906593 @ ICMarketsEU-Demo (DEMO)
2026-07-13 21:45:56    [ORPHAN] Nicio pozitie MT5 fara corespondent — state consistent cu MT5.
2026-07-13 21:45:56  Simboluri active: ['US30']
2026-07-13 21:45:56  Pornit. Ctrl+C pentru oprire.

2026-07-13 21:45:56  --- S6-US30 iter 1 @ 21:45:56 ---
2026-07-13 21:45:57    EXPIRAT (fara ordin MT5): S6-US30-IB0005 US30 — pastrat ca semnal, nu in outcomes
2026-07-13 21:45:57    EXPIRAT: S6-US30-IB0005 US30 (>6 bare fara trigger)
2026-07-13 21:45:57    Niciun semnal nou. Pendinge: 0
2026-07-13 21:45:57    Urmatoarea bara 15min @ 22:00:05 — 847s
2026-07-13 21:46:14    [PROFIL] Profil 'Standard Profile' aplicat pe session6.
2026-07-13 21:46:14  =================================================================
2026-07-13 21:46:14    S6-US30 — US30 M15+M30 BOTH pw=10 pullback | test +0.229R Score 2.71 | 15-22h
2026-07-13 21:46:14    Piete: ['US30']
2026-07-13 21:46:14    TF: M15 (trend M30) | PW=8 | BOTH
2026-07-13 21:46:14    Output: C:\Dev\trading-bot\data\live_signals\session6
2026-07-13 21:46:14  =================================================================
2026-07-13 21:46:14  MT5: 52906593 @ ICMarketsEU-Demo (DEMO)
2026-07-13 21:46:14    [MIGRATE] Cheie goala stearsa din pending: 'US30'
2026-07-13 21:46:14    [MIGRATE] Migrare pending: 0 semnale migrate, 1 chei goale sterse.
2026-07-13 21:46:14    [ORPHAN] Nicio pozitie MT5 fara corespondent — state consistent cu MT5.
2026-07-13 21:46:14  Simboluri active: ['US30']
2026-07-13 21:46:14  Pornit. Ctrl+C pentru oprire.

2026-07-13 21:46:14  --- S6-US30 iter 1 @ 21:46:14 ---
2026-07-13 21:46:15    Niciun semnal nou. Pendinge: 0
2026-07-13 21:46:15    Urmatoarea bara 15min @ 22:00:05 — 830s
2026-07-13 22:00:05  --- S6-US30 iter 2 @ 22:00:05 ---
2026-07-13 22:00:06    Niciun semnal nou. Pendinge: 0
2026-07-13 22:00:06    Urmatoarea bara 15min @ 22:15:05 — 899s
2026-07-13 22:15:05  --- S6-US30 iter 3 @ 22:15:05 ---
2026-07-13 22:15:05    Niciun semnal nou. Pendinge: 0
2026-07-13 22:15:05    Urmatoarea bara 15min @ 22:30:05 — 899s
2026-07-13 22:30:05  --- S6-US30 iter 4 @ 22:30:05 ---
2026-07-13 22:30:05    Niciun semnal nou. Pendinge: 0
2026-07-13 22:30:05    Urmatoarea bara 15min @ 22:45:05 — 900s
2026-07-13 22:45:05  --- S6-US30 iter 5 @ 22:45:05 ---
2026-07-13 22:45:05    Niciun semnal nou. Pendinge: 0
2026-07-13 22:45:05    Urmatoarea bara 15min @ 23:00:05 — 900s
2026-07-13 23:00:05  --- S6-US30 iter 6 @ 23:00:05 ---
2026-07-13 23:00:05    Niciun semnal nou. Pendinge: 0
2026-07-13 23:00:05    Urmatoarea bara 15min @ 23:15:05 — 899s
2026-07-13 23:15:05  --- S6-US30 iter 7 @ 23:15:05 ---
2026-07-13 23:15:05    Niciun semnal nou. Pendinge: 0
2026-07-13 23:15:05    Urmatoarea bara 15min @ 23:30:05 — 900s
2026-07-13 23:21:17    [PROFIL] Profil 'Standard Profile' aplicat pe session6.
2026-07-13 23:21:17  =================================================================
2026-07-13 23:21:17    S6-US30 — US30 M15+M30 BOTH pw=10 pullback | test +0.229R Score 2.71 | 15-22h
2026-07-13 23:21:17    Piete: ['US30']
2026-07-13 23:21:17    TF: M15 (trend M30) | PW=8 | BOTH
2026-07-13 23:21:17    Output: C:\Dev\trading-bot\data\live_signals\session6
2026-07-13 23:21:17  =================================================================
2026-07-13 23:21:17  MT5: 52906593 @ ICMarketsEU-Demo (DEMO)
2026-07-13 23:21:17    [ORPHAN] Nicio pozitie MT5 fara corespondent — state consistent cu MT5.
2026-07-13 23:21:17  Simboluri active: ['US30']
2026-07-13 23:21:17  Pornit. Ctrl+C pentru oprire.

2026-07-13 23:21:17  --- S6-US30 iter 1 @ 23:21:17 ---
2026-07-13 23:21:17    Niciun semnal nou. Pendinge: 0
2026-07-13 23:21:17    Urmatoarea bara 15min @ 23:30:05 — 528s
2026-07-13 23:30:05  --- S6-US30 iter 2 @ 23:30:05 ---
2026-07-13 23:30:05    Niciun semnal nou. Pendinge: 0
2026-07-13 23:30:05    Urmatoarea bara 15min @ 23:45:05 — 900s
2026-07-13 23:45:05  --- S6-US30 iter 3 @ 23:45:05 ---
2026-07-13 23:45:05    Niciun semnal nou. Pendinge: 0
2026-07-13 23:45:05    Urmatoarea bara 15min @ 00:00:05 — 900s
2026-07-14 00:00:05  --- S6-US30 iter 4 @ 00:00:05 ---
2026-07-14 00:00:05    Niciun semnal nou. Pendinge: 0
2026-07-14 00:00:05    Urmatoarea bara 15min @ 00:15:05 — 900s
2026-07-14 00:15:05  --- S6-US30 iter 5 @ 00:15:05 ---
2026-07-14 00:15:05    Niciun semnal nou. Pendinge: 0
2026-07-14 00:15:05    Urmatoarea bara 15min @ 00:30:05 — 900s
2026-07-14 00:30:05  --- S6-US30 iter 6 @ 00:30:05 ---
2026-07-14 00:30:05    Niciun semnal nou. Pendinge: 0
2026-07-14 00:30:05    Urmatoarea bara 15min @ 00:45:05 — 900s
2026-07-14 00:45:05  --- S6-US30 iter 7 @ 00:45:05 ---
2026-07-14 00:45:05    Niciun semnal nou. Pendinge: 0
2026-07-14 00:45:05    Urmatoarea bara 15min @ 01:00:05 — 900s
2026-07-14 01:00:05  --- S6-US30 iter 8 @ 01:00:05 ---
2026-07-14 01:00:05    Niciun semnal nou. Pendinge: 0
2026-07-14 01:00:05    Urmatoarea bara 15min @ 01:15:05 — 900s
2026-07-14 01:15:05  --- S6-US30 iter 9 @ 01:15:05 ---
2026-07-14 01:15:05    Niciun semnal nou. Pendinge: 0
2026-07-14 01:15:05    Urmatoarea bara 15min @ 01:30:05 — 900s
2026-07-14 01:30:05  --- S6-US30 iter 10 @ 01:30:05 ---
2026-07-14 01:30:05    Niciun semnal nou. Pendinge: 0
2026-07-14 01:30:05    Urmatoarea bara 15min @ 01:45:05 — 900s
2026-07-14 01:45:05  --- S6-US30 iter 11 @ 01:45:05 ---
2026-07-14 01:45:05    Niciun semnal nou. Pendinge: 0
2026-07-14 01:45:05    Urmatoarea bara 15min @ 02:00:05 — 900s
2026-07-14 02:00:05  --- S6-US30 iter 12 @ 02:00:05 ---
2026-07-14 02:00:05    Niciun semnal nou. Pendinge: 0
2026-07-14 02:00:05    Urmatoarea bara 15min @ 02:15:05 — 900s
2026-07-14 02:15:05  --- S6-US30 iter 13 @ 02:15:05 ---
2026-07-14 02:15:05    Niciun semnal nou. Pendinge: 0
2026-07-14 02:15:05    Urmatoarea bara 15min @ 02:30:05 — 900s
2026-07-14 02:30:05  --- S6-US30 iter 14 @ 02:30:05 ---
2026-07-14 02:30:05    Niciun semnal nou. Pendinge: 0
2026-07-14 02:30:05    Urmatoarea bara 15min @ 02:45:05 — 900s
2026-07-14 02:45:05  --- S6-US30 iter 15 @ 02:45:05 ---
2026-07-14 02:45:05    Niciun semnal nou. Pendinge: 0
2026-07-14 02:45:05    Urmatoarea bara 15min @ 03:00:05 — 900s
2026-07-14 03:00:05  --- S6-US30 iter 16 @ 03:00:05 ---
2026-07-14 03:00:05    Niciun semnal nou. Pendinge: 0
2026-07-14 03:00:05    Urmatoarea bara 15min @ 03:15:05 — 900s
2026-07-14 03:15:05  --- S6-US30 iter 17 @ 03:15:05 ---
2026-07-14 03:15:05    Niciun semnal nou. Pendinge: 0
2026-07-14 03:15:05    Urmatoarea bara 15min @ 03:30:05 — 900s
2026-07-14 03:30:05  --- S6-US30 iter 18 @ 03:30:05 ---
2026-07-14 03:30:05    Niciun semnal nou. Pendinge: 0
2026-07-14 03:30:05    Urmatoarea bara 15min @ 03:45:05 — 900s
2026-07-14 03:45:05  --- S6-US30 iter 19 @ 03:45:05 ---
2026-07-14 03:45:05    Niciun semnal nou. Pendinge: 0
2026-07-14 03:45:05    Urmatoarea bara 15min @ 04:00:05 — 900s
2026-07-14 04:00:05  --- S6-US30 iter 20 @ 04:00:05 ---
2026-07-14 04:00:05    Niciun semnal nou. Pendinge: 0
2026-07-14 04:00:05    Urmatoarea bara 15min @ 04:15:05 — 900s
2026-07-14 04:15:05  --- S6-US30 iter 21 @ 04:15:05 ---
2026-07-14 04:15:05    Niciun semnal nou. Pendinge: 0
2026-07-14 04:15:27    Urmatoarea bara 15min @ 04:30:05 — 878s
2026-07-14 04:30:05  --- S6-US30 iter 22 @ 04:30:05 ---
2026-07-14 04:30:05    Niciun semnal nou. Pendinge: 0
2026-07-14 04:30:05    Urmatoarea bara 15min @ 04:45:05 — 900s
2026-07-14 04:45:05  --- S6-US30 iter 23 @ 04:45:05 ---
2026-07-14 04:45:05    Niciun semnal nou. Pendinge: 0
2026-07-14 04:45:05    Urmatoarea bara 15min @ 05:00:05 — 900s
2026-07-14 05:00:05  --- S6-US30 iter 24 @ 05:00:05 ---
2026-07-14 05:00:05    Niciun semnal nou. Pendinge: 0
2026-07-14 05:00:05    Urmatoarea bara 15min @ 05:15:05 — 900s
2026-07-14 05:15:05  --- S6-US30 iter 25 @ 05:15:05 ---
2026-07-14 05:15:05    Niciun semnal nou. Pendinge: 0
2026-07-14 05:15:05    Urmatoarea bara 15min @ 05:30:05 — 900s
2026-07-14 05:30:05  --- S6-US30 iter 26 @ 05:30:05 ---
2026-07-14 05:30:05    Niciun semnal nou. Pendinge: 0
2026-07-14 05:30:05    Urmatoarea bara 15min @ 05:45:05 — 900s
2026-07-14 05:45:05  --- S6-US30 iter 27 @ 05:45:05 ---
2026-07-14 05:45:05    Niciun semnal nou. Pendinge: 0
2026-07-14 05:45:05    Urmatoarea bara 15min @ 06:00:05 — 900s
2026-07-14 06:00:05  --- S6-US30 iter 28 @ 06:00:05 ---
2026-07-14 06:00:05    Niciun semnal nou. Pendinge: 0
2026-07-14 06:00:05    Urmatoarea bara 15min @ 06:15:05 — 899s
2026-07-14 06:15:05  --- S6-US30 iter 29 @ 06:15:05 ---
2026-07-14 06:15:05    Niciun semnal nou. Pendinge: 0
2026-07-14 06:15:05    Urmatoarea bara 15min @ 06:30:05 — 900s
2026-07-14 06:30:05  --- S6-US30 iter 30 @ 06:30:05 ---
2026-07-14 06:30:05    Niciun semnal nou. Pendinge: 0
2026-07-14 06:30:05    Urmatoarea bara 15min @ 06:45:05 — 900s
2026-07-14 06:45:05  --- S6-US30 iter 31 @ 06:45:05 ---
2026-07-14 06:45:05    Niciun semnal nou. Pendinge: 0
2026-07-14 06:45:05    Urmatoarea bara 15min @ 07:00:05 — 900s
2026-07-14 07:00:05  --- S6-US30 iter 32 @ 07:00:05 ---
2026-07-14 07:00:05    Niciun semnal nou. Pendinge: 0
2026-07-14 07:00:05    Urmatoarea bara 15min @ 07:15:05 — 900s
2026-07-14 07:15:05  --- S6-US30 iter 33 @ 07:15:05 ---
2026-07-14 07:15:05    Niciun semnal nou. Pendinge: 0
2026-07-14 07:15:05    Urmatoarea bara 15min @ 07:30:05 — 900s
2026-07-14 07:30:05  --- S6-US30 iter 34 @ 07:30:05 ---
2026-07-14 07:30:05    Niciun semnal nou. Pendinge: 0
2026-07-14 07:30:05    Urmatoarea bara 15min @ 07:45:05 — 900s
2026-07-14 07:45:05  --- S6-US30 iter 35 @ 07:45:05 ---
2026-07-14 07:45:05    Niciun semnal nou. Pendinge: 0
2026-07-14 07:45:05    Urmatoarea bara 15min @ 08:00:05 — 900s
2026-07-14 08:00:05  --- S6-US30 iter 36 @ 08:00:05 ---
2026-07-14 08:00:05    Niciun semnal nou. Pendinge: 0
2026-07-14 08:00:05    Urmatoarea bara 15min @ 08:15:05 — 900s
2026-07-14 08:15:05  --- S6-US30 iter 37 @ 08:15:05 ---
2026-07-14 08:15:05    Niciun semnal nou. Pendinge: 0
2026-07-14 08:15:05    Urmatoarea bara 15min @ 08:30:05 — 900s
2026-07-14 08:30:05  --- S6-US30 iter 38 @ 08:30:05 ---
2026-07-14 08:30:05    Niciun semnal nou. Pendinge: 0
2026-07-14 08:30:05    Urmatoarea bara 15min @ 08:45:05 — 900s
2026-07-14 08:31:07    [PROFIL] Profil 'Standard Profile' aplicat pe session6.
2026-07-14 08:31:07  =================================================================
2026-07-14 08:31:07    S6-US30 — US30 M15+M30 BOTH pw=10 pullback | test +0.229R Score 2.71 | 15-22h
2026-07-14 08:31:07    Piete: ['US30']
2026-07-14 08:31:07    TF: M15 (trend M30) | PW=8 | BOTH
2026-07-14 08:31:07    Output: C:\Dev\trading-bot\data\live_signals\session6
2026-07-14 08:31:07  =================================================================
2026-07-14 08:31:07  MT5: 52906593 @ ICMarketsEU-Demo (DEMO)
2026-07-14 08:31:07    [ORPHAN] Nicio pozitie MT5 fara corespondent — state consistent cu MT5.
2026-07-14 08:31:07  Simboluri active: ['US30']
2026-07-14 08:31:07  Pornit. Ctrl+C pentru oprire.

2026-07-14 08:31:07  --- S6-US30 iter 1 @ 08:31:07 ---
2026-07-14 08:31:07    Niciun semnal nou. Pendinge: 0
2026-07-14 08:31:07    Urmatoarea bara 15min @ 08:45:05 — 837s
2026-07-14 08:45:05  --- S6-US30 iter 2 @ 08:45:05 ---
2026-07-14 08:45:05    Niciun semnal nou. Pendinge: 0
2026-07-14 08:45:05    Urmatoarea bara 15min @ 09:00:05 — 900s
2026-07-14 09:00:05  --- S6-US30 iter 3 @ 09:00:05 ---
2026-07-14 09:00:05    Niciun semnal nou. Pendinge: 0
2026-07-14 09:00:05    Urmatoarea bara 15min @ 09:15:05 — 900s
2026-07-14 09:15:05  --- S6-US30 iter 4 @ 09:15:05 ---
2026-07-14 09:15:05    Niciun semnal nou. Pendinge: 0
2026-07-14 09:15:05    Urmatoarea bara 15min @ 09:30:05 — 900s
2026-07-14 09:30:05  --- S6-US30 iter 5 @ 09:30:05 ---
2026-07-14 09:30:05    Niciun semnal nou. Pendinge: 0
2026-07-14 09:30:05    Urmatoarea bara 15min @ 09:45:05 — 900s
2026-07-14 09:45:05  --- S6-US30 iter 6 @ 09:45:05 ---
2026-07-14 09:45:05    Niciun semnal nou. Pendinge: 0
2026-07-14 09:45:05    Urmatoarea bara 15min @ 10:00:05 — 900s
2026-07-14 10:00:05  --- S6-US30 iter 7 @ 10:00:05 ---
2026-07-14 10:00:06    Niciun semnal nou. Pendinge: 0
2026-07-14 10:00:06    Urmatoarea bara 15min @ 10:15:05 — 898s
2026-07-14 10:15:05  --- S6-US30 iter 8 @ 10:15:05 ---
2026-07-14 10:15:05    Niciun semnal nou. Pendinge: 0
2026-07-14 10:15:05    Urmatoarea bara 15min @ 10:30:05 — 900s
2026-07-14 10:30:05  --- S6-US30 iter 9 @ 10:30:05 ---
2026-07-14 10:30:05    Niciun semnal nou. Pendinge: 0
2026-07-14 10:30:05    Urmatoarea bara 15min @ 10:45:05 — 900s
2026-07-14 10:45:05  --- S6-US30 iter 10 @ 10:45:05 ---
2026-07-14 10:45:05    Niciun semnal nou. Pendinge: 0
2026-07-14 10:45:05    Urmatoarea bara 15min @ 11:00:05 — 900s
2026-07-14 11:00:05  --- S6-US30 iter 11 @ 11:00:05 ---
2026-07-14 11:00:11    Niciun semnal nou. Pendinge: 0
2026-07-14 11:00:11    Urmatoarea bara 15min @ 11:15:05 — 894s
2026-07-14 11:15:05  --- S6-US30 iter 12 @ 11:15:05 ---
2026-07-14 11:15:05    Niciun semnal nou. Pendinge: 0
2026-07-14 11:15:30    Urmatoarea bara 15min @ 11:30:05 — 875s
2026-07-14 11:30:05  --- S6-US30 iter 13 @ 11:30:05 ---
2026-07-14 11:30:05    Niciun semnal nou. Pendinge: 0
2026-07-14 11:30:05    Urmatoarea bara 15min @ 11:45:05 — 900s
2026-07-14 11:45:05  --- S6-US30 iter 14 @ 11:45:05 ---
2026-07-14 11:45:05    Niciun semnal nou. Pendinge: 0
2026-07-14 11:45:05    Urmatoarea bara 15min @ 12:00:05 — 900s
2026-07-14 12:00:05  --- S6-US30 iter 15 @ 12:00:05 ---
2026-07-14 12:00:05    Niciun semnal nou. Pendinge: 0
2026-07-14 12:00:05    Urmatoarea bara 15min @ 12:15:05 — 899s
2026-07-14 12:15:05  --- S6-US30 iter 16 @ 12:15:05 ---
2026-07-14 12:15:05    Niciun semnal nou. Pendinge: 0
2026-07-14 12:15:05    Urmatoarea bara 15min @ 12:30:05 — 900s
2026-07-14 12:30:05  --- S6-US30 iter 17 @ 12:30:05 ---
2026-07-14 12:30:05    Niciun semnal nou. Pendinge: 0
2026-07-14 12:30:05    Urmatoarea bara 15min @ 12:45:05 — 900s
2026-07-14 12:45:05  --- S6-US30 iter 18 @ 12:45:05 ---
2026-07-14 12:45:05    Niciun semnal nou. Pendinge: 0
2026-07-14 12:45:05    Urmatoarea bara 15min @ 13:00:05 — 900s
2026-07-14 13:00:05  --- S6-US30 iter 19 @ 13:00:05 ---
2026-07-14 13:00:05    Niciun semnal nou. Pendinge: 0
2026-07-14 13:00:05    Urmatoarea bara 15min @ 13:15:05 — 899s
2026-07-14 13:15:05  --- S6-US30 iter 20 @ 13:15:05 ---
2026-07-14 13:15:05    Niciun semnal nou. Pendinge: 0
2026-07-14 13:15:05    Urmatoarea bara 15min @ 13:30:05 — 900s
2026-07-14 13:30:05  --- S6-US30 iter 21 @ 13:30:05 ---
2026-07-14 13:30:05    Niciun semnal nou. Pendinge: 0
2026-07-14 13:30:05    Urmatoarea bara 15min @ 13:45:05 — 900s
2026-07-14 13:45:05  --- S6-US30 iter 22 @ 13:45:05 ---
2026-07-14 13:45:05    Niciun semnal nou. Pendinge: 0
2026-07-14 13:45:05    Urmatoarea bara 15min @ 14:00:05 — 900s
2026-07-14 14:00:05  --- S6-US30 iter 23 @ 14:00:05 ---
2026-07-14 14:00:05    Niciun semnal nou. Pendinge: 0
2026-07-14 14:00:05    Urmatoarea bara 15min @ 14:15:05 — 900s
2026-07-14 14:15:05  --- S6-US30 iter 24 @ 14:15:05 ---
2026-07-14 14:15:05    Niciun semnal nou. Pendinge: 0
2026-07-14 14:15:05    Urmatoarea bara 15min @ 14:30:05 — 900s
2026-07-14 14:30:05  --- S6-US30 iter 25 @ 14:30:05 ---
2026-07-14 14:30:51    Niciun semnal nou. Pendinge: 0
2026-07-14 14:30:51    Urmatoarea bara 15min @ 14:45:05 — 853s
2026-07-14 14:39:14    [PROFIL] Profil 'Standard Profile' aplicat pe session6.
2026-07-14 14:39:14  =================================================================
2026-07-14 14:39:14    S6-US30 — US30 M15+M30 BOTH pw=10 pullback | test +0.229R Score 2.71 | 15-22h
2026-07-14 14:39:14    Piete: ['US30']
2026-07-14 14:39:14    TF: M15 (trend M30) | PW=8 | BOTH
2026-07-14 14:39:14    Output: C:\Dev\trading-bot\data\live_signals\session6
2026-07-14 14:39:14  =================================================================
2026-07-14 14:39:14  MT5: 52906593 @ ICMarketsEU-Demo (DEMO)
2026-07-14 14:39:14    [ORPHAN] Nicio pozitie MT5 fara corespondent — state consistent cu MT5.
2026-07-14 14:39:14  Simboluri active: ['US30']
2026-07-14 14:39:14  Pornit. Ctrl+C pentru oprire.

2026-07-14 14:39:14  --- S6-US30 iter 1 @ 14:39:14 ---
2026-07-14 14:39:15    Niciun semnal nou. Pendinge: 0
2026-07-14 14:39:15    Urmatoarea bara 15min @ 14:45:05 — 350s
2026-07-14 14:45:05  --- S6-US30 iter 2 @ 14:45:05 ---
2026-07-14 14:45:05    Niciun semnal nou. Pendinge: 0
2026-07-14 14:45:05    Urmatoarea bara 15min @ 15:00:05 — 900s
2026-07-14 15:00:05  --- S6-US30 iter 3 @ 15:00:05 ---
2026-07-14 15:00:05    Niciun semnal nou. Pendinge: 0
2026-07-14 15:00:05    Urmatoarea bara 15min @ 15:15:05 — 900s
2026-07-14 15:15:05  --- S6-US30 iter 4 @ 15:15:05 ---
2026-07-14 15:15:05    Niciun semnal nou. Pendinge: 0
2026-07-14 15:15:05    Urmatoarea bara 15min @ 15:30:05 — 900s
2026-07-14 15:30:05  --- S6-US30 iter 5 @ 15:30:05 ---
2026-07-14 15:30:05    [STIRI] Pauza automata — Core CPI m/m (USD, High, 1 min)
2026-07-14 15:30:05    [STIRI] Tranzitie → pauza: inchid ordine/pozitii active.
2026-07-14 15:30:05    [STIRI] Nicio pozitie/ordin activ — nimic de inchis.
2026-07-14 15:30:05    Niciun semnal nou. Pendinge: 0
2026-07-14 15:30:05    Urmatoarea bara 15min @ 15:45:05 — 900s
2026-07-14 15:45:05  --- S6-US30 iter 6 @ 15:45:05 ---
2026-07-14 15:45:05    [STIRI] Pauza automata — Core CPI m/m (USD, High, -14 min)
2026-07-14 15:45:05    Niciun semnal nou. Pendinge: 0
2026-07-14 15:45:05    Urmatoarea bara 15min @ 16:00:05 — 900s
2026-07-14 16:00:05  --- S6-US30 iter 7 @ 16:00:05 ---
2026-07-14 16:00:05    Niciun semnal nou. Pendinge: 0
2026-07-14 16:00:05    Urmatoarea bara 15min @ 16:15:05 — 900s
2026-07-14 16:15:05  --- S6-US30 iter 8 @ 16:15:05 ---
2026-07-14 16:15:06    Niciun semnal nou. Pendinge: 0
2026-07-14 16:15:06    Urmatoarea bara 15min @ 16:30:05 — 898s
2026-07-14 16:30:05  --- S6-US30 iter 9 @ 16:30:05 ---
2026-07-14 16:30:05    Niciun semnal nou. Pendinge: 0
2026-07-14 16:30:05    Urmatoarea bara 15min @ 16:45:05 — 900s
2026-07-14 16:45:05  --- S6-US30 iter 10 @ 16:45:05 ---
2026-07-14 16:45:05    Niciun semnal nou. Pendinge: 0
2026-07-14 16:45:05    Urmatoarea bara 15min @ 17:00:05 — 900s
2026-07-14 17:00:05  --- S6-US30 iter 11 @ 17:00:05 ---
2026-07-14 17:00:05    [STIRI] Pauza automata — Fed Chairman Warsh Testifies (USD, High, 1 min)
2026-07-14 17:00:05    [STIRI] Tranzitie → pauza: inchid ordine/pozitii active.
2026-07-14 17:00:05    [STIRI] Nicio pozitie/ordin activ — nimic de inchis.
2026-07-14 17:00:05    Niciun semnal nou. Pendinge: 0
2026-07-14 17:00:05    Urmatoarea bara 15min @ 17:15:05 — 899s
2026-07-14 17:15:05  --- S6-US30 iter 12 @ 17:15:05 ---
2026-07-14 17:15:05    [STIRI] Pauza automata — Fed Chairman Warsh Testifies (USD, High, -14 min)
2026-07-14 17:15:05    Niciun semnal nou. Pendinge: 0
2026-07-14 17:15:05    Urmatoarea bara 15min @ 17:30:05 — 900s
2026-07-14 17:30:05  --- S6-US30 iter 13 @ 17:30:05 ---
2026-07-14 17:30:05    *** SEMNAL [INSIDE_BAR]: S6-US30-IB0007 US30 LONG entry=52656.10000 sl=52500.30000 tp=52967.70000 (2.0R) RSI=65
2026-07-14 17:30:05    Urmatoarea bara 15min @ 17:45:05 — 900s
2026-07-14 17:45:05  --- S6-US30 iter 14 @ 17:45:05 ---
2026-07-14 17:45:05    TRIGGERAT: S6-US30-IB0007 US30 LONG @ 52656.10000
2026-07-14 17:45:05    Niciun semnal nou. Pendinge: 1
2026-07-14 17:45:05    Urmatoarea bara 15min @ 18:00:05 — 900s
2026-07-14 18:00:05  --- S6-US30 iter 15 @ 18:00:05 ---
2026-07-14 18:00:05    PIERDERE: S6-US30-IB0007 SL -1.0R
2026-07-14 18:00:05    Niciun semnal nou. Pendinge: 0
2026-07-14 18:00:05    Urmatoarea bara 15min @ 18:15:05 — 899s
2026-07-14 18:15:05  --- S6-US30 iter 16 @ 18:15:05 ---
2026-07-14 18:15:05    Niciun semnal nou. Pendinge: 0
2026-07-14 18:15:05    Urmatoarea bara 15min @ 18:30:05 — 900s
2026-07-14 18:30:05  --- S6-US30 iter 17 @ 18:30:05 ---
2026-07-14 18:30:05    Niciun semnal nou. Pendinge: 0
2026-07-14 18:30:05    Urmatoarea bara 15min @ 18:45:05 — 900s
2026-07-14 18:45:05  --- S6-US30 iter 18 @ 18:45:05 ---
2026-07-14 18:45:05    Niciun semnal nou. Pendinge: 0
2026-07-14 18:45:05    Urmatoarea bara 15min @ 19:00:05 — 900s
2026-07-14 18:45:58    [PROFIL] Profil 'Standard Profile' aplicat pe session6.
2026-07-14 18:45:58  =================================================================
2026-07-14 18:45:58    S6-US30 — US30 M15+M30 BOTH pw=10 pullback | test +0.229R Score 2.71 | 15-22h
2026-07-14 18:45:58    Piete: ['US30']
2026-07-14 18:45:58    TF: M15 (trend M30) | PW=8 | BOTH
2026-07-14 18:45:58    Output: C:\Dev\trading-bot\data\live_signals\session6
2026-07-14 18:45:58  =================================================================
2026-07-14 18:45:58  MT5: 52906593 @ ICMarketsEU-Demo (DEMO)
2026-07-14 18:45:58    [MIGRATE] Cheie goala stearsa din pending: 'US30'
2026-07-14 18:45:59    [MIGRATE] Migrare pending: 0 semnale migrate, 1 chei goale sterse.
2026-07-14 18:45:59    [ORPHAN] Nicio pozitie MT5 fara corespondent — state consistent cu MT5.
2026-07-14 18:45:59  Simboluri active: ['US30']
2026-07-14 18:45:59  Pornit. Ctrl+C pentru oprire.

2026-07-14 18:45:59  --- S6-US30 iter 1 @ 18:45:59 ---
2026-07-14 18:45:59    Niciun semnal nou. Pendinge: 0
2026-07-14 18:45:59    Urmatoarea bara 15min @ 19:00:05 — 846s
2026-07-14 19:00:05  --- S6-US30 iter 2 @ 19:00:05 ---
2026-07-14 19:00:05    Niciun semnal nou. Pendinge: 0
2026-07-14 19:00:13    Urmatoarea bara 15min @ 19:15:05 — 891s
2026-07-14 19:15:05  --- S6-US30 iter 3 @ 19:15:05 ---
2026-07-14 19:15:05    Niciun semnal nou. Pendinge: 0
2026-07-14 19:15:05    Urmatoarea bara 15min @ 19:30:05 — 900s
2026-07-14 19:30:05  --- S6-US30 iter 4 @ 19:30:05 ---
2026-07-14 19:30:05    Niciun semnal nou. Pendinge: 0
2026-07-14 19:30:05    Urmatoarea bara 15min @ 19:45:05 — 900s
2026-07-14 19:45:05  --- S6-US30 iter 5 @ 19:45:05 ---
2026-07-14 19:45:05    Niciun semnal nou. Pendinge: 0
2026-07-14 19:45:05    Urmatoarea bara 15min @ 20:00:05 — 900s
2026-07-14 20:00:05  --- S6-US30 iter 6 @ 20:00:05 ---
2026-07-14 20:00:05    US30: eroare M15 — Simbolul 'US30' nu este disponibil in MT5: (-10001, 'IPC send failed')
2026-07-14 20:00:05    Niciun semnal nou. Pendinge: 0
2026-07-14 20:00:05  [MT5-HEALTH] terminal_info() = None — IPC pierdut
2026-07-14 20:00:05    Urmatoarea bara 15min @ 20:15:05 — 900s
2026-07-14 20:15:05  --- S6-US30 iter 7 @ 20:15:05 ---
2026-07-14 20:15:05    US30: eroare M15 — Simbolul 'US30' nu este disponibil in MT5: (-10001, 'IPC send failed')
2026-07-14 20:15:05    Niciun semnal nou. Pendinge: 0
2026-07-14 20:15:05  [MT5-HEALTH] terminal_info() = None — IPC pierdut
2026-07-14 20:15:05    Urmatoarea bara 15min @ 20:30:05 — 900s
2026-07-14 20:30:05  --- S6-US30 iter 8 @ 20:30:05 ---
2026-07-14 20:30:05    US30: eroare M15 — Simbolul 'US30' nu este disponibil in MT5: (-10001, 'IPC send failed')
2026-07-14 20:30:05    Niciun semnal nou. Pendinge: 0
2026-07-14 20:30:05  [MT5-HEALTH] terminal_info() = None — IPC pierdut
2026-07-14 20:30:05    Urmatoarea bara 15min @ 20:45:05 — 900s
2026-07-14 20:44:32    [PROFIL] Profil 'Standard Profile' aplicat pe session6.
2026-07-14 20:44:32  =================================================================
2026-07-14 20:44:32    S6-US30 — US30 M15+M30 BOTH pw=10 pullback | test +0.229R Score 2.71 | 15-22h
2026-07-14 20:44:32    Piete: ['US30']
2026-07-14 20:44:32    TF: M15 (trend M30) | PW=8 | BOTH
2026-07-14 20:44:32    Output: C:\Dev\trading-bot\data\live_signals\session6
2026-07-14 20:44:32  =================================================================
2026-07-14 20:44:32  MT5: 52906593 @ ICMarketsEU-Demo (DEMO)
2026-07-14 20:44:32    [ORPHAN] Nicio pozitie MT5 fara corespondent — state consistent cu MT5.
2026-07-14 20:44:32  Simboluri active: ['US30']
2026-07-14 20:44:32  Pornit. Ctrl+C pentru oprire.

2026-07-14 20:44:32  --- S6-US30 iter 1 @ 20:44:32 ---
2026-07-14 20:44:32    Niciun semnal nou. Pendinge: 0
2026-07-14 20:44:32    Urmatoarea bara 15min @ 20:45:05 — 32s
2026-07-14 20:45:05  --- S6-US30 iter 2 @ 20:45:05 ---
2026-07-14 20:45:06    Niciun semnal nou. Pendinge: 0
2026-07-14 20:45:06    Urmatoarea bara 15min @ 21:00:05 — 899s
2026-07-14 21:00:05  --- S6-US30 iter 3 @ 21:00:05 ---
2026-07-14 21:00:05    Niciun semnal nou. Pendinge: 0
2026-07-14 21:00:05    Urmatoarea bara 15min @ 21:15:05 — 900s
2026-07-14 21:15:05  --- S6-US30 iter 4 @ 21:15:05 ---
2026-07-14 21:15:05    Niciun semnal nou. Pendinge: 0
2026-07-14 21:15:05    Urmatoarea bara 15min @ 21:30:05 — 900s
2026-07-14 21:30:05  --- S6-US30 iter 5 @ 21:30:05 ---
2026-07-14 21:30:05    Niciun semnal nou. Pendinge: 0
2026-07-14 21:30:05    Urmatoarea bara 15min @ 21:45:05 — 900s
2026-07-14 21:45:05  --- S6-US30 iter 6 @ 21:45:05 ---
2026-07-14 21:45:05    Niciun semnal nou. Pendinge: 0
2026-07-14 21:45:05    Urmatoarea bara 15min @ 22:00:05 — 900s
2026-07-14 22:00:05  --- S6-US30 iter 7 @ 22:00:05 ---
2026-07-14 22:00:05    Niciun semnal nou. Pendinge: 0
2026-07-14 22:00:05    Urmatoarea bara 15min @ 22:15:05 — 900s
2026-07-14 22:15:05  --- S6-US30 iter 8 @ 22:15:05 ---
2026-07-14 22:15:05    Niciun semnal nou. Pendinge: 0
2026-07-14 22:15:05    Urmatoarea bara 15min @ 22:30:05 — 900s
2026-07-14 22:30:05  --- S6-US30 iter 9 @ 22:30:05 ---
2026-07-14 22:30:05    Niciun semnal nou. Pendinge: 0
2026-07-14 22:30:05    Urmatoarea bara 15min @ 22:45:05 — 900s
2026-07-14 22:45:05  --- S6-US30 iter 10 @ 22:45:05 ---
2026-07-14 22:45:05    Niciun semnal nou. Pendinge: 0
2026-07-14 22:45:05    Urmatoarea bara 15min @ 23:00:05 — 900s
2026-07-14 23:00:05  --- S6-US30 iter 11 @ 23:00:05 ---
2026-07-14 23:00:05    Niciun semnal nou. Pendinge: 0
2026-07-14 23:00:05    Urmatoarea bara 15min @ 23:15:05 — 900s
2026-07-14 23:15:05  --- S6-US30 iter 12 @ 23:15:05 ---
2026-07-14 23:15:05    Niciun semnal nou. Pendinge: 0
2026-07-14 23:15:05    Urmatoarea bara 15min @ 23:30:05 — 900s
2026-07-14 23:30:05  --- S6-US30 iter 13 @ 23:30:05 ---
2026-07-14 23:30:05    Niciun semnal nou. Pendinge: 0
2026-07-14 23:30:05    Urmatoarea bara 15min @ 23:45:05 — 900s
2026-07-14 23:45:05  --- S6-US30 iter 14 @ 23:45:05 ---
2026-07-14 23:45:05    Niciun semnal nou. Pendinge: 0
2026-07-14 23:45:05    Urmatoarea bara 15min @ 00:00:05 — 900s
2026-07-15 00:00:05  --- S6-US30 iter 15 @ 00:00:05 ---
2026-07-15 00:00:05    Niciun semnal nou. Pendinge: 0
2026-07-15 00:00:05    Urmatoarea bara 15min @ 00:15:05 — 899s
2026-07-15 00:15:05  --- S6-US30 iter 16 @ 00:15:05 ---
2026-07-15 00:15:05    US30: eroare M15 — Simbolul 'US30' nu este disponibil in MT5: (-10001, 'IPC send failed')
2026-07-15 00:15:05    Niciun semnal nou. Pendinge: 0
2026-07-15 00:15:05  [MT5-HEALTH] terminal_info() = None — IPC pierdut
2026-07-15 00:15:05    Urmatoarea bara 15min @ 00:30:05 — 900s
2026-07-15 00:30:05  --- S6-US30 iter 17 @ 00:30:05 ---
2026-07-15 00:30:05    US30: eroare M15 — Simbolul 'US30' nu este disponibil in MT5: (-10001, 'IPC send failed')
2026-07-15 00:30:05    Niciun semnal nou. Pendinge: 0
2026-07-15 00:30:05  [MT5-HEALTH] terminal_info() = None — IPC pierdut
2026-07-15 00:30:05    Urmatoarea bara 15min @ 00:45:05 — 900s
2026-07-15 00:45:05  --- S6-US30 iter 18 @ 00:45:05 ---
2026-07-15 00:45:05    US30: eroare M15 — Simbolul 'US30' nu este disponibil in MT5: (-10001, 'IPC send failed')
2026-07-15 00:45:05    Niciun semnal nou. Pendinge: 0
2026-07-15 00:45:05  [MT5-HEALTH] terminal_info() = None — IPC pierdut
2026-07-15 00:45:05    Urmatoarea bara 15min @ 01:00:05 — 900s
2026-07-15 01:00:05  --- S6-US30 iter 19 @ 01:00:05 ---
2026-07-15 01:00:05    US30: eroare M15 — Simbolul 'US30' nu este disponibil in MT5: (-10001, 'IPC send failed')
2026-07-15 01:00:05    Niciun semnal nou. Pendinge: 0
2026-07-15 01:00:05  [MT5-HEALTH] terminal_info() = None — IPC pierdut
2026-07-15 01:00:05    Urmatoarea bara 15min @ 01:15:05 — 900s
2026-07-15 01:15:05  --- S6-US30 iter 20 @ 01:15:05 ---
2026-07-15 01:15:05    US30: eroare M15 — Simbolul 'US30' nu este disponibil in MT5: (-10001, 'IPC send failed')
2026-07-15 01:15:05    Niciun semnal nou. Pendinge: 0
2026-07-15 01:15:05  [MT5-HEALTH] terminal_info() = None — IPC pierdut
2026-07-15 01:15:05    Urmatoarea bara 15min @ 01:30:05 — 900s
2026-07-15 01:30:05  --- S6-US30 iter 21 @ 01:30:05 ---
2026-07-15 01:30:05    US30: eroare M15 — Simbolul 'US30' nu este disponibil in MT5: (-10001, 'IPC send failed')
2026-07-15 01:30:05    Niciun semnal nou. Pendinge: 0
2026-07-15 01:30:05  [MT5-HEALTH] terminal_info() = None — IPC pierdut
2026-07-15 01:30:05    Urmatoarea bara 15min @ 01:45:05 — 900s
2026-07-15 01:45:05  --- S6-US30 iter 22 @ 01:45:05 ---
2026-07-15 01:45:05    US30: eroare M15 — Simbolul 'US30' nu este disponibil in MT5: (-10001, 'IPC send failed')
2026-07-15 01:45:05    Niciun semnal nou. Pendinge: 0
2026-07-15 01:45:05  [MT5-HEALTH] terminal_info() = None — IPC pierdut
2026-07-15 01:45:05    Urmatoarea bara 15min @ 02:00:05 — 900s
2026-07-15 02:00:05  --- S6-US30 iter 23 @ 02:00:05 ---
2026-07-15 02:00:05    US30: eroare M15 — Simbolul 'US30' nu este disponibil in MT5: (-10001, 'IPC send failed')
2026-07-15 02:00:05    Niciun semnal nou. Pendinge: 0
2026-07-15 02:00:05  [MT5-HEALTH] terminal_info() = None — IPC pierdut
2026-07-15 02:00:05    Urmatoarea bara 15min @ 02:15:05 — 900s
2026-07-15 02:15:05  --- S6-US30 iter 24 @ 02:15:05 ---
2026-07-15 02:15:05    US30: eroare M15 — Simbolul 'US30' nu este disponibil in MT5: (-10001, 'IPC send failed')
2026-07-15 02:15:05    Niciun semnal nou. Pendinge: 0
2026-07-15 02:15:05  [MT5-HEALTH] terminal_info() = None — IPC pierdut
2026-07-15 02:15:05    Urmatoarea bara 15min @ 02:30:05 — 900s
2026-07-15 02:30:05  --- S6-US30 iter 25 @ 02:30:05 ---
2026-07-15 02:30:05    US30: eroare M15 — Simbolul 'US30' nu este disponibil in MT5: (-10001, 'IPC send failed')
2026-07-15 02:30:05    Niciun semnal nou. Pendinge: 0
2026-07-15 02:30:05  [MT5-HEALTH] terminal_info() = None — IPC pierdut
2026-07-15 02:30:05    Urmatoarea bara 15min @ 02:45:05 — 900s
2026-07-15 02:45:05  --- S6-US30 iter 26 @ 02:45:05 ---
2026-07-15 02:45:05    US30: eroare M15 — Simbolul 'US30' nu este disponibil in MT5: (-10001, 'IPC send failed')
2026-07-15 02:45:05    Niciun semnal nou. Pendinge: 0
2026-07-15 02:45:05  [MT5-HEALTH] terminal_info() = None — IPC pierdut
2026-07-15 02:45:05    Urmatoarea bara 15min @ 03:00:05 — 900s
2026-07-15 03:00:05  --- S6-US30 iter 27 @ 03:00:05 ---
2026-07-15 03:00:05    US30: eroare M15 — Simbolul 'US30' nu este disponibil in MT5: (-10001, 'IPC send failed')
2026-07-15 03:00:05    Niciun semnal nou. Pendinge: 0
2026-07-15 03:00:05  [MT5-HEALTH] terminal_info() = None — IPC pierdut
2026-07-15 03:00:05    Urmatoarea bara 15min @ 03:15:05 — 900s
2026-07-15 03:15:05  --- S6-US30 iter 28 @ 03:15:05 ---
2026-07-15 03:15:05    US30: eroare M15 — Simbolul 'US30' nu este disponibil in MT5: (-10001, 'IPC send failed')
2026-07-15 03:15:05    Niciun semnal nou. Pendinge: 0
2026-07-15 03:15:05  [MT5-HEALTH] terminal_info() = None — IPC pierdut
2026-07-15 03:15:05    Urmatoarea bara 15min @ 03:30:05 — 900s
2026-07-15 03:30:05  --- S6-US30 iter 29 @ 03:30:05 ---
2026-07-15 03:30:05    US30: eroare M15 — Simbolul 'US30' nu este disponibil in MT5: (-10001, 'IPC send failed')
2026-07-15 03:30:05    Niciun semnal nou. Pendinge: 0
2026-07-15 03:30:05  [MT5-HEALTH] terminal_info() = None — IPC pierdut
2026-07-15 03:30:05    Urmatoarea bara 15min @ 03:45:05 — 900s
2026-07-15 03:45:05  --- S6-US30 iter 30 @ 03:45:05 ---
2026-07-15 03:45:05    US30: eroare M15 — Simbolul 'US30' nu este disponibil in MT5: (-10001, 'IPC send failed')
2026-07-15 03:45:05    Niciun semnal nou. Pendinge: 0
2026-07-15 03:45:05  [MT5-HEALTH] terminal_info() = None — IPC pierdut
2026-07-15 03:45:05    Urmatoarea bara 15min @ 04:00:05 — 900s
2026-07-15 04:00:05  --- S6-US30 iter 31 @ 04:00:05 ---
2026-07-15 04:00:05    US30: eroare M15 — Simbolul 'US30' nu este disponibil in MT5: (-10001, 'IPC send failed')
2026-07-15 04:00:05    Niciun semnal nou. Pendinge: 0
2026-07-15 04:00:05  [MT5-HEALTH] terminal_info() = None — IPC pierdut
2026-07-15 04:00:05    Urmatoarea bara 15min @ 04:15:05 — 900s
2026-07-15 04:15:05  --- S6-US30 iter 32 @ 04:15:05 ---
2026-07-15 04:15:05    US30: eroare M15 — Simbolul 'US30' nu este disponibil in MT5: (-10001, 'IPC send failed')
2026-07-15 04:15:05    Niciun semnal nou. Pendinge: 0
2026-07-15 04:15:05  [MT5-HEALTH] terminal_info() = None — IPC pierdut
2026-07-15 04:15:05    Urmatoarea bara 15min @ 04:30:05 — 900s
2026-07-15 04:30:05  --- S6-US30 iter 33 @ 04:30:05 ---
2026-07-15 04:30:05    US30: eroare M15 — Simbolul 'US30' nu este disponibil in MT5: (-10001, 'IPC send failed')
2026-07-15 04:30:05    Niciun semnal nou. Pendinge: 0
2026-07-15 04:30:05  [MT5-HEALTH] terminal_info() = None — IPC pierdut
2026-07-15 04:30:05    Urmatoarea bara 15min @ 04:45:05 — 900s
2026-07-15 04:45:05  --- S6-US30 iter 34 @ 04:45:05 ---
2026-07-15 04:45:05    US30: eroare M15 — Simbolul 'US30' nu este disponibil in MT5: (-10001, 'IPC send failed')
2026-07-15 04:45:05    Niciun semnal nou. Pendinge: 0
2026-07-15 04:45:05  [MT5-HEALTH] terminal_info() = None — IPC pierdut
2026-07-15 04:45:05    Urmatoarea bara 15min @ 05:00:05 — 900s
2026-07-15 05:00:05  --- S6-US30 iter 35 @ 05:00:05 ---
2026-07-15 05:00:05    US30: eroare M15 — Simbolul 'US30' nu este disponibil in MT5: (-10001, 'IPC send failed')
2026-07-15 05:00:05    Niciun semnal nou. Pendinge: 0
2026-07-15 05:00:05  [MT5-HEALTH] terminal_info() = None — IPC pierdut
2026-07-15 05:00:05    Urmatoarea bara 15min @ 05:15:05 — 900s
2026-07-15 05:15:05  --- S6-US30 iter 36 @ 05:15:05 ---
2026-07-15 05:15:05    US30: eroare M15 — Simbolul 'US30' nu este disponibil in MT5: (-10001, 'IPC send failed')
2026-07-15 05:15:05    Niciun semnal nou. Pendinge: 0
2026-07-15 05:15:05  [MT5-HEALTH] terminal_info() = None — IPC pierdut
2026-07-15 05:15:05    Urmatoarea bara 15min @ 05:30:05 — 900s
2026-07-15 05:30:05  --- S6-US30 iter 37 @ 05:30:05 ---
2026-07-15 05:30:05    US30: eroare M15 — Simbolul 'US30' nu este disponibil in MT5: (-10001, 'IPC send failed')
2026-07-15 05:30:05    Niciun semnal nou. Pendinge: 0
2026-07-15 05:30:05  [MT5-HEALTH] terminal_info() = None — IPC pierdut
2026-07-15 05:30:05    Urmatoarea bara 15min @ 05:45:05 — 900s
2026-07-15 05:45:05  --- S6-US30 iter 38 @ 05:45:05 ---
2026-07-15 05:45:05    US30: eroare M15 — Simbolul 'US30' nu este disponibil in MT5: (-10001, 'IPC send failed')
2026-07-15 05:45:05    Niciun semnal nou. Pendinge: 0
2026-07-15 05:45:05  [MT5-HEALTH] terminal_info() = None — IPC pierdut
2026-07-15 05:45:05    Urmatoarea bara 15min @ 06:00:05 — 900s
2026-07-15 06:00:05  --- S6-US30 iter 39 @ 06:00:05 ---
2026-07-15 06:00:05    US30: eroare M15 — Simbolul 'US30' nu este disponibil in MT5: (-10001, 'IPC send failed')
2026-07-15 06:00:05    Niciun semnal nou. Pendinge: 0
2026-07-15 06:00:05  [MT5-HEALTH] terminal_info() = None — IPC pierdut
2026-07-15 06:00:05    Urmatoarea bara 15min @ 06:15:05 — 900s
2026-07-15 06:15:05  --- S6-US30 iter 40 @ 06:15:05 ---
2026-07-15 06:15:05    US30: eroare M15 — Simbolul 'US30' nu este disponibil in MT5: (-10001, 'IPC send failed')
2026-07-15 06:15:05    Niciun semnal nou. Pendinge: 0
2026-07-15 06:15:05  [MT5-HEALTH] terminal_info() = None — IPC pierdut
2026-07-15 06:15:05    Urmatoarea bara 15min @ 06:30:05 — 900s
2026-07-15 06:30:05  --- S6-US30 iter 41 @ 06:30:05 ---
2026-07-15 06:30:05    US30: eroare M15 — Simbolul 'US30' nu este disponibil in MT5: (-10001, 'IPC send failed')
2026-07-15 06:30:05    Niciun semnal nou. Pendinge: 0
2026-07-15 06:30:05  [MT5-HEALTH] terminal_info() = None — IPC pierdut
2026-07-15 06:30:05    Urmatoarea bara 15min @ 06:45:05 — 900s
2026-07-15 06:45:05  --- S6-US30 iter 42 @ 06:45:05 ---
2026-07-15 06:45:05    US30: eroare M15 — Simbolul 'US30' nu este disponibil in MT5: (-10001, 'IPC send failed')
2026-07-15 06:45:05    Niciun semnal nou. Pendinge: 0
2026-07-15 06:45:05  [MT5-HEALTH] terminal_info() = None — IPC pierdut
2026-07-15 06:45:05    Urmatoarea bara 15min @ 07:00:05 — 900s
2026-07-15 07:00:05  --- S6-US30 iter 43 @ 07:00:05 ---
2026-07-15 07:00:05    US30: eroare M15 — Simbolul 'US30' nu este disponibil in MT5: (-10001, 'IPC send failed')
2026-07-15 07:00:05    Niciun semnal nou. Pendinge: 0
2026-07-15 07:00:05  [MT5-HEALTH] terminal_info() = None — IPC pierdut
2026-07-15 07:00:05    Urmatoarea bara 15min @ 07:15:05 — 900s
2026-07-15 07:15:05  --- S6-US30 iter 44 @ 07:15:05 ---
2026-07-15 07:15:05    US30: eroare M15 — Simbolul 'US30' nu este disponibil in MT5: (-10001, 'IPC send failed')
2026-07-15 07:15:05    Niciun semnal nou. Pendinge: 0
2026-07-15 07:15:05  [MT5-HEALTH] terminal_info() = None — IPC pierdut
2026-07-15 07:15:05    Urmatoarea bara 15min @ 07:30:05 — 900s
2026-07-15 07:30:05  --- S6-US30 iter 45 @ 07:30:05 ---
2026-07-15 07:30:05    US30: eroare M15 — Simbolul 'US30' nu este disponibil in MT5: (-10001, 'IPC send failed')
2026-07-15 07:30:05    Niciun semnal nou. Pendinge: 0
2026-07-15 07:30:05  [MT5-HEALTH] terminal_info() = None — IPC pierdut
2026-07-15 07:30:05    Urmatoarea bara 15min @ 07:45:05 — 900s
2026-07-15 07:45:05  --- S6-US30 iter 46 @ 07:45:05 ---
2026-07-15 07:45:05    US30: eroare M15 — Simbolul 'US30' nu este disponibil in MT5: (-10001, 'IPC send failed')
2026-07-15 07:45:05    Niciun semnal nou. Pendinge: 0
2026-07-15 07:45:05  [MT5-HEALTH] terminal_info() = None — IPC pierdut
2026-07-15 07:45:05    Urmatoarea bara 15min @ 08:00:05 — 900s
2026-07-15 08:00:05  --- S6-US30 iter 47 @ 08:00:05 ---
2026-07-15 08:00:05    US30: eroare M15 — Simbolul 'US30' nu este disponibil in MT5: (-10001, 'IPC send failed')
2026-07-15 08:00:05    Niciun semnal nou. Pendinge: 0
2026-07-15 08:00:05  [MT5-HEALTH] terminal_info() = None — IPC pierdut
2026-07-15 08:00:05    Urmatoarea bara 15min @ 08:15:05 — 900s
2026-07-15 08:15:05  --- S6-US30 iter 48 @ 08:15:05 ---
2026-07-15 08:15:05    US30: eroare M15 — Simbolul 'US30' nu este disponibil in MT5: (-10001, 'IPC send failed')
2026-07-15 08:15:05    Niciun semnal nou. Pendinge: 0
2026-07-15 08:15:05  [MT5-HEALTH] terminal_info() = None — IPC pierdut
2026-07-15 08:15:05    Urmatoarea bara 15min @ 08:30:05 — 900s
2026-07-15 08:30:05  --- S6-US30 iter 49 @ 08:30:05 ---
2026-07-15 08:30:05    US30: eroare M15 — Simbolul 'US30' nu este disponibil in MT5: (-10001, 'IPC send failed')
2026-07-15 08:30:05    Niciun semnal nou. Pendinge: 0
2026-07-15 08:30:05  [MT5-HEALTH] terminal_info() = None — IPC pierdut
2026-07-15 08:30:05    Urmatoarea bara 15min @ 08:45:05 — 900s
2026-07-15 08:45:05  --- S6-US30 iter 50 @ 08:45:05 ---
2026-07-15 08:45:05    US30: eroare M15 — Simbolul 'US30' nu este disponibil in MT5: (-10001, 'IPC send failed')
2026-07-15 08:45:05    Niciun semnal nou. Pendinge: 0
2026-07-15 08:45:05  [MT5-HEALTH] terminal_info() = None — IPC pierdut
2026-07-15 08:45:05    Urmatoarea bara 15min @ 09:00:05 — 900s
2026-07-15 09:21:09    [PROFIL] Profil 'Standard Profile' aplicat pe session6.
2026-07-15 09:21:09  =================================================================
2026-07-15 09:21:09    S6-US30 — US30 M15+M30 BOTH pw=10 pullback | test +0.229R Score 2.71 | 15-22h
2026-07-15 09:21:09    Piete: ['US30']
2026-07-15 09:21:09    TF: M15 (trend M30) | PW=8 | BOTH
2026-07-15 09:21:09    Output: C:\Dev\trading-bot\data\live_signals\session6
2026-07-15 09:21:09  =================================================================
2026-07-15 09:21:10  MT5: 52906593 @ ICMarketsEU-Demo (DEMO)
2026-07-15 09:21:10    [ORPHAN] Nicio pozitie MT5 fara corespondent — state consistent cu MT5.
2026-07-15 09:21:10  Simboluri active: ['US30']
2026-07-15 09:21:10  Pornit. Ctrl+C pentru oprire.

2026-07-15 09:21:10  --- S6-US30 iter 1 @ 09:21:10 ---
2026-07-15 09:21:10    Niciun semnal nou. Pendinge: 0
2026-07-15 09:21:10    Urmatoarea bara 15min @ 09:30:05 — 534s
2026-07-15 09:21:55    [PROFIL] Profil 'Standard Profile' aplicat pe session6.
2026-07-15 09:21:55  =================================================================
2026-07-15 09:21:55    S6-US30 — US30 M15+M30 BOTH pw=10 pullback | test +0.229R Score 2.71 | 15-22h
2026-07-15 09:21:55    Piete: ['US30']
2026-07-15 09:21:55    TF: M15 (trend M30) | PW=8 | BOTH
2026-07-15 09:21:55    Output: C:\Dev\trading-bot\data\live_signals\session6
2026-07-15 09:21:55  =================================================================
2026-07-15 09:21:55  MT5: 52906593 @ ICMarketsEU-Demo (DEMO)
2026-07-15 09:21:55    [ORPHAN] Nicio pozitie MT5 fara corespondent — state consistent cu MT5.
2026-07-15 09:21:55  Simboluri active: ['US30']
2026-07-15 09:21:55  Pornit. Ctrl+C pentru oprire.

2026-07-15 09:21:55  --- S6-US30 iter 1 @ 09:21:55 ---
2026-07-15 09:21:56    Niciun semnal nou. Pendinge: 0
2026-07-15 09:21:56    Urmatoarea bara 15min @ 09:30:05 — 489s
2026-07-15 09:30:05  --- S6-US30 iter 2 @ 09:30:05 ---
2026-07-15 09:30:05    Niciun semnal nou. Pendinge: 0
2026-07-15 09:30:05    Urmatoarea bara 15min @ 09:45:05 — 900s
2026-07-15 09:45:04  --- S6-US30 iter 3 @ 09:45:04 ---
2026-07-15 09:45:05    Niciun semnal nou. Pendinge: 0
2026-07-15 09:45:05    Urmatoarea bara 15min @ 10:00:05 — 900s
2026-07-15 10:00:04  --- S6-US30 iter 4 @ 10:00:04 ---
2026-07-15 10:00:05    Niciun semnal nou. Pendinge: 0
2026-07-15 10:00:05    Urmatoarea bara 15min @ 10:15:05 — 900s
2026-07-15 10:15:04  --- S6-US30 iter 5 @ 10:15:04 ---
2026-07-15 10:15:05    Niciun semnal nou. Pendinge: 0
2026-07-15 10:15:05    Urmatoarea bara 15min @ 10:30:05 — 900s
2026-07-15 10:30:04  --- S6-US30 iter 6 @ 10:30:04 ---
2026-07-15 10:30:05    Niciun semnal nou. Pendinge: 0
2026-07-15 10:30:05    Urmatoarea bara 15min @ 10:45:05 — 900s
2026-07-15 10:45:04  --- S6-US30 iter 7 @ 10:45:04 ---
2026-07-15 10:45:05    Niciun semnal nou. Pendinge: 0
2026-07-15 10:45:05    Urmatoarea bara 15min @ 11:00:05 — 900s
2026-07-15 11:00:04  --- S6-US30 iter 8 @ 11:00:04 ---
2026-07-15 11:00:05    Niciun semnal nou. Pendinge: 0
2026-07-15 11:00:05    Urmatoarea bara 15min @ 11:15:05 — 900s
2026-07-15 11:15:04  --- S6-US30 iter 9 @ 11:15:04 ---
2026-07-15 11:15:05    Niciun semnal nou. Pendinge: 0
2026-07-15 11:15:05    Urmatoarea bara 15min @ 11:30:05 — 900s
2026-07-15 11:30:04  --- S6-US30 iter 10 @ 11:30:04 ---
2026-07-15 11:30:05    Niciun semnal nou. Pendinge: 0
2026-07-15 11:30:05    Urmatoarea bara 15min @ 11:45:05 — 900s
2026-07-15 11:45:04  --- S6-US30 iter 11 @ 11:45:04 ---
2026-07-15 11:45:05    Niciun semnal nou. Pendinge: 0
2026-07-15 11:45:05    Urmatoarea bara 15min @ 12:00:05 — 900s
2026-07-15 12:00:04  --- S6-US30 iter 12 @ 12:00:04 ---
2026-07-15 12:00:05    Niciun semnal nou. Pendinge: 0
2026-07-15 12:00:05    Urmatoarea bara 15min @ 12:15:05 — 900s
2026-07-15 12:15:05  --- S6-US30 iter 13 @ 12:15:04 ---
2026-07-15 12:15:05    Niciun semnal nou. Pendinge: 0
2026-07-15 12:15:05    Urmatoarea bara 15min @ 12:30:05 — 900s
2026-07-15 12:30:05  --- S6-US30 iter 14 @ 12:30:04 ---
2026-07-15 12:30:05    Niciun semnal nou. Pendinge: 0
2026-07-15 12:30:05    Urmatoarea bara 15min @ 12:45:05 — 900s
2026-07-15 12:45:05  --- S6-US30 iter 15 @ 12:45:04 ---
2026-07-15 12:45:05    Niciun semnal nou. Pendinge: 0
2026-07-15 12:45:05    Urmatoarea bara 15min @ 13:00:05 — 900s
2026-07-15 13:00:04  --- S6-US30 iter 16 @ 13:00:04 ---
2026-07-15 13:00:05    Niciun semnal nou. Pendinge: 0
2026-07-15 13:00:05    Urmatoarea bara 15min @ 13:15:05 — 900s
2026-07-15 13:15:05  --- S6-US30 iter 17 @ 13:15:05 ---
2026-07-15 13:15:05    Niciun semnal nou. Pendinge: 0
2026-07-15 13:15:05    Urmatoarea bara 15min @ 13:30:05 — 900s
2026-07-15 13:30:05  --- S6-US30 iter 18 @ 13:30:05 ---
2026-07-15 13:30:05    Niciun semnal nou. Pendinge: 0
2026-07-15 13:30:05    Urmatoarea bara 15min @ 13:45:05 — 900s
2026-07-15 13:45:05  --- S6-US30 iter 19 @ 13:45:05 ---
2026-07-15 13:45:05    Niciun semnal nou. Pendinge: 0
2026-07-15 13:45:05    Urmatoarea bara 15min @ 14:00:05 — 900s
2026-07-15 14:00:05  --- S6-US30 iter 20 @ 14:00:05 ---
2026-07-15 14:00:05    Niciun semnal nou. Pendinge: 0
2026-07-15 14:00:05    Urmatoarea bara 15min @ 14:15:05 — 900s
2026-07-15 14:15:05  --- S6-US30 iter 21 @ 14:15:05 ---
2026-07-15 14:15:05    Niciun semnal nou. Pendinge: 0
2026-07-15 14:15:05    Urmatoarea bara 15min @ 14:30:05 — 900s
2026-07-15 14:30:05  --- S6-US30 iter 22 @ 14:30:05 ---
2026-07-15 14:30:05    Niciun semnal nou. Pendinge: 0
2026-07-15 14:30:05    Urmatoarea bara 15min @ 14:45:05 — 900s
2026-07-15 14:45:05  --- S6-US30 iter 23 @ 14:45:05 ---
2026-07-15 14:45:05    Niciun semnal nou. Pendinge: 0
2026-07-15 14:45:05    Urmatoarea bara 15min @ 15:00:05 — 900s
2026-07-15 15:00:05  --- S6-US30 iter 24 @ 15:00:05 ---
2026-07-15 15:00:05    Niciun semnal nou. Pendinge: 0
2026-07-15 15:00:05    Urmatoarea bara 15min @ 15:15:05 — 899s
2026-07-15 15:15:05  --- S6-US30 iter 25 @ 15:15:05 ---
2026-07-15 15:15:05    Niciun semnal nou. Pendinge: 0
2026-07-15 15:15:05    Urmatoarea bara 15min @ 15:30:05 — 900s
2026-07-15 15:30:05  --- S6-US30 iter 26 @ 15:30:05 ---
2026-07-15 15:30:05    [STIRI] Pauza automata — Core PPI m/m (USD, High, 1 min)
2026-07-15 15:30:05    [STIRI] Tranzitie → pauza: inchid ordine/pozitii active.
2026-07-15 15:30:05    [STIRI] Nicio pozitie/ordin activ — nimic de inchis.
2026-07-15 15:30:39    Niciun semnal nou. Pendinge: 0
2026-07-15 15:30:39    Urmatoarea bara 15min @ 15:45:05 — 865s
2026-07-15 15:45:05  --- S6-US30 iter 27 @ 15:45:05 ---
2026-07-15 15:45:05    [STIRI] Pauza automata — Core PPI m/m (USD, High, -14 min)
2026-07-15 15:45:05    Niciun semnal nou. Pendinge: 0
2026-07-15 15:45:05    Urmatoarea bara 15min @ 16:00:05 — 900s
2026-07-15 16:00:05  --- S6-US30 iter 28 @ 16:00:05 ---
2026-07-15 16:00:05    Niciun semnal nou. Pendinge: 0
2026-07-15 16:00:05    Urmatoarea bara 15min @ 16:15:05 — 900s
2026-07-15 16:15:05  --- S6-US30 iter 29 @ 16:15:05 ---
2026-07-15 16:15:05    Niciun semnal nou. Pendinge: 0
2026-07-15 16:15:05    Urmatoarea bara 15min @ 16:30:05 — 900s
2026-07-15 16:30:05  --- S6-US30 iter 30 @ 16:30:05 ---
2026-07-15 16:30:05    Niciun semnal nou. Pendinge: 0
2026-07-15 16:30:05    Urmatoarea bara 15min @ 16:45:05 — 900s
2026-07-15 16:45:05  --- S6-US30 iter 31 @ 16:45:05 ---
2026-07-15 16:45:05    Niciun semnal nou. Pendinge: 0
2026-07-15 16:45:05    Urmatoarea bara 15min @ 17:00:05 — 900s
2026-07-15 17:00:05  --- S6-US30 iter 32 @ 17:00:05 ---
2026-07-15 17:00:05    [STIRI] Pauza automata — Fed Chairman Warsh Testifies (USD, High, 1 min)
2026-07-15 17:00:05    [STIRI] Tranzitie → pauza: inchid ordine/pozitii active.
2026-07-15 17:00:05    [STIRI] Nicio pozitie/ordin activ — nimic de inchis.
2026-07-15 17:00:05    Niciun semnal nou. Pendinge: 0
2026-07-15 17:00:05    Urmatoarea bara 15min @ 17:15:05 — 900s
2026-07-15 17:15:05  --- S6-US30 iter 33 @ 17:15:05 ---
2026-07-15 17:15:05    [STIRI] Pauza automata — Fed Chairman Warsh Testifies (USD, High, -14 min)
2026-07-15 17:15:05    Niciun semnal nou. Pendinge: 0
2026-07-15 17:15:05    Urmatoarea bara 15min @ 17:30:05 — 900s
2026-07-15 17:30:05  --- S6-US30 iter 34 @ 17:30:05 ---
2026-07-15 17:30:05    Niciun semnal nou. Pendinge: 0
2026-07-15 17:30:05    Urmatoarea bara 15min @ 17:45:05 — 900s
2026-07-15 17:45:05  --- S6-US30 iter 35 @ 17:45:05 ---
2026-07-15 17:45:05    Niciun semnal nou. Pendinge: 0
2026-07-15 17:45:05    Urmatoarea bara 15min @ 18:00:05 — 900s
2026-07-15 18:00:05  --- S6-US30 iter 36 @ 18:00:05 ---
2026-07-15 18:00:05    Niciun semnal nou. Pendinge: 0
2026-07-15 18:00:05    Urmatoarea bara 15min @ 18:15:05 — 900s
2026-07-15 18:15:05  --- S6-US30 iter 37 @ 18:15:05 ---
2026-07-15 18:15:05    Niciun semnal nou. Pendinge: 0
2026-07-15 18:15:05    Urmatoarea bara 15min @ 18:30:05 — 900s
2026-07-15 18:30:05  --- S6-US30 iter 38 @ 18:30:05 ---
2026-07-15 18:30:05    Niciun semnal nou. Pendinge: 0
2026-07-15 18:30:05    Urmatoarea bara 15min @ 18:45:05 — 900s
2026-07-15 18:45:05  --- S6-US30 iter 39 @ 18:45:05 ---
2026-07-15 18:45:05    Niciun semnal nou. Pendinge: 0
2026-07-15 18:45:05    Urmatoarea bara 15min @ 19:00:05 — 900s
2026-07-15 19:00:05  --- S6-US30 iter 40 @ 19:00:05 ---
2026-07-15 19:00:05    Niciun semnal nou. Pendinge: 0
2026-07-15 19:00:05    Urmatoarea bara 15min @ 19:15:05 — 900s
2026-07-15 19:15:05  --- S6-US30 iter 41 @ 19:15:05 ---
2026-07-15 19:15:05    Niciun semnal nou. Pendinge: 0
2026-07-15 19:15:05    Urmatoarea bara 15min @ 19:30:05 — 900s
2026-07-15 19:30:05  --- S6-US30 iter 42 @ 19:30:05 ---
2026-07-15 19:30:05    Niciun semnal nou. Pendinge: 0
2026-07-15 19:30:05    Urmatoarea bara 15min @ 19:45:05 — 900s
2026-07-15 19:45:05  --- S6-US30 iter 43 @ 19:45:05 ---
2026-07-15 19:45:05    Niciun semnal nou. Pendinge: 0
2026-07-15 19:45:05    Urmatoarea bara 15min @ 20:00:05 — 900s
2026-07-15 20:00:05  --- S6-US30 iter 44 @ 20:00:05 ---
2026-07-15 20:00:05    *** SEMNAL [INSIDE_BAR]: S6-US30-IB0008 US30 LONG entry=52579.90000 sl=52437.40000 tp=52864.90000 (2.0R) RSI=43
2026-07-15 20:00:05    Urmatoarea bara 15min @ 20:15:05 — 900s
2026-07-15 20:15:05  --- S6-US30 iter 45 @ 20:15:05 ---
2026-07-15 20:15:05    TRIGGERAT: S6-US30-IB0008 US30 LONG @ 52579.90000
2026-07-15 20:15:05    Niciun semnal nou. Pendinge: 1
2026-07-15 20:15:05    Urmatoarea bara 15min @ 20:30:05 — 900s
2026-07-15 20:30:05  --- S6-US30 iter 46 @ 20:30:05 ---
2026-07-15 20:30:05    Niciun semnal nou. Pendinge: 1
2026-07-15 20:30:05    Urmatoarea bara 15min @ 20:45:05 — 900s
2026-07-15 20:45:05  --- S6-US30 iter 47 @ 20:45:05 ---
2026-07-15 20:45:05    Niciun semnal nou. Pendinge: 1
2026-07-15 20:45:05    Urmatoarea bara 15min @ 21:00:05 — 900s
2026-07-15 21:00:05  --- S6-US30 iter 48 @ 21:00:05 ---
2026-07-15 21:00:05    Niciun semnal nou. Pendinge: 1
2026-07-15 21:00:05    Urmatoarea bara 15min @ 21:15:05 — 900s
2026-07-15 21:15:05  --- S6-US30 iter 49 @ 21:15:05 ---
2026-07-15 21:15:05    Niciun semnal nou. Pendinge: 1
2026-07-15 21:15:05    Urmatoarea bara 15min @ 21:30:05 — 900s
2026-07-15 21:30:05  --- S6-US30 iter 50 @ 21:30:05 ---
2026-07-15 21:30:05    Niciun semnal nou. Pendinge: 1
2026-07-15 21:30:05    Urmatoarea bara 15min @ 21:45:05 — 900s
2026-07-15 21:45:05  --- S6-US30 iter 51 @ 21:45:05 ---
2026-07-15 21:45:05    Niciun semnal nou. Pendinge: 1
2026-07-15 21:45:05    Urmatoarea bara 15min @ 22:00:05 — 900s
2026-07-15 22:00:05  --- S6-US30 iter 52 @ 22:00:05 ---
2026-07-15 22:00:05    Niciun semnal nou. Pendinge: 1
2026-07-15 22:00:05    Urmatoarea bara 15min @ 22:15:05 — 899s
2026-07-15 22:15:05  --- S6-US30 iter 53 @ 22:15:05 ---
2026-07-15 22:15:05    Niciun semnal nou. Pendinge: 1
2026-07-15 22:15:05    Urmatoarea bara 15min @ 22:30:05 — 900s
2026-07-15 22:30:05  --- S6-US30 iter 54 @ 22:30:05 ---
2026-07-15 22:30:05    Niciun semnal nou. Pendinge: 1
2026-07-15 22:30:05    Urmatoarea bara 15min @ 22:45:05 — 900s
2026-07-15 22:45:05  --- S6-US30 iter 55 @ 22:45:05 ---
2026-07-15 22:45:05    Niciun semnal nou. Pendinge: 1
2026-07-15 22:45:05    Urmatoarea bara 15min @ 23:00:05 — 900s
2026-07-15 23:00:05  --- S6-US30 iter 56 @ 23:00:05 ---
2026-07-15 23:00:05    Niciun semnal nou. Pendinge: 1
2026-07-15 23:00:06    Urmatoarea bara 15min @ 23:15:05 — 899s
2026-07-15 23:15:05  --- S6-US30 iter 57 @ 23:15:05 ---
2026-07-15 23:15:05    Niciun semnal nou. Pendinge: 1
2026-07-15 23:15:05    Urmatoarea bara 15min @ 23:30:05 — 900s
2026-07-15 23:30:05  --- S6-US30 iter 58 @ 23:30:05 ---
2026-07-15 23:30:05    Niciun semnal nou. Pendinge: 1
2026-07-15 23:30:05    Urmatoarea bara 15min @ 23:45:05 — 900s
2026-07-15 23:45:05  --- S6-US30 iter 59 @ 23:45:05 ---
2026-07-15 23:45:05    Niciun semnal nou. Pendinge: 1
2026-07-15 23:45:05    Urmatoarea bara 15min @ 00:00:05 — 900s
2026-07-16 00:00:05  --- S6-US30 iter 60 @ 00:00:05 ---
2026-07-16 00:00:05    Niciun semnal nou. Pendinge: 1
2026-07-16 00:00:05    Urmatoarea bara 15min @ 00:15:05 — 899s
2026-07-16 00:15:05  --- S6-US30 iter 61 @ 00:15:05 ---
2026-07-16 00:15:05    Niciun semnal nou. Pendinge: 1
2026-07-16 00:15:05    Urmatoarea bara 15min @ 00:30:05 — 900s
2026-07-16 00:30:05  --- S6-US30 iter 62 @ 00:30:05 ---
2026-07-16 00:30:05    Niciun semnal nou. Pendinge: 1
2026-07-16 00:30:05    Urmatoarea bara 15min @ 00:45:05 — 900s
2026-07-16 00:45:05  --- S6-US30 iter 63 @ 00:45:05 ---
2026-07-16 00:45:05    Niciun semnal nou. Pendinge: 1
2026-07-16 00:45:05    Urmatoarea bara 15min @ 01:00:05 — 900s
2026-07-16 01:00:05  --- S6-US30 iter 64 @ 01:00:05 ---
2026-07-16 01:00:08    Niciun semnal nou. Pendinge: 1
2026-07-16 01:00:08    Urmatoarea bara 15min @ 01:15:05 — 897s
2026-07-16 01:15:05  --- S6-US30 iter 65 @ 01:15:05 ---
2026-07-16 01:15:05    Niciun semnal nou. Pendinge: 1
2026-07-16 01:15:05    Urmatoarea bara 15min @ 01:30:05 — 900s
2026-07-16 01:30:05  --- S6-US30 iter 66 @ 01:30:05 ---
2026-07-16 01:30:05    Niciun semnal nou. Pendinge: 1
2026-07-16 01:30:05    Urmatoarea bara 15min @ 01:45:05 — 900s
2026-07-16 01:45:05  --- S6-US30 iter 67 @ 01:45:05 ---
2026-07-16 01:45:05    Niciun semnal nou. Pendinge: 1
2026-07-16 01:45:05    Urmatoarea bara 15min @ 02:00:05 — 900s
2026-07-16 02:00:05  --- S6-US30 iter 68 @ 02:00:05 ---
2026-07-16 02:00:05    Niciun semnal nou. Pendinge: 1
2026-07-16 02:00:05    Urmatoarea bara 15min @ 02:15:05 — 900s
2026-07-16 02:15:05  --- S6-US30 iter 69 @ 02:15:05 ---
2026-07-16 02:15:05    Niciun semnal nou. Pendinge: 1
2026-07-16 02:15:05    Urmatoarea bara 15min @ 02:30:05 — 900s
2026-07-16 02:30:05  --- S6-US30 iter 70 @ 02:30:05 ---
2026-07-16 02:30:05    Niciun semnal nou. Pendinge: 1
2026-07-16 02:30:05    Urmatoarea bara 15min @ 02:45:05 — 900s
2026-07-16 02:45:05  --- S6-US30 iter 71 @ 02:45:05 ---
2026-07-16 02:45:05    Niciun semnal nou. Pendinge: 1
2026-07-16 02:45:05    Urmatoarea bara 15min @ 03:00:05 — 900s
2026-07-16 03:00:05  --- S6-US30 iter 72 @ 03:00:05 ---
2026-07-16 03:00:05    Niciun semnal nou. Pendinge: 1
2026-07-16 03:00:05    Urmatoarea bara 15min @ 03:15:05 — 900s
2026-07-16 03:15:05  --- S6-US30 iter 73 @ 03:15:05 ---
2026-07-16 03:15:05    Niciun semnal nou. Pendinge: 1
2026-07-16 03:15:05    Urmatoarea bara 15min @ 03:30:05 — 900s
2026-07-16 03:30:05  --- S6-US30 iter 74 @ 03:30:05 ---
2026-07-16 03:30:05    Niciun semnal nou. Pendinge: 1
2026-07-16 03:30:05    Urmatoarea bara 15min @ 03:45:05 — 900s
2026-07-16 03:45:05  --- S6-US30 iter 75 @ 03:45:05 ---
2026-07-16 03:45:05    Niciun semnal nou. Pendinge: 1
2026-07-16 03:45:05    Urmatoarea bara 15min @ 04:00:05 — 900s
2026-07-16 04:00:05  --- S6-US30 iter 76 @ 04:00:05 ---
2026-07-16 04:00:05    Niciun semnal nou. Pendinge: 1
2026-07-16 04:00:05    Urmatoarea bara 15min @ 04:15:05 — 899s
2026-07-16 04:15:05  --- S6-US30 iter 77 @ 04:15:05 ---
2026-07-16 04:15:05    Niciun semnal nou. Pendinge: 1
2026-07-16 04:15:05    Urmatoarea bara 15min @ 04:30:05 — 900s
2026-07-16 04:30:05  --- S6-US30 iter 78 @ 04:30:05 ---
2026-07-16 04:30:05    Niciun semnal nou. Pendinge: 1
2026-07-16 04:30:05    Urmatoarea bara 15min @ 04:45:05 — 900s
2026-07-16 04:45:05  --- S6-US30 iter 79 @ 04:45:05 ---
2026-07-16 04:45:05    Niciun semnal nou. Pendinge: 1
2026-07-16 04:45:05    Urmatoarea bara 15min @ 05:00:05 — 900s
2026-07-16 05:00:05  --- S6-US30 iter 80 @ 05:00:05 ---
2026-07-16 05:00:05    Niciun semnal nou. Pendinge: 1
2026-07-16 05:00:05    Urmatoarea bara 15min @ 05:15:05 — 899s
2026-07-16 05:15:05  --- S6-US30 iter 81 @ 05:15:05 ---
2026-07-16 05:15:05    Niciun semnal nou. Pendinge: 1
2026-07-16 05:15:05    Urmatoarea bara 15min @ 05:30:05 — 900s
2026-07-16 05:30:05  --- S6-US30 iter 82 @ 05:30:05 ---
2026-07-16 05:30:05    Niciun semnal nou. Pendinge: 1
2026-07-16 05:30:05    Urmatoarea bara 15min @ 05:45:05 — 900s
2026-07-16 05:45:05  --- S6-US30 iter 83 @ 05:45:05 ---
2026-07-16 05:45:05    Niciun semnal nou. Pendinge: 1
2026-07-16 05:45:05    Urmatoarea bara 15min @ 06:00:05 — 900s
2026-07-16 06:00:05  --- S6-US30 iter 84 @ 06:00:05 ---
2026-07-16 06:00:05    Niciun semnal nou. Pendinge: 1
2026-07-16 06:00:05    Urmatoarea bara 15min @ 06:15:05 — 900s
2026-07-16 06:15:05  --- S6-US30 iter 85 @ 06:15:05 ---
2026-07-16 06:15:05    Niciun semnal nou. Pendinge: 1
2026-07-16 06:15:05    Urmatoarea bara 15min @ 06:30:05 — 900s
2026-07-16 06:30:05  --- S6-US30 iter 86 @ 06:30:05 ---
2026-07-16 06:30:05    Niciun semnal nou. Pendinge: 1
2026-07-16 06:30:05    Urmatoarea bara 15min @ 06:45:05 — 900s
2026-07-16 06:45:05  --- S6-US30 iter 87 @ 06:45:05 ---
2026-07-16 06:45:05    Niciun semnal nou. Pendinge: 1
2026-07-16 06:45:05    Urmatoarea bara 15min @ 07:00:05 — 899s
2026-07-16 07:00:05  --- S6-US30 iter 88 @ 07:00:05 ---
2026-07-16 07:00:05    Niciun semnal nou. Pendinge: 1
2026-07-16 07:00:05    Urmatoarea bara 15min @ 07:15:05 — 899s
2026-07-16 07:15:05  --- S6-US30 iter 89 @ 07:15:05 ---
2026-07-16 07:15:05    Niciun semnal nou. Pendinge: 1
2026-07-16 07:15:05    Urmatoarea bara 15min @ 07:30:05 — 900s
2026-07-16 07:30:05  --- S6-US30 iter 90 @ 07:30:05 ---
2026-07-16 07:30:05    Niciun semnal nou. Pendinge: 1
2026-07-16 07:30:05    Urmatoarea bara 15min @ 07:45:05 — 900s
2026-07-16 07:45:05  --- S6-US30 iter 91 @ 07:45:05 ---
2026-07-16 07:45:05    Niciun semnal nou. Pendinge: 1
2026-07-16 07:45:05    Urmatoarea bara 15min @ 08:00:05 — 900s
2026-07-16 08:00:05  --- S6-US30 iter 92 @ 08:00:05 ---
2026-07-16 08:00:05    Niciun semnal nou. Pendinge: 1
2026-07-16 08:00:05    Urmatoarea bara 15min @ 08:15:05 — 899s
2026-07-16 08:15:05  --- S6-US30 iter 93 @ 08:15:05 ---
2026-07-16 08:15:05    Niciun semnal nou. Pendinge: 1
2026-07-16 08:15:05    Urmatoarea bara 15min @ 08:30:05 — 900s
2026-07-16 08:30:05  --- S6-US30 iter 94 @ 08:30:05 ---
2026-07-16 08:30:05    Niciun semnal nou. Pendinge: 1
2026-07-16 08:30:05    Urmatoarea bara 15min @ 08:45:05 — 900s
2026-07-16 08:45:05  --- S6-US30 iter 95 @ 08:45:05 ---
2026-07-16 08:45:05    Niciun semnal nou. Pendinge: 1
2026-07-16 08:45:05    Urmatoarea bara 15min @ 09:00:05 — 900s
2026-07-16 09:00:05  --- S6-US30 iter 96 @ 09:00:05 ---
2026-07-16 09:00:05    Niciun semnal nou. Pendinge: 1
2026-07-16 09:00:05    Urmatoarea bara 15min @ 09:15:05 — 900s
2026-07-16 09:15:05  --- S6-US30 iter 97 @ 09:15:05 ---
2026-07-16 09:15:05    Niciun semnal nou. Pendinge: 1
2026-07-16 09:15:05    Urmatoarea bara 15min @ 09:30:05 — 900s
2026-07-16 09:30:05  --- S6-US30 iter 98 @ 09:30:05 ---
2026-07-16 09:30:05    Niciun semnal nou. Pendinge: 1
2026-07-16 09:30:05    Urmatoarea bara 15min @ 09:45:05 — 900s
2026-07-16 09:45:05  --- S6-US30 iter 99 @ 09:45:05 ---
2026-07-16 09:45:05    Niciun semnal nou. Pendinge: 1
2026-07-16 09:45:05    Urmatoarea bara 15min @ 10:00:05 — 900s
2026-07-16 10:00:05  --- S6-US30 iter 100 @ 10:00:05 ---
2026-07-16 10:00:05    Niciun semnal nou. Pendinge: 1
2026-07-16 10:00:05    Urmatoarea bara 15min @ 10:15:05 — 900s
2026-07-16 10:15:05  --- S6-US30 iter 101 @ 10:15:05 ---
2026-07-16 10:15:05    Niciun semnal nou. Pendinge: 1
2026-07-16 10:15:05    Urmatoarea bara 15min @ 10:30:05 — 900s
2026-07-16 10:30:05  --- S6-US30 iter 102 @ 10:30:05 ---
2026-07-16 10:30:05    Niciun semnal nou. Pendinge: 1
2026-07-16 10:30:05    Urmatoarea bara 15min @ 10:45:05 — 900s
2026-07-16 10:45:05  --- S6-US30 iter 103 @ 10:45:05 ---
2026-07-16 10:45:05    Niciun semnal nou. Pendinge: 1
2026-07-16 10:45:05    Urmatoarea bara 15min @ 11:00:05 — 900s
2026-07-16 11:00:05  --- S6-US30 iter 104 @ 11:00:05 ---
2026-07-16 11:00:05    Niciun semnal nou. Pendinge: 1
2026-07-16 11:00:05    Urmatoarea bara 15min @ 11:15:05 — 900s
2026-07-16 11:15:05  --- S6-US30 iter 105 @ 11:15:05 ---
2026-07-16 11:15:53    Niciun semnal nou. Pendinge: 1
2026-07-16 11:15:53    Urmatoarea bara 15min @ 11:30:05 — 852s
2026-07-16 11:30:05  --- S6-US30 iter 106 @ 11:30:05 ---
2026-07-16 11:30:05    Niciun semnal nou. Pendinge: 1
2026-07-16 11:30:05    Urmatoarea bara 15min @ 11:45:05 — 900s
2026-07-16 11:45:05  --- S6-US30 iter 107 @ 11:45:05 ---
2026-07-16 11:45:05    Niciun semnal nou. Pendinge: 1
2026-07-16 11:45:05    Urmatoarea bara 15min @ 12:00:05 — 900s
2026-07-16 12:00:05  --- S6-US30 iter 108 @ 12:00:05 ---
2026-07-16 12:00:05    Niciun semnal nou. Pendinge: 1
2026-07-16 12:00:05    Urmatoarea bara 15min @ 12:15:05 — 899s
2026-07-16 12:15:05  --- S6-US30 iter 109 @ 12:15:05 ---
2026-07-16 12:15:05    Niciun semnal nou. Pendinge: 1
2026-07-16 12:15:05    Urmatoarea bara 15min @ 12:30:05 — 900s
2026-07-16 12:30:05  --- S6-US30 iter 110 @ 12:30:05 ---
2026-07-16 12:30:05    Niciun semnal nou. Pendinge: 1
2026-07-16 12:30:05    Urmatoarea bara 15min @ 12:45:05 — 900s
2026-07-16 12:45:05  --- S6-US30 iter 111 @ 12:45:05 ---
2026-07-16 12:45:05    Niciun semnal nou. Pendinge: 1
2026-07-16 12:45:05    Urmatoarea bara 15min @ 13:00:05 — 900s
2026-07-16 13:00:05  --- S6-US30 iter 112 @ 13:00:05 ---
2026-07-16 13:00:05    Niciun semnal nou. Pendinge: 1
2026-07-16 13:00:05    Urmatoarea bara 15min @ 13:15:05 — 900s
2026-07-16 13:15:05  --- S6-US30 iter 113 @ 13:15:05 ---
2026-07-16 13:15:05    Niciun semnal nou. Pendinge: 1
2026-07-16 13:15:05    Urmatoarea bara 15min @ 13:30:05 — 900s
2026-07-16 13:30:05  --- S6-US30 iter 114 @ 13:30:05 ---
2026-07-16 13:30:23    Niciun semnal nou. Pendinge: 1
2026-07-16 13:31:06    Urmatoarea bara 15min @ 13:45:05 — 838s
2026-07-16 13:45:05  --- S6-US30 iter 115 @ 13:45:05 ---
2026-07-16 13:45:05    Niciun semnal nou. Pendinge: 1
2026-07-16 13:45:05    Urmatoarea bara 15min @ 14:00:05 — 900s
2026-07-16 14:00:05  --- S6-US30 iter 116 @ 14:00:05 ---
2026-07-16 14:00:05    Niciun semnal nou. Pendinge: 1
2026-07-16 14:00:05    Urmatoarea bara 15min @ 14:15:05 — 899s
2026-07-16 14:15:05  --- S6-US30 iter 117 @ 14:15:05 ---
2026-07-16 14:15:05    Niciun semnal nou. Pendinge: 1
2026-07-16 14:15:05    Urmatoarea bara 15min @ 14:30:05 — 900s
2026-07-16 14:30:05  --- S6-US30 iter 118 @ 14:30:05 ---
2026-07-16 14:30:05    Niciun semnal nou. Pendinge: 1
2026-07-16 14:30:05    Urmatoarea bara 15min @ 14:45:05 — 900s
2026-07-16 14:45:05  --- S6-US30 iter 119 @ 14:45:05 ---
2026-07-16 14:45:05    Niciun semnal nou. Pendinge: 1
2026-07-16 14:45:05    Urmatoarea bara 15min @ 15:00:05 — 900s
2026-07-16 15:00:05  --- S6-US30 iter 120 @ 15:00:05 ---
2026-07-16 15:00:05    Niciun semnal nou. Pendinge: 1
2026-07-16 15:00:05    Urmatoarea bara 15min @ 15:15:05 — 900s
2026-07-16 15:15:05  --- S6-US30 iter 121 @ 15:15:05 ---
2026-07-16 15:15:05    Niciun semnal nou. Pendinge: 1
2026-07-16 15:15:05    Urmatoarea bara 15min @ 15:30:05 — 900s
2026-07-16 15:30:05  --- S6-US30 iter 122 @ 15:30:05 ---
2026-07-16 15:30:05    Niciun semnal nou. Pendinge: 1
2026-07-16 15:30:05    Urmatoarea bara 15min @ 15:45:05 — 900s
2026-07-16 15:45:05  --- S6-US30 iter 123 @ 15:45:05 ---
2026-07-16 15:45:05    Niciun semnal nou. Pendinge: 1
2026-07-16 15:45:05    Urmatoarea bara 15min @ 16:00:05 — 900s
2026-07-16 16:00:05  --- S6-US30 iter 124 @ 16:00:05 ---
2026-07-16 16:00:05    Niciun semnal nou. Pendinge: 1
2026-07-16 16:00:05    Urmatoarea bara 15min @ 16:15:05 — 899s
2026-07-16 16:15:05  --- S6-US30 iter 125 @ 16:15:05 ---
2026-07-16 16:15:05    Niciun semnal nou. Pendinge: 1
2026-07-16 16:15:05    Urmatoarea bara 15min @ 16:30:05 — 900s
2026-07-16 16:30:05  --- S6-US30 iter 126 @ 16:30:05 ---
2026-07-16 16:30:05    Niciun semnal nou. Pendinge: 1
2026-07-16 16:30:05    Urmatoarea bara 15min @ 16:45:05 — 900s
2026-07-16 16:45:05  --- S6-US30 iter 127 @ 16:45:05 ---
2026-07-16 16:45:05    Niciun semnal nou. Pendinge: 1
2026-07-16 16:45:05    Urmatoarea bara 15min @ 17:00:05 — 900s
2026-07-16 17:00:05  --- S6-US30 iter 128 @ 17:00:05 ---
2026-07-16 17:00:05    Niciun semnal nou. Pendinge: 1
2026-07-16 17:00:05    Urmatoarea bara 15min @ 17:15:05 — 899s
2026-07-16 17:15:05  --- S6-US30 iter 129 @ 17:15:05 ---
2026-07-16 17:15:05    Niciun semnal nou. Pendinge: 1
2026-07-16 17:15:05    Urmatoarea bara 15min @ 17:30:05 — 900s
2026-07-16 17:30:05  --- S6-US30 iter 130 @ 17:30:05 ---
2026-07-16 17:30:05    Niciun semnal nou. Pendinge: 1
2026-07-16 17:30:05    Urmatoarea bara 15min @ 17:45:05 — 900s
2026-07-16 17:45:05  --- S6-US30 iter 131 @ 17:45:05 ---
2026-07-16 17:45:05    Niciun semnal nou. Pendinge: 1
2026-07-16 17:45:05    Urmatoarea bara 15min @ 18:00:05 — 900s
2026-07-16 18:00:05  --- S6-US30 iter 132 @ 18:00:05 ---
2026-07-16 18:00:05    Niciun semnal nou. Pendinge: 1
2026-07-16 18:00:05    Urmatoarea bara 15min @ 18:15:05 — 899s
2026-07-16 18:15:05  --- S6-US30 iter 133 @ 18:15:05 ---
2026-07-16 18:15:05    Niciun semnal nou. Pendinge: 1
2026-07-16 18:15:05    Urmatoarea bara 15min @ 18:30:05 — 900s
2026-07-16 18:30:05  --- S6-US30 iter 134 @ 18:30:05 ---
2026-07-16 18:30:05    Niciun semnal nou. Pendinge: 1
2026-07-16 18:30:05    Urmatoarea bara 15min @ 18:45:05 — 900s
2026-07-16 18:45:05  --- S6-US30 iter 135 @ 18:45:05 ---
2026-07-16 18:45:05    Niciun semnal nou. Pendinge: 1
2026-07-16 18:45:05    Urmatoarea bara 15min @ 19:00:05 — 900s
2026-07-16 19:00:05  --- S6-US30 iter 136 @ 19:00:05 ---
2026-07-16 19:00:05    Niciun semnal nou. Pendinge: 1
2026-07-16 19:00:05    Urmatoarea bara 15min @ 19:15:05 — 900s
2026-07-16 19:15:05  --- S6-US30 iter 137 @ 19:15:05 ---
2026-07-16 19:15:05    [BE Faza 1] S6-US30-IB0008 +1.000R
2026-07-16 19:15:05    Niciun semnal nou. Pendinge: 0
2026-07-16 19:15:05    Urmatoarea bara 15min @ 19:30:05 — 900s
2026-07-16 19:30:05  --- S6-US30 iter 138 @ 19:30:05 ---
2026-07-16 19:30:05    Niciun semnal nou. Pendinge: 0
2026-07-16 19:30:05    Urmatoarea bara 15min @ 19:45:05 — 900s
2026-07-16 19:45:05  --- S6-US30 iter 139 @ 19:45:05 ---
2026-07-16 19:45:05    Niciun semnal nou. Pendinge: 0
2026-07-16 19:45:05    Urmatoarea bara 15min @ 20:00:05 — 900s
2026-07-16 20:00:05  --- S6-US30 iter 140 @ 20:00:05 ---
2026-07-16 20:00:05    *** SEMNAL [INSIDE_BAR]: S6-US30-IB0009 US30 LONG entry=52715.20000 sl=52585.20000 tp=52975.20000 (2.0R) RSI=50
2026-07-16 20:00:05    Urmatoarea bara 15min @ 20:15:05 — 900s
2026-07-16 20:15:05  --- S6-US30 iter 141 @ 20:15:05 ---
2026-07-16 20:15:05    TRIGGERAT: S6-US30-IB0009 US30 LONG @ 52715.20000
2026-07-16 20:15:05    Niciun semnal nou. Pendinge: 1
2026-07-16 20:15:05    Urmatoarea bara 15min @ 20:30:05 — 900s
2026-07-16 20:30:05  --- S6-US30 iter 142 @ 20:30:05 ---
2026-07-16 20:30:05    Niciun semnal nou. Pendinge: 1
2026-07-16 20:30:05    Urmatoarea bara 15min @ 20:45:05 — 900s
2026-07-16 20:45:05  --- S6-US30 iter 143 @ 20:45:05 ---
2026-07-16 20:45:05    PIERDERE: S6-US30-IB0009 SL -1.0R
2026-07-16 20:45:05    Niciun semnal nou. Pendinge: 0
2026-07-16 20:45:05    Urmatoarea bara 15min @ 21:00:05 — 900s
