2026-06-11 15:17:03  =================================================================
2026-06-11 15:17:03    S5-GER40-H1 — GER40 H1+D1 | BOTH PW=6 | OBSERVARE | exp_test=+0.65R p=0.103 | re-test la 30 semnale noi
2026-06-11 15:17:03    Piete: ['GER40']
2026-06-11 15:17:03    TF: H1 (trend D1) | PW=6 | BOTH
2026-06-11 15:17:03    Output: c:\trading-bot\data\live_signals\session5
2026-06-11 15:17:03  =================================================================
2026-06-11 15:17:03  MT5: 52906593 @ ICMarketsEU-Demo (DEMO)
2026-06-11 15:17:05  Simboluri active: ['DE40']
2026-06-11 15:17:05  Pornit. Ctrl+C pentru oprire.

2026-06-11 15:17:05  --- S5-GER40-H1 iter 1 @ 15:17:05 ---
2026-06-11 15:17:05    Niciun semnal nou. Pendinge: 0
2026-06-11 15:17:05    Urmatoarea bara 60min @ 16:00:05 — 2580s
2026-06-11 16:00:04  --- S5-GER40-H1 iter 2 @ 16:00:04 ---
2026-06-11 16:00:05    Niciun semnal nou. Pendinge: 0
2026-06-11 16:00:05    Urmatoarea bara 60min @ 17:00:05 — 3600s
2026-06-11 16:40:09  =================================================================
2026-06-11 16:40:09    S5-H1D1 — GER40+USDCHF H1+D1 | BOTH | OBSERVARE | USDCHF p=0.0896* VIABLE | GER40 p=0.103 borderline
2026-06-11 16:40:09    Piete: ['GER40', 'USDCHF']
2026-06-11 16:40:09    TF: H1 (trend D1) | PW=8 | BOTH
2026-06-11 16:40:09    Output: c:\trading-bot\data\live_signals\session5
2026-06-11 16:40:09  =================================================================
2026-06-11 16:40:14  MT5: 52906593 @ ICMarketsEU-Demo (DEMO)
2026-06-11 16:40:16  Simboluri active: ['DE40', 'USDCHF']
2026-06-11 16:40:16  Pornit. Ctrl+C pentru oprire.

2026-06-11 16:40:16  --- S5-H1D1 iter 1 @ 16:40:16 ---
2026-06-11 16:40:17    Niciun semnal nou. Pendinge: 0
2026-06-11 16:40:17    Urmatoarea bara 60min @ 17:00:05 — 1188s
2026-06-11 17:00:05  --- S5-H1D1 iter 2 @ 17:00:05 ---
2026-06-11 17:00:05    Niciun semnal nou. Pendinge: 0
2026-06-11 17:00:05    Urmatoarea bara 60min @ 18:00:05 — 3600s
2026-06-11 17:31:49  =================================================================
2026-06-11 17:31:49    S5-H1D1 — GER40+USDCHF H1+D1 | BOTH | OBSERVARE | USDCHF p=0.0896* VIABLE | GER40 p=0.103 borderline
2026-06-11 17:31:49    Piete: ['GER40', 'USDCHF']
2026-06-11 17:31:49    TF: H1 (trend D1) | PW=8 | BOTH
2026-06-11 17:31:49    Output: c:\trading-bot\data\live_signals\session5
2026-06-11 17:31:49  =================================================================
2026-06-11 17:31:49  MT5: 52906593 @ ICMarketsEU-Demo (DEMO)
2026-06-11 17:31:49  Simboluri active: ['DE40', 'USDCHF']
2026-06-11 17:31:49  Pornit. Ctrl+C pentru oprire.

2026-06-11 17:31:49  --- S5-H1D1 iter 1 @ 17:31:49 ---
2026-06-11 17:31:49    Niciun semnal nou. Pendinge: 0
2026-06-11 17:31:49    Urmatoarea bara 60min @ 18:00:05 — 1695s
2026-06-11 18:00:05  --- S5-H1D1 iter 2 @ 18:00:05 ---
2026-06-11 18:00:05  --- S5-H1D1 iter 3 @ 18:00:05 ---
2026-06-11 18:00:05    Niciun semnal nou. Pendinge: 0
2026-06-11 18:00:05    Urmatoarea bara 60min @ 19:00:05 — 3600s
2026-06-11 18:00:05    Niciun semnal nou. Pendinge: 0
2026-06-11 18:00:05    Urmatoarea bara 60min @ 19:00:05 — 3600s
2026-06-11 18:11:49  =================================================================
2026-06-11 18:11:49    S5-H1D1 — GER40+USDCHF H1+D1 | BOTH | OBSERVARE | USDCHF p=0.0896* VIABLE | GER40 p=0.103 borderline
2026-06-11 18:11:49    Piete: ['GER40', 'USDCHF']
2026-06-11 18:11:49    TF: H1 (trend D1) | PW=8 | BOTH
2026-06-11 18:11:49    Output: c:\trading-bot\data\live_signals\session5
2026-06-11 18:11:49  =================================================================
2026-06-11 18:11:49  MT5: 52906593 @ ICMarketsEU-Demo (DEMO)
2026-06-11 18:11:49  Simboluri active: ['DE40', 'USDCHF']
2026-06-11 18:11:49  Pornit. Ctrl+C pentru oprire.

2026-06-11 18:11:49  --- S5-H1D1 iter 1 @ 18:11:49 ---
2026-06-11 18:11:49    Niciun semnal nou. Pendinge: 0
2026-06-11 18:11:49    Urmatoarea bara 60min @ 19:00:05 — 2895s
2026-06-11 18:12:12  
Oprire manuala.
2026-06-11 18:12:18  =================================================================
2026-06-11 18:12:18    S5-H1D1 — GER40+USDCHF H1+D1 | BOTH | OBSERVARE | USDCHF p=0.0896* VIABLE | GER40 p=0.103 borderline
2026-06-11 18:12:18    Piete: ['GER40', 'USDCHF']
2026-06-11 18:12:18    TF: H1 (trend D1) | PW=8 | BOTH
2026-06-11 18:12:18    Output: c:\trading-bot\data\live_signals\session5
2026-06-11 18:12:18  =================================================================
2026-06-11 18:12:18  MT5: 52906593 @ ICMarketsEU-Demo (DEMO)
2026-06-11 18:12:18  Simboluri active: ['DE40', 'USDCHF']
2026-06-11 18:12:18  Pornit. Ctrl+C pentru oprire.

2026-06-11 18:12:18  --- S5-H1D1 iter 1 @ 18:12:18 ---
2026-06-11 18:12:18    Niciun semnal nou. Pendinge: 0
2026-06-11 18:12:18    Urmatoarea bara 60min @ 19:00:05 — 2867s
2026-06-11 18:16:51  =================================================================
2026-06-11 18:16:51    S5-H1D1 — GER40+USDCHF H1+D1 | BOTH | OBSERVARE | USDCHF p=0.0896* VIABLE | GER40 p=0.103 borderline
2026-06-11 18:16:51    Piete: ['GER40', 'USDCHF']
2026-06-11 18:16:51    TF: H1 (trend D1) | PW=8 | BOTH
2026-06-11 18:16:51    Output: c:\trading-bot\data\live_signals\session5
2026-06-11 18:16:51  =================================================================
2026-06-11 18:16:51  MT5: 52906593 @ ICMarketsEU-Demo (DEMO)
2026-06-11 18:16:51  Simboluri active: ['DE40', 'USDCHF']
2026-06-11 18:16:51  Pornit. Ctrl+C pentru oprire.

2026-06-11 18:16:51  --- S5-H1D1 iter 1 @ 18:16:51 ---
2026-06-11 18:16:51    Niciun semnal nou. Pendinge: 0
2026-06-11 18:16:51    Urmatoarea bara 60min @ 19:00:05 — 2593s
2026-06-11 18:17:02  
Oprire manuala.
2026-06-11 18:17:02  
=== SUMAR S5-H1D1 ===
2026-06-11 18:17:02    Semnale: 0
2026-06-11 18:17:15  =================================================================
2026-06-11 18:17:15    S5-H1D1 — GER40+USDCHF H1+D1 | BOTH | OBSERVARE | USDCHF p=0.0896* VIABLE | GER40 p=0.103 borderline
2026-06-11 18:17:15    Piete: ['GER40', 'USDCHF']
2026-06-11 18:17:15    TF: H1 (trend D1) | PW=8 | BOTH
2026-06-11 18:17:15    Output: c:\trading-bot\data\live_signals\session5
2026-06-11 18:17:15  =================================================================
2026-06-11 18:17:16  MT5: 52906593 @ ICMarketsEU-Demo (DEMO)
2026-06-11 18:17:16  Simboluri active: ['DE40', 'USDCHF']
2026-06-11 18:17:16  Pornit. Ctrl+C pentru oprire.

2026-06-11 18:17:16  --- S5-H1D1 iter 1 @ 18:17:16 ---
2026-06-11 18:17:16    Niciun semnal nou. Pendinge: 0
2026-06-11 18:17:16    Urmatoarea bara 60min @ 19:00:05 — 2569s
2026-06-11 18:21:53  =================================================================
2026-06-11 18:21:53    S5-H1D1 — GER40+USDCHF H1+D1 | BOTH | OBSERVARE | USDCHF p=0.0896* VIABLE | GER40 p=0.103 borderline
2026-06-11 18:21:53    Piete: ['GER40', 'USDCHF']
2026-06-11 18:21:53    TF: H1 (trend D1) | PW=8 | BOTH
2026-06-11 18:21:53    Output: c:\trading-bot\data\live_signals\session5
2026-06-11 18:21:53  =================================================================
2026-06-11 18:21:53  MT5: 52906593 @ ICMarketsEU-Demo (DEMO)
2026-06-11 18:21:53  Simboluri active: ['DE40', 'USDCHF']
2026-06-11 18:21:53  Pornit. Ctrl+C pentru oprire.

2026-06-11 18:21:53  --- S5-H1D1 iter 1 @ 18:21:53 ---
2026-06-11 18:21:53    Niciun semnal nou. Pendinge: 0
2026-06-11 18:21:53    Urmatoarea bara 60min @ 19:00:05 — 2291s
2026-06-11 18:24:47  
Oprire manuala.
2026-06-11 18:24:47  
=== SUMAR S5-H1D1 ===
2026-06-11 18:24:47    Semnale: 0
2026-06-11 18:24:57  =================================================================
2026-06-11 18:24:57    S5-H1D1 — GER40+USDCHF H1+D1 | BOTH | OBSERVARE | USDCHF p=0.0896* VIABLE | GER40 p=0.103 borderline
2026-06-11 18:24:57    Piete: ['GER40', 'USDCHF']
2026-06-11 18:24:57    TF: H1 (trend D1) | PW=8 | BOTH
2026-06-11 18:24:57    Output: c:\trading-bot\data\live_signals\session5
2026-06-11 18:24:57  =================================================================
2026-06-11 18:24:57  MT5: 52906593 @ ICMarketsEU-Demo (DEMO)
2026-06-11 18:24:57  Simboluri active: ['DE40', 'USDCHF']
2026-06-11 18:24:57  Pornit. Ctrl+C pentru oprire.

2026-06-11 18:24:57  --- S5-H1D1 iter 1 @ 18:24:57 ---
2026-06-11 18:24:57    Niciun semnal nou. Pendinge: 0
2026-06-11 18:24:57    Urmatoarea bara 60min @ 19:00:05 — 2108s
2026-06-11 19:00:05  --- S5-H1D1 iter 2 @ 19:00:05 ---
2026-06-11 19:00:05  --- S5-H1D1 iter 4 @ 19:00:05 ---
2026-06-11 19:00:05    Niciun semnal nou. Pendinge: 0
2026-06-11 19:00:05    Urmatoarea bara 60min @ 20:00:05 — 3600s
2026-06-11 19:00:05    Niciun semnal nou. Pendinge: 0
2026-06-11 19:00:05    Urmatoarea bara 60min @ 20:00:05 — 3600s
2026-06-11 20:00:05  --- S5-H1D1 iter 3 @ 20:00:05 ---
2026-06-11 20:00:05  --- S5-H1D1 iter 5 @ 20:00:05 ---
2026-06-11 20:00:05    Niciun semnal nou. Pendinge: 0
2026-06-11 20:00:05    Urmatoarea bara 60min @ 21:00:05 — 3600s
2026-06-11 20:00:05    Niciun semnal nou. Pendinge: 0
2026-06-11 20:00:05    Urmatoarea bara 60min @ 21:00:05 — 3600s
2026-06-11 21:00:05  --- S5-H1D1 iter 4 @ 21:00:05 ---
2026-06-11 21:00:05  --- S5-H1D1 iter 6 @ 21:00:05 ---
2026-06-11 21:00:05    Niciun semnal nou. Pendinge: 0
2026-06-11 21:00:05    Urmatoarea bara 60min @ 22:00:05 — 3599s
2026-06-11 21:00:05    Niciun semnal nou. Pendinge: 0
2026-06-11 21:00:05    Urmatoarea bara 60min @ 22:00:05 — 3599s
2026-06-11 22:00:05  --- S5-H1D1 iter 5 @ 22:00:05 ---
2026-06-11 22:00:05  --- S5-H1D1 iter 7 @ 22:00:05 ---
2026-06-11 22:00:05    Niciun semnal nou. Pendinge: 0
2026-06-11 22:00:05    Urmatoarea bara 60min @ 23:00:05 — 3599s
2026-06-11 22:00:05    Niciun semnal nou. Pendinge: 0
2026-06-11 22:00:05    Urmatoarea bara 60min @ 23:00:05 — 3599s
2026-06-11 23:00:05  --- S5-H1D1 iter 6 @ 23:00:05 ---
2026-06-11 23:00:05  --- S5-H1D1 iter 8 @ 23:00:05 ---
2026-06-11 23:00:05    Niciun semnal nou. Pendinge: 0
2026-06-11 23:00:05    Urmatoarea bara 60min @ 00:00:05 — 3600s
2026-06-11 23:00:05    Niciun semnal nou. Pendinge: 0
2026-06-11 23:00:05    Urmatoarea bara 60min @ 00:00:05 — 3600s
2026-06-12 00:00:05  --- S5-H1D1 iter 7 @ 00:00:05 ---
2026-06-12 00:00:05  --- S5-H1D1 iter 9 @ 00:00:05 ---
2026-06-12 00:00:12    Niciun semnal nou. Pendinge: 0
2026-06-12 00:00:12    Urmatoarea bara 60min @ 01:00:05 — 3593s
2026-06-12 00:00:12    Niciun semnal nou. Pendinge: 0
2026-06-12 00:00:12    Urmatoarea bara 60min @ 01:00:05 — 3593s
2026-06-12 01:00:05  --- S5-H1D1 iter 10 @ 01:00:05 ---
2026-06-12 01:00:05  --- S5-H1D1 iter 8 @ 01:00:05 ---
2026-06-12 01:00:05    Niciun semnal nou. Pendinge: 0
2026-06-12 01:00:05    Urmatoarea bara 60min @ 02:00:05 — 3600s
2026-06-12 01:00:05    Niciun semnal nou. Pendinge: 0
2026-06-12 01:00:05    Urmatoarea bara 60min @ 02:00:05 — 3600s
2026-06-12 02:00:05  --- S5-H1D1 iter 9 @ 02:00:05 ---
2026-06-12 02:00:05  --- S5-H1D1 iter 11 @ 02:00:05 ---
2026-06-12 02:00:05    Niciun semnal nou. Pendinge: 0
2026-06-12 02:00:05    Urmatoarea bara 60min @ 03:00:05 — 3600s
2026-06-12 02:00:05    Niciun semnal nou. Pendinge: 0
2026-06-12 02:00:05    Urmatoarea bara 60min @ 03:00:05 — 3600s
2026-06-12 03:00:05  --- S5-H1D1 iter 10 @ 03:00:05 ---
2026-06-12 03:00:05  --- S5-H1D1 iter 12 @ 03:00:05 ---
2026-06-12 03:00:05    Niciun semnal nou. Pendinge: 0
2026-06-12 03:00:05    Urmatoarea bara 60min @ 04:00:05 — 3600s
2026-06-12 03:00:05    Niciun semnal nou. Pendinge: 0
2026-06-12 03:00:05    Urmatoarea bara 60min @ 04:00:05 — 3600s
2026-06-12 04:00:05  --- S5-H1D1 iter 11 @ 04:00:05 ---
2026-06-12 04:00:05  --- S5-H1D1 iter 13 @ 04:00:05 ---
2026-06-12 04:00:05    Niciun semnal nou. Pendinge: 0
2026-06-12 04:00:05    Urmatoarea bara 60min @ 05:00:05 — 3600s
2026-06-12 04:00:05    Niciun semnal nou. Pendinge: 0
2026-06-12 04:00:05    Urmatoarea bara 60min @ 05:00:05 — 3600s
2026-06-12 05:00:05  --- S5-H1D1 iter 12 @ 05:00:05 ---
2026-06-12 05:00:05  --- S5-H1D1 iter 14 @ 05:00:05 ---
2026-06-12 05:00:05    Niciun semnal nou. Pendinge: 0
2026-06-12 05:00:05    Urmatoarea bara 60min @ 06:00:05 — 3600s
2026-06-12 05:00:05    Niciun semnal nou. Pendinge: 0
2026-06-12 05:00:05    Urmatoarea bara 60min @ 06:00:05 — 3600s
2026-06-12 06:00:05  --- S5-H1D1 iter 13 @ 06:00:05 ---
2026-06-12 06:00:05  --- S5-H1D1 iter 15 @ 06:00:05 ---
2026-06-12 06:00:05    Niciun semnal nou. Pendinge: 0
2026-06-12 06:00:05    Urmatoarea bara 60min @ 07:00:05 — 3600s
2026-06-12 06:00:05    Niciun semnal nou. Pendinge: 0
2026-06-12 06:00:05    Urmatoarea bara 60min @ 07:00:05 — 3600s
2026-06-12 07:00:05  --- S5-H1D1 iter 14 @ 07:00:05 ---
2026-06-12 07:00:05  --- S5-H1D1 iter 16 @ 07:00:05 ---
2026-06-12 07:00:05    Niciun semnal nou. Pendinge: 0
2026-06-12 07:00:05    Urmatoarea bara 60min @ 08:00:05 — 3600s
2026-06-12 07:00:05    Niciun semnal nou. Pendinge: 0
2026-06-12 07:00:05    Urmatoarea bara 60min @ 08:00:05 — 3600s
2026-06-12 08:00:05  --- S5-H1D1 iter 15 @ 08:00:05 ---
2026-06-12 08:00:05  --- S5-H1D1 iter 17 @ 08:00:05 ---
2026-06-12 08:00:05    Niciun semnal nou. Pendinge: 0
2026-06-12 08:00:05    Urmatoarea bara 60min @ 09:00:05 — 3600s
2026-06-12 08:00:05    Niciun semnal nou. Pendinge: 0
2026-06-12 08:00:05    Urmatoarea bara 60min @ 09:00:05 — 3600s
2026-06-12 09:00:05  --- S5-H1D1 iter 16 @ 09:00:05 ---
2026-06-12 09:00:05  --- S5-H1D1 iter 18 @ 09:00:05 ---
2026-06-12 09:00:05    Niciun semnal nou. Pendinge: 0
2026-06-12 09:00:05    Urmatoarea bara 60min @ 10:00:05 — 3600s
2026-06-12 09:00:05    Niciun semnal nou. Pendinge: 0
2026-06-12 09:00:05    Urmatoarea bara 60min @ 10:00:05 — 3600s
2026-06-12 09:11:22  
Oprire manuala.
2026-06-12 09:11:22  
=== SUMAR S5-H1D1 ===
2026-06-12 09:11:22    Semnale: 0
2026-06-12 09:11:32  =================================================================
2026-06-12 09:11:32    S5-H1D1 — GER40+USDCHF H1+D1 | BOTH | OBSERVARE | USDCHF p=0.0896* VIABLE | GER40 p=0.103 borderline
2026-06-12 09:11:32    Piete: ['GER40', 'USDCHF']
2026-06-12 09:11:32    TF: H1 (trend D1) | PW=8 | BOTH
2026-06-12 09:11:32    Output: c:\trading-bot\data\live_signals\session5
2026-06-12 09:11:32  =================================================================
2026-06-12 09:11:33  MT5: 52906593 @ ICMarketsEU-Demo (DEMO)
2026-06-12 09:11:33  Simboluri active: ['DE40', 'USDCHF']
2026-06-12 09:11:33  Pornit. Ctrl+C pentru oprire.

2026-06-12 09:11:33  --- S5-H1D1 iter 1 @ 09:11:33 ---
2026-06-12 09:11:33    Niciun semnal nou. Pendinge: 0
2026-06-12 09:11:33    Urmatoarea bara 60min @ 10:00:05 — 2912s
2026-06-12 09:28:20  
Oprire manuala.
2026-06-12 09:28:20  
=== SUMAR S5-H1D1 ===
2026-06-12 09:28:20    Semnale: 0
2026-06-12 09:28:33  =================================================================
2026-06-12 09:28:33    S5-H1D1 — GER40+USDCHF H1+D1 | BOTH | OBSERVARE | USDCHF p=0.0896* VIABLE | GER40 p=0.103 borderline
2026-06-12 09:28:33    Piete: ['GER40', 'USDCHF']
2026-06-12 09:28:33    TF: H1 (trend D1) | PW=8 | BOTH
2026-06-12 09:28:33    Output: c:\trading-bot\data\live_signals\session5
2026-06-12 09:28:33  =================================================================
2026-06-12 09:28:33  MT5: 52906593 @ ICMarketsEU-Demo (DEMO)
2026-06-12 09:28:33  Simboluri active: ['DE40', 'USDCHF']
2026-06-12 09:28:33  Pornit. Ctrl+C pentru oprire.

2026-06-12 09:28:33  --- S5-H1D1 iter 1 @ 09:28:33 ---
2026-06-12 09:28:33    DE40: eroare enrich — incompatible merge keys [0] dtype('<M8[s]') and dtype('<M8[us]'), must be the same type
2026-06-12 09:28:33    USDCHF: eroare enrich — incompatible merge keys [0] dtype('<M8[s]') and dtype('<M8[us]'), must be the same type
2026-06-12 09:28:33    Niciun semnal nou. Pendinge: 0
2026-06-12 09:28:33    Urmatoarea bara 60min @ 10:00:05 — 1892s
2026-06-12 09:34:45  
Oprire manuala.
2026-06-12 09:34:45  
=== SUMAR S5-H1D1 ===
2026-06-12 09:34:45    Semnale: 0
2026-06-12 09:34:48  =================================================================
2026-06-12 09:34:48    S5-H1D1 — GER40+USDCHF H1+D1 | BOTH | OBSERVARE | USDCHF p=0.0896* VIABLE | GER40 p=0.103 borderline
2026-06-12 09:34:48    Piete: ['GER40', 'USDCHF']
2026-06-12 09:34:48    TF: H1 (trend D1) | PW=8 | BOTH
2026-06-12 09:34:48    Output: c:\trading-bot\data\live_signals\session5
2026-06-12 09:34:48  =================================================================
2026-06-12 09:34:48  MT5: 52906593 @ ICMarketsEU-Demo (DEMO)
2026-06-12 09:34:48  Simboluri active: ['DE40', 'USDCHF']
2026-06-12 09:34:48  Pornit. Ctrl+C pentru oprire.

2026-06-12 09:34:48  --- S5-H1D1 iter 1 @ 09:34:48 ---
2026-06-12 09:34:48    DE40: eroare enrich — incompatible merge keys [0] dtype('<M8[s]') and dtype('<M8[us]'), must be the same type
2026-06-12 09:34:49    USDCHF: eroare enrich — incompatible merge keys [0] dtype('<M8[s]') and dtype('<M8[us]'), must be the same type
2026-06-12 09:34:49    Niciun semnal nou. Pendinge: 0
2026-06-12 09:34:49    Urmatoarea bara 60min @ 10:00:05 — 1516s
2026-06-12 09:36:31  
Oprire manuala.
2026-06-12 09:36:31  
=== SUMAR S5-H1D1 ===
2026-06-12 09:36:31    Semnale: 0
2026-06-12 09:36:35  =================================================================
2026-06-12 09:36:35    S5-H1D1 — GER40+USDCHF H1+D1 | BOTH | OBSERVARE | USDCHF p=0.0896* VIABLE | GER40 p=0.103 borderline
2026-06-12 09:36:35    Piete: ['GER40', 'USDCHF']
2026-06-12 09:36:35    TF: H1 (trend D1) | PW=8 | BOTH
2026-06-12 09:36:35    Output: c:\trading-bot\data\live_signals\session5
2026-06-12 09:36:35  =================================================================
2026-06-12 09:36:35  MT5: 52906593 @ ICMarketsEU-Demo (DEMO)
2026-06-12 09:36:35  Simboluri active: ['DE40', 'USDCHF']
2026-06-12 09:36:35  Pornit. Ctrl+C pentru oprire.

2026-06-12 09:36:35  --- S5-H1D1 iter 1 @ 09:36:35 ---
2026-06-12 09:36:35    DE40: eroare enrich — incompatible merge keys [0] dtype('<M8[s]') and dtype('<M8[us]'), must be the same type
2026-06-12 09:36:35    USDCHF: eroare enrich — incompatible merge keys [0] dtype('<M8[s]') and dtype('<M8[us]'), must be the same type
2026-06-12 09:36:35    Niciun semnal nou. Pendinge: 0
2026-06-12 09:36:35    Urmatoarea bara 60min @ 10:00:05 — 1410s
2026-06-12 09:43:33  
Oprire manuala.
2026-06-12 09:43:33  
=== SUMAR S5-H1D1 ===
2026-06-12 09:43:33    Semnale: 0
2026-06-12 09:43:36  =================================================================
2026-06-12 09:43:36    S5-H1D1 — GER40+USDCHF H1+D1 | BOTH | OBSERVARE | USDCHF p=0.0896* VIABLE | GER40 p=0.103 borderline
2026-06-12 09:43:36    Piete: ['GER40', 'USDCHF']
2026-06-12 09:43:36    TF: H1 (trend D1) | PW=8 | BOTH
2026-06-12 09:43:36    Output: c:\trading-bot\data\live_signals\session5
2026-06-12 09:43:36  =================================================================
2026-06-12 09:43:36  MT5: 52906593 @ ICMarketsEU-Demo (DEMO)
2026-06-12 09:43:36  Simboluri active: ['DE40', 'USDCHF']
2026-06-12 09:43:36  Pornit. Ctrl+C pentru oprire.

2026-06-12 09:43:36  --- S5-H1D1 iter 1 @ 09:43:36 ---
2026-06-12 09:43:36    DE40: eroare enrich — incompatible merge keys [0] dtype('<M8[s]') and dtype('<M8[us]'), must be the same type
2026-06-12 09:43:37    USDCHF: eroare enrich — incompatible merge keys [0] dtype('<M8[s]') and dtype('<M8[us]'), must be the same type
2026-06-12 09:43:37    Niciun semnal nou. Pendinge: 0
2026-06-12 09:43:37    Urmatoarea bara 60min @ 10:00:05 — 988s
2026-06-12 10:00:05  --- S5-H1D1 iter 2 @ 10:00:05 ---
2026-06-12 10:00:05    DE40: eroare enrich — incompatible merge keys [0] dtype('<M8[s]') and dtype('<M8[us]'), must be the same type
2026-06-12 10:00:05    USDCHF: eroare enrich — incompatible merge keys [0] dtype('<M8[s]') and dtype('<M8[us]'), must be the same type
2026-06-12 10:00:05    Niciun semnal nou. Pendinge: 0
2026-06-12 10:00:05    Urmatoarea bara 60min @ 11:00:05 — 3600s
2026-06-12 11:00:04  --- S5-H1D1 iter 3 @ 11:00:04 ---
2026-06-12 11:00:05    DE40: eroare enrich — incompatible merge keys [0] dtype('<M8[s]') and dtype('<M8[us]'), must be the same type
2026-06-12 11:00:05    USDCHF: eroare enrich — incompatible merge keys [0] dtype('<M8[s]') and dtype('<M8[us]'), must be the same type
2026-06-12 11:00:05    Niciun semnal nou. Pendinge: 0
2026-06-12 11:00:05    Urmatoarea bara 60min @ 12:00:05 — 3600s
2026-06-12 12:00:05  --- S5-H1D1 iter 4 @ 12:00:05 ---
2026-06-12 12:00:05    DE40: eroare enrich — incompatible merge keys [0] dtype('<M8[s]') and dtype('<M8[us]'), must be the same type
2026-06-12 12:00:05    USDCHF: eroare enrich — incompatible merge keys [0] dtype('<M8[s]') and dtype('<M8[us]'), must be the same type
2026-06-12 12:00:05    Niciun semnal nou. Pendinge: 0
2026-06-12 12:00:05    Urmatoarea bara 60min @ 13:00:05 — 3600s
2026-06-12 13:00:05  --- S5-H1D1 iter 5 @ 13:00:05 ---
2026-06-12 13:00:05    DE40: eroare enrich — incompatible merge keys [0] dtype('<M8[s]') and dtype('<M8[us]'), must be the same type
2026-06-12 13:00:05    USDCHF: eroare enrich — incompatible merge keys [0] dtype('<M8[s]') and dtype('<M8[us]'), must be the same type
2026-06-12 13:00:05    Niciun semnal nou. Pendinge: 0
2026-06-12 13:00:05    Urmatoarea bara 60min @ 14:00:05 — 3600s
2026-06-12 13:45:54  
Oprire manuala.
2026-06-12 13:45:54  
=== SUMAR S5-H1D1 ===
2026-06-12 13:45:54    Semnale: 0
2026-06-12 13:46:01  =================================================================
2026-06-12 13:46:01    S5-H1D1 — GER40+USDCHF H1+D1 | BOTH | OBSERVARE | USDCHF p=0.0896* VIABLE | GER40 p=0.103 borderline
2026-06-12 13:46:01    Piete: ['GER40', 'USDCHF']
2026-06-12 13:46:01    TF: H1 (trend D1) | PW=8 | BOTH
2026-06-12 13:46:01    Output: c:\trading-bot\data\live_signals\session5
2026-06-12 13:46:01  =================================================================
2026-06-12 13:46:01  MT5: 52906593 @ ICMarketsEU-Demo (DEMO)
2026-06-12 13:46:01  Simboluri active: ['DE40', 'USDCHF']
2026-06-12 13:46:01  Pornit. Ctrl+C pentru oprire.

2026-06-12 13:46:01  --- S5-H1D1 iter 1 @ 13:46:01 ---
2026-06-12 13:46:01    Niciun semnal nou. Pendinge: 0
2026-06-12 13:46:01    Urmatoarea bara 60min @ 14:00:05 — 843s
2026-06-12 13:52:19  
Oprire manuala.
2026-06-12 13:52:19  
=== SUMAR S5-H1D1 ===
2026-06-12 13:52:19    Semnale: 0
2026-06-12 13:52:25  =================================================================
2026-06-12 13:52:25    S5-H1D1 — GER40+USDCHF H1+D1 | BOTH | DEMO | USDCHF p=0.0896* VIABLE | GER40 p=0.103 borderline
2026-06-12 13:52:25    Piete: ['GER40', 'USDCHF']
2026-06-12 13:52:25    TF: H1 (trend D1) | PW=8 | BOTH
2026-06-12 13:52:25    Output: c:\trading-bot\data\live_signals\session5
2026-06-12 13:52:25  =================================================================
2026-06-12 13:52:25  MT5: 52906593 @ ICMarketsEU-Demo (DEMO)
2026-06-12 13:52:25  Simboluri active: ['DE40', 'USDCHF']
2026-06-12 13:52:25  Pornit. Ctrl+C pentru oprire.

2026-06-12 13:52:25  --- S5-H1D1 iter 1 @ 13:52:25 ---
2026-06-12 13:52:25    Niciun semnal nou. Pendinge: 0
2026-06-12 13:52:25    Urmatoarea bara 60min @ 14:00:05 — 459s
2026-06-12 14:00:05  --- S5-H1D1 iter 2 @ 14:00:05 ---
2026-06-12 14:00:05    Niciun semnal nou. Pendinge: 0
2026-06-12 14:00:05    Urmatoarea bara 60min @ 15:00:05 — 3600s
2026-06-12 14:39:43  
Oprire manuala.
2026-06-12 14:39:43  
=== SUMAR S5-H1D1 ===
2026-06-12 14:39:43    Semnale: 0
2026-06-12 14:39:51  =================================================================
2026-06-12 14:39:51    S5-H1D1 — GER40+USDCHF H1+D1 | BOTH | DEMO | USDCHF p=0.0896* VIABLE | GER40 p=0.103 borderline
2026-06-12 14:39:51    Piete: ['GER40', 'USDCHF']
2026-06-12 14:39:51    TF: H1 (trend D1) | PW=8 | BOTH
2026-06-12 14:39:51    Output: c:\trading-bot\data\live_signals\session5
2026-06-12 14:39:51  =================================================================
2026-06-12 14:39:51  MT5: 52906593 @ ICMarketsEU-Demo (DEMO)
2026-06-12 14:39:51  Simboluri active: ['DE40', 'USDCHF']
2026-06-12 14:39:51  Pornit. Ctrl+C pentru oprire.

2026-06-12 14:39:51  --- S5-H1D1 iter 1 @ 14:39:51 ---
2026-06-12 14:39:51    Niciun semnal nou. Pendinge: 0
2026-06-12 14:39:51    Urmatoarea bara 60min @ 15:00:05 — 1213s
2026-06-12 15:00:05  --- S5-H1D1 iter 2 @ 15:00:05 ---
2026-06-12 15:00:05    Niciun semnal nou. Pendinge: 0
2026-06-12 15:00:05    Urmatoarea bara 60min @ 16:00:05 — 3600s
2026-06-12 15:09:13  
Oprire manuala.
2026-06-12 15:09:13  
=== SUMAR S5-H1D1 ===
2026-06-12 15:09:13    Semnale: 0
2026-06-12 15:09:20  =================================================================
2026-06-12 15:09:20    S5-H1D1 — GER40+USDCHF H1+D1 | BOTH | DEMO | USDCHF p=0.0896* VIABLE | GER40 p=0.103 borderline
2026-06-12 15:09:20    Piete: ['GER40', 'USDCHF']
2026-06-12 15:09:20    TF: H1 (trend D1) | PW=8 | BOTH
2026-06-12 15:09:20    Output: c:\trading-bot\data\live_signals\session5
2026-06-12 15:09:20  =================================================================
2026-06-12 15:09:20  MT5: 52906593 @ ICMarketsEU-Demo (DEMO)
2026-06-12 15:09:20  Simboluri active: ['DE40', 'USDCHF']
2026-06-12 15:09:20  Pornit. Ctrl+C pentru oprire.

2026-06-12 15:09:20  --- S5-H1D1 iter 1 @ 15:09:20 ---
2026-06-12 15:09:20    *** SEMNAL: S5-H1D1-SIG0001 USDCHF LONG entry=0.79687 sl=0.79461 tp=0.80478 (3.5R) RSI=49
2026-06-12 15:09:20    [EXEC] S5-H1D1-SIG0001: filling=2 → result None
2026-06-12 15:09:20    [EXEC] S5-H1D1-SIG0001: filling=0 → result None
2026-06-12 15:09:20    [EXEC] S5-H1D1-SIG0001: filling=1 → result None
2026-06-12 15:09:20    [EXEC] S5-H1D1-SIG0001: niciun mod de umplere acceptat (filling_mode=2, incercate=[2, 0, 1] + fara filling).
2026-06-12 15:09:20    S5-H1D1-SIG0001: scos din pending (eroare MT5)
2026-06-12 15:09:20    Urmatoarea bara 60min @ 16:00:05 — 3044s
2026-06-12 15:37:40  
Oprire manuala.
2026-06-12 15:37:40  
=== SUMAR S5-H1D1 ===
2026-06-12 15:37:40    Semnale: 1
2026-06-12 15:37:49  =================================================================
2026-06-12 15:37:49    S5-H1D1 — GER40+USDCHF H1+D1 | BOTH | DEMO | USDCHF p=0.0896* VIABLE | GER40 p=0.103 borderline
2026-06-12 15:37:49    Piete: ['GER40', 'USDCHF']
2026-06-12 15:37:49    TF: H1 (trend D1) | PW=8 | BOTH
2026-06-12 15:37:49    Output: c:\trading-bot\data\live_signals\session5
2026-06-12 15:37:49  =================================================================
2026-06-12 15:37:49  MT5: 52906593 @ ICMarketsEU-Demo (DEMO)
2026-06-12 15:37:49  Simboluri active: ['DE40', 'USDCHF']
2026-06-12 15:37:49  Pornit. Ctrl+C pentru oprire.

2026-06-12 15:37:49  --- S5-H1D1 iter 1 @ 15:37:49 ---
2026-06-12 15:37:49    *** SEMNAL: S5-H1D1-SIG0002 USDCHF LONG entry=0.79754 sl=0.79461 tp=0.80780 (3.5R) RSI=53
2026-06-12 15:37:49    [EXEC] S5-H1D1-SIG0002: filling=2 → result None (last_error=(-2, 'Invalid "expiration" argument'))
2026-06-12 15:37:49    [EXEC] S5-H1D1-SIG0002: filling=0 → result None (last_error=(-2, 'Invalid "expiration" argument'))
2026-06-12 15:37:49    [EXEC] S5-H1D1-SIG0002: filling=1 → result None (last_error=(-2, 'Invalid "expiration" argument'))
2026-06-12 15:37:49    [EXEC] S5-H1D1-SIG0002: fara filling → result None (last_error=(-2, 'Invalid "expiration" argument'))
2026-06-12 15:37:49    [EXEC] S5-H1D1-SIG0002: toate order_send → None (conexiune MT5?) — retry bara urm.
2026-06-12 15:37:49    S5-H1D1-SIG0002: pret depasit acum — retry bara urm.
2026-06-12 15:37:49    Urmatoarea bara 60min @ 16:00:05 — 1335s
2026-06-12 16:00:05  --- S5-H1D1 iter 2 @ 16:00:05 ---
2026-06-12 16:00:05    *** SEMNAL: S5-H1D1-SIG0003 USDCHF LONG entry=0.79771 sl=0.79461 tp=0.80856 (3.5R) RSI=53
2026-06-12 16:00:05    [EXEC] S5-H1D1-SIG0003: filling=2 → result None (last_error=(-2, 'Invalid "expiration" argument'))
2026-06-12 16:00:05    [EXEC] S5-H1D1-SIG0003: filling=0 → result None (last_error=(-2, 'Invalid "expiration" argument'))
2026-06-12 16:00:05    [EXEC] S5-H1D1-SIG0003: filling=1 → result None (last_error=(-2, 'Invalid "expiration" argument'))
2026-06-12 16:00:05    [EXEC] S5-H1D1-SIG0003: fara filling → result None (last_error=(-2, 'Invalid "expiration" argument'))
2026-06-12 16:00:05    [EXEC] S5-H1D1-SIG0003: toate order_send → None (conexiune MT5?) — retry bara urm.
2026-06-12 16:00:05    S5-H1D1-SIG0003: pret depasit acum — retry bara urm.
2026-06-12 16:00:05    Urmatoarea bara 60min @ 17:00:05 — 3600s
2026-06-12 16:40:20  
Oprire manuala.
2026-06-12 16:40:20  
=== SUMAR S5-H1D1 ===
2026-06-12 16:40:20    Semnale: 3
2026-06-12 16:40:24  =================================================================
2026-06-12 16:40:24    S5-H1D1 — GER40+USDCHF H1+D1 | BOTH | DEMO | USDCHF p=0.0896* VIABLE | GER40 p=0.103 borderline
2026-06-12 16:40:24    Piete: ['GER40', 'USDCHF']
2026-06-12 16:40:24    TF: H1 (trend D1) | PW=8 | BOTH
2026-06-12 16:40:24    Output: c:\trading-bot\data\live_signals\session5
2026-06-12 16:40:24  =================================================================
2026-06-12 16:40:24  MT5: 52906593 @ ICMarketsEU-Demo (DEMO)
2026-06-12 16:40:24  Simboluri active: ['DE40', 'USDCHF']
2026-06-12 16:40:24  Pornit. Ctrl+C pentru oprire.

2026-06-12 16:40:24  --- S5-H1D1 iter 1 @ 16:40:24 ---
2026-06-12 16:40:24    Niciun semnal nou. Pendinge: 2
2026-06-12 16:40:24    Urmatoarea bara 60min @ 17:00:05 — 1180s
2026-06-12 16:43:57  
Oprire manuala.
2026-06-12 16:43:57  
=== SUMAR S5-H1D1 ===
2026-06-12 16:43:57    Semnale: 3
2026-06-12 16:44:01  =================================================================
2026-06-12 16:44:01    S5-H1D1 — GER40+USDCHF H1+D1 | BOTH | DEMO | USDCHF p=0.0896* VIABLE | GER40 p=0.103 borderline
2026-06-12 16:44:01    Piete: ['GER40', 'USDCHF']
2026-06-12 16:44:01    TF: H1 (trend D1) | PW=8 | BOTH
2026-06-12 16:44:01    Output: c:\trading-bot\data\live_signals\session5
2026-06-12 16:44:01  =================================================================
2026-06-12 16:44:01  MT5: 52906593 @ ICMarketsEU-Demo (DEMO)
2026-06-12 16:44:01  Simboluri active: ['DE40', 'USDCHF']
2026-06-12 16:44:01  Pornit. Ctrl+C pentru oprire.

2026-06-12 16:44:01  --- S5-H1D1 iter 1 @ 16:44:01 ---
2026-06-12 16:44:01    [RETRY] S5-H1D1-SIG0002: incerc plasare ordin (bara precedenta → None)
2026-06-12 16:44:01    [EXEC] S5-H1D1-SIG0002: filling=2 → retcode=10027 (AutoTrading disabled by client)
2026-06-12 16:44:01    S5-H1D1-SIG0002: scos din pending la retry (eroare MT5 reala)
2026-06-12 16:44:01    [RETRY] S5-H1D1-SIG0003: incerc plasare ordin (bara precedenta → None)
2026-06-12 16:44:01    [EXEC] S5-H1D1-SIG0003: filling=2 → retcode=10027 (AutoTrading disabled by client)
2026-06-12 16:44:01    S5-H1D1-SIG0003: scos din pending la retry (eroare MT5 reala)
2026-06-12 16:44:01    Niciun semnal nou. Pendinge: 0
2026-06-12 16:44:01    Urmatoarea bara 60min @ 17:00:05 — 963s
2026-06-12 17:00:05  --- S5-H1D1 iter 2 @ 17:00:05 ---
2026-06-12 17:00:05    Niciun semnal nou. Pendinge: 0
2026-06-12 17:00:05    Urmatoarea bara 60min @ 18:00:05 — 3600s
2026-06-12 18:00:05  --- S5-H1D1 iter 3 @ 18:00:05 ---
2026-06-12 18:00:05    Niciun semnal nou. Pendinge: 0
2026-06-12 18:00:05    Urmatoarea bara 60min @ 19:00:05 — 3600s
2026-06-12 19:00:05  --- S5-H1D1 iter 4 @ 19:00:05 ---
2026-06-12 19:00:05    Niciun semnal nou. Pendinge: 0
2026-06-12 19:00:05    Urmatoarea bara 60min @ 20:00:05 — 3600s
2026-06-12 19:41:22  
Oprire manuala.
2026-06-12 19:41:22  
=== SUMAR S5-H1D1 ===
2026-06-12 19:41:22    Semnale: 3
2026-06-12 19:41:35  =================================================================
2026-06-12 19:41:35    S5-H1D1 — GER40+USDCHF H1+D1 | BOTH | DEMO | USDCHF p=0.0896* VIABLE | GER40 p=0.103 borderline
2026-06-12 19:41:35    Piete: ['GER40', 'USDCHF']
2026-06-12 19:41:35    TF: H1 (trend D1) | PW=8 | BOTH
2026-06-12 19:41:35    Output: c:\trading-bot\data\live_signals\session5
2026-06-12 19:41:35  =================================================================
2026-06-12 19:41:35  MT5: 52906593 @ ICMarketsEU-Demo (DEMO)
2026-06-12 19:41:35  Simboluri active: ['DE40', 'USDCHF']
2026-06-12 19:41:35  Pornit. Ctrl+C pentru oprire.

2026-06-12 19:41:35  --- S5-H1D1 iter 1 @ 19:41:35 ---
2026-06-12 19:41:35    Niciun semnal nou. Pendinge: 0
2026-06-12 19:41:35    Urmatoarea bara 60min @ 20:00:05 — 1109s
2026-06-12 20:00:05  --- S5-H1D1 iter 2 @ 20:00:05 ---
2026-06-12 20:00:05    Niciun semnal nou. Pendinge: 0
2026-06-12 20:00:05    Urmatoarea bara 60min @ 21:00:05 — 3600s
2026-06-12 21:00:05  --- S5-H1D1 iter 3 @ 21:00:05 ---
2026-06-12 21:00:05    Niciun semnal nou. Pendinge: 0
2026-06-12 21:00:05    Urmatoarea bara 60min @ 22:00:05 — 3600s
2026-06-12 22:00:05  --- S5-H1D1 iter 4 @ 22:00:05 ---
2026-06-12 22:00:05    Niciun semnal nou. Pendinge: 0
2026-06-12 22:00:05    Urmatoarea bara 60min @ 23:00:05 — 3600s
2026-06-12 23:00:05  --- S5-H1D1 iter 5 @ 23:00:05 ---
2026-06-12 23:00:05    Niciun semnal nou. Pendinge: 0
2026-06-12 23:00:05    Urmatoarea bara 60min @ 00:00:05 — 3600s
2026-06-13 00:00:05  --- S5-H1D1 iter 6 @ 00:00:05 ---
2026-06-13 00:00:05    Niciun semnal nou. Pendinge: 0
2026-06-13 00:00:05    Urmatoarea bara 60min @ 01:00:05 — 3600s
2026-06-13 01:00:05  --- S5-H1D1 iter 7 @ 01:00:05 ---
2026-06-13 01:00:05    Niciun semnal nou. Pendinge: 0
2026-06-13 01:00:05    Urmatoarea bara 60min @ 02:00:05 — 3600s
2026-06-13 02:00:05  --- S5-H1D1 iter 8 @ 02:00:05 ---
2026-06-13 02:00:05    Niciun semnal nou. Pendinge: 0
2026-06-13 02:00:05    Urmatoarea bara 60min @ 03:00:05 — 3600s
2026-06-13 03:00:05  --- S5-H1D1 iter 9 @ 03:00:05 ---
2026-06-13 03:00:05    Niciun semnal nou. Pendinge: 0
2026-06-13 03:00:05    Urmatoarea bara 60min @ 04:00:05 — 3600s
2026-06-13 04:00:05  --- S5-H1D1 iter 10 @ 04:00:05 ---
2026-06-13 04:00:05    Niciun semnal nou. Pendinge: 0
2026-06-13 04:00:05    Urmatoarea bara 60min @ 05:00:05 — 3600s
2026-06-13 05:00:04  --- S5-H1D1 iter 11 @ 05:00:04 ---
2026-06-13 05:00:05    Niciun semnal nou. Pendinge: 0
2026-06-13 05:00:05    Urmatoarea bara 60min @ 06:00:05 — 3600s
2026-06-13 06:00:05  --- S5-H1D1 iter 12 @ 06:00:05 ---
2026-06-13 06:00:05    Niciun semnal nou. Pendinge: 0
2026-06-13 06:00:05    Urmatoarea bara 60min @ 07:00:05 — 3600s
2026-06-13 07:00:05  --- S5-H1D1 iter 13 @ 07:00:05 ---
2026-06-13 07:00:05    Niciun semnal nou. Pendinge: 0
2026-06-13 07:00:05    Urmatoarea bara 60min @ 08:00:05 — 3600s
2026-06-13 08:00:05  --- S5-H1D1 iter 14 @ 08:00:05 ---
2026-06-13 08:00:05    Niciun semnal nou. Pendinge: 0
2026-06-13 08:00:05    Urmatoarea bara 60min @ 09:00:05 — 3600s
2026-06-13 08:14:11  =================================================================
2026-06-13 08:14:11    S5-H1D1 — GER40+USDCHF H1+D1 | BOTH | DEMO | USDCHF p=0.0896* VIABLE | GER40 p=0.103 borderline
2026-06-13 08:14:11    Piete: ['GER40', 'USDCHF']
2026-06-13 08:14:11    TF: H1 (trend D1) | PW=8 | BOTH
2026-06-13 08:14:11    Output: c:\trading-bot\data\live_signals\session5
2026-06-13 08:14:11  =================================================================
2026-06-13 08:14:16  MT5: 52906593 @ ICMarketsEU-Demo (DEMO)
2026-06-13 08:14:29  Simboluri active: ['DE40', 'USDCHF']
2026-06-13 08:14:29  Pornit. Ctrl+C pentru oprire.

2026-06-13 08:14:29  --- S5-H1D1 iter 1 @ 08:14:29 ---
2026-06-13 08:14:29    Niciun semnal nou. Pendinge: 0
2026-06-13 08:14:29    Urmatoarea bara 60min @ 09:00:05 — 2735s
2026-06-13 12:33:58  =================================================================
2026-06-13 12:33:58    S5-H1D1 — GER40+USDCHF H1+D1 | BOTH | DEMO | USDCHF p=0.0896* VIABLE | GER40 p=0.103 borderline
2026-06-13 12:33:58    Piete: ['GER40', 'USDCHF']
2026-06-13 12:33:58    TF: H1 (trend D1) | PW=8 | BOTH
2026-06-13 12:33:58    Output: c:\trading-bot\data\live_signals\session5
2026-06-13 12:33:58  =================================================================
2026-06-13 12:34:02  MT5: 52906593 @ ICMarketsEU-Demo (DEMO)
2026-06-13 12:34:03  Simboluri active: ['DE40', 'USDCHF']
2026-06-13 12:34:03  Pornit. Ctrl+C pentru oprire.

2026-06-13 12:34:03  --- S5-H1D1 iter 1 @ 12:34:03 ---
2026-06-13 12:34:04    Niciun semnal nou. Pendinge: 0
2026-06-13 12:34:04    Urmatoarea bara 60min @ 13:00:05 — 1561s
2026-06-13 13:00:05  --- S5-H1D1 iter 2 @ 13:00:05 ---
2026-06-13 13:00:05    Niciun semnal nou. Pendinge: 0
2026-06-13 13:00:05    Urmatoarea bara 60min @ 14:00:05 — 3600s
2026-06-13 14:00:05  --- S5-H1D1 iter 3 @ 14:00:05 ---
2026-06-13 14:00:05    Niciun semnal nou. Pendinge: 0
2026-06-13 14:00:05    Urmatoarea bara 60min @ 15:00:05 — 3600s
2026-06-13 15:00:05  --- S5-H1D1 iter 4 @ 15:00:05 ---
2026-06-13 15:00:05    Niciun semnal nou. Pendinge: 0
2026-06-13 15:00:05    Urmatoarea bara 60min @ 16:00:05 — 3600s
2026-06-13 16:00:05  --- S5-H1D1 iter 5 @ 16:00:05 ---
2026-06-13 16:00:05    Niciun semnal nou. Pendinge: 0
2026-06-13 16:00:05    Urmatoarea bara 60min @ 17:00:05 — 3600s
2026-06-13 17:00:05  --- S5-H1D1 iter 6 @ 17:00:05 ---
2026-06-13 17:00:05    Niciun semnal nou. Pendinge: 0
2026-06-13 17:00:05    Urmatoarea bara 60min @ 18:00:05 — 3600s
2026-06-14 09:02:05  =================================================================
2026-06-14 09:02:05    S5-H1D1 — GER40+USDCHF H1+D1 | BOTH | DEMO | USDCHF p=0.0896* VIABLE | GER40 p=0.103 borderline
2026-06-14 09:02:05    Piete: ['GER40', 'USDCHF']
2026-06-14 09:02:05    TF: H1 (trend D1) | PW=8 | BOTH
2026-06-14 09:02:05    Output: c:\trading-bot\data\live_signals\session5
2026-06-14 09:02:05  =================================================================
2026-06-14 09:02:09  MT5: 52906593 @ ICMarketsEU-Demo (DEMO)
2026-06-14 09:02:11  Simboluri active: ['DE40', 'USDCHF']
2026-06-14 09:02:11  Pornit. Ctrl+C pentru oprire.

2026-06-14 09:02:11  --- S5-H1D1 iter 1 @ 09:02:11 ---
2026-06-14 09:02:11    Niciun semnal nou. Pendinge: 0
2026-06-14 09:02:11    Urmatoarea bara 60min @ 10:00:05 — 3474s
2026-06-14 10:00:05  --- S5-H1D1 iter 2 @ 10:00:05 ---
2026-06-14 10:00:05    DE40: eroare H1 — Simbolul 'DE40' nu este disponibil in MT5: (-10001, 'IPC send failed')
2026-06-14 10:00:05    USDCHF: eroare H1 — Simbolul 'USDCHF' nu este disponibil in MT5: (-10001, 'IPC send failed')
2026-06-14 10:00:05    Niciun semnal nou. Pendinge: 0
2026-06-14 10:00:05    Urmatoarea bara 60min @ 11:00:05 — 3600s
2026-06-14 11:00:05  --- S5-H1D1 iter 3 @ 11:00:05 ---
2026-06-14 11:00:05    DE40: eroare H1 — Simbolul 'DE40' nu este disponibil in MT5: (-10001, 'IPC send failed')
2026-06-14 11:00:05    USDCHF: eroare H1 — Simbolul 'USDCHF' nu este disponibil in MT5: (-10001, 'IPC send failed')
2026-06-14 11:00:05    Niciun semnal nou. Pendinge: 0
2026-06-14 11:00:05    Urmatoarea bara 60min @ 12:00:05 — 3600s
2026-06-14 18:27:33  =================================================================
2026-06-14 18:27:33    S5-H1D1 — GER40+USDCHF H1+D1 | BOTH | DEMO | USDCHF p=0.0896* VIABLE | GER40 p=0.103 borderline
2026-06-14 18:27:33    Piete: ['GER40', 'USDCHF']
2026-06-14 18:27:33    TF: H1 (trend D1) | PW=8 | BOTH
2026-06-14 18:27:33    Output: c:\trading-bot\data\live_signals\session5
2026-06-14 18:27:33  =================================================================
2026-06-14 18:27:38  MT5: 52906593 @ ICMarketsEU-Demo (DEMO)
2026-06-14 18:27:39  Simboluri active: ['DE40', 'USDCHF']
2026-06-14 18:27:39  Pornit. Ctrl+C pentru oprire.

2026-06-14 18:27:39  --- S5-H1D1 iter 1 @ 18:27:39 ---
2026-06-14 18:27:39    Niciun semnal nou. Pendinge: 0
2026-06-14 18:27:39    Urmatoarea bara 60min @ 19:00:05 — 1945s
2026-06-14 19:00:05  --- S5-H1D1 iter 2 @ 19:00:05 ---
2026-06-14 19:00:05    Niciun semnal nou. Pendinge: 0
2026-06-14 19:00:05    Urmatoarea bara 60min @ 20:00:05 — 3600s
2026-06-14 20:00:05  --- S5-H1D1 iter 3 @ 20:00:05 ---
2026-06-14 20:00:05    DE40: eroare H1 — Simbolul 'DE40' nu este disponibil in MT5: (-10001, 'IPC send failed')
2026-06-14 20:00:05    USDCHF: eroare H1 — Simbolul 'USDCHF' nu este disponibil in MT5: (-10001, 'IPC send failed')
2026-06-14 20:00:05    Niciun semnal nou. Pendinge: 0
2026-06-14 20:00:05    Urmatoarea bara 60min @ 21:00:05 — 3600s
2026-06-14 21:00:05  --- S5-H1D1 iter 4 @ 21:00:05 ---
2026-06-14 21:00:05    DE40: eroare H1 — Simbolul 'DE40' nu este disponibil in MT5: (-10001, 'IPC send failed')
2026-06-14 21:00:05    USDCHF: eroare H1 — Simbolul 'USDCHF' nu este disponibil in MT5: (-10001, 'IPC send failed')
2026-06-14 21:00:05    Niciun semnal nou. Pendinge: 0
2026-06-14 21:00:05    Urmatoarea bara 60min @ 22:00:05 — 3600s
2026-06-14 22:00:05  --- S5-H1D1 iter 5 @ 22:00:05 ---
2026-06-14 22:00:05    DE40: eroare H1 — Simbolul 'DE40' nu este disponibil in MT5: (-10001, 'IPC send failed')
2026-06-14 22:00:05    USDCHF: eroare H1 — Simbolul 'USDCHF' nu este disponibil in MT5: (-10001, 'IPC send failed')
2026-06-14 22:00:05    Niciun semnal nou. Pendinge: 0
2026-06-14 22:00:05    Urmatoarea bara 60min @ 23:00:05 — 3600s
2026-06-15 09:43:20  =================================================================
2026-06-15 09:43:20    S5-H1D1 — GER40+USDCHF H1+D1 | BOTH | DEMO | USDCHF p=0.0896* VIABLE | GER40 p=0.103 borderline
2026-06-15 09:43:20    Piete: ['GER40', 'USDCHF']
2026-06-15 09:43:20    TF: H1 (trend D1) | PW=8 | BOTH
2026-06-15 09:43:20    Output: c:\trading-bot\data\live_signals\session5
2026-06-15 09:43:20  =================================================================
2026-06-15 09:43:24  MT5: 52906593 @ ICMarketsEU-Demo (DEMO)
2026-06-15 09:43:25  Simboluri active: ['DE40', 'USDCHF']
2026-06-15 09:43:25  Pornit. Ctrl+C pentru oprire.

2026-06-15 09:43:25  --- S5-H1D1 iter 1 @ 09:43:25 ---
2026-06-15 09:43:26    Niciun semnal nou. Pendinge: 0
2026-06-15 09:43:26    Urmatoarea bara 60min @ 10:00:05 — 999s
2026-06-15 10:00:05  --- S5-H1D1 iter 2 @ 10:00:05 ---
2026-06-15 10:00:05    Niciun semnal nou. Pendinge: 0
2026-06-15 10:00:05    Urmatoarea bara 60min @ 11:00:05 — 3600s
2026-06-15 11:00:05  --- S5-H1D1 iter 3 @ 11:00:05 ---
2026-06-15 11:00:05    Niciun semnal nou. Pendinge: 0
2026-06-15 11:00:05    Urmatoarea bara 60min @ 12:00:05 — 3600s
2026-06-15 11:56:25  =================================================================
2026-06-15 11:56:25    S5-H1D1 — GER40+USDCHF H1+D1 | BOTH | DEMO | USDCHF p=0.0896* VIABLE | GER40 p=0.103 borderline
2026-06-15 11:56:25    Piete: ['GER40', 'USDCHF']
2026-06-15 11:56:25    TF: H1 (trend D1) | PW=8 | BOTH
2026-06-15 11:56:25    Output: c:\trading-bot\data\live_signals\session5
2026-06-15 11:56:25  =================================================================
2026-06-15 11:56:25  MT5: 52906593 @ ICMarketsEU-Demo (DEMO)
2026-06-15 11:56:25  Simboluri active: ['DE40', 'USDCHF']
2026-06-15 11:56:25  Pornit. Ctrl+C pentru oprire.

2026-06-15 11:56:25  --- S5-H1D1 iter 1 @ 11:56:25 ---
2026-06-15 11:56:25    Niciun semnal nou. Pendinge: 0
2026-06-15 11:56:25    Urmatoarea bara 60min @ 12:00:05 — 220s
2026-06-15 12:00:05  --- S5-H1D1 iter 2 @ 12:00:05 ---
2026-06-15 12:00:05    Niciun semnal nou. Pendinge: 0
2026-06-15 12:00:05    Urmatoarea bara 60min @ 13:00:05 — 3600s
2026-06-15 13:00:05  --- S5-H1D1 iter 3 @ 13:00:05 ---
2026-06-15 13:00:05    Niciun semnal nou. Pendinge: 0
2026-06-15 13:00:05    Urmatoarea bara 60min @ 14:00:05 — 3600s
2026-06-15 14:00:05  --- S5-H1D1 iter 4 @ 14:00:05 ---
2026-06-15 14:00:05    *** SEMNAL: S5-H1D1-SIG0004 USDCHF SHORT entry=0.79199 sl=0.79475 tp=0.78233 (3.5R) RSI=33
2026-06-15 14:00:05    [EXEC] *** ORDIN: S5-H1D1-SIG0004 USDCHF SHORT 0.01lot @ 0.79199  SL=0.79475  TP=0.78233  ticket=#1706785882
2026-06-15 14:00:05    Urmatoarea bara 60min @ 15:00:05 — 3599s
2026-06-15 15:00:04  --- S5-H1D1 iter 5 @ 15:00:04 ---
2026-06-15 15:00:04    Niciun semnal nou. Pendinge: 1
2026-06-15 15:00:04    Urmatoarea bara 60min @ 16:00:05 — 3600s
2026-06-15 16:00:04  --- S5-H1D1 iter 6 @ 16:00:04 ---
2026-06-15 16:00:04    *** SEMNAL: S5-H1D1-SIG0005 USDCHF SHORT entry=0.79227 sl=0.79475 tp=0.78111 (4.5R) RSI=36
2026-06-15 16:00:06    [EXEC] *** ORDIN: S5-H1D1-SIG0005 USDCHF SHORT 0.01lot @ 0.79227  SL=0.79475  TP=0.78111  ticket=#1707027271
2026-06-15 16:00:12    Urmatoarea bara 60min @ 17:00:05 — 3593s
2026-06-15 17:00:04  --- S5-H1D1 iter 7 @ 17:00:04 ---
2026-06-15 17:00:05    TRIGGERAT: S5-H1D1-SIG0005 USDCHF SHORT @ 0.79227
2026-06-15 17:00:05    Niciun semnal nou. Pendinge: 2
2026-06-15 17:00:05    Urmatoarea bara 60min @ 18:00:05 — 3600s
2026-06-15 18:00:04  --- S5-H1D1 iter 8 @ 18:00:04 ---
2026-06-15 18:00:05    Niciun semnal nou. Pendinge: 2
2026-06-15 18:00:05    Urmatoarea bara 60min @ 19:00:05 — 3600s
2026-06-15 19:00:04  --- S5-H1D1 iter 9 @ 19:00:04 ---
2026-06-15 19:00:05    EXPIRAT: S5-H1D1-SIG0004 USDCHF (>4 bare fara trigger)
2026-06-15 19:00:05    Niciun semnal nou. Pendinge: 1
2026-06-15 19:00:05    Urmatoarea bara 60min @ 20:00:05 — 3600s
2026-06-15 20:00:05  --- S5-H1D1 iter 10 @ 20:00:05 ---
2026-06-15 20:00:05    Niciun semnal nou. Pendinge: 1
2026-06-15 20:00:05    Urmatoarea bara 60min @ 21:00:05 — 3600s
2026-06-15 21:00:05  --- S5-H1D1 iter 11 @ 21:00:05 ---
2026-06-15 21:00:05    Niciun semnal nou. Pendinge: 1
2026-06-15 21:00:05    Urmatoarea bara 60min @ 22:00:05 — 3600s
2026-06-15 22:00:05  --- S5-H1D1 iter 12 @ 22:00:05 ---
2026-06-15 22:00:05    Niciun semnal nou. Pendinge: 1
2026-06-15 22:00:05    Urmatoarea bara 60min @ 23:00:05 — 3600s
2026-06-15 23:00:05  --- S5-H1D1 iter 13 @ 23:00:05 ---
2026-06-15 23:00:05    PIERDERE: S5-H1D1-SIG0005 SL -1.0R
2026-06-15 23:00:05    Niciun semnal nou. Pendinge: 0
2026-06-15 23:00:05    Urmatoarea bara 60min @ 00:00:05 — 3600s
2026-06-16 00:00:05  --- S5-H1D1 iter 14 @ 00:00:05 ---
2026-06-16 00:00:05    Niciun semnal nou. Pendinge: 0
2026-06-16 00:00:05    Urmatoarea bara 60min @ 01:00:05 — 3600s
2026-06-16 01:00:05  --- S5-H1D1 iter 15 @ 01:00:05 ---
2026-06-16 01:00:05    Niciun semnal nou. Pendinge: 0
2026-06-16 01:00:05    Urmatoarea bara 60min @ 02:00:05 — 3600s
2026-06-16 02:00:05  --- S5-H1D1 iter 16 @ 02:00:05 ---
2026-06-16 02:00:05    Niciun semnal nou. Pendinge: 0
2026-06-16 02:00:05    Urmatoarea bara 60min @ 03:00:05 — 3600s
2026-06-16 03:00:05  --- S5-H1D1 iter 17 @ 03:00:05 ---
2026-06-16 03:00:05    Niciun semnal nou. Pendinge: 0
2026-06-16 03:00:05    Urmatoarea bara 60min @ 04:00:05 — 3600s
2026-06-16 04:00:05  --- S5-H1D1 iter 18 @ 04:00:05 ---
2026-06-16 04:00:05    Niciun semnal nou. Pendinge: 0
2026-06-16 04:00:05    Urmatoarea bara 60min @ 05:00:05 — 3600s
2026-06-16 05:00:05  --- S5-H1D1 iter 19 @ 05:00:05 ---
2026-06-16 05:00:05    Niciun semnal nou. Pendinge: 0
2026-06-16 05:00:05    Urmatoarea bara 60min @ 06:00:05 — 3600s
2026-06-16 06:00:05  --- S5-H1D1 iter 20 @ 06:00:05 ---
2026-06-16 06:00:05    Niciun semnal nou. Pendinge: 0
2026-06-16 06:00:05    Urmatoarea bara 60min @ 07:00:05 — 3600s
2026-06-16 07:00:05  --- S5-H1D1 iter 21 @ 07:00:05 ---
2026-06-16 07:00:05    Niciun semnal nou. Pendinge: 0
2026-06-16 07:00:05    Urmatoarea bara 60min @ 08:00:05 — 3600s
2026-06-16 08:00:05  --- S5-H1D1 iter 22 @ 08:00:05 ---
2026-06-16 08:00:05    Niciun semnal nou. Pendinge: 0
2026-06-16 08:00:05    Urmatoarea bara 60min @ 09:00:05 — 3600s
2026-06-16 09:00:04  --- S5-H1D1 iter 23 @ 09:00:04 ---
2026-06-16 09:00:05    Niciun semnal nou. Pendinge: 0
2026-06-16 09:00:05    Urmatoarea bara 60min @ 10:00:05 — 3600s
2026-06-16 10:00:05  --- S5-H1D1 iter 24 @ 10:00:05 ---
2026-06-16 10:00:05    Niciun semnal nou. Pendinge: 0
2026-06-16 10:00:05    Urmatoarea bara 60min @ 11:00:05 — 3600s
2026-06-16 11:00:05  --- S5-H1D1 iter 25 @ 11:00:05 ---
2026-06-16 11:00:05    Niciun semnal nou. Pendinge: 0
2026-06-16 11:00:05    Urmatoarea bara 60min @ 12:00:05 — 3600s
2026-06-16 11:27:30  =================================================================
2026-06-16 11:27:30    S5-H1D1 — GER40+USDCHF H1+D1 | BOTH | DEMO | USDCHF p=0.0896* VIABLE | GER40 p=0.103 borderline
2026-06-16 11:27:30    Piete: ['GER40', 'USDCHF']
2026-06-16 11:27:30    TF: H1 (trend D1) | PW=8 | BOTH
2026-06-16 11:27:30    Output: C:\trading-bot\data\live_signals\session5
2026-06-16 11:27:30  =================================================================
2026-06-16 11:27:30  MT5: 52906593 @ ICMarketsEU-Demo (DEMO)
2026-06-16 11:27:30  Simboluri active: ['DE40', 'USDCHF']
2026-06-16 11:27:30  Pornit. Ctrl+C pentru oprire.

2026-06-16 11:27:30  --- S5-H1D1 iter 1 @ 11:27:30 ---
2026-06-16 11:27:30    *** SEMNAL: S5-H1D1-SIG0006 USDCHF LONG entry=0.79531 sl=0.79400 tp=0.79989 (3.5R) RSI=53
2026-06-16 11:27:31    [EXEC] *** ORDIN: S5-H1D1-SIG0006 USDCHF LONG 0.01lot @ 0.79531  SL=0.79400  TP=0.79989  ticket=#1708886688
2026-06-16 11:27:32    Urmatoarea bara 60min @ 12:00:05 — 1953s
2026-06-16 12:00:05  --- S5-H1D1 iter 2 @ 12:00:05 ---
2026-06-16 12:00:05    Niciun semnal nou. Pendinge: 1
2026-06-16 12:00:05    Urmatoarea bara 60min @ 13:00:05 — 3600s
2026-06-16 13:00:05  --- S5-H1D1 iter 3 @ 13:00:05 ---
2026-06-16 13:00:05    Niciun semnal nou. Pendinge: 1
2026-06-16 13:00:05    Urmatoarea bara 60min @ 14:00:05 — 3600s
2026-06-16 14:00:04  --- S5-H1D1 iter 4 @ 14:00:04 ---
2026-06-16 14:00:05    Niciun semnal nou. Pendinge: 1
2026-06-16 14:00:05    Urmatoarea bara 60min @ 15:00:05 — 3600s
2026-06-16 15:00:05  --- S5-H1D1 iter 5 @ 15:00:04 ---
2026-06-16 15:00:05    Niciun semnal nou. Pendinge: 1
2026-06-16 15:00:05    Urmatoarea bara 60min @ 16:00:05 — 3600s
2026-06-16 16:00:05  --- S5-H1D1 iter 6 @ 16:00:05 ---
2026-06-16 16:00:05    TRIGGERAT: S5-H1D1-SIG0006 USDCHF LONG @ 0.79531
2026-06-16 16:00:05    Niciun semnal nou. Pendinge: 1
2026-06-16 16:00:05    Urmatoarea bara 60min @ 17:00:05 — 3600s
2026-06-16 17:00:05  --- S5-H1D1 iter 7 @ 17:00:05 ---
2026-06-16 17:00:05    Niciun semnal nou. Pendinge: 1
2026-06-16 17:00:05    Urmatoarea bara 60min @ 18:00:05 — 3600s
2026-06-16 17:02:20  =================================================================
2026-06-16 17:02:20    S5-H1D1 — GER40+USDCHF H1+D1 | BOTH | DEMO | USDCHF p=0.0896* VIABLE | GER40 p=0.103 borderline
2026-06-16 17:02:20    Piete: ['GER40', 'USDCHF']
2026-06-16 17:02:20    TF: H1 (trend D1) | PW=8 | BOTH
2026-06-16 17:02:20    Output: C:\trading-bot\data\live_signals\session5
2026-06-16 17:02:20  =================================================================
2026-06-16 17:02:20  MT5: 52906593 @ ICMarketsEU-Demo (DEMO)
2026-06-16 17:02:20  Simboluri active: ['DE40', 'USDCHF']
2026-06-16 17:02:20  Pornit. Ctrl+C pentru oprire.

2026-06-16 17:02:20  --- S5-H1D1 iter 1 @ 17:02:20 ---
2026-06-16 17:02:20    Niciun semnal nou. Pendinge: 1
2026-06-16 17:02:20    Urmatoarea bara 60min @ 18:00:05 — 3465s
2026-06-16 17:42:21  =================================================================
2026-06-16 17:42:21    S5-H1D1 — GER40+USDCHF H1+D1 | BOTH | DEMO | USDCHF p=0.0896* VIABLE | GER40 p=0.103 borderline
2026-06-16 17:42:21    Piete: ['GER40', 'USDCHF']
2026-06-16 17:42:21    TF: H1 (trend D1) | PW=8 | BOTH
2026-06-16 17:42:21    Output: c:\trading-bot\data\live_signals\session5
2026-06-16 17:42:21  =================================================================
2026-06-16 17:42:21  MT5: 52906593 @ ICMarketsEU-Demo (DEMO)
2026-06-16 17:42:21  Simboluri active: ['DE40', 'USDCHF']
2026-06-16 17:42:21  Pornit. Ctrl+C pentru oprire.

2026-06-16 17:42:21  --- S5-H1D1 iter 1 @ 17:42:21 ---
2026-06-16 17:42:21    PIERDERE: S5-H1D1-SIG0006 SL -1.0R
2026-06-16 17:42:21    Niciun semnal nou. Pendinge: 0
2026-06-16 17:42:21    Urmatoarea bara 60min @ 18:00:05 — 1063s
2026-06-16 18:00:05  --- S5-H1D1 iter 2 @ 18:00:05 ---
2026-06-16 18:00:05    Niciun semnal nou. Pendinge: 0
2026-06-16 18:00:05    Urmatoarea bara 60min @ 19:00:05 — 3600s
2026-06-16 19:00:05  --- S5-H1D1 iter 3 @ 19:00:05 ---
2026-06-16 19:00:05    Niciun semnal nou. Pendinge: 0
2026-06-16 19:00:05    Urmatoarea bara 60min @ 20:00:05 — 3600s
2026-06-16 20:00:05  --- S5-H1D1 iter 4 @ 20:00:05 ---
2026-06-16 20:00:05    Niciun semnal nou. Pendinge: 0
2026-06-16 20:00:05    Urmatoarea bara 60min @ 21:00:05 — 3600s
2026-06-16 21:00:05  --- S5-H1D1 iter 5 @ 21:00:05 ---
2026-06-16 21:00:05    Niciun semnal nou. Pendinge: 0
2026-06-16 21:00:05    Urmatoarea bara 60min @ 22:00:05 — 3600s
2026-06-16 21:09:36  =================================================================
2026-06-16 21:09:36    S5-H1D1 — GER40+USDCHF H1+D1 | BOTH | DEMO | USDCHF p=0.0896* VIABLE | GER40 p=0.103 borderline
2026-06-16 21:09:36    Piete: ['GER40', 'USDCHF']
2026-06-16 21:09:36    TF: H1 (trend D1) | PW=8 | BOTH
2026-06-16 21:09:36    Output: c:\trading-bot\data\live_signals\session5
2026-06-16 21:09:36  =================================================================
2026-06-16 21:09:41  MT5: 52906593 @ ICMarketsEU-Demo (DEMO)
2026-06-16 21:09:42  Simboluri active: ['DE40', 'USDCHF']
2026-06-16 21:09:42  Pornit. Ctrl+C pentru oprire.

2026-06-16 21:09:42  --- S5-H1D1 iter 1 @ 21:09:42 ---
2026-06-16 21:09:42    Niciun semnal nou. Pendinge: 0
2026-06-16 21:09:42    Urmatoarea bara 60min @ 22:00:05 — 3023s
2026-06-16 22:00:05  --- S5-H1D1 iter 2 @ 22:00:05 ---
2026-06-16 22:00:05    Niciun semnal nou. Pendinge: 0
2026-06-16 22:00:05    Urmatoarea bara 60min @ 23:00:05 — 3600s
2026-06-16 23:00:04  --- S5-H1D1 iter 3 @ 23:00:04 ---
2026-06-16 23:00:05    Niciun semnal nou. Pendinge: 0
2026-06-16 23:00:05    Urmatoarea bara 60min @ 00:00:05 — 3600s
2026-06-17 00:00:04  --- S5-H1D1 iter 4 @ 00:00:04 ---
2026-06-17 00:00:05    Niciun semnal nou. Pendinge: 0
2026-06-17 00:00:05    Urmatoarea bara 60min @ 01:00:05 — 3600s
2026-06-17 01:00:04  --- S5-H1D1 iter 5 @ 01:00:04 ---
2026-06-17 01:00:05    Niciun semnal nou. Pendinge: 0
2026-06-17 01:00:05    Urmatoarea bara 60min @ 02:00:05 — 3600s
2026-06-17 02:00:04  --- S5-H1D1 iter 6 @ 02:00:04 ---
2026-06-17 02:00:05    Niciun semnal nou. Pendinge: 0
2026-06-17 02:00:05    Urmatoarea bara 60min @ 03:00:05 — 3600s
2026-06-17 03:00:05  --- S5-H1D1 iter 7 @ 03:00:05 ---
2026-06-17 03:00:05    Niciun semnal nou. Pendinge: 0
2026-06-17 03:00:05    Urmatoarea bara 60min @ 04:00:05 — 3600s
2026-06-17 04:00:05  --- S5-H1D1 iter 8 @ 04:00:05 ---
2026-06-17 04:00:05    Niciun semnal nou. Pendinge: 0
2026-06-17 04:00:05    Urmatoarea bara 60min @ 05:00:05 — 3600s
2026-06-17 05:00:05  --- S5-H1D1 iter 9 @ 05:00:05 ---
2026-06-17 05:00:05    Niciun semnal nou. Pendinge: 0
2026-06-17 05:00:05    Urmatoarea bara 60min @ 06:00:05 — 3600s
2026-06-17 06:00:05  --- S5-H1D1 iter 10 @ 06:00:05 ---
2026-06-17 06:00:05    Niciun semnal nou. Pendinge: 0
2026-06-17 06:00:05    Urmatoarea bara 60min @ 07:00:05 — 3600s
2026-06-17 07:00:05  --- S5-H1D1 iter 11 @ 07:00:05 ---
2026-06-17 07:00:05    Niciun semnal nou. Pendinge: 0
2026-06-17 07:00:05    Urmatoarea bara 60min @ 08:00:05 — 3600s
2026-06-17 08:00:04  --- S5-H1D1 iter 12 @ 08:00:04 ---
2026-06-17 08:00:05    Niciun semnal nou. Pendinge: 0
2026-06-17 08:00:05    Urmatoarea bara 60min @ 09:00:05 — 3600s
2026-06-17 09:00:05  --- S5-H1D1 iter 13 @ 09:00:04 ---
2026-06-17 09:00:05    Niciun semnal nou. Pendinge: 0
2026-06-17 09:00:05    Urmatoarea bara 60min @ 10:00:05 — 3599s
2026-06-17 10:00:05  --- S5-H1D1 iter 14 @ 10:00:05 ---
2026-06-17 10:00:05    Niciun semnal nou. Pendinge: 0
2026-06-17 10:00:05    Urmatoarea bara 60min @ 11:00:05 — 3600s
2026-06-17 11:00:05  --- S5-H1D1 iter 15 @ 11:00:05 ---
2026-06-17 11:00:05    Niciun semnal nou. Pendinge: 0
2026-06-17 11:00:05    Urmatoarea bara 60min @ 12:00:05 — 3600s
2026-06-17 12:00:05  --- S5-H1D1 iter 16 @ 12:00:05 ---
2026-06-17 12:00:05    Niciun semnal nou. Pendinge: 0
2026-06-17 12:00:05    Urmatoarea bara 60min @ 13:00:05 — 3600s
2026-06-17 13:00:05  --- S5-H1D1 iter 17 @ 13:00:04 ---
2026-06-17 13:00:05    Niciun semnal nou. Pendinge: 0
2026-06-17 13:00:05    Urmatoarea bara 60min @ 14:00:05 — 3600s
2026-06-17 14:00:05  --- S5-H1D1 iter 18 @ 14:00:05 ---
2026-06-17 14:00:05    Niciun semnal nou. Pendinge: 0
2026-06-17 14:00:05    Urmatoarea bara 60min @ 15:00:05 — 3600s
2026-06-17 15:00:05  --- S5-H1D1 iter 19 @ 15:00:05 ---
2026-06-17 15:00:05    Niciun semnal nou. Pendinge: 0
2026-06-17 15:00:05    Urmatoarea bara 60min @ 16:00:05 — 3600s
2026-06-17 16:00:05  --- S5-H1D1 iter 20 @ 16:00:05 ---
2026-06-17 16:00:05    Niciun semnal nou. Pendinge: 0
2026-06-17 16:00:05    Urmatoarea bara 60min @ 17:00:05 — 3600s
2026-06-17 17:00:05  --- S5-H1D1 iter 21 @ 17:00:05 ---
2026-06-17 17:00:05    Niciun semnal nou. Pendinge: 0
2026-06-17 17:00:05    Urmatoarea bara 60min @ 18:00:05 — 3600s
2026-06-17 18:00:05  --- S5-H1D1 iter 22 @ 18:00:05 ---
2026-06-17 18:00:05    Niciun semnal nou. Pendinge: 0
2026-06-17 18:00:05    Urmatoarea bara 60min @ 19:00:05 — 3600s
2026-06-17 19:00:05  --- S5-H1D1 iter 23 @ 19:00:05 ---
2026-06-17 19:00:05    Niciun semnal nou. Pendinge: 0
2026-06-17 19:00:05    Urmatoarea bara 60min @ 20:00:05 — 3600s
2026-06-17 20:00:05  --- S5-H1D1 iter 24 @ 20:00:05 ---
2026-06-17 20:00:05    Niciun semnal nou. Pendinge: 0
2026-06-17 20:00:05    Urmatoarea bara 60min @ 21:00:05 — 3600s
2026-06-17 21:00:05  --- S5-H1D1 iter 25 @ 21:00:05 ---
2026-06-17 21:00:05    Niciun semnal nou. Pendinge: 0
2026-06-17 21:00:05    Urmatoarea bara 60min @ 22:00:05 — 3600s
2026-06-17 22:00:05  --- S5-H1D1 iter 26 @ 22:00:05 ---
2026-06-17 22:00:05    Niciun semnal nou. Pendinge: 0
2026-06-17 22:00:05    Urmatoarea bara 60min @ 23:00:05 — 3600s
2026-06-17 23:00:05  --- S5-H1D1 iter 27 @ 23:00:05 ---
2026-06-17 23:00:05    Niciun semnal nou. Pendinge: 0
2026-06-17 23:00:05    Urmatoarea bara 60min @ 00:00:05 — 3600s
2026-06-18 00:00:05  --- S5-H1D1 iter 28 @ 00:00:05 ---
2026-06-18 00:00:05    Niciun semnal nou. Pendinge: 0
2026-06-18 00:00:05    Urmatoarea bara 60min @ 01:00:05 — 3600s
2026-06-18 01:00:05  --- S5-H1D1 iter 29 @ 01:00:05 ---
2026-06-18 01:00:05    Niciun semnal nou. Pendinge: 0
2026-06-18 01:00:05    Urmatoarea bara 60min @ 02:00:05 — 3600s
2026-06-18 02:00:05  --- S5-H1D1 iter 30 @ 02:00:05 ---
2026-06-18 02:00:05    Niciun semnal nou. Pendinge: 0
2026-06-18 02:00:05    Urmatoarea bara 60min @ 03:00:05 — 3600s
2026-06-18 03:00:05  --- S5-H1D1 iter 31 @ 03:00:05 ---
2026-06-18 03:00:05    Niciun semnal nou. Pendinge: 0
2026-06-18 03:00:05    Urmatoarea bara 60min @ 04:00:05 — 3600s
2026-06-18 04:00:05  --- S5-H1D1 iter 32 @ 04:00:05 ---
2026-06-18 04:00:05    Niciun semnal nou. Pendinge: 0
2026-06-18 04:00:05    Urmatoarea bara 60min @ 05:00:05 — 3600s
2026-06-18 05:00:05  --- S5-H1D1 iter 33 @ 05:00:05 ---
2026-06-18 05:00:05    Niciun semnal nou. Pendinge: 0
2026-06-18 05:00:05    Urmatoarea bara 60min @ 06:00:05 — 3600s
2026-06-18 06:00:05  --- S5-H1D1 iter 34 @ 06:00:05 ---
2026-06-18 06:00:05    Niciun semnal nou. Pendinge: 0
2026-06-18 06:00:05    Urmatoarea bara 60min @ 07:00:05 — 3600s
2026-06-18 07:00:05  --- S5-H1D1 iter 35 @ 07:00:05 ---
2026-06-18 07:00:05    Niciun semnal nou. Pendinge: 0
2026-06-18 07:00:05    Urmatoarea bara 60min @ 08:00:05 — 3600s
2026-06-18 08:00:05  --- S5-H1D1 iter 36 @ 08:00:05 ---
2026-06-18 08:00:05    Niciun semnal nou. Pendinge: 0
2026-06-18 08:00:05    Urmatoarea bara 60min @ 09:00:05 — 3600s
2026-06-18 09:00:05  --- S5-H1D1 iter 37 @ 09:00:05 ---
2026-06-18 09:00:05    *** SEMNAL: S5-H1D1-SIG0007 USDCHF LONG entry=0.79977 sl=0.79800 tp=0.80596 (3.5R) RSI=68
2026-06-18 09:00:05    [EXEC] *** ORDIN: S5-H1D1-SIG0007 USDCHF LONG 0.01lot @ 0.79977  SL=0.79800  TP=0.80596  ticket=#1713948136
2026-06-18 09:00:06    Urmatoarea bara 60min @ 10:00:05 — 3599s
2026-06-18 10:00:05  --- S5-H1D1 iter 38 @ 10:00:05 ---
2026-06-18 10:00:05    Niciun semnal nou. Pendinge: 1
2026-06-18 10:00:05    Urmatoarea bara 60min @ 11:00:05 — 3600s
2026-06-18 11:00:05  --- S5-H1D1 iter 39 @ 11:00:05 ---
2026-06-18 11:00:05    TRIGGERAT: S5-H1D1-SIG0007 USDCHF LONG @ 0.79977
2026-06-18 11:00:05    *** SEMNAL: S5-H1D1-SIG0008 USDCHF LONG entry=0.80097 sl=0.79802 tp=0.81129 (3.5R) RSI=68
2026-06-18 11:00:05    [EXEC] *** ORDIN: S5-H1D1-SIG0008 USDCHF LONG 0.01lot @ 0.80097  SL=0.79802  TP=0.81129  ticket=#1714152805
2026-06-18 11:00:05    Urmatoarea bara 60min @ 12:00:05 — 3599s
2026-06-18 12:00:05  --- S5-H1D1 iter 40 @ 12:00:05 ---
2026-06-18 12:00:05    TRIGGERAT: S5-H1D1-SIG0008 USDCHF LONG @ 0.80097
2026-06-18 12:00:05    Niciun semnal nou. Pendinge: 2
2026-06-18 12:00:05    Urmatoarea bara 60min @ 13:00:05 — 3600s
2026-06-18 13:00:05  --- S5-H1D1 iter 41 @ 13:00:05 ---
2026-06-18 13:00:05    Niciun semnal nou. Pendinge: 2
2026-06-18 13:00:05    Urmatoarea bara 60min @ 14:00:05 — 3600s
2026-06-18 14:00:05  --- S5-H1D1 iter 42 @ 14:00:05 ---
2026-06-18 14:00:05    Niciun semnal nou. Pendinge: 2
2026-06-18 14:00:05    Urmatoarea bara 60min @ 15:00:05 — 3600s
2026-06-18 15:00:05  --- S5-H1D1 iter 43 @ 15:00:05 ---
2026-06-18 15:00:05    Niciun semnal nou. Pendinge: 2
2026-06-18 15:00:05    Urmatoarea bara 60min @ 16:00:05 — 3600s
2026-06-18 16:00:05  --- S5-H1D1 iter 44 @ 16:00:05 ---
2026-06-18 16:00:05    *** SEMNAL: S5-H1D1-SIG0009 DE40 LONG entry=25040.70020 sl=24846.69980 tp=25913.70200 (4.5R) RSI=59
2026-06-18 16:00:33    [EXEC] *** ORDIN: S5-H1D1-SIG0009 DE40 LONG 0.1lot @ 25040.70020  SL=24846.69980  TP=25913.70200  ticket=#1714787517
2026-06-18 16:00:34    Urmatoarea bara 60min @ 17:00:05 — 3571s
2026-06-18 17:00:05  --- S5-H1D1 iter 45 @ 17:00:05 ---
2026-06-18 17:00:05    TRIGGERAT: S5-H1D1-SIG0009 DE40 LONG @ 25040.70020
2026-06-18 17:00:05    Niciun semnal nou. Pendinge: 3
2026-06-18 17:00:05    Urmatoarea bara 60min @ 18:00:05 — 3600s
2026-06-18 18:00:05  --- S5-H1D1 iter 46 @ 18:00:05 ---
2026-06-18 18:00:05    Niciun semnal nou. Pendinge: 3
2026-06-18 18:00:05    Urmatoarea bara 60min @ 19:00:05 — 3600s
2026-06-18 19:00:05  --- S5-H1D1 iter 47 @ 19:00:05 ---
2026-06-18 19:00:05    Niciun semnal nou. Pendinge: 3
2026-06-18 19:00:05    Urmatoarea bara 60min @ 20:00:05 — 3600s
2026-06-18 20:00:05  --- S5-H1D1 iter 48 @ 20:00:05 ---
2026-06-18 20:00:05    Niciun semnal nou. Pendinge: 3
2026-06-18 20:00:05    Urmatoarea bara 60min @ 21:00:05 — 3600s
2026-06-18 21:00:05  --- S5-H1D1 iter 49 @ 21:00:05 ---
2026-06-18 21:00:05    Niciun semnal nou. Pendinge: 3
2026-06-18 21:00:05    Urmatoarea bara 60min @ 22:00:05 — 3600s
2026-06-18 23:40:42    [PROFIL] Profil 'Standard Profile' aplicat pe session5.
2026-06-18 23:40:42  =================================================================
2026-06-18 23:40:42    S5-H1D1 — GER40+USDCHF H1+D1 | BOTH | DEMO | USDCHF p=0.0896* VIABLE | GER40 p=0.103 borderline
2026-06-18 23:40:42    Piete: ['GER40', 'USDCHF']
2026-06-18 23:40:42    TF: H1 (trend D1) | PW=8 | BOTH
2026-06-18 23:40:42    Output: C:\trading-bot\data\live_signals\session5
2026-06-18 23:40:42  =================================================================
2026-06-18 23:40:42  MT5: 52906593 @ ICMarketsEU-Demo (DEMO)
2026-06-18 23:40:42    [RECONCIL] S5-H1D1-SIG0004 ticket #1706785882 anulat/respins (state=2) — scos din tracking
2026-06-18 23:40:42    [RECONCIL] Curatate 1 ticket(e) orfane; semnalele raman in pending si vor expira natural.
2026-06-18 23:40:42  Simboluri active: ['DE40', 'USDCHF']
2026-06-18 23:40:42  Pornit. Ctrl+C pentru oprire.

2026-06-18 23:40:42  --- S5-H1D1 iter 1 @ 23:40:42 ---
2026-06-18 23:40:42    [MT5] Pozitie #1713948136 inchisa: exit=0.80598  result=+3.508R  [TP]
2026-06-18 23:40:42    PROFIT (MT5): S5-H1D1-SIG0007 TP +3.508R
2026-06-18 23:40:43    Niciun semnal nou. Pendinge: 2
2026-06-18 23:40:43    Urmatoarea bara 60min @ 00:00:05 — 1162s
2026-06-18 23:50:20    [PROFIL] Profil 'Standard Profile' aplicat pe session5.
2026-06-18 23:50:20  =================================================================
2026-06-18 23:50:20    S5-H1D1 — GER40+USDCHF H1+D1 | BOTH | DEMO | USDCHF p=0.0896* VIABLE | GER40 p=0.103 borderline
2026-06-18 23:50:20    Piete: ['GER40', 'USDCHF']
2026-06-18 23:50:20    TF: H1 (trend D1) | PW=8 | BOTH
2026-06-18 23:50:20    Output: C:\trading-bot\data\live_signals\session5
2026-06-18 23:50:20  =================================================================
2026-06-18 23:50:20  MT5: 52906593 @ ICMarketsEU-Demo (DEMO)
2026-06-18 23:50:20  Simboluri active: ['DE40', 'USDCHF']
2026-06-18 23:50:20  Pornit. Ctrl+C pentru oprire.

2026-06-18 23:50:20  --- S5-H1D1 iter 1 @ 23:50:20 ---
2026-06-18 23:50:20    Niciun semnal nou. Pendinge: 2
2026-06-18 23:50:20    Urmatoarea bara 60min @ 00:00:05 — 584s
2026-06-19 00:00:05  --- S5-H1D1 iter 2 @ 00:00:05 ---
2026-06-19 00:00:05    Niciun semnal nou. Pendinge: 2
2026-06-19 00:00:05    Urmatoarea bara 60min @ 01:00:05 — 3600s
2026-06-19 01:00:05  --- S5-H1D1 iter 3 @ 01:00:05 ---
2026-06-19 01:00:05    Niciun semnal nou. Pendinge: 2
2026-06-19 01:00:05    Urmatoarea bara 60min @ 02:00:05 — 3600s
2026-06-19 02:00:05  --- S5-H1D1 iter 4 @ 02:00:05 ---
2026-06-19 02:00:05    Niciun semnal nou. Pendinge: 2
2026-06-19 02:00:05    Urmatoarea bara 60min @ 03:00:05 — 3600s
2026-06-19 03:00:05  --- S5-H1D1 iter 5 @ 03:00:05 ---
2026-06-19 03:00:05    Niciun semnal nou. Pendinge: 2
2026-06-19 03:00:05    Urmatoarea bara 60min @ 04:00:05 — 3600s
2026-06-19 04:00:05  --- S5-H1D1 iter 6 @ 04:00:05 ---
2026-06-19 04:00:05    Niciun semnal nou. Pendinge: 2
2026-06-19 04:00:05    Urmatoarea bara 60min @ 05:00:05 — 3600s
2026-06-19 05:00:05  --- S5-H1D1 iter 7 @ 05:00:05 ---
2026-06-19 05:00:05    Niciun semnal nou. Pendinge: 2
2026-06-19 05:00:05    Urmatoarea bara 60min @ 06:00:05 — 3600s
2026-06-19 06:00:05  --- S5-H1D1 iter 8 @ 06:00:05 ---
2026-06-19 06:00:05    Niciun semnal nou. Pendinge: 2
2026-06-19 06:00:05    Urmatoarea bara 60min @ 07:00:05 — 3600s
2026-06-19 07:00:05  --- S5-H1D1 iter 9 @ 07:00:05 ---
2026-06-19 07:00:05    Niciun semnal nou. Pendinge: 2
2026-06-19 07:00:05    Urmatoarea bara 60min @ 08:00:05 — 3600s
2026-06-19 08:00:05  --- S5-H1D1 iter 10 @ 08:00:05 ---
2026-06-19 08:00:05    Niciun semnal nou. Pendinge: 2
2026-06-19 08:00:05    Urmatoarea bara 60min @ 09:00:05 — 3600s
2026-06-19 09:00:05  --- S5-H1D1 iter 11 @ 09:00:05 ---
2026-06-19 09:00:05    Niciun semnal nou. Pendinge: 2
2026-06-19 09:00:05    Urmatoarea bara 60min @ 10:00:05 — 3600s
2026-06-19 10:00:05  --- S5-H1D1 iter 12 @ 10:00:05 ---
2026-06-19 10:00:05    Niciun semnal nou. Pendinge: 2
2026-06-19 10:00:05    Urmatoarea bara 60min @ 11:00:05 — 3600s
2026-06-19 11:00:05  --- S5-H1D1 iter 13 @ 11:00:05 ---
2026-06-19 11:00:05    Niciun semnal nou. Pendinge: 2
2026-06-19 11:00:05    Urmatoarea bara 60min @ 12:00:05 — 3600s
2026-06-19 12:00:05  --- S5-H1D1 iter 14 @ 12:00:05 ---
2026-06-19 12:00:05    Niciun semnal nou. Pendinge: 2
2026-06-19 12:00:05    Urmatoarea bara 60min @ 13:00:05 — 3600s
2026-06-19 13:00:05  --- S5-H1D1 iter 15 @ 13:00:05 ---
2026-06-19 13:00:05    Niciun semnal nou. Pendinge: 2
2026-06-19 13:00:05    Urmatoarea bara 60min @ 14:00:05 — 3600s
2026-06-19 14:00:05  --- S5-H1D1 iter 16 @ 14:00:05 ---
2026-06-19 14:00:05    Niciun semnal nou. Pendinge: 2
2026-06-19 14:00:05    Urmatoarea bara 60min @ 15:00:05 — 3600s
2026-06-19 15:00:05  --- S5-H1D1 iter 17 @ 15:00:05 ---
2026-06-19 15:00:05    Niciun semnal nou. Pendinge: 2
2026-06-19 15:00:05    Urmatoarea bara 60min @ 16:00:05 — 3600s
2026-06-19 16:00:05  --- S5-H1D1 iter 18 @ 16:00:05 ---
2026-06-19 16:00:05    Niciun semnal nou. Pendinge: 2
2026-06-19 16:00:05    Urmatoarea bara 60min @ 17:00:05 — 3600s
2026-06-19 17:00:05  --- S5-H1D1 iter 19 @ 17:00:05 ---
2026-06-19 17:00:05    Niciun semnal nou. Pendinge: 2
2026-06-19 17:00:05    Urmatoarea bara 60min @ 18:00:05 — 3600s
2026-06-19 18:00:05  --- S5-H1D1 iter 20 @ 18:00:05 ---
2026-06-19 18:00:05    Niciun semnal nou. Pendinge: 2
2026-06-19 18:00:05    Urmatoarea bara 60min @ 19:00:05 — 3600s
2026-06-19 19:00:05  --- S5-H1D1 iter 21 @ 19:00:05 ---
2026-06-19 19:00:05    Niciun semnal nou. Pendinge: 2
2026-06-19 19:00:05    Urmatoarea bara 60min @ 20:00:05 — 3600s
2026-06-19 20:00:05  --- S5-H1D1 iter 22 @ 20:00:05 ---
2026-06-19 20:00:05    [VINERI] Ora 20:00 >= 20:00 — inchid pozitii deschise.
2026-06-19 20:00:05    [VINERI] S5-H1D1-SIG0008 USDCHF LONG inchis: exit=0.807390  result=+2.176R
2026-06-19 20:00:06    [VINERI] S5-H1D1-SIG0009 DE40 LONG inchis: exit=24994.100000  result=-0.240R
2026-06-19 20:00:11    Niciun semnal nou. Pendinge: 0
2026-06-19 20:00:11    Urmatoarea bara 60min @ 21:00:05 — 3593s
2026-06-19 21:00:05  --- S5-H1D1 iter 23 @ 21:00:05 ---
2026-06-19 21:00:05    Niciun semnal nou. Pendinge: 0
2026-06-19 21:00:05    Urmatoarea bara 60min @ 22:00:05 — 3600s
2026-06-20 09:37:54    [PROFIL] Profil 'Standard Profile' aplicat pe session5.
2026-06-20 09:37:54  =================================================================
2026-06-20 09:37:54    S5-H1D1 — GER40+USDCHF H1+D1 | BOTH | DEMO | USDCHF p=0.0896* VIABLE | GER40 p=0.103 borderline
2026-06-20 09:37:54    Piete: ['GER40', 'USDCHF']
2026-06-20 09:37:54    TF: H1 (trend D1) | PW=8 | BOTH
2026-06-20 09:37:54    Output: c:\trading-bot\data\live_signals\session5
2026-06-20 09:37:54  =================================================================
2026-06-20 09:37:58  MT5: 52906593 @ ICMarketsEU-Demo (DEMO)
2026-06-20 09:37:59  Simboluri active: ['DE40', 'USDCHF']
2026-06-20 09:37:59  Pornit. Ctrl+C pentru oprire.

2026-06-20 09:37:59  --- S5-H1D1 iter 1 @ 09:37:59 ---
2026-06-20 09:37:59    Niciun semnal nou. Pendinge: 0
2026-06-20 09:37:59    Urmatoarea bara 60min @ 10:00:05 — 1325s
2026-06-20 10:00:05  --- S5-H1D1 iter 2 @ 10:00:05 ---
2026-06-20 10:00:05    Niciun semnal nou. Pendinge: 0
2026-06-20 10:00:05    Urmatoarea bara 60min @ 11:00:05 — 3599s
2026-06-20 11:00:05  --- S5-H1D1 iter 3 @ 11:00:05 ---
2026-06-20 11:00:05    Niciun semnal nou. Pendinge: 0
2026-06-20 11:00:05    Urmatoarea bara 60min @ 12:00:05 — 3600s
2026-06-20 12:00:05  --- S5-H1D1 iter 4 @ 12:00:05 ---
2026-06-20 12:00:05    Niciun semnal nou. Pendinge: 0
2026-06-20 12:00:05    Urmatoarea bara 60min @ 13:00:05 — 3600s
2026-06-20 13:00:05  --- S5-H1D1 iter 5 @ 13:00:05 ---
2026-06-20 13:00:05    Niciun semnal nou. Pendinge: 0
2026-06-20 13:00:05    Urmatoarea bara 60min @ 14:00:05 — 3600s
2026-06-20 14:00:05  --- S5-H1D1 iter 6 @ 14:00:05 ---
2026-06-20 14:00:05    Niciun semnal nou. Pendinge: 0
2026-06-20 14:00:05    Urmatoarea bara 60min @ 15:00:05 — 3600s
2026-06-21 10:16:02    [PROFIL] Profil 'Standard Profile' aplicat pe session5.
2026-06-21 10:16:02  =================================================================
2026-06-21 10:16:02    S5-H1D1 — GER40+USDCHF H1+D1 | BOTH | DEMO | USDCHF p=0.0896* VIABLE | GER40 p=0.103 borderline
2026-06-21 10:16:02    Piete: ['GER40', 'USDCHF']
2026-06-21 10:16:02    TF: H1 (trend D1) | PW=8 | BOTH
2026-06-21 10:16:02    Output: c:\trading-bot\data\live_signals\session5
2026-06-21 10:16:02  =================================================================
2026-06-21 10:16:09  MT5: 52906593 @ ICMarketsEU-Demo (DEMO)
2026-06-21 10:16:11  Simboluri active: ['DE40', 'USDCHF']
2026-06-21 10:16:11  Pornit. Ctrl+C pentru oprire.

2026-06-21 10:16:11  --- S5-H1D1 iter 1 @ 10:16:11 ---
2026-06-21 10:16:11    Niciun semnal nou. Pendinge: 0
2026-06-21 10:16:11    Urmatoarea bara 60min @ 11:00:05 — 2633s
2026-06-22 08:52:40    [PROFIL] Profil 'Standard Profile' aplicat pe session5.
2026-06-22 08:52:40  =================================================================
2026-06-22 08:52:40    S5-H1D1 — GER40+USDCHF H1+D1 | BOTH | DEMO | USDCHF p=0.0896* VIABLE | GER40 p=0.103 borderline
2026-06-22 08:52:40    Piete: ['GER40', 'USDCHF']
2026-06-22 08:52:40    TF: H1 (trend D1) | PW=8 | BOTH
2026-06-22 08:52:40    Output: c:\trading-bot\data\live_signals\session5
2026-06-22 08:52:40  =================================================================
2026-06-22 08:52:45  MT5: 52906593 @ ICMarketsEU-Demo (DEMO)
2026-06-22 08:52:48  Simboluri active: ['DE40', 'USDCHF']
2026-06-22 08:52:48  Pornit. Ctrl+C pentru oprire.

2026-06-22 08:52:48  --- S5-H1D1 iter 1 @ 08:52:48 ---
2026-06-22 08:52:48    Niciun semnal nou. Pendinge: 0
2026-06-22 08:52:48    Urmatoarea bara 60min @ 09:00:05 — 436s
2026-06-22 09:00:05  --- S5-H1D1 iter 2 @ 09:00:05 ---
2026-06-22 09:00:05    Niciun semnal nou. Pendinge: 0
2026-06-22 09:00:05    Urmatoarea bara 60min @ 10:00:05 — 3600s
2026-06-22 10:00:05  --- S5-H1D1 iter 3 @ 10:00:05 ---
2026-06-22 10:00:05    Niciun semnal nou. Pendinge: 0
2026-06-22 10:00:05    Urmatoarea bara 60min @ 11:00:05 — 3600s
2026-06-22 11:00:05  --- S5-H1D1 iter 4 @ 11:00:05 ---
2026-06-22 11:00:05    *** SEMNAL: S5-H1D1-SIG0010 USDCHF LONG entry=0.80924 sl=0.80689 tp=0.81981 (4.5R) RSI=63
2026-06-22 11:00:05    [EXEC] *** ORDIN: S5-H1D1-SIG0010 USDCHF LONG 0.01lot @ 0.80924  SL=0.80689  TP=0.81981  ticket=#1719484594
2026-06-22 11:00:05    Urmatoarea bara 60min @ 12:00:05 — 3599s
2026-06-22 12:00:05  --- S5-H1D1 iter 5 @ 12:00:05 ---
2026-06-22 12:00:05    Niciun semnal nou. Pendinge: 1
2026-06-22 12:00:05    Urmatoarea bara 60min @ 13:00:05 — 3600s
2026-06-22 13:00:05  --- S5-H1D1 iter 6 @ 13:00:05 ---
2026-06-22 13:00:05    Niciun semnal nou. Pendinge: 1
2026-06-22 13:00:05    Urmatoarea bara 60min @ 14:00:05 — 3600s
2026-06-22 14:00:02  --- S5-H1D1 iter 7 @ 14:00:02 ---
2026-06-22 14:00:02    Niciun semnal nou. Pendinge: 1
2026-06-22 14:00:02    Urmatoarea bara 60min @ 15:00:05 — 3602s
2026-06-22 15:00:05  --- S5-H1D1 iter 8 @ 15:00:05 ---
2026-06-22 15:00:05    Niciun semnal nou. Pendinge: 1
2026-06-22 15:00:05    Urmatoarea bara 60min @ 16:00:05 — 3600s
2026-06-22 16:00:05  --- S5-H1D1 iter 9 @ 16:00:05 ---
2026-06-22 16:00:50    [EXEC] S5-H1D1-SIG0010: ordin MT5 #1719484594 anulat (expirat)
2026-06-22 16:00:50    EXPIRAT: S5-H1D1-SIG0010 USDCHF (>4 bare fara trigger)
2026-06-22 16:00:50    Niciun semnal nou. Pendinge: 0
2026-06-22 16:00:50    Urmatoarea bara 60min @ 17:00:05 — 3555s
2026-06-22 17:00:05  --- S5-H1D1 iter 10 @ 17:00:05 ---
2026-06-22 17:00:05    Niciun semnal nou. Pendinge: 0
2026-06-22 17:00:05    Urmatoarea bara 60min @ 18:00:05 — 3600s
2026-06-22 18:00:05  --- S5-H1D1 iter 11 @ 18:00:05 ---
2026-06-22 18:00:05    Niciun semnal nou. Pendinge: 0
2026-06-22 18:00:05    Urmatoarea bara 60min @ 19:00:05 — 3600s
2026-06-22 19:00:05  --- S5-H1D1 iter 12 @ 19:00:05 ---
2026-06-22 19:00:05    Niciun semnal nou. Pendinge: 0
2026-06-22 19:00:05    Urmatoarea bara 60min @ 20:00:05 — 3600s
2026-06-22 20:00:05  --- S5-H1D1 iter 13 @ 20:00:05 ---
2026-06-22 20:00:05    Niciun semnal nou. Pendinge: 0
2026-06-22 20:00:05    Urmatoarea bara 60min @ 21:00:05 — 3599s
2026-06-22 21:00:05  --- S5-H1D1 iter 14 @ 21:00:05 ---
2026-06-22 21:00:05    Niciun semnal nou. Pendinge: 0
2026-06-22 21:00:05    Urmatoarea bara 60min @ 22:00:05 — 3600s
2026-06-22 22:00:05  --- S5-H1D1 iter 15 @ 22:00:05 ---
2026-06-22 22:00:05    Niciun semnal nou. Pendinge: 0
2026-06-22 22:00:05    Urmatoarea bara 60min @ 23:00:05 — 3600s
2026-06-22 23:00:05  --- S5-H1D1 iter 16 @ 23:00:05 ---
2026-06-22 23:00:05    Niciun semnal nou. Pendinge: 0
2026-06-22 23:00:05    Urmatoarea bara 60min @ 00:00:05 — 3600s
2026-06-23 00:00:05  --- S5-H1D1 iter 17 @ 00:00:05 ---
2026-06-23 00:00:11    Niciun semnal nou. Pendinge: 0
2026-06-23 00:00:11    Urmatoarea bara 60min @ 01:00:05 — 3594s
2026-06-23 01:00:05  --- S5-H1D1 iter 18 @ 01:00:05 ---
2026-06-23 01:00:06    Niciun semnal nou. Pendinge: 0
2026-06-23 01:00:06    Urmatoarea bara 60min @ 02:00:05 — 3598s
2026-06-23 02:00:05  --- S5-H1D1 iter 19 @ 02:00:05 ---
2026-06-23 02:00:08    Niciun semnal nou. Pendinge: 0
2026-06-23 02:00:08    Urmatoarea bara 60min @ 03:00:05 — 3597s
2026-06-23 03:00:05  --- S5-H1D1 iter 20 @ 03:00:05 ---
2026-06-23 03:00:05    Niciun semnal nou. Pendinge: 0
2026-06-23 03:00:05    Urmatoarea bara 60min @ 04:00:05 — 3599s
2026-06-23 04:00:05  --- S5-H1D1 iter 21 @ 04:00:05 ---
2026-06-23 04:00:05    Niciun semnal nou. Pendinge: 0
2026-06-23 04:00:05    Urmatoarea bara 60min @ 05:00:05 — 3599s
2026-06-23 05:00:05  --- S5-H1D1 iter 22 @ 05:00:05 ---
2026-06-23 05:00:06    Niciun semnal nou. Pendinge: 0
2026-06-23 05:00:06    Urmatoarea bara 60min @ 06:00:05 — 3598s
2026-06-23 06:00:05  --- S5-H1D1 iter 23 @ 06:00:05 ---
2026-06-23 06:00:06    Niciun semnal nou. Pendinge: 0
2026-06-23 06:00:06    Urmatoarea bara 60min @ 07:00:05 — 3599s
2026-06-23 07:00:05  --- S5-H1D1 iter 24 @ 07:00:05 ---
2026-06-23 07:00:05    Niciun semnal nou. Pendinge: 0
2026-06-23 07:00:05    Urmatoarea bara 60min @ 08:00:05 — 3599s
2026-06-23 08:00:05  --- S5-H1D1 iter 25 @ 08:00:05 ---
2026-06-23 08:00:05    *** SEMNAL: S5-H1D1-SIG0011 USDCHF LONG entry=0.80947 sl=0.80724 tp=0.81950 (4.5R) RSI=58
2026-06-23 08:00:07    [EXEC] *** ORDIN: S5-H1D1-SIG0011 USDCHF LONG 0.01lot @ 0.80947  SL=0.80724  TP=0.81950  ticket=#1721765021
2026-06-23 08:00:07    Urmatoarea bara 60min @ 09:00:05 — 3597s
2026-06-23 09:00:05  --- S5-H1D1 iter 26 @ 09:00:05 ---
2026-06-23 09:00:05    Niciun semnal nou. Pendinge: 1
2026-06-23 09:00:05    Urmatoarea bara 60min @ 10:00:05 — 3599s
2026-06-23 10:00:05  --- S5-H1D1 iter 27 @ 10:00:05 ---
2026-06-23 10:00:05    Niciun semnal nou. Pendinge: 1
2026-06-23 10:00:05    Urmatoarea bara 60min @ 11:00:05 — 3600s
2026-06-23 11:00:05  --- S5-H1D1 iter 28 @ 11:00:05 ---
2026-06-23 11:00:05    Niciun semnal nou. Pendinge: 1
2026-06-23 11:00:05    Urmatoarea bara 60min @ 12:00:05 — 3600s
2026-06-23 12:00:05  --- S5-H1D1 iter 29 @ 12:00:05 ---
2026-06-23 12:00:05    TRIGGERAT: S5-H1D1-SIG0011 USDCHF LONG @ 0.80947
2026-06-23 12:00:05    Niciun semnal nou. Pendinge: 1
2026-06-23 12:00:05    Urmatoarea bara 60min @ 13:00:05 — 3599s
2026-06-23 13:00:05  --- S5-H1D1 iter 30 @ 13:00:05 ---
2026-06-23 13:00:05    Niciun semnal nou. Pendinge: 1
2026-06-23 13:00:05    Urmatoarea bara 60min @ 14:00:05 — 3599s
2026-06-23 14:00:05  --- S5-H1D1 iter 31 @ 14:00:05 ---
2026-06-23 14:00:05    Niciun semnal nou. Pendinge: 1
2026-06-23 14:00:05    Urmatoarea bara 60min @ 15:00:05 — 3599s
2026-06-23 15:00:05  --- S5-H1D1 iter 32 @ 15:00:05 ---
2026-06-23 15:00:05    Niciun semnal nou. Pendinge: 1
2026-06-23 15:00:05    Urmatoarea bara 60min @ 16:00:05 — 3600s
2026-06-23 16:00:05  --- S5-H1D1 iter 33 @ 16:00:05 ---
2026-06-23 16:00:05    Niciun semnal nou. Pendinge: 1
2026-06-23 16:00:05    Urmatoarea bara 60min @ 17:00:05 — 3600s
2026-06-23 17:00:05  --- S5-H1D1 iter 34 @ 17:00:05 ---
2026-06-23 17:00:06    Niciun semnal nou. Pendinge: 1
2026-06-23 17:00:06    Urmatoarea bara 60min @ 18:00:05 — 3599s
2026-06-23 18:00:05  --- S5-H1D1 iter 35 @ 18:00:05 ---
2026-06-23 18:00:05    Niciun semnal nou. Pendinge: 1
2026-06-23 18:00:05    Urmatoarea bara 60min @ 19:00:05 — 3599s
2026-06-23 19:00:05  --- S5-H1D1 iter 36 @ 19:00:05 ---
2026-06-23 19:00:05    Niciun semnal nou. Pendinge: 1
2026-06-23 19:00:05    Urmatoarea bara 60min @ 20:00:05 — 3600s
2026-06-23 20:00:05  --- S5-H1D1 iter 37 @ 20:00:05 ---
2026-06-23 20:00:05    Niciun semnal nou. Pendinge: 1
2026-06-23 20:00:05    Urmatoarea bara 60min @ 21:00:05 — 3599s
2026-06-23 21:00:05  --- S5-H1D1 iter 38 @ 21:00:05 ---
2026-06-23 21:00:05    Niciun semnal nou. Pendinge: 1
2026-06-23 21:00:05    Urmatoarea bara 60min @ 22:00:05 — 3600s
2026-06-23 22:00:05  --- S5-H1D1 iter 39 @ 22:00:05 ---
2026-06-23 22:00:06    Niciun semnal nou. Pendinge: 1
2026-06-23 22:00:06    Urmatoarea bara 60min @ 23:00:05 — 3599s
2026-06-23 23:00:05  --- S5-H1D1 iter 40 @ 23:00:05 ---
2026-06-23 23:00:05    Niciun semnal nou. Pendinge: 1
2026-06-23 23:00:05    Urmatoarea bara 60min @ 00:00:05 — 3600s
2026-06-24 00:00:05  --- S5-H1D1 iter 41 @ 00:00:05 ---
2026-06-24 00:00:12    Niciun semnal nou. Pendinge: 1
2026-06-24 00:00:12    Urmatoarea bara 60min @ 01:00:05 — 3592s
2026-06-24 01:00:05  --- S5-H1D1 iter 42 @ 01:00:05 ---
2026-06-24 01:00:05    Niciun semnal nou. Pendinge: 1
2026-06-24 01:00:05    Urmatoarea bara 60min @ 02:00:05 — 3599s
2026-06-24 02:00:05  --- S5-H1D1 iter 43 @ 02:00:05 ---
2026-06-24 02:00:05    Niciun semnal nou. Pendinge: 1
2026-06-24 02:00:05    Urmatoarea bara 60min @ 03:00:05 — 3600s
2026-06-24 03:00:05  --- S5-H1D1 iter 44 @ 03:00:05 ---
2026-06-24 03:00:05    Niciun semnal nou. Pendinge: 1
2026-06-24 03:00:05    Urmatoarea bara 60min @ 04:00:05 — 3600s
2026-06-24 04:00:05  --- S5-H1D1 iter 45 @ 04:00:05 ---
2026-06-24 04:00:05    Niciun semnal nou. Pendinge: 1
2026-06-24 04:00:05    Urmatoarea bara 60min @ 05:00:05 — 3600s
2026-06-24 05:00:05  --- S5-H1D1 iter 46 @ 05:00:05 ---
2026-06-24 05:00:05    Niciun semnal nou. Pendinge: 1
2026-06-24 05:00:05    Urmatoarea bara 60min @ 06:00:05 — 3600s
2026-06-24 06:00:05  --- S5-H1D1 iter 47 @ 06:00:05 ---
2026-06-24 06:00:05    Niciun semnal nou. Pendinge: 1
2026-06-24 06:00:05    Urmatoarea bara 60min @ 07:00:05 — 3600s
2026-06-24 07:00:05  --- S5-H1D1 iter 48 @ 07:00:05 ---
2026-06-24 07:00:05    Niciun semnal nou. Pendinge: 1
2026-06-24 07:00:05    Urmatoarea bara 60min @ 08:00:05 — 3600s
2026-06-24 08:00:05  --- S5-H1D1 iter 49 @ 08:00:05 ---
2026-06-24 08:00:05    Niciun semnal nou. Pendinge: 1
2026-06-24 08:00:05    Urmatoarea bara 60min @ 09:00:05 — 3600s
2026-06-24 09:00:05  --- S5-H1D1 iter 50 @ 09:00:05 ---
2026-06-24 09:00:06    Niciun semnal nou. Pendinge: 1
2026-06-24 09:00:06    Urmatoarea bara 60min @ 10:00:05 — 3599s
2026-06-24 10:00:05  --- S5-H1D1 iter 51 @ 10:00:05 ---
2026-06-24 10:00:05    Niciun semnal nou. Pendinge: 1
2026-06-24 10:00:05    Urmatoarea bara 60min @ 11:00:05 — 3600s
2026-06-24 11:00:05  --- S5-H1D1 iter 52 @ 11:00:05 ---
2026-06-24 11:00:05    Niciun semnal nou. Pendinge: 1
2026-06-24 11:00:05    Urmatoarea bara 60min @ 12:00:05 — 3599s
2026-06-24 12:00:05  --- S5-H1D1 iter 53 @ 12:00:05 ---
2026-06-24 12:00:06    Niciun semnal nou. Pendinge: 1
2026-06-24 12:00:06    Urmatoarea bara 60min @ 13:00:05 — 3599s
2026-06-24 13:00:05  --- S5-H1D1 iter 54 @ 13:00:05 ---
2026-06-24 13:00:05    Niciun semnal nou. Pendinge: 1
2026-06-24 13:00:05    Urmatoarea bara 60min @ 14:00:05 — 3599s
2026-06-24 14:00:05  --- S5-H1D1 iter 55 @ 14:00:05 ---
2026-06-24 14:00:05    Niciun semnal nou. Pendinge: 1
2026-06-24 14:00:05    Urmatoarea bara 60min @ 15:00:05 — 3599s
2026-06-24 15:00:05  --- S5-H1D1 iter 56 @ 15:00:05 ---
2026-06-24 15:00:05    Niciun semnal nou. Pendinge: 1
2026-06-24 15:00:05    Urmatoarea bara 60min @ 16:00:05 — 3600s
2026-06-24 16:00:05  --- S5-H1D1 iter 57 @ 16:00:05 ---
2026-06-24 16:00:05    Niciun semnal nou. Pendinge: 1
2026-06-24 16:00:05    Urmatoarea bara 60min @ 17:00:05 — 3600s
2026-06-24 17:00:05  --- S5-H1D1 iter 58 @ 17:00:05 ---
2026-06-24 17:00:05    Niciun semnal nou. Pendinge: 1
2026-06-24 17:00:05    Urmatoarea bara 60min @ 18:00:05 — 3600s
2026-06-24 18:00:05  --- S5-H1D1 iter 59 @ 18:00:05 ---
2026-06-24 18:00:38    Niciun semnal nou. Pendinge: 1
2026-06-24 18:00:38    Urmatoarea bara 60min @ 19:00:05 — 3567s
2026-06-24 19:00:05  --- S5-H1D1 iter 60 @ 19:00:05 ---
2026-06-24 19:00:05    Niciun semnal nou. Pendinge: 1
2026-06-24 19:00:05    Urmatoarea bara 60min @ 20:00:05 — 3600s
2026-06-24 20:00:05  --- S5-H1D1 iter 61 @ 20:00:05 ---
2026-06-24 20:00:05    Niciun semnal nou. Pendinge: 1
2026-06-24 20:00:05    Urmatoarea bara 60min @ 21:00:05 — 3600s
2026-06-24 21:00:05  --- S5-H1D1 iter 62 @ 21:00:05 ---
2026-06-24 21:00:05    Niciun semnal nou. Pendinge: 1
2026-06-24 21:00:05    Urmatoarea bara 60min @ 22:00:05 — 3600s
2026-06-24 22:00:05  --- S5-H1D1 iter 63 @ 22:00:05 ---
2026-06-24 22:00:17    Niciun semnal nou. Pendinge: 1
2026-06-24 22:00:17    Urmatoarea bara 60min @ 23:00:05 — 3587s
2026-06-24 23:00:05  --- S5-H1D1 iter 64 @ 23:00:05 ---
2026-06-24 23:00:05    Niciun semnal nou. Pendinge: 1
2026-06-24 23:00:05    Urmatoarea bara 60min @ 00:00:05 — 3600s
2026-06-25 00:00:05  --- S5-H1D1 iter 65 @ 00:00:05 ---
2026-06-25 00:00:07    Niciun semnal nou. Pendinge: 1
2026-06-25 00:00:07    Urmatoarea bara 60min @ 01:00:05 — 3598s
2026-06-25 01:00:05  --- S5-H1D1 iter 66 @ 01:00:05 ---
2026-06-25 01:00:05    Niciun semnal nou. Pendinge: 1
2026-06-25 01:00:05    Urmatoarea bara 60min @ 02:00:05 — 3599s
2026-06-25 02:00:05  --- S5-H1D1 iter 67 @ 02:00:05 ---
2026-06-25 02:00:05    Niciun semnal nou. Pendinge: 1
2026-06-25 02:00:05    Urmatoarea bara 60min @ 03:00:05 — 3599s
2026-06-25 03:00:05  --- S5-H1D1 iter 68 @ 03:00:05 ---
2026-06-25 03:00:05    Niciun semnal nou. Pendinge: 1
2026-06-25 03:00:05    Urmatoarea bara 60min @ 04:00:05 — 3600s
2026-06-25 04:00:05  --- S5-H1D1 iter 69 @ 04:00:05 ---
2026-06-25 04:00:05    Niciun semnal nou. Pendinge: 1
2026-06-25 04:00:05    Urmatoarea bara 60min @ 05:00:05 — 3599s
2026-06-25 05:00:05  --- S5-H1D1 iter 70 @ 05:00:05 ---
2026-06-25 05:00:05    Niciun semnal nou. Pendinge: 1
2026-06-25 05:00:05    Urmatoarea bara 60min @ 06:00:05 — 3600s
2026-06-25 06:00:05  --- S5-H1D1 iter 71 @ 06:00:05 ---
2026-06-25 06:00:05    Niciun semnal nou. Pendinge: 1
2026-06-25 06:00:05    Urmatoarea bara 60min @ 07:00:05 — 3600s
2026-06-25 07:00:05  --- S5-H1D1 iter 72 @ 07:00:05 ---
2026-06-25 07:00:05    Niciun semnal nou. Pendinge: 1
2026-06-25 07:00:05    Urmatoarea bara 60min @ 08:00:05 — 3600s
2026-06-25 08:00:05  --- S5-H1D1 iter 73 @ 08:00:05 ---
2026-06-25 08:00:24    Niciun semnal nou. Pendinge: 1
2026-06-25 08:00:24    Urmatoarea bara 60min @ 09:00:05 — 3581s
2026-06-25 09:00:05  --- S5-H1D1 iter 74 @ 09:00:05 ---
2026-06-25 09:00:05    Niciun semnal nou. Pendinge: 1
2026-06-25 09:00:05    Urmatoarea bara 60min @ 10:00:05 — 3600s
2026-06-25 10:00:05  --- S5-H1D1 iter 75 @ 10:00:05 ---
2026-06-25 10:00:05    Niciun semnal nou. Pendinge: 1
2026-06-25 10:00:05    Urmatoarea bara 60min @ 11:00:05 — 3600s
2026-06-25 11:00:05  --- S5-H1D1 iter 76 @ 11:00:05 ---
2026-06-25 11:00:05    Niciun semnal nou. Pendinge: 1
2026-06-25 11:00:05    Urmatoarea bara 60min @ 12:00:05 — 3600s
2026-06-25 12:00:05  --- S5-H1D1 iter 77 @ 12:00:05 ---
2026-06-25 12:00:44    Niciun semnal nou. Pendinge: 1
2026-06-25 12:00:44    Urmatoarea bara 60min @ 13:00:05 — 3560s
2026-06-25 13:00:05  --- S5-H1D1 iter 78 @ 13:00:05 ---
2026-06-25 13:00:05    Niciun semnal nou. Pendinge: 1
2026-06-25 13:00:05    Urmatoarea bara 60min @ 14:00:05 — 3600s
2026-06-25 14:00:05  --- S5-H1D1 iter 79 @ 14:00:05 ---
2026-06-25 14:00:05    Niciun semnal nou. Pendinge: 1
2026-06-25 14:00:05    Urmatoarea bara 60min @ 15:00:05 — 3600s
2026-06-25 15:00:05  --- S5-H1D1 iter 80 @ 15:00:05 ---
2026-06-25 15:00:05    Niciun semnal nou. Pendinge: 1
2026-06-25 15:00:05    Urmatoarea bara 60min @ 16:00:05 — 3599s
2026-06-25 16:00:05  --- S5-H1D1 iter 81 @ 16:00:05 ---
2026-06-25 16:00:05    Niciun semnal nou. Pendinge: 1
2026-06-25 16:00:05    Urmatoarea bara 60min @ 17:00:05 — 3600s
2026-06-25 17:00:05  --- S5-H1D1 iter 82 @ 17:00:05 ---
2026-06-25 17:00:06    Niciun semnal nou. Pendinge: 1
2026-06-25 17:00:06    Urmatoarea bara 60min @ 18:00:05 — 3598s
2026-06-25 18:00:05  --- S5-H1D1 iter 83 @ 18:00:05 ---
2026-06-25 18:00:05    Niciun semnal nou. Pendinge: 1
2026-06-25 18:00:05    Urmatoarea bara 60min @ 19:00:05 — 3600s
2026-06-25 19:00:05  --- S5-H1D1 iter 84 @ 19:00:05 ---
2026-06-25 19:00:05    Niciun semnal nou. Pendinge: 1
2026-06-25 19:00:05    Urmatoarea bara 60min @ 20:00:05 — 3600s
2026-06-25 22:13:41  =================================================================
2026-06-25 22:13:41    S5-USDCHF-H1 — USDCHF H1+D1 BOTH pw=10 pullback | test +0.413R Score 2.37
2026-06-25 22:13:41    Piete: ['USDCHF']
2026-06-25 22:13:41    TF: H1 (trend D1) | PW=10 | BOTH
2026-06-25 22:13:41    Output: c:\trading-bot\data\live_signals\session5
2026-06-25 22:13:41  =================================================================
2026-06-26 20:42:13  =================================================================
2026-06-26 20:42:13    S5-USDCHF-H1 — USDCHF H1+D1 BOTH pw=10 pullback | test +0.413R Score 2.37
2026-06-26 20:42:13    Piete: ['USDCHF']
2026-06-26 20:42:13    TF: H1 (trend D1) | PW=10 | BOTH
2026-06-26 20:42:13    Output: c:\trading-bot\data\live_signals\session5
2026-06-26 20:42:13  =================================================================
2026-06-26 20:42:20  MT5: 52906593 @ ICMarketsEU-Demo (DEMO)
2026-06-26 20:42:22  Simboluri active: ['USDCHF']
2026-06-26 20:42:22  Pornit. Ctrl+C pentru oprire.

2026-06-26 20:42:22  --- S5-USDCHF-H1 iter 1 @ 20:42:22 ---
2026-06-26 20:42:23    [MT5] Pozitie #1721765021 inchisa: exit=0.80728  result=-0.982R  pnl=-2.74USD  [SL]
2026-06-26 20:42:23    PIERDERE (MT5): S5-H1D1-SIG0011 SL -0.982R
2026-06-26 20:42:23    [VINERI] Ora 20:42 >= 20:00 — inchid pozitii deschise.
2026-06-26 20:42:23    Niciun semnal nou. Pendinge: 0
2026-06-26 20:42:23    Urmatoarea bara 60min @ 21:00:05 — 1061s
2026-06-27 09:42:29    ib_signal_counter sincronizat la 2 din signals.csv
2026-06-27 09:42:29  =================================================================
2026-06-27 09:42:29    S5-USDCHF-H1 — USDCHF H1+D1 BOTH pw=10 pullback | test +0.413R Score 2.37
2026-06-27 09:42:29    Piete: ['USDCHF']
2026-06-27 09:42:29    TF: H1 (trend D1) | PW=10 | BOTH
2026-06-27 09:42:29    Output: c:\trading-bot\data\live_signals\session5
2026-06-27 09:42:29  =================================================================
2026-06-27 09:42:34  MT5: 52906593 @ ICMarketsEU-Demo (DEMO)
2026-06-27 09:42:40  Simboluri active: ['USDCHF']
2026-06-27 09:42:40  Pornit. Ctrl+C pentru oprire.

2026-06-27 09:42:40  --- S5-USDCHF-H1 iter 1 @ 09:42:40 ---
2026-06-27 09:42:53    Niciun semnal nou. Pendinge: 0
2026-06-27 09:42:53    Urmatoarea bara 60min @ 10:00:05 — 1031s
2026-06-27 10:00:05  --- S5-USDCHF-H1 iter 2 @ 10:00:05 ---
2026-06-27 10:00:05    Niciun semnal nou. Pendinge: 0
2026-06-27 10:00:05    Urmatoarea bara 60min @ 11:00:05 — 3600s
2026-06-27 11:00:05  --- S5-USDCHF-H1 iter 3 @ 11:00:05 ---
2026-06-27 11:00:05    Niciun semnal nou. Pendinge: 0
2026-06-27 11:00:05    Urmatoarea bara 60min @ 12:00:05 — 3599s
2026-06-27 12:00:05  --- S5-USDCHF-H1 iter 4 @ 12:00:05 ---
2026-06-27 12:00:05    Niciun semnal nou. Pendinge: 0
2026-06-27 12:00:05    Urmatoarea bara 60min @ 13:00:05 — 3600s
2026-06-27 13:00:05  --- S5-USDCHF-H1 iter 5 @ 13:00:05 ---
2026-06-27 13:00:05    Niciun semnal nou. Pendinge: 0
2026-06-27 13:00:05    Urmatoarea bara 60min @ 14:00:05 — 3600s
2026-06-27 14:00:05  --- S5-USDCHF-H1 iter 6 @ 14:00:05 ---
2026-06-27 14:00:05    Niciun semnal nou. Pendinge: 0
2026-06-27 14:00:05    Urmatoarea bara 60min @ 15:00:05 — 3599s
2026-06-27 15:00:03  --- S5-USDCHF-H1 iter 7 @ 15:00:03 ---
2026-06-27 15:00:04    Niciun semnal nou. Pendinge: 0
2026-06-27 15:00:04    Urmatoarea bara 60min @ 16:00:05 — 3600s
2026-06-27 16:00:05  --- S5-USDCHF-H1 iter 8 @ 16:00:05 ---
2026-06-27 16:00:05    USDCHF: eroare H1 — Simbolul 'USDCHF' nu este disponibil in MT5: (-10001, 'IPC send failed')
2026-06-27 16:00:05    Niciun semnal nou. Pendinge: 0
2026-06-27 16:00:05    Urmatoarea bara 60min @ 17:00:05 — 3600s
2026-06-28 11:45:52  =================================================================
2026-06-28 11:45:52    S5-USDCHF-H1 — USDCHF H1+D1 BOTH pw=10 pullback | test +0.413R Score 2.37
2026-06-28 11:45:52    Piete: ['USDCHF']
2026-06-28 11:45:52    TF: H1 (trend D1) | PW=10 | BOTH
2026-06-28 11:45:52    Output: c:\trading-bot\data\live_signals\session5
2026-06-28 11:45:52  =================================================================
2026-06-28 11:45:59  MT5: 52906593 @ ICMarketsEU-Demo (DEMO)
2026-06-28 11:46:04  Simboluri active: ['USDCHF']
2026-06-28 11:46:04  Pornit. Ctrl+C pentru oprire.

2026-06-28 11:46:04  --- S5-USDCHF-H1 iter 1 @ 11:46:04 ---
2026-06-28 11:46:06    Niciun semnal nou. Pendinge: 0
2026-06-28 11:46:06    Urmatoarea bara 60min @ 12:00:05 — 839s
2026-06-28 12:00:05  --- S5-USDCHF-H1 iter 2 @ 12:00:05 ---
2026-06-28 12:00:05    Niciun semnal nou. Pendinge: 0
2026-06-28 12:00:05    Urmatoarea bara 60min @ 13:00:05 — 3599s
2026-06-28 12:21:07    [PROFIL] Profil 'Standard Profile' aplicat pe session5.
2026-06-28 12:21:07  =================================================================
2026-06-28 12:21:07    S5-USDCHF-H1 — USDCHF H1+D1 BOTH pw=10 pullback | test +0.413R Score 2.37
2026-06-28 12:21:07    Piete: ['USDCHF']
2026-06-28 12:21:07    TF: H1 (trend D1) | PW=10 | BOTH
2026-06-28 12:21:07    Output: C:\trading-bot\data\live_signals\session5
2026-06-28 12:21:07  =================================================================
2026-06-28 12:21:08  MT5: 52906593 @ ICMarketsEU-Demo (DEMO)
2026-06-28 12:21:22  Simboluri active: ['USDCHF']
2026-06-28 12:21:22  Pornit. Ctrl+C pentru oprire.

2026-06-28 12:21:22  --- S5-USDCHF-H1 iter 1 @ 12:21:22 ---
2026-06-28 12:21:24    Niciun semnal nou. Pendinge: 0
2026-06-28 12:21:24    Urmatoarea bara 60min @ 13:00:05 — 2321s
2026-06-28 12:28:12    [PROFIL] Profil 'Standard Profile' aplicat pe session5.
2026-06-28 12:28:12  =================================================================
2026-06-28 12:28:12    S5-USDCHF-H1 — USDCHF H1+D1 BOTH pw=10 pullback | test +0.413R Score 2.37
2026-06-28 12:28:12    Piete: ['USDCHF']
2026-06-28 12:28:12    TF: H1 (trend D1) | PW=10 | BOTH
2026-06-28 12:28:12    Output: C:\trading-bot\data\live_signals\session5
2026-06-28 12:28:12  =================================================================
2026-06-28 12:28:12  MT5: 52906593 @ ICMarketsEU-Demo (DEMO)
2026-06-28 12:28:12  Simboluri active: ['USDCHF']
2026-06-28 12:28:12  Pornit. Ctrl+C pentru oprire.

2026-06-28 12:28:12  --- S5-USDCHF-H1 iter 1 @ 12:28:12 ---
2026-06-28 12:28:12    Niciun semnal nou. Pendinge: 0
2026-06-28 12:28:12    Urmatoarea bara 60min @ 13:00:05 — 1912s
2026-06-28 13:00:05  --- S5-USDCHF-H1 iter 2 @ 13:00:05 ---
2026-06-28 13:00:05    Niciun semnal nou. Pendinge: 0
2026-06-28 13:00:05    Urmatoarea bara 60min @ 14:00:05 — 3600s
2026-06-28 14:00:05  --- S5-USDCHF-H1 iter 3 @ 14:00:05 ---
2026-06-28 14:00:05    Niciun semnal nou. Pendinge: 0
2026-06-28 14:00:05    Urmatoarea bara 60min @ 15:00:05 — 3600s
2026-06-28 15:00:05  --- S5-USDCHF-H1 iter 4 @ 15:00:05 ---
2026-06-28 15:00:05    Niciun semnal nou. Pendinge: 0
2026-06-28 15:00:05    Urmatoarea bara 60min @ 16:00:05 — 3600s
2026-06-28 16:00:05  --- S5-USDCHF-H1 iter 5 @ 16:00:05 ---
2026-06-28 16:00:05    Niciun semnal nou. Pendinge: 0
2026-06-28 16:00:05    Urmatoarea bara 60min @ 17:00:05 — 3600s
2026-06-28 17:00:03  --- S5-USDCHF-H1 iter 6 @ 17:00:03 ---
2026-06-28 17:00:04    Niciun semnal nou. Pendinge: 0
2026-06-28 17:00:04    Urmatoarea bara 60min @ 18:00:05 — 3601s
2026-06-28 18:00:05  --- S5-USDCHF-H1 iter 7 @ 18:00:05 ---
2026-06-28 18:00:05    Niciun semnal nou. Pendinge: 0
2026-06-28 18:00:05    Urmatoarea bara 60min @ 19:00:05 — 3600s
2026-06-28 19:00:05  --- S5-USDCHF-H1 iter 8 @ 19:00:05 ---
2026-06-28 19:00:05    Niciun semnal nou. Pendinge: 0
2026-06-28 19:00:05    Urmatoarea bara 60min @ 20:00:05 — 3600s
2026-06-28 20:00:05  --- S5-USDCHF-H1 iter 9 @ 20:00:05 ---
2026-06-28 20:00:05    Niciun semnal nou. Pendinge: 0
2026-06-28 20:00:05    Urmatoarea bara 60min @ 21:00:05 — 3600s
2026-06-28 21:00:05  --- S5-USDCHF-H1 iter 10 @ 21:00:05 ---
2026-06-28 21:00:05    Niciun semnal nou. Pendinge: 0
2026-06-28 21:00:05    Urmatoarea bara 60min @ 22:00:05 — 3600s
2026-06-29 09:08:09    [PROFIL] Profil 'Standard Profile' aplicat pe session5.
2026-06-29 09:08:09  =================================================================
2026-06-29 09:08:09    S5-USDCHF-H1 — USDCHF H1+D1 BOTH pw=10 pullback | test +0.413R Score 2.37
2026-06-29 09:08:09    Piete: ['USDCHF']
2026-06-29 09:08:09    TF: H1 (trend D1) | PW=10 | BOTH
2026-06-29 09:08:09    Output: C:\trading-bot\data\live_signals\session5
2026-06-29 09:08:09  =================================================================
2026-06-29 09:08:10  MT5: 52906593 @ ICMarketsEU-Demo (DEMO)
2026-06-29 09:08:10  Simboluri active: ['USDCHF']
2026-06-29 09:08:10  Pornit. Ctrl+C pentru oprire.

2026-06-29 09:08:10  --- S5-USDCHF-H1 iter 1 @ 09:08:10 ---
2026-06-29 09:08:11    Niciun semnal nou. Pendinge: 0
2026-06-29 09:08:11    Urmatoarea bara 60min @ 10:00:05 — 3114s
2026-06-29 09:26:07    [PROFIL] Profil 'Standard Profile' aplicat pe session5.
2026-06-29 09:26:07  =================================================================
2026-06-29 09:26:07    S5-USDCHF-H1 — USDCHF H1+D1 BOTH pw=10 pullback | test +0.413R Score 2.37
2026-06-29 09:26:07    Piete: ['USDCHF']
2026-06-29 09:26:07    TF: H1 (trend D1) | PW=10 | BOTH
2026-06-29 09:26:07    Output: c:\trading-bot\data\live_signals\session5
2026-06-29 09:26:07  =================================================================
2026-06-29 09:29:11  MT5: 52906593 @ ICMarketsEU-Demo (DEMO)
2026-06-29 09:32:10  Simboluri active: ['USDCHF']
2026-06-29 09:32:10  Pornit. Ctrl+C pentru oprire.

2026-06-29 09:32:10  --- S5-USDCHF-H1 iter 1 @ 09:32:10 ---
2026-06-29 09:32:10    Niciun semnal nou. Pendinge: 0
2026-06-29 09:32:10    Urmatoarea bara 60min @ 10:00:05 — 1674s
2026-06-29 09:36:39    [PROFIL] Profil 'Standard Profile' aplicat pe session5.
2026-06-29 09:36:39  =================================================================
2026-06-29 09:36:39    S5-USDCHF-H1 — USDCHF H1+D1 BOTH pw=10 pullback | test +0.413R Score 2.37
2026-06-29 09:36:39    Piete: ['USDCHF']
2026-06-29 09:36:39    TF: H1 (trend D1) | PW=10 | BOTH
2026-06-29 09:36:39    Output: C:\trading-bot\data\live_signals\session5
2026-06-29 09:36:39  =================================================================
2026-06-29 09:36:39  MT5 nu e disponibil: mt5.initialize() a esuat: (-6, 'Terminal: Authorization failed')
2026-06-29 09:51:06    [PROFIL] Profil 'Standard Profile' aplicat pe session5.
2026-06-29 09:51:06  =================================================================
2026-06-29 09:51:06    S5-USDCHF-H1 — USDCHF H1+D1 BOTH pw=10 pullback | test +0.413R Score 2.37
2026-06-29 09:51:06    Piete: ['USDCHF']
2026-06-29 09:51:06    TF: H1 (trend D1) | PW=10 | BOTH
2026-06-29 09:51:06    Output: C:\trading-bot\data\live_signals\session5
2026-06-29 09:51:06  =================================================================
2026-06-29 09:51:06  MT5 nu e disponibil: mt5.initialize() a esuat: (-6, 'Terminal: Authorization failed')
2026-06-29 09:54:48    [PROFIL] Profil 'Standard Profile' aplicat pe session5.
2026-06-29 09:54:48  =================================================================
2026-06-29 09:54:48    S5-USDCHF-H1 — USDCHF H1+D1 BOTH pw=10 pullback | test +0.413R Score 2.37
2026-06-29 09:54:48    Piete: ['USDCHF']
2026-06-29 09:54:48    TF: H1 (trend D1) | PW=10 | BOTH
2026-06-29 09:54:48    Output: C:\trading-bot\data\live_signals\session5
2026-06-29 09:54:48  =================================================================
2026-06-29 09:54:48  MT5: 52906593 @ ICMarketsEU-Demo (DEMO)
2026-06-29 09:54:48  Simboluri active: ['USDCHF']
2026-06-29 09:54:48  Pornit. Ctrl+C pentru oprire.

2026-06-29 09:54:48  --- S5-USDCHF-H1 iter 1 @ 09:54:48 ---
2026-06-29 09:54:48    Niciun semnal nou. Pendinge: 0
2026-06-29 09:54:49    Urmatoarea bara 60min @ 10:00:05 — 315s
2026-06-29 10:00:05  --- S5-USDCHF-H1 iter 2 @ 10:00:05 ---
2026-06-29 10:00:05    Niciun semnal nou. Pendinge: 0
2026-06-29 10:00:05  [MT5-HEALTH] disconnected: 🔴 <b>MT5: Deconectat de la server broker</b> MT5 nu mai are conexiune cu ICMarketsEU. Verifica internetul sau statusul serverului broker. <i>Botul va continua sa incerce — semnalele noi sunt suspendate.</i>
2026-06-29 10:00:05    Urmatoarea bara 60min @ 11:00:05 — 3600s
2026-06-29 10:21:50    [PROFIL] Profil 'Standard Profile' aplicat pe session5.
2026-06-29 10:21:50  =================================================================
2026-06-29 10:21:50    S5-USDCHF-H1 — USDCHF H1+D1 BOTH pw=10 pullback | test +0.413R Score 2.37
2026-06-29 10:21:50    Piete: ['USDCHF']
2026-06-29 10:21:50    TF: H1 (trend D1) | PW=10 | BOTH
2026-06-29 10:21:50    Output: C:\trading-bot\data\live_signals\session5
2026-06-29 10:21:50  =================================================================
2026-06-29 10:21:50  MT5 nu e disponibil: mt5.initialize() a esuat: (-6, 'Terminal: Authorization failed')
2026-06-29 10:29:29    [PROFIL] Profil 'Standard Profile' aplicat pe session5.
2026-06-29 10:29:29  =================================================================
2026-06-29 10:29:29    S5-USDCHF-H1 — USDCHF H1+D1 BOTH pw=10 pullback | test +0.413R Score 2.37
2026-06-29 10:29:29    Piete: ['USDCHF']
2026-06-29 10:29:29    TF: H1 (trend D1) | PW=10 | BOTH
2026-06-29 10:29:29    Output: C:\trading-bot\data\live_signals\session5
2026-06-29 10:29:29  =================================================================
2026-06-29 10:29:29  MT5 nu e disponibil: mt5.initialize() a esuat: (-6, 'Terminal: Authorization failed')
2026-06-29 10:40:27    [PROFIL] Profil 'Standard Profile' aplicat pe session5.
2026-06-29 10:40:27  =================================================================
2026-06-29 10:40:27    S5-USDCHF-H1 — USDCHF H1+D1 BOTH pw=10 pullback | test +0.413R Score 2.37
2026-06-29 10:40:27    Piete: ['USDCHF']
2026-06-29 10:40:27    TF: H1 (trend D1) | PW=10 | BOTH
2026-06-29 10:40:27    Output: C:\trading-bot\data\live_signals\session5
2026-06-29 10:40:27  =================================================================
2026-06-29 10:40:27  MT5: 52906593 @ ICMarketsEU-Demo (DEMO)
2026-06-29 10:40:27  Simboluri active: ['USDCHF']
2026-06-29 10:40:27  Pornit. Ctrl+C pentru oprire.

2026-06-29 10:40:27  --- S5-USDCHF-H1 iter 1 @ 10:40:27 ---
2026-06-29 10:40:27    Niciun semnal nou. Pendinge: 0
2026-06-29 10:40:28    Urmatoarea bara 60min @ 11:00:05 — 1177s
2026-06-29 10:49:49    [PROFIL] Profil 'Standard Profile' aplicat pe session5.
2026-06-29 10:49:49  =================================================================
2026-06-29 10:49:49    S5-USDCHF-H1 — USDCHF H1+D1 BOTH pw=10 pullback | test +0.413R Score 2.37
2026-06-29 10:49:49    Piete: ['USDCHF']
2026-06-29 10:49:49    TF: H1 (trend D1) | PW=10 | BOTH
2026-06-29 10:49:49    Output: C:\trading-bot\data\live_signals\session5
2026-06-29 10:49:49  =================================================================
2026-06-29 10:49:49  MT5: 52906593 @ ICMarketsEU-Demo (DEMO)
2026-06-29 10:49:49  Simboluri active: ['USDCHF']
2026-06-29 10:49:49  Pornit. Ctrl+C pentru oprire.

2026-06-29 10:49:49  --- S5-USDCHF-H1 iter 1 @ 10:49:49 ---
2026-06-29 10:49:49    Niciun semnal nou. Pendinge: 0
2026-06-29 10:49:49    Urmatoarea bara 60min @ 11:00:05 — 615s
2026-06-29 11:00:05  --- S5-USDCHF-H1 iter 2 @ 11:00:05 ---
2026-06-29 11:00:05    Niciun semnal nou. Pendinge: 0
2026-06-29 11:00:05    Urmatoarea bara 60min @ 12:00:05 — 3600s
2026-06-29 11:22:38    [PROFIL] Profil 'Standard Profile' aplicat pe session5.
2026-06-29 11:22:38  =================================================================
2026-06-29 11:22:38    S5-USDCHF-H1 — USDCHF H1+D1 BOTH pw=10 pullback | test +0.413R Score 2.37
2026-06-29 11:22:38    Piete: ['USDCHF']
2026-06-29 11:22:38    TF: H1 (trend D1) | PW=10 | BOTH
2026-06-29 11:22:38    Output: C:\trading-bot\data\live_signals\session5
2026-06-29 11:22:38  =================================================================
2026-06-29 11:22:38  MT5: 52906593 @ ICMarketsEU-Demo (DEMO)
2026-06-29 11:22:38  Simboluri active: ['USDCHF']
2026-06-29 11:22:38  Pornit. Ctrl+C pentru oprire.

2026-06-29 11:22:38  --- S5-USDCHF-H1 iter 1 @ 11:22:38 ---
2026-06-29 11:22:38    Niciun semnal nou. Pendinge: 0
2026-06-29 11:22:38    Urmatoarea bara 60min @ 12:00:05 — 2247s
2026-06-29 11:36:37    [PROFIL] Profil 'Standard Profile' aplicat pe session5.
2026-06-29 11:36:37  =================================================================
2026-06-29 11:36:37    S5-USDCHF-H1 — USDCHF H1+D1 BOTH pw=10 pullback | test +0.413R Score 2.37
2026-06-29 11:36:37    Piete: ['USDCHF']
2026-06-29 11:36:37    TF: H1 (trend D1) | PW=10 | BOTH
2026-06-29 11:36:37    Output: C:\trading-bot\data\live_signals\session5
2026-06-29 11:36:37  =================================================================
2026-06-29 11:36:37  MT5: 52906593 @ ICMarketsEU-Demo (DEMO)
2026-06-29 11:36:37  Simboluri active: ['USDCHF']
2026-06-29 11:36:37  Pornit. Ctrl+C pentru oprire.

2026-06-29 11:36:37  --- S5-USDCHF-H1 iter 1 @ 11:36:37 ---
2026-06-29 11:36:37    Niciun semnal nou. Pendinge: 0
2026-06-29 11:39:37    Urmatoarea bara 60min @ 12:00:05 — 1228s
2026-06-29 12:00:05  --- S5-USDCHF-H1 iter 2 @ 12:00:05 ---
2026-06-29 12:00:05    Niciun semnal nou. Pendinge: 0
2026-06-29 12:00:05    Urmatoarea bara 60min @ 13:00:05 — 3600s
2026-06-29 12:18:45    [PROFIL] Profil 'Standard Profile' aplicat pe session5.
2026-06-29 12:18:45  =================================================================
2026-06-29 12:18:45    S5-USDCHF-H1 — USDCHF H1+D1 BOTH pw=10 pullback | test +0.413R Score 2.37
2026-06-29 12:18:45    Piete: ['USDCHF']
2026-06-29 12:18:45    TF: H1 (trend D1) | PW=10 | BOTH
2026-06-29 12:18:45    Output: C:\trading-bot\data\live_signals\session5
2026-06-29 12:18:45  =================================================================
2026-06-29 12:18:45  MT5: 52906593 @ ICMarketsEU-Demo (DEMO)
2026-06-29 12:18:45  Simboluri active: ['USDCHF']
2026-06-29 12:18:45  Pornit. Ctrl+C pentru oprire.

2026-06-29 12:18:45  --- S5-USDCHF-H1 iter 1 @ 12:18:45 ---
2026-06-29 12:19:20    Niciun semnal nou. Pendinge: 0
2026-06-29 12:19:20  [MT5-HEALTH] deconectat de la server broker
2026-06-29 12:19:20    Urmatoarea bara 60min @ 13:00:05 — 2444s
2026-06-29 12:56:24    [PROFIL] Profil 'Standard Profile' aplicat pe session5.
2026-06-29 12:56:24  =================================================================
2026-06-29 12:56:24    S5-USDCHF-H1 — USDCHF H1+D1 BOTH pw=10 pullback | test +0.413R Score 2.37
2026-06-29 12:56:24    Piete: ['USDCHF']
2026-06-29 12:56:24    TF: H1 (trend D1) | PW=10 | BOTH
2026-06-29 12:56:24    Output: C:\trading-bot\data\live_signals\session5
2026-06-29 12:56:24  =================================================================
2026-06-29 12:56:25  MT5: 52906593 @ ICMarketsEU-Demo (DEMO)
2026-06-29 12:56:25  Simboluri active: ['USDCHF']
2026-06-29 12:56:25  Pornit. Ctrl+C pentru oprire.

2026-06-29 12:56:25  --- S5-USDCHF-H1 iter 1 @ 12:56:25 ---
2026-06-29 12:56:25    Niciun semnal nou. Pendinge: 0
2026-06-29 12:56:25    Urmatoarea bara 60min @ 13:00:05 — 220s
2026-06-29 13:00:05  --- S5-USDCHF-H1 iter 2 @ 13:00:05 ---
2026-06-29 13:00:05    Niciun semnal nou. Pendinge: 0
2026-06-29 13:00:05    Urmatoarea bara 60min @ 14:00:05 — 3600s
2026-06-29 13:06:22    [PROFIL] Profil 'Standard Profile' aplicat pe session5.
2026-06-29 13:06:22  =================================================================
2026-06-29 13:06:22    S5-USDCHF-H1 — USDCHF H1+D1 BOTH pw=10 pullback | test +0.413R Score 2.37
2026-06-29 13:06:22    Piete: ['USDCHF']
2026-06-29 13:06:22    TF: H1 (trend D1) | PW=10 | BOTH
2026-06-29 13:06:22    Output: C:\trading-bot\data\live_signals\session5
2026-06-29 13:06:22  =================================================================
2026-06-29 13:06:22  MT5: 52906593 @ ICMarketsEU-Demo (DEMO)
2026-06-29 13:06:22  Simboluri active: ['USDCHF']
2026-06-29 13:06:22  Pornit. Ctrl+C pentru oprire.

2026-06-29 13:06:22  --- S5-USDCHF-H1 iter 1 @ 13:06:22 ---
2026-06-29 13:06:23    Niciun semnal nou. Pendinge: 0
2026-06-29 13:06:23    Urmatoarea bara 60min @ 14:00:05 — 3222s
2026-06-29 14:00:04  --- S5-USDCHF-H1 iter 2 @ 14:00:04 ---
2026-06-29 14:00:05    Niciun semnal nou. Pendinge: 0
2026-06-29 14:00:05  [MT5-HEALTH] deconectat de la server broker
2026-06-29 14:00:05    Urmatoarea bara 60min @ 15:00:05 — 3599s
2026-06-29 14:34:04    [PROFIL] Profil 'Standard Profile' aplicat pe session5.
2026-06-29 14:34:04  =================================================================
2026-06-29 14:34:04    S5-USDCHF-H1 — USDCHF H1+D1 BOTH pw=10 pullback | test +0.413R Score 2.37
2026-06-29 14:34:04    Piete: ['USDCHF']
2026-06-29 14:34:04    TF: H1 (trend D1) | PW=10 | BOTH
2026-06-29 14:34:04    Output: C:\trading-bot\data\live_signals\session5
2026-06-29 14:34:04  =================================================================
2026-06-29 14:34:07  MT5: 52906593 @ ICMarketsEU-Demo (DEMO)
2026-06-29 14:34:07  Simboluri active: ['USDCHF']
2026-06-29 14:34:07  Pornit. Ctrl+C pentru oprire.

2026-06-29 14:34:07  --- S5-USDCHF-H1 iter 1 @ 14:34:07 ---
2026-06-29 14:34:08    Niciun semnal nou. Pendinge: 0
2026-06-29 14:34:08    Urmatoarea bara 60min @ 15:00:05 — 1556s
2026-06-29 15:00:05  --- S5-USDCHF-H1 iter 2 @ 15:00:05 ---
2026-06-29 15:00:05    Niciun semnal nou. Pendinge: 0
2026-06-29 15:00:05    Urmatoarea bara 60min @ 16:00:05 — 3599s
2026-06-29 16:00:05  --- S5-USDCHF-H1 iter 3 @ 16:00:05 ---
2026-06-29 16:00:05    Niciun semnal nou. Pendinge: 0
2026-06-29 16:00:05    Urmatoarea bara 60min @ 17:00:05 — 3599s
2026-06-29 16:15:03    [PROFIL] Profil 'Standard Profile' aplicat pe session5.
2026-06-29 16:15:03  =================================================================
2026-06-29 16:15:03    S5-USDCHF-H1 — USDCHF H1+D1 BOTH pw=10 pullback | test +0.413R Score 2.37
2026-06-29 16:15:03    Piete: ['USDCHF']
2026-06-29 16:15:03    TF: H1 (trend D1) | PW=10 | BOTH
2026-06-29 16:15:03    Output: C:\trading-bot\data\live_signals\session5
2026-06-29 16:15:03  =================================================================
2026-06-29 16:15:03  MT5: 52906593 @ ICMarketsEU-Demo (DEMO)
2026-06-29 16:15:03  Simboluri active: ['USDCHF']
2026-06-29 16:15:03  Pornit. Ctrl+C pentru oprire.

2026-06-29 16:15:03  --- S5-USDCHF-H1 iter 1 @ 16:15:03 ---
2026-06-29 16:15:03    Niciun semnal nou. Pendinge: 0
2026-06-29 16:15:03    Urmatoarea bara 60min @ 17:00:05 — 2702s
2026-06-29 17:00:05  --- S5-USDCHF-H1 iter 2 @ 17:00:05 ---
2026-06-29 17:00:05    Niciun semnal nou. Pendinge: 0
2026-06-29 17:00:05    Urmatoarea bara 60min @ 18:00:05 — 3599s
2026-06-29 17:50:03    [PROFIL] Profil 'Standard Profile' aplicat pe session5.
2026-06-29 17:50:03  =================================================================
2026-06-29 17:50:03    S5-USDCHF-H1 — USDCHF H1+D1 BOTH pw=10 pullback | test +0.413R Score 2.37
2026-06-29 17:50:03    Piete: ['USDCHF']
2026-06-29 17:50:03    TF: H1 (trend D1) | PW=10 | BOTH
2026-06-29 17:50:03    Output: C:\trading-bot\data\live_signals\session5
2026-06-29 17:50:03  =================================================================
2026-06-29 17:50:03  MT5: 52906593 @ ICMarketsEU-Demo (DEMO)
2026-06-29 17:50:03  Simboluri active: ['USDCHF']
2026-06-29 17:50:03  Pornit. Ctrl+C pentru oprire.

2026-06-29 17:50:03  --- S5-USDCHF-H1 iter 1 @ 17:50:03 ---
2026-06-29 17:50:04    Niciun semnal nou. Pendinge: 0
2026-06-29 17:50:04    Urmatoarea bara 60min @ 18:00:05 — 601s
2026-06-29 18:00:05  --- S5-USDCHF-H1 iter 2 @ 18:00:05 ---
2026-06-29 18:00:05    Niciun semnal nou. Pendinge: 0
2026-06-29 18:00:05    Urmatoarea bara 60min @ 19:00:05 — 3600s
2026-06-29 19:00:04  --- S5-USDCHF-H1 iter 3 @ 19:00:04 ---
2026-06-29 19:00:05    Niciun semnal nou. Pendinge: 0
2026-06-29 19:00:05    Urmatoarea bara 60min @ 20:00:05 — 3600s
2026-06-29 20:00:04  --- S5-USDCHF-H1 iter 4 @ 20:00:04 ---
2026-06-29 20:00:35    Niciun semnal nou. Pendinge: 0
2026-06-29 20:00:35    Urmatoarea bara 60min @ 21:00:05 — 3569s
2026-06-29 21:00:04  --- S5-USDCHF-H1 iter 5 @ 21:00:04 ---
2026-06-29 21:00:05    Niciun semnal nou. Pendinge: 0
2026-06-29 21:00:05    Urmatoarea bara 60min @ 22:00:05 — 3600s
2026-06-29 22:00:04  --- S5-USDCHF-H1 iter 6 @ 22:00:04 ---
2026-06-29 22:01:17    Niciun semnal nou. Pendinge: 0
2026-06-29 22:01:17    Urmatoarea bara 60min @ 23:00:05 — 3527s
2026-06-30 09:29:44    [PROFIL] Profil 'Standard Profile' aplicat pe session5.
2026-06-30 09:29:44  =================================================================
2026-06-30 09:29:44    S5-USDCHF-H1 — USDCHF H1+D1 BOTH pw=10 pullback | test +0.413R Score 2.37
2026-06-30 09:29:44    Piete: ['USDCHF']
2026-06-30 09:29:44    TF: H1 (trend D1) | PW=10 | BOTH
2026-06-30 09:29:44    Output: C:\trading-bot\data\live_signals\session5
2026-06-30 09:29:44  =================================================================
2026-06-30 09:29:44  MT5: 52906593 @ ICMarketsEU-Demo (DEMO)
2026-06-30 09:29:44  Simboluri active: ['USDCHF']
2026-06-30 09:29:44  Pornit. Ctrl+C pentru oprire.

2026-06-30 09:29:44  --- S5-USDCHF-H1 iter 1 @ 09:29:44 ---
2026-06-30 09:29:44    Niciun semnal nou. Pendinge: 0
2026-06-30 09:29:44    Urmatoarea bara 60min @ 10:00:05 — 1820s
2026-06-30 10:00:05  --- S5-USDCHF-H1 iter 2 @ 10:00:05 ---
2026-06-30 10:00:05    Niciun semnal nou. Pendinge: 0
2026-06-30 10:00:05    Urmatoarea bara 60min @ 11:00:05 — 3600s
2026-06-30 10:28:05    [PROFIL] Profil 'Standard Profile' aplicat pe session5.
2026-06-30 10:28:05  =================================================================
2026-06-30 10:28:05    S5-USDCHF-H1 — USDCHF H1+D1 BOTH pw=10 pullback | test +0.413R Score 2.37
2026-06-30 10:28:05    Piete: ['USDCHF']
2026-06-30 10:28:05    TF: H1 (trend D1) | PW=10 | BOTH
2026-06-30 10:28:05    Output: C:\trading-bot\data\live_signals\session5
2026-06-30 10:28:05  =================================================================
2026-06-30 10:28:05  MT5: 52906593 @ ICMarketsEU-Demo (DEMO)
2026-06-30 10:28:05    [ORPHAN] Niciun ordin MT5 netrackuit detectat — state consistent cu MT5.
2026-06-30 10:28:05  Simboluri active: ['USDCHF']
2026-06-30 10:28:05  Pornit. Ctrl+C pentru oprire.

2026-06-30 10:28:05  --- S5-USDCHF-H1 iter 1 @ 10:28:05 ---
2026-06-30 10:28:05    Niciun semnal nou. Pendinge: 0
2026-06-30 10:28:05    Urmatoarea bara 60min @ 11:00:05 — 1920s
2026-06-30 11:00:05  --- S5-USDCHF-H1 iter 2 @ 11:00:05 ---
2026-06-30 11:00:05    Niciun semnal nou. Pendinge: 0
2026-06-30 11:00:05    Urmatoarea bara 60min @ 12:00:05 — 3600s
2026-06-30 11:43:50    [PROFIL] Profil 'Standard Profile' aplicat pe session5.
2026-06-30 11:43:50  =================================================================
2026-06-30 11:43:50    S5-USDCHF-H1 — USDCHF H1+D1 BOTH pw=10 pullback | test +0.413R Score 2.37
2026-06-30 11:43:50    Piete: ['USDCHF']
2026-06-30 11:43:50    TF: H1 (trend D1) | PW=10 | BOTH
2026-06-30 11:43:50    Output: C:\trading-bot\data\live_signals\session5
2026-06-30 11:43:50  =================================================================
2026-06-30 11:43:50  MT5: 52906593 @ ICMarketsEU-Demo (DEMO)
2026-06-30 11:43:50    [ORPHAN] Niciun ordin MT5 netrackuit detectat — state consistent cu MT5.
2026-06-30 11:43:50  Simboluri active: ['USDCHF']
2026-06-30 11:43:50  Pornit. Ctrl+C pentru oprire.

2026-06-30 11:43:50  --- S5-USDCHF-H1 iter 1 @ 11:43:50 ---
2026-06-30 11:43:50    Niciun semnal nou. Pendinge: 0
2026-06-30 11:43:50    Urmatoarea bara 60min @ 12:00:05 — 975s
2026-06-30 12:00:05  --- S5-USDCHF-H1 iter 2 @ 12:00:05 ---
2026-06-30 12:00:05    Niciun semnal nou. Pendinge: 0
2026-06-30 12:00:05    Urmatoarea bara 60min @ 13:00:05 — 3600s
2026-06-30 12:10:23    [PROFIL] Profil 'Standard Profile' aplicat pe session5.
2026-06-30 12:10:23  =================================================================
2026-06-30 12:10:23    S5-USDCHF-H1 — USDCHF H1+D1 BOTH pw=10 pullback | test +0.413R Score 2.37
2026-06-30 12:10:23    Piete: ['USDCHF']
2026-06-30 12:10:23    TF: H1 (trend D1) | PW=10 | BOTH
2026-06-30 12:10:23    Output: C:\trading-bot\data\live_signals\session5
2026-06-30 12:10:23  =================================================================
2026-06-30 12:10:23  MT5: 52906593 @ ICMarketsEU-Demo (DEMO)
2026-06-30 12:10:23    [ORPHAN] Nicio pozitie MT5 fara corespondent — state consistent cu MT5.
2026-06-30 12:10:23  Simboluri active: ['USDCHF']
2026-06-30 12:10:23  Pornit. Ctrl+C pentru oprire.

2026-06-30 12:10:23  --- S5-USDCHF-H1 iter 1 @ 12:10:23 ---
2026-06-30 12:10:23    Niciun semnal nou. Pendinge: 0
2026-06-30 12:10:23    Urmatoarea bara 60min @ 13:00:05 — 2981s
2026-06-30 13:00:05  --- S5-USDCHF-H1 iter 2 @ 13:00:05 ---
2026-06-30 13:00:05    Niciun semnal nou. Pendinge: 0
2026-06-30 13:00:05    Urmatoarea bara 60min @ 14:00:05 — 3600s
2026-06-30 14:00:05  --- S5-USDCHF-H1 iter 3 @ 14:00:05 ---
2026-06-30 14:00:05    Niciun semnal nou. Pendinge: 0
2026-06-30 14:00:05    Urmatoarea bara 60min @ 15:00:05 — 3600s
2026-06-30 15:00:04  --- S5-USDCHF-H1 iter 4 @ 15:00:04 ---
2026-06-30 15:00:05    Niciun semnal nou. Pendinge: 0
2026-06-30 15:00:05    Urmatoarea bara 60min @ 16:00:05 — 3600s
2026-06-30 15:05:25    [PROFIL] Profil 'Standard Profile' aplicat pe session5.
2026-06-30 15:05:25  =================================================================
2026-06-30 15:05:25    S5-USDCHF-H1 — USDCHF H1+D1 BOTH pw=10 pullback | test +0.413R Score 2.37
2026-06-30 15:05:25    Piete: ['USDCHF']
2026-06-30 15:05:25    TF: H1 (trend D1) | PW=10 | BOTH
2026-06-30 15:05:25    Output: C:\trading-bot\data\live_signals\session5
2026-06-30 15:05:25  =================================================================
2026-06-30 15:05:25  MT5: 52906593 @ ICMarketsEU-Demo (DEMO)
2026-06-30 15:05:25    [ORPHAN] Nicio pozitie MT5 fara corespondent — state consistent cu MT5.
2026-06-30 15:05:25  Simboluri active: ['USDCHF']
2026-06-30 15:05:25  Pornit. Ctrl+C pentru oprire.

2026-06-30 15:05:25  --- S5-USDCHF-H1 iter 1 @ 15:05:25 ---
2026-06-30 15:05:26    Niciun semnal nou. Pendinge: 0
2026-06-30 15:05:26    Urmatoarea bara 60min @ 16:00:05 — 3279s
2026-06-30 15:27:16    [PROFIL] Profil 'Standard Profile' aplicat pe session5.
2026-06-30 15:27:16  =================================================================
2026-06-30 15:27:16    S5-USDCHF-H1 — USDCHF H1+D1 BOTH pw=10 pullback | test +0.413R Score 2.37
2026-06-30 15:27:16    Piete: ['USDCHF']
2026-06-30 15:27:16    TF: H1 (trend D1) | PW=10 | BOTH
2026-06-30 15:27:16    Output: C:\trading-bot\data\live_signals\session5
2026-06-30 15:27:16  =================================================================
2026-06-30 15:27:16  MT5: 52906593 @ ICMarketsEU-Demo (DEMO)
2026-06-30 15:27:16    [ORPHAN] Nicio pozitie MT5 fara corespondent — state consistent cu MT5.
2026-06-30 15:27:16  Simboluri active: ['USDCHF']
2026-06-30 15:27:16  Pornit. Ctrl+C pentru oprire.

2026-06-30 15:27:16  --- S5-USDCHF-H1 iter 1 @ 15:27:16 ---
2026-06-30 15:27:16    Niciun semnal nou. Pendinge: 0
2026-06-30 15:27:16    Urmatoarea bara 60min @ 16:00:05 — 1969s
2026-06-30 16:00:04  --- S5-USDCHF-H1 iter 2 @ 16:00:04 ---
2026-06-30 16:00:05    Niciun semnal nou. Pendinge: 0
2026-06-30 16:00:05    Urmatoarea bara 60min @ 17:00:05 — 3600s
2026-06-30 16:08:30    [PROFIL] Profil 'Standard Profile' aplicat pe session5.
2026-06-30 16:08:30  =================================================================
2026-06-30 16:08:30    S5-USDCHF-H1 — USDCHF H1+D1 BOTH pw=10 pullback | test +0.413R Score 2.37
2026-06-30 16:08:30    Piete: ['USDCHF']
2026-06-30 16:08:30    TF: H1 (trend D1) | PW=10 | BOTH
2026-06-30 16:08:30    Output: C:\trading-bot\data\live_signals\session5
2026-06-30 16:08:30  =================================================================
2026-06-30 16:08:30  MT5: 52906593 @ ICMarketsEU-Demo (DEMO)
2026-06-30 16:08:30    [ORPHAN] Nicio pozitie MT5 fara corespondent — state consistent cu MT5.
2026-06-30 16:08:30  Simboluri active: ['USDCHF']
2026-06-30 16:08:30  Pornit. Ctrl+C pentru oprire.

2026-06-30 16:08:30  --- S5-USDCHF-H1 iter 1 @ 16:08:30 ---
2026-06-30 16:08:30    Niciun semnal nou. Pendinge: 0
2026-06-30 16:08:30    Urmatoarea bara 60min @ 17:00:05 — 3094s
2026-06-30 16:40:27    [PROFIL] Profil 'Standard Profile' aplicat pe session5.
2026-06-30 16:40:27  =================================================================
2026-06-30 16:40:27    S5-USDCHF-H1 — USDCHF H1+D1 BOTH pw=10 pullback | test +0.413R Score 2.37
2026-06-30 16:40:27    Piete: ['USDCHF']
2026-06-30 16:40:27    TF: H1 (trend D1) | PW=10 | BOTH
2026-06-30 16:40:27    Output: C:\trading-bot\data\live_signals\session5
2026-06-30 16:40:27  =================================================================
2026-06-30 16:40:28  MT5: 52906593 @ ICMarketsEU-Demo (DEMO)
2026-06-30 16:40:28    [ORPHAN] Nicio pozitie MT5 fara corespondent — state consistent cu MT5.
2026-06-30 16:40:28  Simboluri active: ['USDCHF']
2026-06-30 16:40:28  Pornit. Ctrl+C pentru oprire.

2026-06-30 16:40:28  --- S5-USDCHF-H1 iter 1 @ 16:40:28 ---
2026-06-30 16:40:28    Niciun semnal nou. Pendinge: 0
2026-06-30 16:40:28    Urmatoarea bara 60min @ 17:00:05 — 1177s
2026-06-30 17:00:04  --- S5-USDCHF-H1 iter 2 @ 17:00:04 ---
2026-06-30 17:00:05    Niciun semnal nou. Pendinge: 0
2026-06-30 17:00:05    Urmatoarea bara 60min @ 18:00:05 — 3600s
2026-06-30 17:11:32    [PROFIL] Profil 'Standard Profile' aplicat pe session5.
2026-06-30 17:11:32  =================================================================
2026-06-30 17:11:32    S5-USDCHF-H1 — USDCHF H1+D1 BOTH pw=10 pullback | test +0.413R Score 2.37
2026-06-30 17:11:32    Piete: ['USDCHF']
2026-06-30 17:11:32    TF: H1 (trend D1) | PW=10 | BOTH
2026-06-30 17:11:32    Output: C:\trading-bot\data\live_signals\session5
2026-06-30 17:11:32  =================================================================
2026-06-30 17:11:32  MT5: 52906593 @ ICMarketsEU-Demo (DEMO)
2026-06-30 17:11:32    [ORPHAN] Nicio pozitie MT5 fara corespondent — state consistent cu MT5.
2026-06-30 17:11:32  Simboluri active: ['USDCHF']
2026-06-30 17:11:32  Pornit. Ctrl+C pentru oprire.

2026-06-30 17:11:32  --- S5-USDCHF-H1 iter 1 @ 17:11:32 ---
2026-06-30 17:11:32    Niciun semnal nou. Pendinge: 0
2026-06-30 17:11:32    Urmatoarea bara 60min @ 18:00:05 — 2912s
2026-06-30 17:51:03    [PROFIL] Profil 'Standard Profile' aplicat pe session5.
2026-06-30 17:51:03  =================================================================
2026-06-30 17:51:03    S5-USDCHF-H1 — USDCHF H1+D1 BOTH pw=10 pullback | test +0.413R Score 2.37
2026-06-30 17:51:03    Piete: ['USDCHF']
2026-06-30 17:51:03    TF: H1 (trend D1) | PW=10 | BOTH
2026-06-30 17:51:03    Output: C:\trading-bot\data\live_signals\session5
2026-06-30 17:51:03  =================================================================
2026-06-30 17:51:03  MT5: 52906593 @ ICMarketsEU-Demo (DEMO)
2026-06-30 17:51:03    [ORPHAN] Nicio pozitie MT5 fara corespondent — state consistent cu MT5.
2026-06-30 17:51:03  Simboluri active: ['USDCHF']
2026-06-30 17:51:03  Pornit. Ctrl+C pentru oprire.

2026-06-30 17:51:03  --- S5-USDCHF-H1 iter 1 @ 17:51:03 ---
2026-06-30 17:51:03    Niciun semnal nou. Pendinge: 0
2026-06-30 17:51:03    Urmatoarea bara 60min @ 18:00:05 — 541s
2026-06-30 17:55:53    [PROFIL] Profil 'Standard Profile' aplicat pe session5.
2026-06-30 17:55:53  =================================================================
2026-06-30 17:55:53    S5-USDCHF-H1 — USDCHF H1+D1 BOTH pw=10 pullback | test +0.413R Score 2.37
2026-06-30 17:55:53    Piete: ['USDCHF']
2026-06-30 17:55:53    TF: H1 (trend D1) | PW=10 | BOTH
2026-06-30 17:55:53    Output: C:\trading-bot\data\live_signals\session5
2026-06-30 17:55:53  =================================================================
2026-06-30 17:55:53  MT5: 52906593 @ ICMarketsEU-Demo (DEMO)
2026-06-30 17:55:53    [ORPHAN] Nicio pozitie MT5 fara corespondent — state consistent cu MT5.
2026-06-30 17:55:53  Simboluri active: ['USDCHF']
2026-06-30 17:55:53  Pornit. Ctrl+C pentru oprire.

2026-06-30 17:55:53  --- S5-USDCHF-H1 iter 1 @ 17:55:53 ---
2026-06-30 17:55:53    Niciun semnal nou. Pendinge: 0
2026-06-30 17:55:53    Urmatoarea bara 60min @ 18:00:05 — 252s
2026-06-30 18:00:05  --- S5-USDCHF-H1 iter 2 @ 18:00:05 ---
2026-06-30 18:00:05    Niciun semnal nou. Pendinge: 0
2026-06-30 18:00:05    Urmatoarea bara 60min @ 19:00:05 — 3600s
2026-06-30 18:04:20    [PROFIL] Profil 'Standard Profile' aplicat pe session5.
2026-06-30 18:04:20  =================================================================
2026-06-30 18:04:20    S5-USDCHF-H1 — USDCHF H1+D1 BOTH pw=10 pullback | test +0.413R Score 2.37
2026-06-30 18:04:20    Piete: ['USDCHF']
2026-06-30 18:04:20    TF: H1 (trend D1) | PW=10 | BOTH
2026-06-30 18:04:20    Output: C:\trading-bot\data\live_signals\session5
2026-06-30 18:04:20  =================================================================
2026-06-30 18:04:20  MT5: 52906593 @ ICMarketsEU-Demo (DEMO)
2026-06-30 18:04:20    [ORPHAN] Nicio pozitie MT5 fara corespondent — state consistent cu MT5.
2026-06-30 18:04:20  Simboluri active: ['USDCHF']
2026-06-30 18:04:20  Pornit. Ctrl+C pentru oprire.

2026-06-30 18:04:20  --- S5-USDCHF-H1 iter 1 @ 18:04:20 ---
2026-06-30 18:04:20    Niciun semnal nou. Pendinge: 0
2026-06-30 18:04:20    Urmatoarea bara 60min @ 19:00:05 — 3344s
2026-06-30 18:12:53    [PROFIL] Profil 'Standard Profile' aplicat pe session5.
2026-06-30 18:12:53  =================================================================
2026-06-30 18:12:53    S5-USDCHF-H1 — USDCHF H1+D1 BOTH pw=10 pullback | test +0.413R Score 2.37
2026-06-30 18:12:53    Piete: ['USDCHF']
2026-06-30 18:12:53    TF: H1 (trend D1) | PW=10 | BOTH
2026-06-30 18:12:53    Output: C:\trading-bot\data\live_signals\session5
2026-06-30 18:12:53  =================================================================
2026-06-30 18:12:53  MT5: 52906593 @ ICMarketsEU-Demo (DEMO)
2026-06-30 18:12:53    [ORPHAN] Nicio pozitie MT5 fara corespondent — state consistent cu MT5.
2026-06-30 18:12:53  Simboluri active: ['USDCHF']
2026-06-30 18:12:53  Pornit. Ctrl+C pentru oprire.

2026-06-30 18:12:53  --- S5-USDCHF-H1 iter 1 @ 18:12:53 ---
2026-06-30 18:12:53    Niciun semnal nou. Pendinge: 0
2026-06-30 18:12:53    Urmatoarea bara 60min @ 19:00:05 — 2832s
2026-06-30 19:00:05  --- S5-USDCHF-H1 iter 2 @ 19:00:05 ---
2026-06-30 19:00:05    Niciun semnal nou. Pendinge: 0
2026-06-30 19:00:05    Urmatoarea bara 60min @ 20:00:05 — 3600s
2026-06-30 19:33:07    [PROFIL] Profil 'Standard Profile' aplicat pe session5.
2026-06-30 19:33:07  =================================================================
2026-06-30 19:33:07    S5-USDCHF-H1 — USDCHF H1+D1 BOTH pw=10 pullback | test +0.413R Score 2.37
2026-06-30 19:33:07    Piete: ['USDCHF']
2026-06-30 19:33:07    TF: H1 (trend D1) | PW=10 | BOTH
2026-06-30 19:33:07    Output: C:\trading-bot\data\live_signals\session5
2026-06-30 19:33:07  =================================================================
2026-06-30 19:33:07  MT5: 52906593 @ ICMarketsEU-Demo (DEMO)
2026-06-30 19:33:07    [ORPHAN] Nicio pozitie MT5 fara corespondent — state consistent cu MT5.
2026-06-30 19:33:07  Simboluri active: ['USDCHF']
2026-06-30 19:33:07  Pornit. Ctrl+C pentru oprire.

2026-06-30 19:33:07  --- S5-USDCHF-H1 iter 1 @ 19:33:07 ---
2026-06-30 19:33:07    Niciun semnal nou. Pendinge: 0
2026-06-30 19:33:07    Urmatoarea bara 60min @ 20:00:05 — 1618s
2026-06-30 20:00:05  --- S5-USDCHF-H1 iter 2 @ 20:00:05 ---
2026-06-30 20:00:05    Niciun semnal nou. Pendinge: 0
2026-06-30 20:00:05    Urmatoarea bara 60min @ 21:00:05 — 3600s
2026-06-30 21:00:37    [PROFIL] Profil 'Standard Profile' aplicat pe session5.
2026-06-30 21:00:37  =================================================================
2026-06-30 21:00:37    S5-USDCHF-H1 — USDCHF H1+D1 BOTH pw=10 pullback | test +0.413R Score 2.37
2026-06-30 21:00:37    Piete: ['USDCHF']
2026-06-30 21:00:37    TF: H1 (trend D1) | PW=10 | BOTH
2026-06-30 21:00:37    Output: C:\trading-bot\data\live_signals\session5
2026-06-30 21:00:37  =================================================================
2026-06-30 21:00:37  MT5: 52906593 @ ICMarketsEU-Demo (DEMO)
2026-06-30 21:00:37    [ORPHAN] Nicio pozitie MT5 fara corespondent — state consistent cu MT5.
2026-06-30 21:00:37  Simboluri active: ['USDCHF']
2026-06-30 21:00:37  Pornit. Ctrl+C pentru oprire.

2026-06-30 21:00:37  --- S5-USDCHF-H1 iter 1 @ 21:00:37 ---
2026-06-30 21:00:37    Niciun semnal nou. Pendinge: 0
2026-06-30 21:00:37    Urmatoarea bara 60min @ 22:00:05 — 3568s
2026-06-30 21:23:53    [PROFIL] Profil 'Standard Profile' aplicat pe session5.
2026-06-30 21:23:53  =================================================================
2026-06-30 21:23:53    S5-USDCHF-H1 — USDCHF H1+D1 BOTH pw=10 pullback | test +0.413R Score 2.37
2026-06-30 21:23:53    Piete: ['USDCHF']
2026-06-30 21:23:53    TF: H1 (trend D1) | PW=10 | BOTH
2026-06-30 21:23:53    Output: C:\trading-bot\data\live_signals\session5
2026-06-30 21:23:53  =================================================================
2026-06-30 21:23:53  MT5: 52906593 @ ICMarketsEU-Demo (DEMO)
2026-06-30 21:23:53    [ORPHAN] Nicio pozitie MT5 fara corespondent — state consistent cu MT5.
2026-06-30 21:23:53  Simboluri active: ['USDCHF']
2026-06-30 21:23:53  Pornit. Ctrl+C pentru oprire.

2026-06-30 21:23:53  --- S5-USDCHF-H1 iter 1 @ 21:23:53 ---
2026-06-30 21:23:53    Niciun semnal nou. Pendinge: 0
2026-06-30 21:23:53    Urmatoarea bara 60min @ 22:00:05 — 2171s
2026-06-30 21:24:50    [PROFIL] Profil 'Standard Profile' aplicat pe session5.
2026-06-30 21:24:50  =================================================================
2026-06-30 21:24:50    S5-USDCHF-H1 — USDCHF H1+D1 BOTH pw=10 pullback | test +0.413R Score 2.37
2026-06-30 21:24:50    Piete: ['USDCHF']
2026-06-30 21:24:50    TF: H1 (trend D1) | PW=10 | BOTH
2026-06-30 21:24:50    Output: C:\trading-bot\data\live_signals\session5
2026-06-30 21:24:50  =================================================================
2026-06-30 21:24:50  MT5: 52906593 @ ICMarketsEU-Demo (DEMO)
2026-06-30 21:24:50    [ORPHAN] Nicio pozitie MT5 fara corespondent — state consistent cu MT5.
2026-06-30 21:24:50  Simboluri active: ['USDCHF']
2026-06-30 21:24:50  Pornit. Ctrl+C pentru oprire.

2026-06-30 21:24:50  --- S5-USDCHF-H1 iter 1 @ 21:24:50 ---
2026-06-30 21:24:50    Niciun semnal nou. Pendinge: 0
2026-06-30 21:24:50    Urmatoarea bara 60min @ 22:00:05 — 2114s
2026-06-30 22:00:05  --- S5-USDCHF-H1 iter 2 @ 22:00:05 ---
2026-06-30 22:00:05    Niciun semnal nou. Pendinge: 0
2026-06-30 22:00:05    Urmatoarea bara 60min @ 23:00:05 — 3600s
2026-06-30 22:01:39    [PROFIL] Profil 'Standard Profile' aplicat pe session5.
2026-06-30 22:01:39  =================================================================
2026-06-30 22:01:39    S5-USDCHF-H1 — USDCHF H1+D1 BOTH pw=10 pullback | test +0.413R Score 2.37
2026-06-30 22:01:39    Piete: ['USDCHF']
2026-06-30 22:01:39    TF: H1 (trend D1) | PW=10 | BOTH
2026-06-30 22:01:39    Output: C:\trading-bot\data\live_signals\session5
2026-06-30 22:01:39  =================================================================
2026-06-30 22:01:39  MT5: 52906593 @ ICMarketsEU-Demo (DEMO)
2026-06-30 22:01:39    [ORPHAN] Nicio pozitie MT5 fara corespondent — state consistent cu MT5.
2026-06-30 22:01:39  Simboluri active: ['USDCHF']
2026-06-30 22:01:39  Pornit. Ctrl+C pentru oprire.

2026-06-30 22:01:39  --- S5-USDCHF-H1 iter 1 @ 22:01:39 ---
2026-06-30 22:01:39    Niciun semnal nou. Pendinge: 0
2026-06-30 22:01:39    Urmatoarea bara 60min @ 23:00:05 — 3506s
2026-06-30 22:57:58    [PROFIL] Profil 'Standard Profile' aplicat pe session5.
2026-06-30 22:57:58  =================================================================
2026-06-30 22:57:58    S5-USDCHF-H1 — USDCHF H1+D1 BOTH pw=10 pullback | test +0.413R Score 2.37
2026-06-30 22:57:58    Piete: ['USDCHF']
2026-06-30 22:57:58    TF: H1 (trend D1) | PW=10 | BOTH
2026-06-30 22:57:58    Output: C:\trading-bot\data\live_signals\session5
2026-06-30 22:57:58  =================================================================
2026-06-30 22:57:58  MT5: 52906593 @ ICMarketsEU-Demo (DEMO)
2026-06-30 22:57:58    [ORPHAN] Nicio pozitie MT5 fara corespondent — state consistent cu MT5.
2026-06-30 22:57:58  Simboluri active: ['USDCHF']
2026-06-30 22:57:58  Pornit. Ctrl+C pentru oprire.

2026-06-30 22:57:58  --- S5-USDCHF-H1 iter 1 @ 22:57:58 ---
2026-06-30 22:57:58    Niciun semnal nou. Pendinge: 0
2026-06-30 22:57:58    Urmatoarea bara 60min @ 23:00:05 — 126s
2026-06-30 23:00:05  --- S5-USDCHF-H1 iter 2 @ 23:00:05 ---
2026-06-30 23:00:05    Niciun semnal nou. Pendinge: 0
2026-06-30 23:00:05    Urmatoarea bara 60min @ 00:00:05 — 3600s
2026-06-30 23:15:05    [PROFIL] Profil 'Standard Profile' aplicat pe session5.
2026-06-30 23:15:05  =================================================================
2026-06-30 23:15:05    S5-USDCHF-H1 — USDCHF H1+D1 BOTH pw=10 pullback | test +0.413R Score 2.37
2026-06-30 23:15:05    Piete: ['USDCHF']
2026-06-30 23:15:05    TF: H1 (trend D1) | PW=10 | BOTH
2026-06-30 23:15:05    Output: C:\trading-bot\data\live_signals\session5
2026-06-30 23:15:05  =================================================================
2026-06-30 23:15:05  MT5: 52906593 @ ICMarketsEU-Demo (DEMO)
2026-06-30 23:15:05    [ORPHAN] Nicio pozitie MT5 fara corespondent — state consistent cu MT5.
2026-06-30 23:15:05  Simboluri active: ['USDCHF']
2026-06-30 23:15:05  Pornit. Ctrl+C pentru oprire.

2026-06-30 23:15:05  --- S5-USDCHF-H1 iter 1 @ 23:15:05 ---
2026-06-30 23:15:05    Niciun semnal nou. Pendinge: 0
2026-06-30 23:15:05    Urmatoarea bara 60min @ 00:00:05 — 2699s
2026-06-30 23:20:57    [PROFIL] Profil 'Standard Profile' aplicat pe session5.
2026-06-30 23:20:57  =================================================================
2026-06-30 23:20:57    S5-USDCHF-H1 — USDCHF H1+D1 BOTH pw=10 pullback | test +0.413R Score 2.37
2026-06-30 23:20:57    Piete: ['USDCHF']
2026-06-30 23:20:57    TF: H1 (trend D1) | PW=10 | BOTH
2026-06-30 23:20:57    Output: C:\trading-bot\data\live_signals\session5
2026-06-30 23:20:57  =================================================================
2026-06-30 23:20:57  MT5: 52906593 @ ICMarketsEU-Demo (DEMO)
2026-06-30 23:20:57    [ORPHAN] Nicio pozitie MT5 fara corespondent — state consistent cu MT5.
2026-06-30 23:20:57  Simboluri active: ['USDCHF']
2026-06-30 23:20:57  Pornit. Ctrl+C pentru oprire.

2026-06-30 23:20:57  --- S5-USDCHF-H1 iter 1 @ 23:20:57 ---
2026-06-30 23:20:57    Niciun semnal nou. Pendinge: 0
2026-06-30 23:20:57    Urmatoarea bara 60min @ 00:00:05 — 2347s
2026-07-01 00:00:05  --- S5-USDCHF-H1 iter 2 @ 00:00:05 ---
2026-07-01 00:00:05    Niciun semnal nou. Pendinge: 0
2026-07-01 00:00:05    Urmatoarea bara 60min @ 01:00:05 — 3600s
2026-07-01 01:00:05  --- S5-USDCHF-H1 iter 3 @ 01:00:05 ---
2026-07-01 01:00:05    Niciun semnal nou. Pendinge: 0
2026-07-01 01:00:05    Urmatoarea bara 60min @ 02:00:05 — 3600s
2026-07-01 02:00:05  --- S5-USDCHF-H1 iter 4 @ 02:00:05 ---
2026-07-01 02:00:05    Niciun semnal nou. Pendinge: 0
2026-07-01 02:00:05    Urmatoarea bara 60min @ 03:00:05 — 3599s
2026-07-01 03:00:05  --- S5-USDCHF-H1 iter 5 @ 03:00:05 ---
2026-07-01 03:00:05    Niciun semnal nou. Pendinge: 0
2026-07-01 03:00:05    Urmatoarea bara 60min @ 04:00:05 — 3600s
2026-07-01 04:00:05  --- S5-USDCHF-H1 iter 6 @ 04:00:05 ---
2026-07-01 04:00:05    Niciun semnal nou. Pendinge: 0
2026-07-01 04:00:05    Urmatoarea bara 60min @ 05:00:05 — 3600s
2026-07-01 05:00:05  --- S5-USDCHF-H1 iter 7 @ 05:00:05 ---
2026-07-01 05:00:05    Niciun semnal nou. Pendinge: 0
2026-07-01 05:00:05    Urmatoarea bara 60min @ 06:00:05 — 3600s
2026-07-01 06:00:05  --- S5-USDCHF-H1 iter 8 @ 06:00:05 ---
2026-07-01 06:00:05    Niciun semnal nou. Pendinge: 0
2026-07-01 06:00:05    Urmatoarea bara 60min @ 07:00:05 — 3600s
2026-07-01 07:00:05  --- S5-USDCHF-H1 iter 9 @ 07:00:05 ---
2026-07-01 07:00:05    Niciun semnal nou. Pendinge: 0
2026-07-01 07:00:05    Urmatoarea bara 60min @ 08:00:05 — 3600s
2026-07-01 08:00:05  --- S5-USDCHF-H1 iter 10 @ 08:00:05 ---
2026-07-01 08:00:05    *** SEMNAL [INSIDE_BAR]: S5-USDCHF-H1-IB0003 USDCHF LONG entry=0.80982 sl=0.80877 tp=0.81192 (2.0R) RSI=56
2026-07-01 08:00:05    [EXEC] *** ORDIN: S5-USDCHF-H1-IB0003 USDCHF LONG 0.02lot @ 0.80982  SL=0.80877  TP=0.81192  ticket=#1783690661
2026-07-01 08:00:05    Urmatoarea bara 60min @ 09:00:05 — 3599s
2026-07-01 09:00:05  --- S5-USDCHF-H1 iter 11 @ 09:00:05 ---
2026-07-01 09:00:05    Niciun semnal nou. Pendinge: 1
2026-07-01 09:00:05    Urmatoarea bara 60min @ 10:00:05 — 3600s
2026-07-01 09:16:55    [PROFIL] Profil 'Standard Profile' aplicat pe session5.
2026-07-01 09:16:55  =================================================================
2026-07-01 09:16:56    S5-USDCHF-H1 — USDCHF H1+D1 BOTH pw=10 pullback | test +0.413R Score 2.37
2026-07-01 09:16:56    Piete: ['USDCHF']
2026-07-01 09:16:56    TF: H1 (trend D1) | PW=10 | BOTH
2026-07-01 09:16:56    Output: C:\trading-bot\data\live_signals\session5
2026-07-01 09:16:56  =================================================================
2026-07-01 09:16:56  MT5: 52906593 @ ICMarketsEU-Demo (DEMO)
2026-07-01 09:16:56    [ORPHAN] Nicio pozitie MT5 fara corespondent — state consistent cu MT5.
2026-07-01 09:16:56  Simboluri active: ['USDCHF']
2026-07-01 09:16:56  Pornit. Ctrl+C pentru oprire.

2026-07-01 09:16:56  --- S5-USDCHF-H1 iter 1 @ 09:16:56 ---
2026-07-01 09:16:56    Niciun semnal nou. Pendinge: 1
2026-07-01 09:16:56    Urmatoarea bara 60min @ 10:00:05 — 2589s
2026-07-01 09:46:46    [PROFIL] Profil 'Standard Profile' aplicat pe session5.
2026-07-01 09:46:46  =================================================================
2026-07-01 09:46:46    S5-USDCHF-H1 — USDCHF H1+D1 BOTH pw=10 pullback | test +0.413R Score 2.37
2026-07-01 09:46:46    Piete: ['USDCHF']
2026-07-01 09:46:46    TF: H1 (trend D1) | PW=10 | BOTH
2026-07-01 09:46:46    Output: C:\trading-bot\data\live_signals\session5
2026-07-01 09:46:46  =================================================================
2026-07-01 09:46:46  MT5: 52906593 @ ICMarketsEU-Demo (DEMO)
2026-07-01 09:46:46    [ORPHAN] Nicio pozitie MT5 fara corespondent — state consistent cu MT5.
2026-07-01 09:46:46  Simboluri active: ['USDCHF']
2026-07-01 09:46:46  Pornit. Ctrl+C pentru oprire.

2026-07-01 09:46:46  --- S5-USDCHF-H1 iter 1 @ 09:46:46 ---
2026-07-01 09:46:46    Niciun semnal nou. Pendinge: 1
2026-07-01 09:46:46    Urmatoarea bara 60min @ 10:00:05 — 798s
2026-07-01 10:00:05  --- S5-USDCHF-H1 iter 2 @ 10:00:05 ---
2026-07-01 10:00:05    Niciun semnal nou. Pendinge: 1
2026-07-01 10:00:05    Urmatoarea bara 60min @ 11:00:05 — 3600s
2026-07-01 10:17:23    [PROFIL] Profil 'Standard Profile' aplicat pe session5.
2026-07-01 10:17:23  =================================================================
2026-07-01 10:17:23    S5-USDCHF-H1 — USDCHF H1+D1 BOTH pw=10 pullback | test +0.413R Score 2.37
2026-07-01 10:17:23    Piete: ['USDCHF']
2026-07-01 10:17:23    TF: H1 (trend D1) | PW=10 | BOTH
2026-07-01 10:17:23    Output: C:\trading-bot\data\live_signals\session5
2026-07-01 10:17:23  =================================================================
2026-07-01 10:17:23  MT5: 52906593 @ ICMarketsEU-Demo (DEMO)
2026-07-01 10:17:23    [ORPHAN] Nicio pozitie MT5 fara corespondent — state consistent cu MT5.
2026-07-01 10:17:23  Simboluri active: ['USDCHF']
2026-07-01 10:17:23  Pornit. Ctrl+C pentru oprire.

2026-07-01 10:17:23  --- S5-USDCHF-H1 iter 1 @ 10:17:23 ---
2026-07-01 10:17:23    TRIGGERAT: S5-USDCHF-H1-IB0003 USDCHF LONG @ 0.80982
2026-07-01 10:17:23    Niciun semnal nou. Pendinge: 1
2026-07-01 10:17:23    Urmatoarea bara 60min @ 11:00:05 — 2561s
2026-07-01 10:42:47    [PROFIL] Profil 'Standard Profile' aplicat pe session5.
2026-07-01 10:42:47  =================================================================
2026-07-01 10:42:47    S5-USDCHF-H1 — USDCHF H1+D1 BOTH pw=10 pullback | test +0.413R Score 2.37
2026-07-01 10:42:47    Piete: ['USDCHF']
2026-07-01 10:42:47    TF: H1 (trend D1) | PW=10 | BOTH
2026-07-01 10:42:47    Output: C:\trading-bot\data\live_signals\session5
2026-07-01 10:42:47  =================================================================
2026-07-01 10:42:47  MT5: 52906593 @ ICMarketsEU-Demo (DEMO)
2026-07-01 10:42:47    [ORPHAN] Nicio pozitie MT5 fara corespondent — state consistent cu MT5.
2026-07-01 10:42:47  Simboluri active: ['USDCHF']
2026-07-01 10:42:47  Pornit. Ctrl+C pentru oprire.

2026-07-01 10:42:47  --- S5-USDCHF-H1 iter 1 @ 10:42:47 ---
2026-07-01 10:42:47    Niciun semnal nou. Pendinge: 1
2026-07-01 10:42:47    Urmatoarea bara 60min @ 11:00:05 — 1037s
2026-07-01 11:00:05  --- S5-USDCHF-H1 iter 2 @ 11:00:05 ---
2026-07-01 11:00:30    Niciun semnal nou. Pendinge: 1
2026-07-01 11:00:30    Urmatoarea bara 60min @ 12:00:05 — 3575s
2026-07-01 11:33:33    [PROFIL] Profil 'Standard Profile' aplicat pe session5.
2026-07-01 11:33:33  =================================================================
2026-07-01 11:33:33    S5-USDCHF-H1 — USDCHF H1+D1 BOTH pw=10 pullback | test +0.413R Score 2.37
2026-07-01 11:33:33    Piete: ['USDCHF']
2026-07-01 11:33:33    TF: H1 (trend D1) | PW=10 | BOTH
2026-07-01 11:33:33    Output: C:\trading-bot\data\live_signals\session5
2026-07-01 11:33:33  =================================================================
2026-07-01 11:33:33  MT5: 52906593 @ ICMarketsEU-Demo (DEMO)
2026-07-01 11:33:33    [ORPHAN] Nicio pozitie MT5 fara corespondent — state consistent cu MT5.
2026-07-01 11:33:33  Simboluri active: ['USDCHF']
2026-07-01 11:33:33  Pornit. Ctrl+C pentru oprire.

2026-07-01 11:33:33  --- S5-USDCHF-H1 iter 1 @ 11:33:33 ---
2026-07-01 11:33:33    Niciun semnal nou. Pendinge: 1
2026-07-01 11:33:34    Urmatoarea bara 60min @ 12:00:05 — 1591s
2026-07-01 11:53:27    [PROFIL] Profil 'Standard Profile' aplicat pe session5.
2026-07-01 11:53:27  =================================================================
2026-07-01 11:53:27    S5-USDCHF-H1 — USDCHF H1+D1 BOTH pw=10 pullback | test +0.413R Score 2.37
2026-07-01 11:53:27    Piete: ['USDCHF']
2026-07-01 11:53:27    TF: H1 (trend D1) | PW=10 | BOTH
2026-07-01 11:53:27    Output: C:\trading-bot\data\live_signals\session5
2026-07-01 11:53:27  =================================================================
2026-07-01 11:53:27  MT5: 52906593 @ ICMarketsEU-Demo (DEMO)
2026-07-01 11:53:27    [ORPHAN] Nicio pozitie MT5 fara corespondent — state consistent cu MT5.
2026-07-01 11:53:27  Simboluri active: ['USDCHF']
2026-07-01 11:53:27  Pornit. Ctrl+C pentru oprire.

2026-07-01 11:53:27  --- S5-USDCHF-H1 iter 1 @ 11:53:27 ---
2026-07-01 11:53:27    Niciun semnal nou. Pendinge: 1
2026-07-01 11:53:27    Urmatoarea bara 60min @ 12:00:05 — 398s
2026-07-01 12:00:05  --- S5-USDCHF-H1 iter 2 @ 12:00:05 ---
2026-07-01 12:00:05    Niciun semnal nou. Pendinge: 1
2026-07-01 12:00:05    Urmatoarea bara 60min @ 13:00:05 — 3600s
2026-07-01 13:00:05  --- S5-USDCHF-H1 iter 3 @ 13:00:05 ---
2026-07-01 13:00:17    Niciun semnal nou. Pendinge: 1
2026-07-01 13:00:18    Urmatoarea bara 60min @ 14:00:05 — 3587s
2026-07-01 14:00:05  --- S5-USDCHF-H1 iter 4 @ 14:00:05 ---
2026-07-01 14:00:05    Niciun semnal nou. Pendinge: 1
2026-07-01 14:00:05    Urmatoarea bara 60min @ 15:00:05 — 3600s
2026-07-01 15:00:05  --- S5-USDCHF-H1 iter 5 @ 15:00:05 ---
2026-07-01 15:00:05    Niciun semnal nou. Pendinge: 1
2026-07-01 15:00:05    Urmatoarea bara 60min @ 16:00:05 — 3600s
2026-07-01 16:00:05  --- S5-USDCHF-H1 iter 6 @ 16:00:05 ---
2026-07-01 16:00:05    [STIRI] Pauza automata — Fed Chairman Warsh Speaks (USD, High, 1 min)
2026-07-01 16:00:05    [STIRI] Tranzitie → pauza: inchid ordine/pozitii active.
2026-07-01 16:00:10    [STIRI] S5-USDCHF-H1-IB0003 USDCHF LONG inchis la stire: exit=0.811520  result=+1.619R
2026-07-01 16:00:11    Niciun semnal nou. Pendinge: 0
2026-07-01 16:00:11    Urmatoarea bara 60min @ 17:00:05 — 3594s
2026-07-01 16:07:47    [PROFIL] Profil 'Standard Profile' aplicat pe session5.
2026-07-01 16:07:47  =================================================================
2026-07-01 16:07:47    S5-USDCHF-H1 — USDCHF H1+D1 BOTH pw=10 pullback | test +0.413R Score 2.37
2026-07-01 16:07:47    Piete: ['USDCHF']
2026-07-01 16:07:47    TF: H1 (trend D1) | PW=10 | BOTH
2026-07-01 16:07:47    Output: C:\trading-bot\data\live_signals\session5
2026-07-01 16:07:47  =================================================================
2026-07-01 16:07:47  MT5: 52906593 @ ICMarketsEU-Demo (DEMO)
2026-07-01 16:07:47    [MIGRATE] Cheie goala stearsa din pending: 'USDCHF'
2026-07-01 16:07:47    [MIGRATE] Migrare pending: 0 semnale migrate, 1 chei goale sterse.
2026-07-01 16:07:47    [ORPHAN] Nicio pozitie MT5 fara corespondent — state consistent cu MT5.
2026-07-01 16:07:47  Simboluri active: ['USDCHF']
2026-07-01 16:07:47  Pornit. Ctrl+C pentru oprire.

2026-07-01 16:07:47  --- S5-USDCHF-H1 iter 1 @ 16:07:47 ---
2026-07-01 16:07:47    Niciun semnal nou. Pendinge: 0
2026-07-01 16:07:47    Urmatoarea bara 60min @ 17:00:05 — 3137s
2026-07-01 17:00:05  --- S5-USDCHF-H1 iter 2 @ 17:00:05 ---
2026-07-01 17:00:05    [STIRI] Pauza automata — ISM Manufacturing PMI (USD, High, 2 min)
2026-07-01 17:00:05    [STIRI] Tranzitie → pauza: inchid ordine/pozitii active.
2026-07-01 17:00:05    [STIRI] Nicio pozitie/ordin activ — nimic de inchis.
2026-07-01 17:00:05    Niciun semnal nou. Pendinge: 0
2026-07-01 17:00:05    Urmatoarea bara 60min @ 18:00:05 — 3600s
2026-07-01 17:40:05    [PROFIL] Profil 'Standard Profile' aplicat pe session5.
2026-07-01 17:40:05  =================================================================
2026-07-01 17:40:05    S5-USDCHF-H1 — USDCHF H1+D1 BOTH pw=10 pullback | test +0.413R Score 2.37
2026-07-01 17:40:05    Piete: ['USDCHF']
2026-07-01 17:40:05    TF: H1 (trend D1) | PW=10 | BOTH
2026-07-01 17:40:05    Output: C:\trading-bot\data\live_signals\session5
2026-07-01 17:40:05  =================================================================
2026-07-01 17:40:05  MT5: 52906593 @ ICMarketsEU-Demo (DEMO)
2026-07-01 17:40:05    [ORPHAN] Nicio pozitie MT5 fara corespondent — state consistent cu MT5.
2026-07-01 17:40:05  Simboluri active: ['USDCHF']
2026-07-01 17:40:05  Pornit. Ctrl+C pentru oprire.

2026-07-01 17:40:05  --- S5-USDCHF-H1 iter 1 @ 17:40:05 ---
2026-07-01 17:40:05    Niciun semnal nou. Pendinge: 0
2026-07-01 17:40:05    Urmatoarea bara 60min @ 18:00:05 — 1199s
2026-07-01 18:00:05  --- S5-USDCHF-H1 iter 2 @ 18:00:05 ---
2026-07-01 18:00:05    Niciun semnal nou. Pendinge: 0
2026-07-01 18:00:05    Urmatoarea bara 60min @ 19:00:05 — 3600s
2026-07-01 19:00:05  --- S5-USDCHF-H1 iter 3 @ 19:00:05 ---
2026-07-01 19:00:05    Niciun semnal nou. Pendinge: 0
2026-07-01 19:00:05    Urmatoarea bara 60min @ 20:00:05 — 3600s
2026-07-01 19:40:59    [PROFIL] Profil 'Standard Profile' aplicat pe session5.
2026-07-01 19:40:59  =================================================================
2026-07-01 19:40:59    S5-USDCHF-H1 — USDCHF H1+D1 BOTH pw=10 pullback | test +0.413R Score 2.37
2026-07-01 19:40:59    Piete: ['USDCHF']
2026-07-01 19:40:59    TF: H1 (trend D1) | PW=10 | BOTH
2026-07-01 19:40:59    Output: C:\trading-bot\data\live_signals\session5
2026-07-01 19:40:59  =================================================================
2026-07-01 19:40:59  MT5: 52906593 @ ICMarketsEU-Demo (DEMO)
2026-07-01 19:40:59    [ORPHAN] Nicio pozitie MT5 fara corespondent — state consistent cu MT5.
2026-07-01 19:40:59  Simboluri active: ['USDCHF']
2026-07-01 19:40:59  Pornit. Ctrl+C pentru oprire.

2026-07-01 19:40:59  --- S5-USDCHF-H1 iter 1 @ 19:40:59 ---
2026-07-01 19:40:59    Niciun semnal nou. Pendinge: 0
2026-07-01 19:40:59    Urmatoarea bara 60min @ 20:00:05 — 1145s
2026-07-01 20:00:05  --- S5-USDCHF-H1 iter 2 @ 20:00:05 ---
2026-07-01 20:00:05    Niciun semnal nou. Pendinge: 0
2026-07-01 20:00:05    Urmatoarea bara 60min @ 21:00:05 — 3600s
2026-07-01 20:48:54    [PROFIL] Profil 'Standard Profile' aplicat pe session5.
2026-07-01 20:48:54  =================================================================
2026-07-01 20:48:54    S5-USDCHF-H1 — USDCHF H1+D1 BOTH pw=10 pullback | test +0.413R Score 2.37
2026-07-01 20:48:54    Piete: ['USDCHF']
2026-07-01 20:48:54    TF: H1 (trend D1) | PW=10 | BOTH
2026-07-01 20:48:54    Output: C:\trading-bot\data\live_signals\session5
2026-07-01 20:48:54  =================================================================
2026-07-01 20:48:54  MT5: 52906593 @ ICMarketsEU-Demo (DEMO)
2026-07-01 20:48:54    [ORPHAN] Nicio pozitie MT5 fara corespondent — state consistent cu MT5.
2026-07-01 20:48:54  Simboluri active: ['USDCHF']
2026-07-01 20:48:54  Pornit. Ctrl+C pentru oprire.

2026-07-01 20:48:54  --- S5-USDCHF-H1 iter 1 @ 20:48:54 ---
2026-07-01 20:48:54    Niciun semnal nou. Pendinge: 0
2026-07-01 20:48:54    Urmatoarea bara 60min @ 21:00:05 — 671s
2026-07-01 21:00:05  --- S5-USDCHF-H1 iter 2 @ 21:00:05 ---
2026-07-01 21:00:05    Niciun semnal nou. Pendinge: 0
2026-07-01 21:00:05    Urmatoarea bara 60min @ 22:00:05 — 3600s
2026-07-01 21:05:07    [PROFIL] Profil 'Standard Profile' aplicat pe session5.
2026-07-01 21:05:07  =================================================================
2026-07-01 21:05:07    S5-USDCHF-H1 — USDCHF H1+D1 BOTH pw=10 pullback | test +0.413R Score 2.37
2026-07-01 21:05:07    Piete: ['USDCHF']
2026-07-01 21:05:07    TF: H1 (trend D1) | PW=10 | BOTH
2026-07-01 21:05:07    Output: C:\trading-bot\data\live_signals\session5
2026-07-01 21:05:07  =================================================================
2026-07-01 21:05:07  MT5: 52906593 @ ICMarketsEU-Demo (DEMO)
2026-07-01 21:05:07    [ORPHAN] Nicio pozitie MT5 fara corespondent — state consistent cu MT5.
2026-07-01 21:05:07  Simboluri active: ['USDCHF']
2026-07-01 21:05:07  Pornit. Ctrl+C pentru oprire.

2026-07-01 21:05:07  --- S5-USDCHF-H1 iter 1 @ 21:05:07 ---
2026-07-01 21:05:07    Niciun semnal nou. Pendinge: 0
2026-07-01 21:05:07    Urmatoarea bara 60min @ 22:00:05 — 3298s
2026-07-01 22:00:05  --- S5-USDCHF-H1 iter 2 @ 22:00:05 ---
2026-07-01 22:00:05    Niciun semnal nou. Pendinge: 0
2026-07-01 22:00:05    Urmatoarea bara 60min @ 23:00:05 — 3599s
2026-07-03 08:53:54    ib_signal_counter sincronizat la 4 din signals.csv
2026-07-03 08:53:54    [PROFIL] Profil 'Standard Profile' aplicat pe session5.
2026-07-03 08:53:54  =================================================================
2026-07-03 08:53:54    S5-USDCHF-H1 — USDCHF H1+D1 BOTH pw=10 pullback | test +0.413R Score 2.37
2026-07-03 08:53:54    Piete: ['USDCHF']
2026-07-03 08:53:54    TF: H1 (trend D1) | PW=10 | BOTH
2026-07-03 08:53:54    Output: C:\trading-bot\data\live_signals\session5
2026-07-03 08:53:54  =================================================================
2026-07-03 08:53:54  MT5: 52906593 @ ICMarketsEU-Demo (DEMO)
2026-07-03 08:53:54    [SCAN-RECOVER] Comentariu trunchiat 'S5-USDCHF-H1-IB0' → S5-USDCHF-H1-IB0004 (match prin pret 0.80983)
2026-07-03 08:53:55    [ORPHAN] Nicio pozitie MT5 fara corespondent — state consistent cu MT5.
2026-07-03 08:53:55  Simboluri active: ['USDCHF']
2026-07-03 08:53:55  Pornit. Ctrl+C pentru oprire.

2026-07-03 08:53:55  --- S5-USDCHF-H1 iter 1 @ 08:53:55 ---
2026-07-03 08:53:56    Niciun semnal nou. Pendinge: 0
2026-07-03 08:53:56    Urmatoarea bara 60min @ 09:00:05 — 368s
2026-07-03 09:00:05  --- S5-USDCHF-H1 iter 2 @ 09:00:05 ---
2026-07-03 09:00:05    Niciun semnal nou. Pendinge: 0
2026-07-03 09:00:05    Urmatoarea bara 60min @ 10:00:05 — 3600s
2026-07-03 10:00:05  --- S5-USDCHF-H1 iter 3 @ 10:00:05 ---
2026-07-03 10:00:05    Niciun semnal nou. Pendinge: 0
2026-07-03 10:00:05    Urmatoarea bara 60min @ 11:00:05 — 3600s
2026-07-03 10:54:37    [PROFIL] Profil 'Standard Profile' aplicat pe session5.
2026-07-03 10:54:37  =================================================================
2026-07-03 10:54:37    S5-USDCHF-H1 — USDCHF H1+D1 BOTH pw=10 pullback | test +0.413R Score 2.37
2026-07-03 10:54:37    Piete: ['USDCHF']
2026-07-03 10:54:37    TF: H1 (trend D1) | PW=10 | BOTH
2026-07-03 10:54:37    Output: C:\trading-bot\data\live_signals\session5
2026-07-03 10:54:37  =================================================================
2026-07-03 10:54:37  MT5: 52906593 @ ICMarketsEU-Demo (DEMO)
2026-07-03 10:54:37    [SCAN-RECOVER] Comentariu trunchiat 'S5-USDCHF-H1-IB0' → S5-USDCHF-H1-IB0004 (match prin pret 0.80983)
2026-07-03 10:54:37    [ORPHAN] Nicio pozitie MT5 fara corespondent — state consistent cu MT5.
2026-07-03 10:54:37  Simboluri active: ['USDCHF']
2026-07-03 10:54:37  Pornit. Ctrl+C pentru oprire.

2026-07-03 10:54:37  --- S5-USDCHF-H1 iter 1 @ 10:54:37 ---
2026-07-03 10:54:38    Niciun semnal nou. Pendinge: 0
2026-07-03 10:54:38    Urmatoarea bara 60min @ 11:00:05 — 327s
2026-07-03 11:00:05  --- S5-USDCHF-H1 iter 2 @ 11:00:05 ---
2026-07-03 11:00:05    Niciun semnal nou. Pendinge: 0
2026-07-03 11:00:05    Urmatoarea bara 60min @ 12:00:05 — 3600s
2026-07-03 11:10:15    [PROFIL] Profil 'Standard Profile' aplicat pe session5.
2026-07-03 11:10:15  =================================================================
2026-07-03 11:10:15    S5-USDCHF-H1 — USDCHF H1+D1 BOTH pw=10 pullback | test +0.413R Score 2.37
2026-07-03 11:10:15    Piete: ['USDCHF']
2026-07-03 11:10:15    TF: H1 (trend D1) | PW=10 | BOTH
2026-07-03 11:10:15    Output: C:\trading-bot\data\live_signals\session5
2026-07-03 11:10:15  =================================================================
2026-07-03 11:10:15  MT5: 52906593 @ ICMarketsEU-Demo (DEMO)
2026-07-03 11:10:15    [SCAN-RECOVER] Comentariu trunchiat 'S5-USDCHF-H1-IB0' → S5-USDCHF-H1-IB0004 (match prin pret 0.80983)
2026-07-03 11:10:15    [ORPHAN] Nicio pozitie MT5 fara corespondent — state consistent cu MT5.
2026-07-03 11:10:15  Simboluri active: ['USDCHF']
2026-07-03 11:10:15  Pornit. Ctrl+C pentru oprire.

2026-07-03 11:10:15  --- S5-USDCHF-H1 iter 1 @ 11:10:15 ---
2026-07-03 11:10:15    Niciun semnal nou. Pendinge: 0
2026-07-03 11:10:15    Urmatoarea bara 60min @ 12:00:05 — 2989s
2026-07-03 12:00:05  --- S5-USDCHF-H1 iter 2 @ 12:00:05 ---
2026-07-03 12:00:05    Niciun semnal nou. Pendinge: 0
2026-07-03 12:00:05    Urmatoarea bara 60min @ 13:00:05 — 3600s
2026-07-03 13:00:05  --- S5-USDCHF-H1 iter 3 @ 13:00:05 ---
2026-07-03 13:00:05    Niciun semnal nou. Pendinge: 0
2026-07-03 13:00:05    Urmatoarea bara 60min @ 14:00:05 — 3600s
2026-07-03 13:50:13    [PROFIL] Profil 'Standard Profile' aplicat pe session5.
2026-07-03 13:50:13  =================================================================
2026-07-03 13:50:13    S5-USDCHF-H1 — USDCHF H1+D1 BOTH pw=10 pullback | test +0.413R Score 2.37
2026-07-03 13:50:13    Piete: ['USDCHF']
2026-07-03 13:50:13    TF: H1 (trend D1) | PW=10 | BOTH
2026-07-03 13:50:13    Output: C:\trading-bot\data\live_signals\session5
2026-07-03 13:50:13  =================================================================
2026-07-03 13:50:13  MT5: 52906593 @ ICMarketsEU-Demo (DEMO)
2026-07-03 13:50:13    [SCAN-RECOVER] Comentariu trunchiat 'S5-USDCHF-H1-IB0' → S5-USDCHF-H1-IB0004 (match prin pret 0.80983)
2026-07-03 13:50:13    [ORPHAN] Nicio pozitie MT5 fara corespondent — state consistent cu MT5.
2026-07-03 13:50:13  Simboluri active: ['USDCHF']
2026-07-03 13:50:13  Pornit. Ctrl+C pentru oprire.

2026-07-03 13:50:13  --- S5-USDCHF-H1 iter 1 @ 13:50:13 ---
2026-07-03 13:50:13    Niciun semnal nou. Pendinge: 0
2026-07-03 13:50:13    Urmatoarea bara 60min @ 14:00:05 — 591s
2026-07-03 14:00:05  --- S5-USDCHF-H1 iter 2 @ 14:00:05 ---
2026-07-03 14:00:05    Niciun semnal nou. Pendinge: 0
2026-07-03 14:00:05    Urmatoarea bara 60min @ 15:00:05 — 3600s
2026-07-05 13:22:02    [PROFIL] Profil 'Standard Profile' aplicat pe session5.
2026-07-05 13:22:02  =================================================================
2026-07-05 13:22:02    S5-USDCHF-H1 — USDCHF H1+D1 BOTH pw=10 pullback | test +0.413R Score 2.37
2026-07-05 13:22:02    Piete: ['USDCHF']
2026-07-05 13:22:02    TF: H1 (trend D1) | PW=10 | BOTH
2026-07-05 13:22:02    Output: C:\trading-bot\data\live_signals\session5
2026-07-05 13:22:02  =================================================================
2026-07-05 13:22:02  MT5: 52906593 @ ICMarketsEU-Demo (DEMO)
2026-07-05 13:22:02    [SCAN-RECOVER] Comentariu trunchiat 'S5-USDCHF-H1-IB0' → S5-USDCHF-H1-IB0004 (match prin pret 0.80983)
2026-07-05 13:22:02    [ORPHAN] Nicio pozitie MT5 fara corespondent — state consistent cu MT5.
2026-07-05 13:22:03  Simboluri active: ['USDCHF']
2026-07-05 13:22:03  Pornit. Ctrl+C pentru oprire.

2026-07-05 13:22:03  --- S5-USDCHF-H1 iter 1 @ 13:22:03 ---
2026-07-05 13:22:07    Niciun semnal nou. Pendinge: 0
2026-07-05 13:22:07    Urmatoarea bara 60min @ 14:00:05 — 2278s
2026-07-05 13:47:42    [PROFIL] Profil 'Standard Profile' aplicat pe session5.
2026-07-05 13:47:42  =================================================================
2026-07-05 13:47:42    S5-USDCHF-H1 — USDCHF H1+D1 BOTH pw=10 pullback | test +0.413R Score 2.37
2026-07-05 13:47:42    Piete: ['USDCHF']
2026-07-05 13:47:42    TF: H1 (trend D1) | PW=10 | BOTH
2026-07-05 13:47:42    Output: C:\trading-bot\data\live_signals\session5
2026-07-05 13:47:42  =================================================================
2026-07-05 13:47:42  MT5: 52906593 @ ICMarketsEU-Demo (DEMO)
2026-07-05 13:47:42    [SCAN-RECOVER] Comentariu trunchiat 'S5-USDCHF-H1-IB0' → S5-USDCHF-H1-IB0004 (match prin pret 0.80983)
2026-07-05 13:47:42    [ORPHAN] Nicio pozitie MT5 fara corespondent — state consistent cu MT5.
2026-07-05 13:47:42  Simboluri active: ['USDCHF']
2026-07-05 13:47:42  Pornit. Ctrl+C pentru oprire.

2026-07-05 13:47:42  --- S5-USDCHF-H1 iter 1 @ 13:47:42 ---
2026-07-05 13:47:42    Niciun semnal nou. Pendinge: 0
2026-07-05 13:47:42    Urmatoarea bara 60min @ 14:00:05 — 742s
2026-07-05 14:00:05  --- S5-USDCHF-H1 iter 2 @ 14:00:05 ---
2026-07-05 14:00:05    Niciun semnal nou. Pendinge: 0
2026-07-05 14:00:05    Urmatoarea bara 60min @ 15:00:05 — 3600s
2026-07-05 15:00:05  --- S5-USDCHF-H1 iter 3 @ 15:00:05 ---
2026-07-05 15:00:05    Niciun semnal nou. Pendinge: 0
2026-07-05 15:00:05    Urmatoarea bara 60min @ 16:00:05 — 3600s
2026-07-05 16:00:05  --- S5-USDCHF-H1 iter 4 @ 16:00:05 ---
2026-07-05 16:00:05    Niciun semnal nou. Pendinge: 0
2026-07-05 16:00:05    Urmatoarea bara 60min @ 17:00:05 — 3600s
2026-07-05 17:00:05  --- S5-USDCHF-H1 iter 5 @ 17:00:05 ---
2026-07-05 17:00:05    Niciun semnal nou. Pendinge: 0
2026-07-05 17:00:05    Urmatoarea bara 60min @ 18:00:05 — 3600s
2026-07-05 18:00:03  --- S5-USDCHF-H1 iter 6 @ 18:00:03 ---
2026-07-05 18:00:03    Niciun semnal nou. Pendinge: 0
2026-07-05 18:00:03    Urmatoarea bara 60min @ 19:00:05 — 3601s
2026-07-05 19:00:05  --- S5-USDCHF-H1 iter 7 @ 19:00:05 ---
2026-07-05 19:00:05    Niciun semnal nou. Pendinge: 0
2026-07-05 19:00:05    Urmatoarea bara 60min @ 20:00:05 — 3600s
2026-07-05 20:00:05  --- S5-USDCHF-H1 iter 8 @ 20:00:05 ---
2026-07-05 20:00:05    Niciun semnal nou. Pendinge: 0
2026-07-05 20:00:05    Urmatoarea bara 60min @ 21:00:05 — 3600s
2026-07-08 16:51:04  =================================================================
2026-07-08 16:51:04    S5-USDCHF-H1 — USDCHF H1+D1 BOTH pw=10 pullback | test +0.413R Score 2.37
2026-07-08 16:51:04    Piete: ['USDCHF']
2026-07-08 16:51:04    TF: H1 (trend D1) | PW=10 | BOTH
2026-07-08 16:51:04    Output: c:\trading-bot\data\live_signals\session5
2026-07-08 16:51:04  =================================================================
2026-07-08 16:51:09  MT5: 52906593 @ ICMarketsEU-Demo (DEMO)
2026-07-08 16:51:10    [SCAN-RECOVER] Comentariu trunchiat 'S5-USDCHF-H1-IB0' → S5-USDCHF-H1-IB0004 (match prin pret 0.80983)
2026-07-08 16:51:11    [ORPHAN-RECOVER] Ordin #1796963568 comment trunchiat 'S5-USDCHF-H1-SIG' → S5-H1D1-SIG0010 (match prin pret 0.80964)
2026-07-08 16:51:11    [ORPHAN-RECOVER] Ordin pending #1796963568 (S5-H1D1-SIG0010) preluat din MT5 — adaugat in tracking
2026-07-08 16:51:11    [ORPHAN-RECOVER] Pozitie #1794669087 (S5-USDCHF-H1-IB0_1794669087) LONG USDCHF @ 0.80760 preluata din MT5 — reconstruita in pending+tracking
2026-07-08 16:51:11    [ORPHAN-RECOVER] 2 ordine/pozitii preluate automat din MT5 la startup
2026-07-08 16:51:12  Simboluri active: ['USDCHF']
2026-07-08 16:51:12  Pornit. Ctrl+C pentru oprire.

2026-07-08 16:51:12  --- S5-USDCHF-H1 iter 1 @ 16:51:12 ---
2026-07-08 16:51:13    Niciun semnal nou. Pendinge: 1
2026-07-08 16:51:13    Urmatoarea bara 60min @ 17:00:05 — 531s
2026-07-08 17:00:05  --- S5-USDCHF-H1 iter 2 @ 17:00:05 ---
2026-07-08 17:00:05    Niciun semnal nou. Pendinge: 1
2026-07-08 17:00:05    Urmatoarea bara 60min @ 18:00:05 — 3600s
2026-07-08 18:47:10    signal_counter sincronizat la 12 din signals.csv
2026-07-08 18:47:10    ib_signal_counter sincronizat la 7 din signals.csv
2026-07-08 18:47:10    [PROFIL] Profil 'Standard Profile' aplicat pe session5.
2026-07-08 18:47:10  =================================================================
2026-07-08 18:47:10    S5-USDCHF-H1 — USDCHF H1+D1 BOTH pw=10 pullback | test +0.413R Score 2.37
2026-07-08 18:47:10    Piete: ['USDCHF']
2026-07-08 18:47:10    TF: H1 (trend D1) | PW=10 | BOTH
2026-07-08 18:47:10    Output: C:\trading-bot\data\live_signals\session5
2026-07-08 18:47:10  =================================================================
2026-07-08 18:47:10  MT5: 52906593 @ ICMarketsEU-Demo (DEMO)
2026-07-08 18:47:10    [SCAN-RECOVER] Comentariu trunchiat 'S5-USDCHF-H1-IB0' → S5-USDCHF-H1-IB0004 (match prin pret 0.80983)
2026-07-08 18:47:10    [ORPHAN] Nicio pozitie MT5 fara corespondent — state consistent cu MT5.
2026-07-08 18:47:11  Simboluri active: ['USDCHF']
2026-07-08 18:47:11  Pornit. Ctrl+C pentru oprire.

2026-07-08 18:47:11  --- S5-USDCHF-H1 iter 1 @ 18:47:11 ---
2026-07-08 18:47:11    Niciun semnal nou. Pendinge: 1
2026-07-08 18:47:11    Urmatoarea bara 60min @ 19:00:05 — 773s
2026-07-08 19:00:05  --- S5-USDCHF-H1 iter 2 @ 19:00:05 ---
2026-07-08 19:00:06    [BE] S5-USDCHF-H1-IB0_1794669087 Faza 1: SL → 0.80968
2026-07-08 19:00:06    Niciun semnal nou. Pendinge: 1
2026-07-08 19:00:06    Urmatoarea bara 60min @ 20:00:05 — 3598s
2026-07-08 19:13:03    [PROFIL] Profil 'Standard Profile' aplicat pe session5.
2026-07-08 19:13:03  =================================================================
2026-07-08 19:13:03    S5-USDCHF-H1 — USDCHF H1+D1 BOTH pw=10 pullback | test +0.413R Score 2.37
2026-07-08 19:13:03    Piete: ['USDCHF']
2026-07-08 19:13:03    TF: H1 (trend D1) | PW=10 | BOTH
2026-07-08 19:13:03    Output: C:\trading-bot\data\live_signals\session5
2026-07-08 19:13:03  =================================================================
2026-07-08 19:13:03  MT5: 52906593 @ ICMarketsEU-Demo (DEMO)
2026-07-08 19:13:03    [SCAN-RECOVER] Comentariu trunchiat 'S5-USDCHF-H1-IB0' → S5-USDCHF-H1-IB0004 (match prin pret 0.80983)
2026-07-08 19:13:03    [ORPHAN] Nicio pozitie MT5 fara corespondent — state consistent cu MT5.
2026-07-08 19:13:03  Simboluri active: ['USDCHF']
2026-07-08 19:13:03  Pornit. Ctrl+C pentru oprire.

2026-07-08 19:13:03  --- S5-USDCHF-H1 iter 1 @ 19:13:03 ---
2026-07-08 19:13:03    Niciun semnal nou. Pendinge: 1
2026-07-08 19:13:03    Urmatoarea bara 60min @ 20:00:05 — 2821s
2026-07-08 20:00:05  --- S5-USDCHF-H1 iter 2 @ 20:00:05 ---
2026-07-08 20:00:05    [MT5] Pozitie #1794669087 inchisa: exit=0.80968  result=+1.202R  pnl=+2.57USD  comm=-0.08  swap=+0.07  [TP]
2026-07-08 20:00:05    PROFIT (MT5): S5-USDCHF-H1-IB0_1794669087 TP +1.202R
2026-07-08 20:00:05    Niciun semnal nou. Pendinge: 0
2026-07-08 20:00:05    Urmatoarea bara 60min @ 21:00:05 — 3600s
2026-07-08 20:17:47    [PROFIL] Profil 'Standard Profile' aplicat pe session5.
2026-07-08 20:17:47  =================================================================
2026-07-08 20:17:47    S5-USDCHF-H1 — USDCHF H1+D1 BOTH pw=10 pullback | test +0.413R Score 2.37
2026-07-08 20:17:47    Piete: ['USDCHF']
2026-07-08 20:17:47    TF: H1 (trend D1) | PW=10 | BOTH
2026-07-08 20:17:47    Output: C:\trading-bot\data\live_signals\session5
2026-07-08 20:17:47  =================================================================
2026-07-08 20:17:47  MT5: 52906593 @ ICMarketsEU-Demo (DEMO)
2026-07-08 20:17:47    [MIGRATE] Cheie goala stearsa din pending: 'USDCHF'
2026-07-08 20:17:47    [MIGRATE] Migrare pending: 0 semnale migrate, 1 chei goale sterse.
2026-07-08 20:17:48    [SCAN-RECOVER] Comentariu trunchiat 'S5-USDCHF-H1-IB0' → S5-USDCHF-H1-IB0004 (match prin pret 0.80983)
2026-07-08 20:17:48    [SCAN-RECOVER] Comentariu trunchiat 'S5-USDCHF-H1-IB0' → S5-USDCHF-H1-IB0007 (match prin pret 0.80760)
2026-07-08 20:17:48    [ORPHAN] Nicio pozitie MT5 fara corespondent — state consistent cu MT5.
2026-07-08 20:17:48  Simboluri active: ['USDCHF']
2026-07-08 20:17:48  Pornit. Ctrl+C pentru oprire.

2026-07-08 20:17:48  --- S5-USDCHF-H1 iter 1 @ 20:17:48 ---
2026-07-08 20:17:48    Niciun semnal nou. Pendinge: 0
2026-07-08 20:17:48    Urmatoarea bara 60min @ 21:00:05 — 2537s
2026-07-08 21:00:05  --- S5-USDCHF-H1 iter 2 @ 21:00:05 ---
2026-07-08 21:00:05    [STIRI] Pauza automata — FOMC Meeting Minutes (USD, High, 2 min)
2026-07-08 21:00:05    [STIRI] Tranzitie → pauza: inchid ordine/pozitii active.
2026-07-08 21:00:05    [STIRI] Nicio pozitie/ordin activ — nimic de inchis.
2026-07-08 21:00:05    Niciun semnal nou. Pendinge: 0
2026-07-08 21:00:05    Urmatoarea bara 60min @ 22:00:05 — 3600s
2026-07-08 22:00:00  --- S5-USDCHF-H1 iter 3 @ 22:00:00 ---
2026-07-08 22:00:00    Niciun semnal nou. Pendinge: 0
2026-07-08 22:00:00    Urmatoarea bara 60min @ 23:00:05 — 3604s
2026-07-08 23:00:05  --- S5-USDCHF-H1 iter 4 @ 23:00:05 ---
2026-07-08 23:00:05    Niciun semnal nou. Pendinge: 0
2026-07-08 23:00:05    Urmatoarea bara 60min @ 00:00:05 — 3600s
2026-07-09 00:00:05  --- S5-USDCHF-H1 iter 5 @ 00:00:05 ---
2026-07-09 00:00:05    Niciun semnal nou. Pendinge: 0
2026-07-09 00:00:05    Urmatoarea bara 60min @ 01:00:05 — 3600s
2026-07-09 01:00:05  --- S5-USDCHF-H1 iter 6 @ 01:00:05 ---
2026-07-09 01:00:05    Niciun semnal nou. Pendinge: 0
2026-07-09 01:00:05    Urmatoarea bara 60min @ 02:00:05 — 3600s
2026-07-09 02:00:05  --- S5-USDCHF-H1 iter 7 @ 02:00:05 ---
2026-07-09 02:00:05    Niciun semnal nou. Pendinge: 0
2026-07-09 02:00:05    Urmatoarea bara 60min @ 03:00:05 — 3600s
2026-07-09 03:00:05  --- S5-USDCHF-H1 iter 8 @ 03:00:05 ---
2026-07-09 03:00:05    Niciun semnal nou. Pendinge: 0
2026-07-09 03:00:05    Urmatoarea bara 60min @ 04:00:05 — 3600s
2026-07-09 04:00:05  --- S5-USDCHF-H1 iter 9 @ 04:00:05 ---
2026-07-09 04:00:05    Niciun semnal nou. Pendinge: 0
2026-07-09 04:00:05    Urmatoarea bara 60min @ 05:00:05 — 3600s
2026-07-09 05:00:05  --- S5-USDCHF-H1 iter 10 @ 05:00:05 ---
2026-07-09 05:00:05    Niciun semnal nou. Pendinge: 0
2026-07-09 05:00:05    Urmatoarea bara 60min @ 06:00:05 — 3600s
2026-07-09 06:00:05  --- S5-USDCHF-H1 iter 11 @ 06:00:05 ---
2026-07-09 06:00:05    Niciun semnal nou. Pendinge: 0
2026-07-09 06:00:05    Urmatoarea bara 60min @ 07:00:05 — 3600s
2026-07-09 07:00:05  --- S5-USDCHF-H1 iter 12 @ 07:00:05 ---
2026-07-09 07:00:05    Niciun semnal nou. Pendinge: 0
2026-07-09 07:00:05    Urmatoarea bara 60min @ 08:00:05 — 3600s
2026-07-09 08:00:05  --- S5-USDCHF-H1 iter 13 @ 08:00:05 ---
2026-07-09 08:00:05    Niciun semnal nou. Pendinge: 0
2026-07-09 08:00:05    Urmatoarea bara 60min @ 09:00:05 — 3599s
2026-07-09 09:00:05  --- S5-USDCHF-H1 iter 14 @ 09:00:05 ---
2026-07-09 09:00:05    Niciun semnal nou. Pendinge: 0
2026-07-09 09:00:05    Urmatoarea bara 60min @ 10:00:05 — 3600s
2026-07-09 09:07:30    [PROFIL] Profil 'Standard Profile' aplicat pe session5.
2026-07-09 09:07:30  =================================================================
2026-07-09 09:07:30    S5-USDCHF-H1 — USDCHF H1+D1 BOTH pw=10 pullback | test +0.413R Score 2.37
2026-07-09 09:07:30    Piete: ['USDCHF']
2026-07-09 09:07:30    TF: H1 (trend D1) | PW=10 | BOTH
2026-07-09 09:07:30    Output: C:\trading-bot\data\live_signals\session5
2026-07-09 09:07:30  =================================================================
2026-07-09 09:07:30  MT5: 52906593 @ ICMarketsEU-Demo (DEMO)
2026-07-09 09:07:30    [SCAN-RECOVER] Comentariu trunchiat 'S5-USDCHF-H1-IB0' → S5-USDCHF-H1-IB0004 (match prin pret 0.80983)
2026-07-09 09:07:30    [SCAN-RECOVER] Comentariu trunchiat 'S5-USDCHF-H1-IB0' → S5-USDCHF-H1-IB0007 (match prin pret 0.80760)
2026-07-09 09:07:30    [ORPHAN] Nicio pozitie MT5 fara corespondent — state consistent cu MT5.
2026-07-09 09:07:30  Simboluri active: ['USDCHF']
2026-07-09 09:07:30  Pornit. Ctrl+C pentru oprire.

2026-07-09 09:07:30  --- S5-USDCHF-H1 iter 1 @ 09:07:30 ---
2026-07-09 09:07:30    Niciun semnal nou. Pendinge: 0
2026-07-09 09:07:30    Urmatoarea bara 60min @ 10:00:05 — 3154s
2026-07-09 09:52:33    [PROFIL] Profil 'Standard Profile' aplicat pe session5.
2026-07-09 09:52:33  =================================================================
2026-07-09 09:52:33    S5-USDCHF-H1 — USDCHF H1+D1 BOTH pw=10 pullback | test +0.413R Score 2.37
2026-07-09 09:52:33    Piete: ['USDCHF']
2026-07-09 09:52:33    TF: H1 (trend D1) | PW=10 | BOTH
2026-07-09 09:52:33    Output: C:\trading-bot\data\live_signals\session5
2026-07-09 09:52:33  =================================================================
2026-07-09 09:52:33  MT5: 52906593 @ ICMarketsEU-Demo (DEMO)
2026-07-09 09:52:34    [SCAN-RECOVER] Comentariu trunchiat 'S5-USDCHF-H1-IB0' → S5-USDCHF-H1-IB0004 (match prin pret 0.80983)
2026-07-09 09:52:34    [SCAN-RECOVER] Comentariu trunchiat 'S5-USDCHF-H1-IB0' → S5-USDCHF-H1-IB0007 (match prin pret 0.80760)
2026-07-09 09:52:34    [ORPHAN] Nicio pozitie MT5 fara corespondent — state consistent cu MT5.
2026-07-09 09:52:34  Simboluri active: ['USDCHF']
2026-07-09 09:52:34  Pornit. Ctrl+C pentru oprire.

2026-07-09 09:52:34  --- S5-USDCHF-H1 iter 1 @ 09:52:34 ---
2026-07-09 09:52:34    Niciun semnal nou. Pendinge: 0
2026-07-09 09:52:34    Urmatoarea bara 60min @ 10:00:05 — 450s
2026-07-09 10:00:05  --- S5-USDCHF-H1 iter 2 @ 10:00:05 ---
2026-07-09 10:00:05    Niciun semnal nou. Pendinge: 0
2026-07-09 10:00:05    Urmatoarea bara 60min @ 11:00:05 — 3600s
2026-07-09 11:00:05  --- S5-USDCHF-H1 iter 3 @ 11:00:05 ---
2026-07-09 11:00:05    Niciun semnal nou. Pendinge: 0
2026-07-09 11:00:05    Urmatoarea bara 60min @ 12:00:05 — 3600s
2026-07-09 12:00:05  --- S5-USDCHF-H1 iter 4 @ 12:00:05 ---
2026-07-09 12:00:05    Niciun semnal nou. Pendinge: 0
2026-07-09 12:00:05    Urmatoarea bara 60min @ 13:00:05 — 3600s
2026-07-09 13:00:05  --- S5-USDCHF-H1 iter 5 @ 13:00:05 ---
2026-07-09 13:00:05    Niciun semnal nou. Pendinge: 0
2026-07-09 13:00:05    Urmatoarea bara 60min @ 14:00:05 — 3600s
2026-07-09 14:00:05  --- S5-USDCHF-H1 iter 6 @ 14:00:05 ---
2026-07-09 14:00:05    Niciun semnal nou. Pendinge: 0
2026-07-09 14:00:05    Urmatoarea bara 60min @ 15:00:05 — 3599s
2026-07-09 15:00:05  --- S5-USDCHF-H1 iter 7 @ 15:00:05 ---
2026-07-09 15:00:05    Niciun semnal nou. Pendinge: 0
2026-07-09 15:00:05    Urmatoarea bara 60min @ 16:00:05 — 3600s
2026-07-09 15:21:52    [PROFIL] Profil 'Standard Profile' aplicat pe session5.
2026-07-09 15:21:52  =================================================================
2026-07-09 15:21:52    S5-USDCHF-H1 — USDCHF H1+D1 BOTH pw=10 pullback | test +0.413R Score 2.37
2026-07-09 15:21:52    Piete: ['USDCHF']
2026-07-09 15:21:52    TF: H1 (trend D1) | PW=10 | BOTH
2026-07-09 15:21:52    Output: C:\trading-bot\data\live_signals\session5
2026-07-09 15:21:52  =================================================================
2026-07-09 15:21:52  MT5: 52906593 @ ICMarketsEU-Demo (DEMO)
2026-07-09 15:21:52    [SCAN-RECOVER] Comentariu trunchiat 'S5-USDCHF-H1-IB0' → S5-USDCHF-H1-IB0004 (match prin pret 0.80983)
2026-07-09 15:21:52    [SCAN-RECOVER] Comentariu trunchiat 'S5-USDCHF-H1-IB0' → S5-USDCHF-H1-IB0007 (match prin pret 0.80760)
2026-07-09 15:21:52    [ORPHAN] Nicio pozitie MT5 fara corespondent — state consistent cu MT5.
2026-07-09 15:21:53  Simboluri active: ['USDCHF']
2026-07-09 15:21:53  Pornit. Ctrl+C pentru oprire.

2026-07-09 15:21:53  --- S5-USDCHF-H1 iter 1 @ 15:21:53 ---
2026-07-09 15:21:53    Niciun semnal nou. Pendinge: 0
2026-07-09 15:21:53    Urmatoarea bara 60min @ 16:00:05 — 2292s
2026-07-09 16:00:05  --- S5-USDCHF-H1 iter 2 @ 16:00:05 ---
2026-07-09 16:00:05    Niciun semnal nou. Pendinge: 0
2026-07-09 16:00:05    Urmatoarea bara 60min @ 17:00:05 — 3599s
2026-07-09 17:00:05  --- S5-USDCHF-H1 iter 3 @ 17:00:05 ---
2026-07-09 17:00:05    Niciun semnal nou. Pendinge: 0
2026-07-09 17:00:05    Urmatoarea bara 60min @ 18:00:05 — 3599s
2026-07-09 18:00:05  --- S5-USDCHF-H1 iter 4 @ 18:00:05 ---
2026-07-09 18:00:05    Niciun semnal nou. Pendinge: 0
2026-07-09 18:00:52    Urmatoarea bara 60min @ 19:00:05 — 3553s
2026-07-09 19:00:05  --- S5-USDCHF-H1 iter 5 @ 19:00:05 ---
2026-07-09 19:00:05    Niciun semnal nou. Pendinge: 0
2026-07-09 19:00:05    Urmatoarea bara 60min @ 20:00:05 — 3600s
2026-07-09 20:00:05  --- S5-USDCHF-H1 iter 6 @ 20:00:05 ---
2026-07-09 20:00:05    Niciun semnal nou. Pendinge: 0
2026-07-09 20:00:05    Urmatoarea bara 60min @ 21:00:05 — 3600s
2026-07-09 21:00:05  --- S5-USDCHF-H1 iter 7 @ 21:00:05 ---
2026-07-09 21:00:05    Niciun semnal nou. Pendinge: 0
2026-07-09 21:00:05    Urmatoarea bara 60min @ 22:00:05 — 3599s
2026-07-09 22:00:05  --- S5-USDCHF-H1 iter 8 @ 22:00:05 ---
2026-07-09 22:00:05    Niciun semnal nou. Pendinge: 0
2026-07-09 22:00:16    Urmatoarea bara 60min @ 23:00:05 — 3588s
2026-07-09 23:00:05  --- S5-USDCHF-H1 iter 9 @ 23:00:05 ---
2026-07-09 23:00:05    Niciun semnal nou. Pendinge: 0
2026-07-09 23:00:05    Urmatoarea bara 60min @ 00:00:05 — 3600s
2026-07-09 23:14:10    [PROFIL] Profil 'Standard Profile' aplicat pe session5.
2026-07-09 23:14:10  =================================================================
2026-07-09 23:14:10    S5-USDCHF-H1 — USDCHF H1+D1 BOTH pw=10 pullback | test +0.413R Score 2.37
2026-07-09 23:14:10    Piete: ['USDCHF']
2026-07-09 23:14:10    TF: H1 (trend D1) | PW=10 | BOTH
2026-07-09 23:14:10    Output: C:\trading-bot\data\live_signals\session5
2026-07-09 23:14:10  =================================================================
2026-07-09 23:14:10  MT5: 52906593 @ ICMarketsEU-Demo (DEMO)
2026-07-09 23:14:10    [SCAN-RECOVER] Comentariu trunchiat 'S5-USDCHF-H1-IB0' → S5-USDCHF-H1-IB0004 (match prin pret 0.80983)
2026-07-09 23:14:10    [SCAN-RECOVER] Comentariu trunchiat 'S5-USDCHF-H1-IB0' → S5-USDCHF-H1-IB0007 (match prin pret 0.80760)
2026-07-09 23:14:10    [ORPHAN] Nicio pozitie MT5 fara corespondent — state consistent cu MT5.
2026-07-09 23:14:11  Simboluri active: ['USDCHF']
2026-07-09 23:14:11  Pornit. Ctrl+C pentru oprire.

2026-07-09 23:14:11  --- S5-USDCHF-H1 iter 1 @ 23:14:11 ---
2026-07-09 23:14:11    Niciun semnal nou. Pendinge: 0
2026-07-09 23:14:11    Urmatoarea bara 60min @ 00:00:05 — 2754s
2026-07-10 00:00:05  --- S5-USDCHF-H1 iter 2 @ 00:00:05 ---
2026-07-10 00:00:05    Niciun semnal nou. Pendinge: 0
2026-07-10 00:00:05    Urmatoarea bara 60min @ 01:00:05 — 3600s
2026-07-10 01:00:05  --- S5-USDCHF-H1 iter 3 @ 01:00:05 ---
2026-07-10 01:00:05    Niciun semnal nou. Pendinge: 0
2026-07-10 01:00:05    Urmatoarea bara 60min @ 02:00:05 — 3600s
2026-07-10 02:00:05  --- S5-USDCHF-H1 iter 4 @ 02:00:05 ---
2026-07-10 02:00:05    Niciun semnal nou. Pendinge: 0
2026-07-10 02:00:05    Urmatoarea bara 60min @ 03:00:05 — 3600s
2026-07-10 03:00:05  --- S5-USDCHF-H1 iter 5 @ 03:00:05 ---
2026-07-10 03:00:05    Niciun semnal nou. Pendinge: 0
2026-07-10 03:00:05    Urmatoarea bara 60min @ 04:00:05 — 3600s
2026-07-10 04:00:05  --- S5-USDCHF-H1 iter 6 @ 04:00:05 ---
2026-07-10 04:00:05    Niciun semnal nou. Pendinge: 0
2026-07-10 04:00:05    Urmatoarea bara 60min @ 05:00:05 — 3599s
2026-07-10 05:00:05  --- S5-USDCHF-H1 iter 7 @ 05:00:05 ---
2026-07-10 05:00:05    Niciun semnal nou. Pendinge: 0
2026-07-10 05:00:05    Urmatoarea bara 60min @ 06:00:05 — 3600s
2026-07-10 06:00:05  --- S5-USDCHF-H1 iter 8 @ 06:00:05 ---
2026-07-10 06:00:05    Niciun semnal nou. Pendinge: 0
2026-07-10 06:00:05    Urmatoarea bara 60min @ 07:00:05 — 3600s
2026-07-10 07:00:05  --- S5-USDCHF-H1 iter 9 @ 07:00:05 ---
2026-07-10 07:00:05    Niciun semnal nou. Pendinge: 0
2026-07-10 07:00:05    Urmatoarea bara 60min @ 08:00:05 — 3600s
2026-07-10 08:00:05  --- S5-USDCHF-H1 iter 10 @ 08:00:05 ---
2026-07-10 08:00:05    Niciun semnal nou. Pendinge: 0
2026-07-10 08:00:05    Urmatoarea bara 60min @ 09:00:05 — 3600s
2026-07-10 09:00:05  --- S5-USDCHF-H1 iter 11 @ 09:00:05 ---
2026-07-10 09:00:05    Niciun semnal nou. Pendinge: 0
2026-07-10 09:00:05    Urmatoarea bara 60min @ 10:00:05 — 3600s
2026-07-10 09:24:42    [PROFIL] Profil 'Standard Profile' aplicat pe session5.
2026-07-10 09:24:42  =================================================================
2026-07-10 09:24:42    S5-USDCHF-H1 — USDCHF H1+D1 BOTH pw=10 pullback | test +0.413R Score 2.37
2026-07-10 09:24:42    Piete: ['USDCHF']
2026-07-10 09:24:42    TF: H1 (trend D1) | PW=10 | BOTH
2026-07-10 09:24:42    Output: C:\trading-bot\data\live_signals\session5
2026-07-10 09:24:42  =================================================================
2026-07-10 09:24:42  MT5: 52906593 @ ICMarketsEU-Demo (DEMO)
2026-07-10 09:24:42    [SCAN-RECOVER] Comentariu trunchiat 'S5-USDCHF-H1-IB0' → S5-USDCHF-H1-IB0004 (match prin pret 0.80983)
2026-07-10 09:24:42    [SCAN-RECOVER] Comentariu trunchiat 'S5-USDCHF-H1-IB0' → S5-USDCHF-H1-IB0007 (match prin pret 0.80760)
2026-07-10 09:24:43    [ORPHAN] Nicio pozitie MT5 fara corespondent — state consistent cu MT5.
2026-07-10 09:24:43  Simboluri active: ['USDCHF']
2026-07-10 09:24:43  Pornit. Ctrl+C pentru oprire.

2026-07-10 09:24:43  --- S5-USDCHF-H1 iter 1 @ 09:24:43 ---
2026-07-10 09:24:43    Niciun semnal nou. Pendinge: 0
2026-07-10 09:24:43    Urmatoarea bara 60min @ 10:00:05 — 2122s
2026-07-10 10:00:05  --- S5-USDCHF-H1 iter 2 @ 10:00:05 ---
2026-07-10 10:00:05    Niciun semnal nou. Pendinge: 0
2026-07-10 10:00:05    Urmatoarea bara 60min @ 11:00:05 — 3600s
2026-07-10 11:00:05  --- S5-USDCHF-H1 iter 3 @ 11:00:05 ---
2026-07-10 11:00:05    Niciun semnal nou. Pendinge: 0
2026-07-10 11:00:05    Urmatoarea bara 60min @ 12:00:05 — 3600s
2026-07-10 11:11:27    [PROFIL] Profil 'Standard Profile' aplicat pe session5.
2026-07-10 11:11:27  =================================================================
2026-07-10 11:11:27    S5-USDCHF-H1 — USDCHF H1+D1 BOTH pw=10 pullback | test +0.413R Score 2.37
2026-07-10 11:11:27    Piete: ['USDCHF']
2026-07-10 11:11:27    TF: H1 (trend D1) | PW=10 | BOTH
2026-07-10 11:11:27    Output: C:\trading-bot\data\live_signals\session5
2026-07-10 11:11:27  =================================================================
2026-07-10 11:11:27  MT5: 52906593 @ ICMarketsEU-Demo (DEMO)
2026-07-10 11:11:27    [SCAN-RECOVER] Comentariu trunchiat 'S5-USDCHF-H1-IB0' → S5-USDCHF-H1-IB0004 (match prin pret 0.80983)
2026-07-10 11:11:27    [SCAN-RECOVER] Comentariu trunchiat 'S5-USDCHF-H1-IB0' → S5-USDCHF-H1-IB0007 (match prin pret 0.80760)
2026-07-10 11:11:27    [ORPHAN] Nicio pozitie MT5 fara corespondent — state consistent cu MT5.
2026-07-10 11:11:27  Simboluri active: ['USDCHF']
2026-07-10 11:11:27  Pornit. Ctrl+C pentru oprire.

2026-07-10 11:11:27  --- S5-USDCHF-H1 iter 1 @ 11:11:27 ---
2026-07-10 11:11:28    Niciun semnal nou. Pendinge: 0
2026-07-10 11:11:28    Urmatoarea bara 60min @ 12:00:05 — 2917s
2026-07-10 11:20:48    [PROFIL] Profil 'Standard Profile' aplicat pe session5.
2026-07-10 11:20:48  =================================================================
2026-07-10 11:20:48    S5-USDCHF-H1 — USDCHF H1+D1 BOTH pw=10 pullback | test +0.413R Score 2.37
2026-07-10 11:20:48    Piete: ['USDCHF']
2026-07-10 11:20:48    TF: H1 (trend D1) | PW=10 | BOTH
2026-07-10 11:20:48    Output: C:\trading-bot\data\live_signals\session5
2026-07-10 11:20:48  =================================================================
2026-07-10 11:20:48  MT5: 52906593 @ ICMarketsEU-Demo (DEMO)
2026-07-10 11:20:48    [SCAN-RECOVER] Comentariu trunchiat 'S5-USDCHF-H1-IB0' → S5-USDCHF-H1-IB0004 (match prin pret 0.80983)
2026-07-10 11:20:48    [SCAN-RECOVER] Comentariu trunchiat 'S5-USDCHF-H1-IB0' → S5-USDCHF-H1-IB0007 (match prin pret 0.80760)
2026-07-10 11:20:48    [ORPHAN] Nicio pozitie MT5 fara corespondent — state consistent cu MT5.
2026-07-10 11:20:48  Simboluri active: ['USDCHF']
2026-07-10 11:20:48  Pornit. Ctrl+C pentru oprire.

2026-07-10 11:20:48  --- S5-USDCHF-H1 iter 1 @ 11:20:48 ---
2026-07-10 11:20:48    Niciun semnal nou. Pendinge: 0
2026-07-10 11:20:48    Urmatoarea bara 60min @ 12:00:05 — 2357s
2026-07-10 12:00:05  --- S5-USDCHF-H1 iter 2 @ 12:00:05 ---
2026-07-10 12:00:05    Niciun semnal nou. Pendinge: 0
2026-07-10 12:00:05    Urmatoarea bara 60min @ 13:00:05 — 3599s
2026-07-10 13:00:05  --- S5-USDCHF-H1 iter 3 @ 13:00:05 ---
2026-07-10 13:00:05    Niciun semnal nou. Pendinge: 0
2026-07-10 13:00:05    Urmatoarea bara 60min @ 14:00:05 — 3599s
2026-07-10 14:00:05  --- S5-USDCHF-H1 iter 4 @ 14:00:05 ---
2026-07-10 14:00:05    Niciun semnal nou. Pendinge: 0
2026-07-10 14:00:05    Urmatoarea bara 60min @ 15:00:05 — 3600s
2026-07-10 15:00:05  --- S5-USDCHF-H1 iter 5 @ 15:00:05 ---
2026-07-10 15:00:05    Niciun semnal nou. Pendinge: 0
2026-07-10 15:00:05    Urmatoarea bara 60min @ 16:00:05 — 3600s
2026-07-10 15:04:31    [PROFIL] Profil 'Standard Profile' aplicat pe session5.
2026-07-10 15:04:31  =================================================================
2026-07-10 15:04:31    S5-USDCHF-H1 — USDCHF H1+D1 BOTH pw=10 pullback | test +0.413R Score 2.37
2026-07-10 15:04:31    Piete: ['USDCHF']
2026-07-10 15:04:31    TF: H1 (trend D1) | PW=10 | BOTH
2026-07-10 15:04:31    Output: C:\trading-bot\data\live_signals\session5
2026-07-10 15:04:31  =================================================================
2026-07-10 15:04:31  MT5: 52906593 @ ICMarketsEU-Demo (DEMO)
2026-07-10 15:04:31    [SCAN-RECOVER] Comentariu trunchiat 'S5-USDCHF-H1-IB0' → S5-USDCHF-H1-IB0004 (match prin pret 0.80983)
2026-07-10 15:04:31    [SCAN-RECOVER] Comentariu trunchiat 'S5-USDCHF-H1-IB0' → S5-USDCHF-H1-IB0007 (match prin pret 0.80760)
2026-07-10 15:04:31    [ORPHAN] Nicio pozitie MT5 fara corespondent — state consistent cu MT5.
2026-07-10 15:04:31  Simboluri active: ['USDCHF']
2026-07-10 15:04:31  Pornit. Ctrl+C pentru oprire.

2026-07-10 15:04:31  --- S5-USDCHF-H1 iter 1 @ 15:04:31 ---
2026-07-10 15:04:31    Niciun semnal nou. Pendinge: 0
2026-07-10 15:04:31    Urmatoarea bara 60min @ 16:00:05 — 3333s
2026-07-10 15:39:10    [PROFIL] Profil 'Standard Profile' aplicat pe session5.
2026-07-10 15:39:10  =================================================================
2026-07-10 15:39:10    S5-USDCHF-H1 — USDCHF H1+D1 BOTH pw=10 pullback | test +0.413R Score 2.37
2026-07-10 15:39:10    Piete: ['USDCHF']
2026-07-10 15:39:10    TF: H1 (trend D1) | PW=10 | BOTH
2026-07-10 15:39:10    Output: C:\trading-bot\data\live_signals\session5
2026-07-10 15:39:10  =================================================================
2026-07-10 15:39:10  MT5: 52906593 @ ICMarketsEU-Demo (DEMO)
2026-07-10 15:39:10    [SCAN-RECOVER] Comentariu trunchiat 'S5-USDCHF-H1-IB0' → S5-USDCHF-H1-IB0004 (match prin pret 0.80983)
2026-07-10 15:39:10    [SCAN-RECOVER] Comentariu trunchiat 'S5-USDCHF-H1-IB0' → S5-USDCHF-H1-IB0007 (match prin pret 0.80760)
2026-07-10 15:39:10    [ORPHAN] Nicio pozitie MT5 fara corespondent — state consistent cu MT5.
2026-07-10 15:39:11  Simboluri active: ['USDCHF']
2026-07-10 15:39:11  Pornit. Ctrl+C pentru oprire.

2026-07-10 15:39:11  --- S5-USDCHF-H1 iter 1 @ 15:39:11 ---
2026-07-10 15:39:11    Niciun semnal nou. Pendinge: 0
2026-07-10 15:39:11    Urmatoarea bara 60min @ 16:00:05 — 1254s
2026-07-10 16:00:05  --- S5-USDCHF-H1 iter 2 @ 16:00:05 ---
2026-07-10 16:00:05    Niciun semnal nou. Pendinge: 0
2026-07-10 16:00:05    Urmatoarea bara 60min @ 17:00:05 — 3600s
2026-07-10 16:22:38    [PROFIL] Profil 'Standard Profile' aplicat pe session5.
2026-07-10 16:22:38  =================================================================
2026-07-10 16:22:38    S5-USDCHF-H1 — USDCHF H1+D1 BOTH pw=10 pullback | test +0.413R Score 2.37
2026-07-10 16:22:38    Piete: ['USDCHF']
2026-07-10 16:22:38    TF: H1 (trend D1) | PW=10 | BOTH
2026-07-10 16:22:38    Output: C:\trading-bot\data\live_signals\session5
2026-07-10 16:22:38  =================================================================
2026-07-10 16:22:38  MT5: 52906593 @ ICMarketsEU-Demo (DEMO)
2026-07-10 16:22:38    [SCAN-RECOVER] Comentariu trunchiat 'S5-USDCHF-H1-IB0' → S5-USDCHF-H1-IB0004 (match prin pret 0.80983)
2026-07-10 16:22:38    [SCAN-RECOVER] Comentariu trunchiat 'S5-USDCHF-H1-IB0' → S5-USDCHF-H1-IB0007 (match prin pret 0.80760)
2026-07-10 16:22:38    [ORPHAN] Nicio pozitie MT5 fara corespondent — state consistent cu MT5.
2026-07-10 16:22:38  Simboluri active: ['USDCHF']
2026-07-10 16:22:38  Pornit. Ctrl+C pentru oprire.

2026-07-10 16:22:38  --- S5-USDCHF-H1 iter 1 @ 16:22:38 ---
2026-07-10 16:22:38    Niciun semnal nou. Pendinge: 0
2026-07-10 16:22:38    Urmatoarea bara 60min @ 17:00:05 — 2247s
2026-07-10 17:00:05  --- S5-USDCHF-H1 iter 2 @ 17:00:05 ---
2026-07-10 17:00:05    Niciun semnal nou. Pendinge: 0
2026-07-10 17:00:05    Urmatoarea bara 60min @ 18:00:05 — 3600s
2026-07-10 17:48:07    [PROFIL] Profil 'Standard Profile' aplicat pe session5.
2026-07-10 17:48:07  =================================================================
2026-07-10 17:48:07    S5-USDCHF-H1 — USDCHF H1+D1 BOTH pw=10 pullback | test +0.413R Score 2.37
2026-07-10 17:48:07    Piete: ['USDCHF']
2026-07-10 17:48:07    TF: H1 (trend D1) | PW=10 | BOTH
2026-07-10 17:48:07    Output: C:\trading-bot\data\live_signals\session5
2026-07-10 17:48:07  =================================================================
2026-07-10 17:48:07  MT5: 52906593 @ ICMarketsEU-Demo (DEMO)
2026-07-10 17:48:07    [SCAN-RECOVER] Comentariu trunchiat 'S5-USDCHF-H1-IB0' → S5-USDCHF-H1-IB0004 (match prin pret 0.80983)
2026-07-10 17:48:08    [SCAN-RECOVER] Comentariu trunchiat 'S5-USDCHF-H1-IB0' → S5-USDCHF-H1-IB0007 (match prin pret 0.80760)
2026-07-10 17:48:08    [ORPHAN] Nicio pozitie MT5 fara corespondent — state consistent cu MT5.
2026-07-10 17:48:08  Simboluri active: ['USDCHF']
2026-07-10 17:48:08  Pornit. Ctrl+C pentru oprire.

2026-07-10 17:48:08  --- S5-USDCHF-H1 iter 1 @ 17:48:08 ---
2026-07-10 17:48:08    Niciun semnal nou. Pendinge: 0
2026-07-10 17:48:08    Urmatoarea bara 60min @ 18:00:05 — 717s
2026-07-10 18:00:05  --- S5-USDCHF-H1 iter 2 @ 18:00:05 ---
2026-07-10 18:00:05    Niciun semnal nou. Pendinge: 0
2026-07-10 18:00:05    Urmatoarea bara 60min @ 19:00:05 — 3600s
2026-07-10 19:00:05  --- S5-USDCHF-H1 iter 3 @ 19:00:05 ---
2026-07-10 19:00:05    Niciun semnal nou. Pendinge: 0
2026-07-10 19:00:05    Urmatoarea bara 60min @ 20:00:05 — 3600s
2026-07-10 20:00:05  --- S5-USDCHF-H1 iter 4 @ 20:00:05 ---
2026-07-10 20:00:05    [VINERI] Ora 20:00 >= 20:00 — inchid pozitii deschise.
2026-07-10 20:00:05    Niciun semnal nou. Pendinge: 0
2026-07-10 20:00:05    Urmatoarea bara 60min @ 21:00:05 — 3600s
2026-07-10 21:00:05  --- S5-USDCHF-H1 iter 5 @ 21:00:05 ---
2026-07-10 21:00:05    Niciun semnal nou. Pendinge: 0
2026-07-10 21:00:05    Urmatoarea bara 60min @ 22:00:05 — 3599s
2026-07-10 22:00:05  --- S5-USDCHF-H1 iter 6 @ 22:00:05 ---
2026-07-10 22:00:05    Niciun semnal nou. Pendinge: 0
2026-07-10 22:00:05    Urmatoarea bara 60min @ 23:00:05 — 3600s
2026-07-10 22:20:31    [PROFIL] Profil 'Standard Profile' aplicat pe session5.
2026-07-10 22:20:31  =================================================================
2026-07-10 22:20:31    S5-USDCHF-H1 — USDCHF H1+D1 BOTH pw=10 pullback | test +0.413R Score 2.37
2026-07-10 22:20:31    Piete: ['USDCHF']
2026-07-10 22:20:31    TF: H1 (trend D1) | PW=10 | BOTH
2026-07-10 22:20:31    Output: C:\trading-bot\data\live_signals\session5
2026-07-10 22:20:31  =================================================================
2026-07-10 22:20:31  MT5: 52906593 @ ICMarketsEU-Demo (DEMO)
2026-07-10 22:20:31    [SCAN-RECOVER] Comentariu trunchiat 'S5-USDCHF-H1-IB0' → S5-USDCHF-H1-IB0004 (match prin pret 0.80983)
2026-07-10 22:20:31    [SCAN-RECOVER] Comentariu trunchiat 'S5-USDCHF-H1-IB0' → S5-USDCHF-H1-IB0007 (match prin pret 0.80760)
2026-07-10 22:20:31    [ORPHAN] Nicio pozitie MT5 fara corespondent — state consistent cu MT5.
2026-07-10 22:20:31  Simboluri active: ['USDCHF']
2026-07-10 22:20:31  Pornit. Ctrl+C pentru oprire.

2026-07-10 22:20:31  --- S5-USDCHF-H1 iter 1 @ 22:20:31 ---
2026-07-10 22:20:31    Niciun semnal nou. Pendinge: 0
2026-07-10 22:20:31    Urmatoarea bara 60min @ 23:00:05 — 2373s
2026-07-10 23:00:05  --- S5-USDCHF-H1 iter 2 @ 23:00:05 ---
2026-07-10 23:00:05    Niciun semnal nou. Pendinge: 0
2026-07-10 23:00:05    Urmatoarea bara 60min @ 00:00:05 — 3600s
2026-07-11 09:25:16    [PROFIL] Profil 'Standard Profile' aplicat pe session5.
2026-07-11 09:25:16  =================================================================
2026-07-11 09:25:16    S5-USDCHF-H1 — USDCHF H1+D1 BOTH pw=10 pullback | test +0.413R Score 2.37
2026-07-11 09:25:16    Piete: ['USDCHF']
2026-07-11 09:25:16    TF: H1 (trend D1) | PW=10 | BOTH
2026-07-11 09:25:16    Output: c:\trading-bot\data\live_signals\session5
2026-07-11 09:25:16  =================================================================
2026-07-11 09:25:16  MT5: 52906593 @ ICMarketsEU-Demo (DEMO)
2026-07-11 09:25:17    [SCAN-RECOVER] Comentariu trunchiat 'S5-USDCHF-H1-IB0' → S5-USDCHF-H1-IB0004 (match prin pret 0.80983)
2026-07-11 09:25:17    [SCAN-RECOVER] Comentariu trunchiat 'S5-USDCHF-H1-IB0' → S5-USDCHF-H1-IB0007 (match prin pret 0.80760)
2026-07-11 09:25:18    [ORPHAN] Nicio pozitie MT5 fara corespondent — state consistent cu MT5.
2026-07-11 09:25:21  Simboluri active: ['USDCHF']
2026-07-11 09:25:21  Pornit. Ctrl+C pentru oprire.

2026-07-11 09:25:21  --- S5-USDCHF-H1 iter 1 @ 09:25:21 ---
2026-07-11 09:25:22    Niciun semnal nou. Pendinge: 0
2026-07-11 09:25:22    Urmatoarea bara 60min @ 10:00:05 — 2083s
2026-07-11 15:03:56    [PROFIL] Profil 'Standard Profile' aplicat pe session5.
2026-07-11 15:03:56  =================================================================
2026-07-11 15:03:56    S5-USDCHF-H1 — USDCHF H1+D1 BOTH pw=10 pullback | test +0.413R Score 2.37
2026-07-11 15:03:56    Piete: ['USDCHF']
2026-07-11 15:03:56    TF: H1 (trend D1) | PW=10 | BOTH
2026-07-11 15:03:56    Output: c:\trading-bot\data\live_signals\session5
2026-07-11 15:03:56  =================================================================
2026-07-11 15:03:56  MT5: 52906593 @ ICMarketsEU-Demo (DEMO)
2026-07-11 15:03:57    [SCAN-RECOVER] Comentariu trunchiat 'S5-USDCHF-H1-IB0' → S5-USDCHF-H1-IB0007 (match prin pret 0.80760)
2026-07-11 15:03:57    [ORPHAN] Nicio pozitie MT5 fara corespondent — state consistent cu MT5.
2026-07-11 15:03:59  Simboluri active: ['USDCHF']
2026-07-11 15:03:59  Pornit. Ctrl+C pentru oprire.

2026-07-11 15:03:59  --- S5-USDCHF-H1 iter 1 @ 15:03:59 ---
2026-07-11 15:04:01    Niciun semnal nou. Pendinge: 0
2026-07-11 15:04:02    Urmatoarea bara 60min @ 16:00:05 — 3363s
2026-07-11 16:00:05  --- S5-USDCHF-H1 iter 2 @ 16:00:05 ---
2026-07-11 16:00:07    Niciun semnal nou. Pendinge: 0
2026-07-11 16:00:07    Urmatoarea bara 60min @ 17:00:05 — 3597s
2026-07-11 17:00:05  --- S5-USDCHF-H1 iter 3 @ 17:00:05 ---
2026-07-11 17:00:06    Niciun semnal nou. Pendinge: 0
2026-07-11 17:00:06    Urmatoarea bara 60min @ 18:00:05 — 3598s
2026-07-11 18:00:05  --- S5-USDCHF-H1 iter 4 @ 18:00:05 ---
2026-07-11 18:00:05    Niciun semnal nou. Pendinge: 0
2026-07-11 18:00:05    Urmatoarea bara 60min @ 19:00:05 — 3599s
2026-07-11 19:00:05  --- S5-USDCHF-H1 iter 5 @ 19:00:05 ---
2026-07-11 19:00:05    Niciun semnal nou. Pendinge: 0
2026-07-11 19:00:05    Urmatoarea bara 60min @ 20:00:05 — 3600s
2026-07-11 20:00:04  --- S5-USDCHF-H1 iter 6 @ 20:00:04 ---
2026-07-11 20:00:05    Niciun semnal nou. Pendinge: 0
2026-07-11 20:00:05    Urmatoarea bara 60min @ 21:00:05 — 3600s
2026-07-11 21:00:04  --- S5-USDCHF-H1 iter 7 @ 21:00:04 ---
2026-07-11 21:00:06    Niciun semnal nou. Pendinge: 0
2026-07-11 21:00:06    Urmatoarea bara 60min @ 22:00:05 — 3598s
2026-07-11 22:00:04  --- S5-USDCHF-H1 iter 8 @ 22:00:04 ---
2026-07-11 22:00:05    Niciun semnal nou. Pendinge: 0
2026-07-11 22:00:05    Urmatoarea bara 60min @ 23:00:05 — 3599s
2026-07-11 23:00:04  --- S5-USDCHF-H1 iter 9 @ 23:00:04 ---
2026-07-11 23:00:05    Niciun semnal nou. Pendinge: 0
2026-07-11 23:00:05    Urmatoarea bara 60min @ 00:00:05 — 3599s
2026-07-12 00:00:05  --- S5-USDCHF-H1 iter 10 @ 00:00:05 ---
2026-07-12 00:00:06    Niciun semnal nou. Pendinge: 0
2026-07-12 00:00:06    Urmatoarea bara 60min @ 01:00:05 — 3599s
2026-07-12 01:00:05  --- S5-USDCHF-H1 iter 11 @ 01:00:05 ---
2026-07-12 01:00:05    Niciun semnal nou. Pendinge: 0
2026-07-12 01:00:05    Urmatoarea bara 60min @ 02:00:05 — 3599s
2026-07-12 10:03:55  =================================================================
2026-07-12 10:03:55    S5-USDCHF-H1 — USDCHF H1+D1 BOTH pw=10 pullback | test +0.413R Score 2.37
2026-07-12 10:03:55    Piete: ['USDCHF']
2026-07-12 10:03:55    TF: H1 (trend D1) | PW=10 | BOTH
2026-07-12 10:03:55    Output: c:\trading-bot\data\live_signals\session5
2026-07-12 10:03:55  =================================================================
2026-07-12 10:03:55  MT5: 52906593 @ ICMarketsEU-Demo (DEMO)
2026-07-12 10:03:55    [SCAN-RECOVER] Comentariu trunchiat 'S5-USDCHF-H1-IB0' → S5-USDCHF-H1-IB0007 (match prin pret 0.80760)
2026-07-12 10:03:56    [ORPHAN] Nicio pozitie MT5 fara corespondent — state consistent cu MT5.
2026-07-12 10:04:01  Simboluri active: ['USDCHF']
2026-07-12 10:04:01  Pornit. Ctrl+C pentru oprire.

2026-07-12 10:04:01  --- S5-USDCHF-H1 iter 1 @ 10:04:01 ---
2026-07-12 10:04:02    Niciun semnal nou. Pendinge: 0
2026-07-12 10:04:04    Urmatoarea bara 60min @ 11:00:05 — 3361s
2026-07-12 11:00:05  --- S5-USDCHF-H1 iter 2 @ 11:00:05 ---
2026-07-12 11:00:05    Niciun semnal nou. Pendinge: 0
2026-07-12 11:00:05    Urmatoarea bara 60min @ 12:00:05 — 3599s
2026-07-12 12:00:05  --- S5-USDCHF-H1 iter 3 @ 12:00:05 ---
2026-07-12 12:00:07    Niciun semnal nou. Pendinge: 0
2026-07-12 12:00:07    Urmatoarea bara 60min @ 13:00:05 — 3597s
2026-07-12 13:00:05  --- S5-USDCHF-H1 iter 4 @ 13:00:05 ---
2026-07-12 13:00:05    Niciun semnal nou. Pendinge: 0
2026-07-12 13:00:06    Urmatoarea bara 60min @ 14:00:05 — 3599s
2026-07-12 14:00:05  --- S5-USDCHF-H1 iter 5 @ 14:00:05 ---
2026-07-12 14:00:05    Niciun semnal nou. Pendinge: 0
2026-07-12 14:00:05    Urmatoarea bara 60min @ 15:00:05 — 3600s
2026-07-12 15:00:05  --- S5-USDCHF-H1 iter 6 @ 15:00:05 ---
2026-07-12 15:00:05    Niciun semnal nou. Pendinge: 0
2026-07-12 15:00:05    Urmatoarea bara 60min @ 16:00:05 — 3600s
2026-07-12 16:00:05  --- S5-USDCHF-H1 iter 7 @ 16:00:05 ---
2026-07-12 16:00:05    Niciun semnal nou. Pendinge: 0
2026-07-12 16:00:05    Urmatoarea bara 60min @ 17:00:05 — 3600s
2026-07-12 17:00:05  --- S5-USDCHF-H1 iter 8 @ 17:00:05 ---
2026-07-12 17:00:05    Niciun semnal nou. Pendinge: 0
2026-07-12 17:00:05    Urmatoarea bara 60min @ 18:00:05 — 3600s
2026-07-12 18:00:05  --- S5-USDCHF-H1 iter 9 @ 18:00:05 ---
2026-07-12 18:00:05    Niciun semnal nou. Pendinge: 0
2026-07-12 18:00:05    Urmatoarea bara 60min @ 19:00:05 — 3600s
2026-07-12 19:00:05  --- S5-USDCHF-H1 iter 10 @ 19:00:05 ---
2026-07-12 19:00:05    Niciun semnal nou. Pendinge: 0
2026-07-12 19:00:05    Urmatoarea bara 60min @ 20:00:05 — 3600s
2026-07-12 20:00:05  --- S5-USDCHF-H1 iter 11 @ 20:00:05 ---
2026-07-12 20:00:05    Niciun semnal nou. Pendinge: 0
2026-07-12 20:00:05    Urmatoarea bara 60min @ 21:00:05 — 3600s
2026-07-12 21:00:05  --- S5-USDCHF-H1 iter 12 @ 21:00:05 ---
2026-07-12 21:00:05    Niciun semnal nou. Pendinge: 0
2026-07-12 21:00:05    Urmatoarea bara 60min @ 22:00:05 — 3599s
2026-07-12 22:00:05  --- S5-USDCHF-H1 iter 13 @ 22:00:05 ---
2026-07-12 22:00:06    Niciun semnal nou. Pendinge: 0
2026-07-12 22:00:06    Urmatoarea bara 60min @ 23:00:05 — 3599s
2026-07-12 23:00:05  --- S5-USDCHF-H1 iter 14 @ 23:00:05 ---
2026-07-12 23:00:05    Niciun semnal nou. Pendinge: 0
2026-07-12 23:00:06    Urmatoarea bara 60min @ 00:00:05 — 3599s
2026-07-13 00:00:05  --- S5-USDCHF-H1 iter 15 @ 00:00:05 ---
2026-07-13 00:00:05    Niciun semnal nou. Pendinge: 0
2026-07-13 00:00:05    Urmatoarea bara 60min @ 01:00:05 — 3599s
2026-07-13 01:00:05  --- S5-USDCHF-H1 iter 16 @ 01:00:05 ---
2026-07-13 01:00:05    Niciun semnal nou. Pendinge: 0
2026-07-13 01:00:05    Urmatoarea bara 60min @ 02:00:05 — 3600s
2026-07-13 02:00:05  --- S5-USDCHF-H1 iter 17 @ 02:00:05 ---
2026-07-13 02:00:05    Niciun semnal nou. Pendinge: 0
2026-07-13 02:00:05    Urmatoarea bara 60min @ 03:00:05 — 3600s
2026-07-13 03:00:05  --- S5-USDCHF-H1 iter 18 @ 03:00:05 ---
2026-07-13 03:00:05    Niciun semnal nou. Pendinge: 0
2026-07-13 03:00:05    Urmatoarea bara 60min @ 04:00:05 — 3600s
2026-07-13 04:00:05  --- S5-USDCHF-H1 iter 19 @ 04:00:05 ---
2026-07-13 04:00:05    Niciun semnal nou. Pendinge: 0
2026-07-13 04:00:05    Urmatoarea bara 60min @ 05:00:05 — 3600s
2026-07-13 05:00:05  --- S5-USDCHF-H1 iter 20 @ 05:00:05 ---
2026-07-13 05:00:05    Niciun semnal nou. Pendinge: 0
2026-07-13 05:00:05    Urmatoarea bara 60min @ 06:00:05 — 3600s
2026-07-13 06:00:05  --- S5-USDCHF-H1 iter 21 @ 06:00:05 ---
2026-07-13 06:00:12    Niciun semnal nou. Pendinge: 0
2026-07-13 06:00:12    Urmatoarea bara 60min @ 07:00:05 — 3592s
2026-07-13 07:00:05  --- S5-USDCHF-H1 iter 22 @ 07:00:05 ---
2026-07-13 07:00:05    Niciun semnal nou. Pendinge: 0
2026-07-13 07:00:05    Urmatoarea bara 60min @ 08:00:05 — 3600s
2026-07-13 08:00:05  --- S5-USDCHF-H1 iter 23 @ 08:00:05 ---
2026-07-13 08:00:05    Niciun semnal nou. Pendinge: 0
2026-07-13 08:00:05    Urmatoarea bara 60min @ 09:00:05 — 3600s
2026-07-13 09:00:05  --- S5-USDCHF-H1 iter 24 @ 09:00:05 ---
2026-07-13 09:00:05    Niciun semnal nou. Pendinge: 0
2026-07-13 09:00:05    Urmatoarea bara 60min @ 10:00:05 — 3600s
2026-07-13 10:00:05  --- S5-USDCHF-H1 iter 25 @ 10:00:05 ---
2026-07-13 10:00:05    Niciun semnal nou. Pendinge: 0
2026-07-13 10:00:05    Urmatoarea bara 60min @ 11:00:05 — 3600s
2026-07-13 11:00:05  --- S5-USDCHF-H1 iter 26 @ 11:00:05 ---
2026-07-13 11:00:06    Niciun semnal nou. Pendinge: 0
2026-07-13 11:00:06    Urmatoarea bara 60min @ 12:00:05 — 3599s
2026-07-13 12:00:05  --- S5-USDCHF-H1 iter 27 @ 12:00:05 ---
2026-07-13 12:00:05    Niciun semnal nou. Pendinge: 0
2026-07-13 12:00:05    Urmatoarea bara 60min @ 13:00:05 — 3599s
2026-07-13 13:00:05  --- S5-USDCHF-H1 iter 28 @ 13:00:05 ---
2026-07-13 13:00:05    Niciun semnal nou. Pendinge: 0
2026-07-13 13:00:05    Urmatoarea bara 60min @ 14:00:05 — 3600s
2026-07-13 14:00:05  --- S5-USDCHF-H1 iter 29 @ 14:00:05 ---
2026-07-13 14:00:05    Niciun semnal nou. Pendinge: 0
2026-07-13 14:00:05    Urmatoarea bara 60min @ 15:00:05 — 3599s
2026-07-13 15:00:05  --- S5-USDCHF-H1 iter 30 @ 15:00:05 ---
2026-07-13 15:00:05    Niciun semnal nou. Pendinge: 0
2026-07-13 15:00:05    Urmatoarea bara 60min @ 16:00:05 — 3599s
2026-07-13 15:40:36    [PROFIL] Niciun profil activ (active_profile_runtime.json lipsa) — sesiunea ruleaza pe parametrii HARDCODATI din script (fara filtru AI, fara setarile din UI). Porneste botul din UI macar o data ca sa fixezi profilul.
2026-07-13 15:40:36  =================================================================
2026-07-13 15:40:36    S5-USDCHF-H1 — USDCHF H1+D1 BOTH pw=10 pullback | test +0.413R Score 2.37
2026-07-13 15:40:36    Piete: ['USDCHF']
2026-07-13 15:40:36    TF: H1 (trend D1) | PW=10 | BOTH
2026-07-13 15:40:36    Output: C:\trading-bot\data\live_signals\session5
2026-07-13 15:40:36  =================================================================
2026-07-13 15:40:36  MT5: 52906593 @ ICMarketsEU-Demo (DEMO)
2026-07-13 15:40:36    [SCAN-RECOVER] Comentariu trunchiat 'S5-USDCHF-H1-IB0' → S5-USDCHF-H1-IB0007 (match prin pret 0.80760)
2026-07-13 15:40:36    [ORPHAN] Nicio pozitie MT5 fara corespondent — state consistent cu MT5.
2026-07-13 15:40:36  Simboluri active: ['USDCHF']
2026-07-13 15:40:36  Pornit. Ctrl+C pentru oprire.

2026-07-13 15:40:36  --- S5-USDCHF-H1 iter 1 @ 15:40:36 ---
2026-07-13 15:40:36    Niciun semnal nou. Pendinge: 0
2026-07-13 15:40:36    Urmatoarea bara 60min @ 16:00:05 — 1168s
2026-07-13 15:40:50    [PROFIL] Profil 'Standard Profile' aplicat pe session5.
2026-07-13 15:40:50  =================================================================
2026-07-13 15:40:50    S5-USDCHF-H1 — USDCHF H1+D1 BOTH pw=10 pullback | test +0.413R Score 2.37
2026-07-13 15:40:50    Piete: ['USDCHF']
2026-07-13 15:40:50    TF: H1 (trend D1) | PW=10 | BOTH
2026-07-13 15:40:50    Output: C:\trading-bot\data\live_signals\session5
2026-07-13 15:40:50  =================================================================
2026-07-13 15:40:50  MT5: 52906593 @ ICMarketsEU-Demo (DEMO)
2026-07-13 15:40:50    [SCAN-RECOVER] Comentariu trunchiat 'S5-USDCHF-H1-IB0' → S5-USDCHF-H1-IB0007 (match prin pret 0.80760)
2026-07-13 15:40:50    [ORPHAN] Nicio pozitie MT5 fara corespondent — state consistent cu MT5.
2026-07-13 15:40:51  Simboluri active: ['USDCHF']
2026-07-13 15:40:51  Pornit. Ctrl+C pentru oprire.

2026-07-13 15:40:51  --- S5-USDCHF-H1 iter 1 @ 15:40:51 ---
2026-07-13 15:40:51    Niciun semnal nou. Pendinge: 0
2026-07-13 15:40:51    Urmatoarea bara 60min @ 16:00:05 — 1154s
2026-07-13 16:00:05  --- S5-USDCHF-H1 iter 2 @ 16:00:05 ---
2026-07-13 16:00:05    Niciun semnal nou. Pendinge: 0
2026-07-13 16:00:05    Urmatoarea bara 60min @ 17:00:05 — 3600s
2026-07-13 17:00:05  --- S5-USDCHF-H1 iter 3 @ 17:00:05 ---
2026-07-13 17:00:05    Niciun semnal nou. Pendinge: 0
2026-07-13 17:00:05    Urmatoarea bara 60min @ 18:00:05 — 3600s
2026-07-13 18:00:05  --- S5-USDCHF-H1 iter 4 @ 18:00:05 ---
2026-07-13 18:00:05    Niciun semnal nou. Pendinge: 0
2026-07-13 18:00:05    Urmatoarea bara 60min @ 19:00:05 — 3600s
2026-07-13 19:00:05  --- S5-USDCHF-H1 iter 5 @ 19:00:05 ---
2026-07-13 19:00:05    Niciun semnal nou. Pendinge: 0
2026-07-13 19:00:05    Urmatoarea bara 60min @ 20:00:05 — 3600s
2026-07-13 20:00:05  --- S5-USDCHF-H1 iter 6 @ 20:00:05 ---
2026-07-13 20:00:05    Niciun semnal nou. Pendinge: 0
2026-07-13 20:00:05    Urmatoarea bara 60min @ 21:00:05 — 3600s
2026-07-13 21:00:05  --- S5-USDCHF-H1 iter 7 @ 21:00:05 ---
2026-07-13 21:00:05    Niciun semnal nou. Pendinge: 0
2026-07-13 21:00:05    Urmatoarea bara 60min @ 22:00:05 — 3600s
2026-07-16 20:54:11    signal_counter sincronizat la 13 din signals.csv
2026-07-16 20:54:11    ib_signal_counter sincronizat la 8 din signals.csv
2026-07-16 20:54:11    [PROFIL] Profil 'Standard Profile' aplicat pe session5.
2026-07-16 20:54:11  =================================================================
2026-07-16 20:54:11    S5-USDCHF-H1 — USDCHF H1+D1 BOTH pw=10 pullback | test +0.413R Score 2.37
2026-07-16 20:54:11    Piete: ['USDCHF']
2026-07-16 20:54:11    TF: H1 (trend D1) | PW=10 | BOTH
2026-07-16 20:54:11    Output: C:\trading-bot\data\live_signals\session5
2026-07-16 20:54:11  =================================================================
2026-07-16 20:54:11  MT5: 52906593 @ ICMarketsEU-Demo (DEMO)
2026-07-16 20:54:12    [ORPHAN-RECOVER] Pozitie #1812454070 comment trunchiat 'S5-USDCHF-H1-IB0' → S5-H1D1-SIG0011 (match prin pret 0.80971)
2026-07-16 20:54:12    [ORPHAN-RECOVER] Pozitie #1812454070 (S5-H1D1-SIG0011) LONG USDCHF @ 0.80971 preluata din MT5 — reconstruita in pending+tracking
2026-07-16 20:54:12    [ORPHAN-RECOVER] 1 ordine/pozitii preluate automat din MT5 la startup
2026-07-16 20:54:12  Simboluri active: ['USDCHF']
2026-07-16 20:54:12  Pornit. Ctrl+C pentru oprire.

2026-07-16 20:54:12  --- S5-USDCHF-H1 iter 1 @ 20:54:12 ---
2026-07-16 20:54:13    [DEDUP] S5-USDCHF-H1-IB0009 USDCHF: entry identic cu S5-USDCHF-H1-IB0008 deja in signals.csv — skipped
2026-07-16 20:54:13    Niciun semnal nou. Pendinge: 1
2026-07-16 20:54:13    Urmatoarea bara 60min @ 21:00:05 — 352s
2026-07-16 21:00:05  --- S5-USDCHF-H1 iter 2 @ 21:00:05 ---
2026-07-16 21:00:05    Niciun semnal nou. Pendinge: 1
2026-07-16 21:00:05    Urmatoarea bara 60min @ 22:00:05 — 3600s
2026-07-16 21:41:24    [PROFIL] Profil 'Standard Profile' aplicat pe session5.
2026-07-16 21:41:24  =================================================================
2026-07-16 21:41:24    S5-USDCHF-H1 — USDCHF H1+D1 BOTH pw=10 pullback | test +0.413R Score 2.37
2026-07-16 21:41:24    Piete: ['USDCHF']
2026-07-16 21:41:24    TF: H1 (trend D1) | PW=10 | BOTH
2026-07-16 21:41:24    Output: C:\trading-bot\data\live_signals\session5
2026-07-16 21:41:24  =================================================================
2026-07-16 21:41:24  MT5: 52906593 @ ICMarketsEU-Demo (DEMO)
2026-07-16 21:41:24    [ORPHAN] Nicio pozitie MT5 fara corespondent — state consistent cu MT5.
2026-07-16 21:41:24  Simboluri active: ['USDCHF']
2026-07-16 21:41:24  Pornit. Ctrl+C pentru oprire.

2026-07-16 21:41:24  --- S5-USDCHF-H1 iter 1 @ 21:41:24 ---
2026-07-16 21:41:25    Niciun semnal nou. Pendinge: 1
2026-07-16 21:41:25    Urmatoarea bara 60min @ 22:00:05 — 1120s
