2026-06-22 19:15:49    [PROFIL] Profil 'Standard Profile' aplicat pe session19.
2026-06-22 19:15:49  =================================================================
2026-06-22 19:15:49    S19-AUDNZD — AUDNZD M15+M30 BOTH pw=8 pullback | test +0.339R (19t insuf)
2026-06-22 19:15:49    Piete: ['AUDNZD']
2026-06-22 19:15:49    TF: M15 (trend M30) | PW=8 | BOTH
2026-06-22 19:15:49    Output: C:\trading-bot\data\live_signals\session19
2026-06-22 19:15:49  =================================================================
2026-06-22 19:15:50  MT5: 52906593 @ ICMarketsEU-Demo (DEMO)
2026-06-22 19:15:52  Simboluri active: ['AUDNZD']
2026-06-22 19:15:52  Pornit. Ctrl+C pentru oprire.

2026-06-22 19:15:52  --- S19-AUDNZD iter 1 @ 19:15:52 ---
2026-06-22 19:16:02    Niciun semnal nou. Pendinge: 0
2026-06-22 19:16:02    Urmatoarea bara 15min @ 19:30:05 — 842s
2026-06-22 19:30:05  --- S19-AUDNZD iter 2 @ 19:30:05 ---
2026-06-22 19:30:05    Niciun semnal nou. Pendinge: 0
2026-06-22 19:30:05    Urmatoarea bara 15min @ 19:45:05 — 900s
2026-06-22 19:45:05  --- S19-AUDNZD iter 3 @ 19:45:05 ---
2026-06-22 19:45:05    Niciun semnal nou. Pendinge: 0
2026-06-22 19:45:05    Urmatoarea bara 15min @ 20:00:05 — 900s
2026-06-22 20:00:05  --- S19-AUDNZD iter 4 @ 20:00:05 ---
2026-06-22 20:00:05    Niciun semnal nou. Pendinge: 0
2026-06-22 20:00:05    Urmatoarea bara 15min @ 20:15:05 — 900s
2026-06-22 20:08:32    [PROFIL] Profil 'Standard Profile' aplicat pe session19.
2026-06-22 20:08:32  =================================================================
2026-06-22 20:08:32    S19-AUDNZD — AUDNZD M15+M30 BOTH pw=8 pullback | test +0.339R (19t insuf)
2026-06-22 20:08:32    Piete: ['AUDNZD']
2026-06-22 20:08:32    TF: M15 (trend M30) | PW=8 | BOTH
2026-06-22 20:08:32    Output: C:\trading-bot\data\live_signals\session19
2026-06-22 20:08:32  =================================================================
2026-06-22 20:08:32  MT5: 52906593 @ ICMarketsEU-Demo (DEMO)
2026-06-22 20:08:32  Simboluri active: ['AUDNZD']
2026-06-22 20:08:32  Pornit. Ctrl+C pentru oprire.

2026-06-22 20:08:32  --- S19-AUDNZD iter 1 @ 20:08:32 ---
2026-06-22 20:08:33    Niciun semnal nou. Pendinge: 0
2026-06-22 20:08:33    Urmatoarea bara 15min @ 20:15:05 — 392s
2026-06-22 20:15:05  --- S19-AUDNZD iter 2 @ 20:15:05 ---
2026-06-22 20:15:05    Niciun semnal nou. Pendinge: 0
2026-06-22 20:15:05    Urmatoarea bara 15min @ 20:30:05 — 900s
2026-06-22 20:18:04    [PROFIL] Profil 'Standard Profile' aplicat pe session19.
2026-06-22 20:18:04  =================================================================
2026-06-22 20:18:04    S19-AUDNZD — AUDNZD M15+M30 BOTH pw=8 pullback | test +0.339R (19t insuf)
2026-06-22 20:18:04    Piete: ['AUDNZD']
2026-06-22 20:18:04    TF: M15 (trend M30) | PW=8 | BOTH
2026-06-22 20:18:04    Output: C:\trading-bot\data\live_signals\session19
2026-06-22 20:18:04  =================================================================
2026-06-22 20:18:04  MT5: 52906593 @ ICMarketsEU-Demo (DEMO)
2026-06-22 20:18:04  Simboluri active: ['AUDNZD']
2026-06-22 20:18:04  Pornit. Ctrl+C pentru oprire.

2026-06-22 20:18:04  --- S19-AUDNZD iter 1 @ 20:18:04 ---
2026-06-22 20:18:04    Niciun semnal nou. Pendinge: 0
2026-06-22 20:18:04    Urmatoarea bara 15min @ 20:30:05 — 720s
2026-06-22 20:18:15    [PROFIL] Profil 'Standard Profile' aplicat pe session19.
2026-06-22 20:18:15  =================================================================
2026-06-22 20:18:15    S19-AUDNZD — AUDNZD M15+M30 BOTH pw=8 pullback | test +0.339R (19t insuf)
2026-06-22 20:18:15    Piete: ['AUDNZD']
2026-06-22 20:18:15    TF: M15 (trend M30) | PW=8 | BOTH
2026-06-22 20:18:15    Output: C:\trading-bot\data\live_signals\session19
2026-06-22 20:18:15  =================================================================
2026-06-22 20:18:15  MT5: 52906593 @ ICMarketsEU-Demo (DEMO)
2026-06-22 20:18:15  Simboluri active: ['AUDNZD']
2026-06-22 20:18:15  Pornit. Ctrl+C pentru oprire.

2026-06-22 20:18:15  --- S19-AUDNZD iter 1 @ 20:18:15 ---
2026-06-22 20:18:15    Niciun semnal nou. Pendinge: 0
2026-06-22 20:18:15    Urmatoarea bara 15min @ 20:30:05 — 709s
2026-06-22 20:30:05  --- S19-AUDNZD iter 2 @ 20:30:05 ---
2026-06-22 20:30:05    Niciun semnal nou. Pendinge: 0
2026-06-22 20:30:05    Urmatoarea bara 15min @ 20:45:05 — 900s
2026-06-22 20:45:05  --- S19-AUDNZD iter 3 @ 20:45:05 ---
2026-06-22 20:45:05    Niciun semnal nou. Pendinge: 0
2026-06-22 20:45:05    Urmatoarea bara 15min @ 21:00:05 — 900s
2026-06-22 20:54:34    [PROFIL] Profil 'Standard Profile' aplicat pe session19.
2026-06-22 20:54:34  =================================================================
2026-06-22 20:54:34    S19-AUDNZD — AUDNZD M15+M30 BOTH pw=8 pullback | test +0.339R (19t insuf)
2026-06-22 20:54:34    Piete: ['AUDNZD']
2026-06-22 20:54:34    TF: M15 (trend M30) | PW=8 | BOTH
2026-06-22 20:54:34    Output: C:\trading-bot\data\live_signals\session19
2026-06-22 20:54:34  =================================================================
2026-06-22 20:54:34  MT5: 52906593 @ ICMarketsEU-Demo (DEMO)
2026-06-22 20:54:34  Simboluri active: ['AUDNZD']
2026-06-22 20:54:34  Pornit. Ctrl+C pentru oprire.

2026-06-22 20:54:34  --- S19-AUDNZD iter 1 @ 20:54:34 ---
2026-06-22 20:54:34    Niciun semnal nou. Pendinge: 0
2026-06-22 20:54:34    Urmatoarea bara 15min @ 21:00:05 — 331s
2026-06-22 21:00:05  --- S19-AUDNZD iter 2 @ 21:00:05 ---
2026-06-22 21:00:05    Niciun semnal nou. Pendinge: 0
2026-06-22 21:00:05    Urmatoarea bara 15min @ 21:15:05 — 900s
2026-06-22 21:15:05  --- S19-AUDNZD iter 3 @ 21:15:05 ---
2026-06-22 21:15:05    Niciun semnal nou. Pendinge: 0
2026-06-22 21:15:05    Urmatoarea bara 15min @ 21:30:05 — 900s
2026-06-22 21:30:05  --- S19-AUDNZD iter 4 @ 21:30:05 ---
2026-06-22 21:30:05    Niciun semnal nou. Pendinge: 0
2026-06-22 21:30:05    Urmatoarea bara 15min @ 21:45:05 — 900s
2026-06-22 21:45:05  --- S19-AUDNZD iter 5 @ 21:45:05 ---
2026-06-22 21:45:05    Niciun semnal nou. Pendinge: 0
2026-06-22 21:45:05    Urmatoarea bara 15min @ 22:00:05 — 900s
2026-06-22 22:00:05  --- S19-AUDNZD iter 6 @ 22:00:05 ---
2026-06-22 22:00:05    Niciun semnal nou. Pendinge: 0
2026-06-22 22:00:05    Urmatoarea bara 15min @ 22:15:05 — 900s
2026-06-22 22:15:05  --- S19-AUDNZD iter 7 @ 22:15:05 ---
2026-06-22 22:15:05    Niciun semnal nou. Pendinge: 0
2026-06-22 22:15:05    Urmatoarea bara 15min @ 22:30:05 — 900s
2026-06-22 22:30:05  --- S19-AUDNZD iter 8 @ 22:30:05 ---
2026-06-22 22:30:05    Niciun semnal nou. Pendinge: 0
2026-06-22 22:30:05    Urmatoarea bara 15min @ 22:45:05 — 900s
2026-06-22 22:45:05  --- S19-AUDNZD iter 9 @ 22:45:05 ---
2026-06-22 22:45:05    Niciun semnal nou. Pendinge: 0
2026-06-22 22:45:05    Urmatoarea bara 15min @ 23:00:05 — 900s
2026-06-22 23:00:05  --- S19-AUDNZD iter 10 @ 23:00:05 ---
2026-06-22 23:00:05    Niciun semnal nou. Pendinge: 0
2026-06-22 23:00:05    Urmatoarea bara 15min @ 23:15:05 — 900s
2026-06-22 23:15:05  --- S19-AUDNZD iter 11 @ 23:15:05 ---
2026-06-22 23:15:05    Niciun semnal nou. Pendinge: 0
2026-06-22 23:15:05    Urmatoarea bara 15min @ 23:30:05 — 900s
2026-06-22 23:30:05  --- S19-AUDNZD iter 12 @ 23:30:05 ---
2026-06-22 23:30:05    Niciun semnal nou. Pendinge: 0
2026-06-22 23:30:05    Urmatoarea bara 15min @ 23:45:05 — 900s
2026-06-22 23:45:05  --- S19-AUDNZD iter 13 @ 23:45:05 ---
2026-06-22 23:45:05    Niciun semnal nou. Pendinge: 0
2026-06-22 23:45:05    Urmatoarea bara 15min @ 00:00:05 — 900s
2026-06-23 00:00:05  --- S19-AUDNZD iter 14 @ 00:00:05 ---
2026-06-23 00:00:10    Niciun semnal nou. Pendinge: 0
2026-06-23 00:00:10    Urmatoarea bara 15min @ 00:15:05 — 894s
2026-06-23 00:15:05  --- S19-AUDNZD iter 15 @ 00:15:05 ---
2026-06-23 00:15:05    Niciun semnal nou. Pendinge: 0
2026-06-23 00:15:05    Urmatoarea bara 15min @ 00:30:05 — 900s
2026-06-23 00:30:05  --- S19-AUDNZD iter 16 @ 00:30:05 ---
2026-06-23 00:30:05    Niciun semnal nou. Pendinge: 0
2026-06-23 00:30:05    Urmatoarea bara 15min @ 00:45:05 — 900s
2026-06-23 00:45:05  --- S19-AUDNZD iter 17 @ 00:45:05 ---
2026-06-23 00:45:05    Niciun semnal nou. Pendinge: 0
2026-06-23 00:45:05    Urmatoarea bara 15min @ 01:00:05 — 900s
2026-06-23 01:00:05  --- S19-AUDNZD iter 18 @ 01:00:05 ---
2026-06-23 01:00:05    Niciun semnal nou. Pendinge: 0
2026-06-23 01:00:05    Urmatoarea bara 15min @ 01:15:05 — 900s
2026-06-23 01:15:05  --- S19-AUDNZD iter 19 @ 01:15:05 ---
2026-06-23 01:15:05    Niciun semnal nou. Pendinge: 0
2026-06-23 01:15:05    Urmatoarea bara 15min @ 01:30:05 — 900s
2026-06-23 01:30:05  --- S19-AUDNZD iter 20 @ 01:30:05 ---
2026-06-23 01:30:05    Niciun semnal nou. Pendinge: 0
2026-06-23 01:30:05    Urmatoarea bara 15min @ 01:45:05 — 900s
2026-06-23 01:45:05  --- S19-AUDNZD iter 21 @ 01:45:05 ---
2026-06-23 01:45:05    Niciun semnal nou. Pendinge: 0
2026-06-23 01:45:05    Urmatoarea bara 15min @ 02:00:05 — 900s
2026-06-23 02:00:05  --- S19-AUDNZD iter 22 @ 02:00:05 ---
2026-06-23 02:00:06    Niciun semnal nou. Pendinge: 0
2026-06-23 02:00:06    Urmatoarea bara 15min @ 02:15:05 — 898s
2026-06-23 02:15:05  --- S19-AUDNZD iter 23 @ 02:15:05 ---
2026-06-23 02:15:05    Niciun semnal nou. Pendinge: 0
2026-06-23 02:15:05    Urmatoarea bara 15min @ 02:30:05 — 900s
2026-06-23 02:30:05  --- S19-AUDNZD iter 24 @ 02:30:05 ---
2026-06-23 02:30:05    Niciun semnal nou. Pendinge: 0
2026-06-23 02:30:05    Urmatoarea bara 15min @ 02:45:05 — 900s
2026-06-23 02:45:05  --- S19-AUDNZD iter 25 @ 02:45:05 ---
2026-06-23 02:45:05    Niciun semnal nou. Pendinge: 0
2026-06-23 02:45:05    Urmatoarea bara 15min @ 03:00:05 — 900s
2026-06-23 03:00:05  --- S19-AUDNZD iter 26 @ 03:00:05 ---
2026-06-23 03:00:05    Niciun semnal nou. Pendinge: 0
2026-06-23 03:00:05    Urmatoarea bara 15min @ 03:15:05 — 900s
2026-06-23 03:15:05  --- S19-AUDNZD iter 27 @ 03:15:05 ---
2026-06-23 03:15:05    Niciun semnal nou. Pendinge: 0
2026-06-23 03:15:05    Urmatoarea bara 15min @ 03:30:05 — 900s
2026-06-23 03:30:05  --- S19-AUDNZD iter 28 @ 03:30:05 ---
2026-06-23 03:30:05    Niciun semnal nou. Pendinge: 0
2026-06-23 03:30:05    Urmatoarea bara 15min @ 03:45:05 — 900s
2026-06-23 03:45:05  --- S19-AUDNZD iter 29 @ 03:45:05 ---
2026-06-23 03:45:05    Niciun semnal nou. Pendinge: 0
2026-06-23 03:45:05    Urmatoarea bara 15min @ 04:00:05 — 900s
2026-06-23 04:00:05  --- S19-AUDNZD iter 30 @ 04:00:05 ---
2026-06-23 04:00:05    Niciun semnal nou. Pendinge: 0
2026-06-23 04:00:05    Urmatoarea bara 15min @ 04:15:05 — 900s
2026-06-23 04:15:05  --- S19-AUDNZD iter 31 @ 04:15:05 ---
2026-06-23 04:15:05    Niciun semnal nou. Pendinge: 0
2026-06-23 04:15:05    Urmatoarea bara 15min @ 04:30:05 — 900s
2026-06-23 04:30:05  --- S19-AUDNZD iter 32 @ 04:30:05 ---
2026-06-23 04:30:05    Niciun semnal nou. Pendinge: 0
2026-06-23 04:30:05    Urmatoarea bara 15min @ 04:45:05 — 900s
2026-06-23 04:45:05  --- S19-AUDNZD iter 33 @ 04:45:05 ---
2026-06-23 04:45:05    Niciun semnal nou. Pendinge: 0
2026-06-23 04:45:05    Urmatoarea bara 15min @ 05:00:05 — 900s
2026-06-23 05:00:05  --- S19-AUDNZD iter 34 @ 05:00:05 ---
2026-06-23 05:00:05    Niciun semnal nou. Pendinge: 0
2026-06-23 05:00:05    Urmatoarea bara 15min @ 05:15:05 — 900s
2026-06-23 05:15:05  --- S19-AUDNZD iter 35 @ 05:15:05 ---
2026-06-23 05:15:05    Niciun semnal nou. Pendinge: 0
2026-06-23 05:15:05    Urmatoarea bara 15min @ 05:30:05 — 900s
2026-06-23 05:30:05  --- S19-AUDNZD iter 36 @ 05:30:05 ---
2026-06-23 05:30:05    Niciun semnal nou. Pendinge: 0
2026-06-23 05:30:05    Urmatoarea bara 15min @ 05:45:05 — 900s
2026-06-23 05:45:05  --- S19-AUDNZD iter 37 @ 05:45:05 ---
2026-06-23 05:45:05    Niciun semnal nou. Pendinge: 0
2026-06-23 05:45:05    Urmatoarea bara 15min @ 06:00:05 — 900s
2026-06-23 06:00:05  --- S19-AUDNZD iter 38 @ 06:00:05 ---
2026-06-23 06:00:05    Niciun semnal nou. Pendinge: 0
2026-06-23 06:00:05    Urmatoarea bara 15min @ 06:15:05 — 900s
2026-06-23 06:15:05  --- S19-AUDNZD iter 39 @ 06:15:05 ---
2026-06-23 06:15:05    Niciun semnal nou. Pendinge: 0
2026-06-23 06:15:05    Urmatoarea bara 15min @ 06:30:05 — 900s
2026-06-23 06:30:05  --- S19-AUDNZD iter 40 @ 06:30:05 ---
2026-06-23 06:30:05    Niciun semnal nou. Pendinge: 0
2026-06-23 06:30:05    Urmatoarea bara 15min @ 06:45:05 — 900s
2026-06-23 06:45:05  --- S19-AUDNZD iter 41 @ 06:45:05 ---
2026-06-23 06:45:05    Niciun semnal nou. Pendinge: 0
2026-06-23 06:45:05    Urmatoarea bara 15min @ 07:00:05 — 900s
2026-06-23 07:00:05  --- S19-AUDNZD iter 42 @ 07:00:05 ---
2026-06-23 07:00:05    Niciun semnal nou. Pendinge: 0
2026-06-23 07:00:05    Urmatoarea bara 15min @ 07:15:05 — 900s
2026-06-23 07:15:05  --- S19-AUDNZD iter 43 @ 07:15:05 ---
2026-06-23 07:15:05    Niciun semnal nou. Pendinge: 0
2026-06-23 07:15:05    Urmatoarea bara 15min @ 07:30:05 — 900s
2026-06-23 07:30:05  --- S19-AUDNZD iter 44 @ 07:30:05 ---
2026-06-23 07:30:05    Niciun semnal nou. Pendinge: 0
2026-06-23 07:30:05    Urmatoarea bara 15min @ 07:45:05 — 900s
2026-06-23 07:45:05  --- S19-AUDNZD iter 45 @ 07:45:05 ---
2026-06-23 07:45:05    Niciun semnal nou. Pendinge: 0
2026-06-23 07:45:05    Urmatoarea bara 15min @ 08:00:05 — 900s
2026-06-23 08:00:05  --- S19-AUDNZD iter 46 @ 08:00:05 ---
2026-06-23 08:00:05    Niciun semnal nou. Pendinge: 0
2026-06-23 08:00:05    Urmatoarea bara 15min @ 08:15:05 — 900s
2026-06-23 08:15:05  --- S19-AUDNZD iter 47 @ 08:15:05 ---
2026-06-23 08:15:05    Niciun semnal nou. Pendinge: 0
2026-06-23 08:15:05    Urmatoarea bara 15min @ 08:30:05 — 900s
2026-06-23 08:30:05  --- S19-AUDNZD iter 48 @ 08:30:05 ---
2026-06-23 08:30:05    Niciun semnal nou. Pendinge: 0
2026-06-23 08:30:05    Urmatoarea bara 15min @ 08:45:05 — 900s
2026-06-23 08:45:05  --- S19-AUDNZD iter 49 @ 08:45:05 ---
2026-06-23 08:45:05    Niciun semnal nou. Pendinge: 0
2026-06-23 08:45:05    Urmatoarea bara 15min @ 09:00:05 — 900s
2026-06-23 09:00:05  --- S19-AUDNZD iter 50 @ 09:00:05 ---
2026-06-23 09:00:05    Niciun semnal nou. Pendinge: 0
2026-06-23 09:00:05    Urmatoarea bara 15min @ 09:15:05 — 900s
2026-06-23 09:15:05  --- S19-AUDNZD iter 51 @ 09:15:05 ---
2026-06-23 09:15:05    Niciun semnal nou. Pendinge: 0
2026-06-23 09:15:05    Urmatoarea bara 15min @ 09:30:05 — 900s
2026-06-23 09:30:05  --- S19-AUDNZD iter 52 @ 09:30:05 ---
2026-06-23 09:30:05    Niciun semnal nou. Pendinge: 0
2026-06-23 09:30:05    Urmatoarea bara 15min @ 09:45:05 — 900s
2026-06-23 09:45:05  --- S19-AUDNZD iter 53 @ 09:45:05 ---
2026-06-23 09:45:05    Niciun semnal nou. Pendinge: 0
2026-06-23 09:45:05    Urmatoarea bara 15min @ 10:00:05 — 900s
2026-06-23 10:00:05  --- S19-AUDNZD iter 54 @ 10:00:05 ---
2026-06-23 10:00:05    Niciun semnal nou. Pendinge: 0
2026-06-23 10:00:05    Urmatoarea bara 15min @ 10:15:05 — 900s
2026-06-23 10:15:05  --- S19-AUDNZD iter 55 @ 10:15:05 ---
2026-06-23 10:15:05    Niciun semnal nou. Pendinge: 0
2026-06-23 10:15:05    Urmatoarea bara 15min @ 10:30:05 — 900s
2026-06-23 10:30:05  --- S19-AUDNZD iter 56 @ 10:30:05 ---
2026-06-23 10:30:05    Niciun semnal nou. Pendinge: 0
2026-06-23 10:30:05    Urmatoarea bara 15min @ 10:45:05 — 900s
2026-06-23 10:36:41    [PROFIL] Profil 'Standard Profile' aplicat pe session19.
2026-06-23 10:36:41  =================================================================
2026-06-23 10:36:41    S19-AUDNZD — AUDNZD M15+M30 BOTH pw=8 pullback | test +0.339R (19t insuf)
2026-06-23 10:36:41    Piete: ['AUDNZD']
2026-06-23 10:36:41    TF: M15 (trend M30) | PW=8 | BOTH
2026-06-23 10:36:41    Output: C:\trading-bot\data\live_signals\session19
2026-06-23 10:36:41  =================================================================
2026-06-23 10:36:41  MT5: 52906593 @ ICMarketsEU-Demo (DEMO)
2026-06-23 10:36:41  Simboluri active: ['AUDNZD']
2026-06-23 10:36:41  Pornit. Ctrl+C pentru oprire.

2026-06-23 10:36:41  --- S19-AUDNZD iter 1 @ 10:36:41 ---
2026-06-23 10:36:42    Niciun semnal nou. Pendinge: 0
2026-06-23 10:36:42    Urmatoarea bara 15min @ 10:45:05 — 503s
2026-06-23 10:45:05  --- S19-AUDNZD iter 2 @ 10:45:05 ---
2026-06-23 10:45:05    Niciun semnal nou. Pendinge: 0
2026-06-23 10:45:05    Urmatoarea bara 15min @ 11:00:05 — 900s
2026-06-23 11:00:05  --- S19-AUDNZD iter 3 @ 11:00:05 ---
2026-06-23 11:00:05    Niciun semnal nou. Pendinge: 0
2026-06-23 11:00:05    Urmatoarea bara 15min @ 11:15:05 — 900s
2026-06-23 11:15:05  --- S19-AUDNZD iter 4 @ 11:15:05 ---
2026-06-23 11:15:05    Niciun semnal nou. Pendinge: 0
2026-06-23 11:15:05    Urmatoarea bara 15min @ 11:30:05 — 900s
2026-06-23 11:30:05  --- S19-AUDNZD iter 5 @ 11:30:05 ---
2026-06-23 11:30:05    Niciun semnal nou. Pendinge: 0
2026-06-23 11:30:05    Urmatoarea bara 15min @ 11:45:05 — 900s
2026-06-23 11:45:05  --- S19-AUDNZD iter 6 @ 11:45:05 ---
2026-06-23 11:45:05    Niciun semnal nou. Pendinge: 0
2026-06-23 11:45:05    Urmatoarea bara 15min @ 12:00:05 — 900s
2026-06-23 12:00:05  --- S19-AUDNZD iter 7 @ 12:00:05 ---
2026-06-23 12:00:05    Niciun semnal nou. Pendinge: 0
2026-06-23 12:00:05    Urmatoarea bara 15min @ 12:15:05 — 900s
2026-06-23 12:15:05  --- S19-AUDNZD iter 8 @ 12:15:05 ---
2026-06-23 12:15:05    Niciun semnal nou. Pendinge: 0
2026-06-23 12:15:05    Urmatoarea bara 15min @ 12:30:05 — 900s
2026-06-23 12:30:05  --- S19-AUDNZD iter 9 @ 12:30:05 ---
2026-06-23 12:30:05    Niciun semnal nou. Pendinge: 0
2026-06-23 12:30:05    Urmatoarea bara 15min @ 12:45:05 — 900s
2026-06-23 12:45:05  --- S19-AUDNZD iter 10 @ 12:45:05 ---
2026-06-23 12:45:05    Niciun semnal nou. Pendinge: 0
2026-06-23 12:45:05    Urmatoarea bara 15min @ 13:00:05 — 900s
2026-06-23 13:00:05  --- S19-AUDNZD iter 11 @ 13:00:05 ---
2026-06-23 13:00:05    Niciun semnal nou. Pendinge: 0
2026-06-23 13:00:05    Urmatoarea bara 15min @ 13:15:05 — 900s
2026-06-23 13:15:05  --- S19-AUDNZD iter 12 @ 13:15:05 ---
2026-06-23 13:15:05    Niciun semnal nou. Pendinge: 0
2026-06-23 13:15:05    Urmatoarea bara 15min @ 13:30:05 — 900s
2026-06-23 13:30:05  --- S19-AUDNZD iter 13 @ 13:30:05 ---
2026-06-23 13:30:05    Niciun semnal nou. Pendinge: 0
2026-06-23 13:30:05    Urmatoarea bara 15min @ 13:45:05 — 900s
2026-06-23 13:45:05  --- S19-AUDNZD iter 14 @ 13:45:05 ---
2026-06-23 13:45:05    Niciun semnal nou. Pendinge: 0
2026-06-23 13:45:05    Urmatoarea bara 15min @ 14:00:05 — 900s
2026-06-23 14:00:05  --- S19-AUDNZD iter 15 @ 14:00:05 ---
2026-06-23 14:00:05    Niciun semnal nou. Pendinge: 0
2026-06-23 14:00:05    Urmatoarea bara 15min @ 14:15:05 — 900s
2026-06-23 14:15:05  --- S19-AUDNZD iter 16 @ 14:15:05 ---
2026-06-23 14:15:05    Niciun semnal nou. Pendinge: 0
2026-06-23 14:15:05    Urmatoarea bara 15min @ 14:30:05 — 900s
2026-06-23 14:22:58    [PROFIL] Profil 'Standard Profile' aplicat pe session19.
2026-06-23 14:22:58  =================================================================
2026-06-23 14:22:58    S19-AUDNZD — AUDNZD M15+M30 BOTH pw=8 pullback | test +0.339R (19t insuf)
2026-06-23 14:22:58    Piete: ['AUDNZD']
2026-06-23 14:22:58    TF: M15 (trend M30) | PW=8 | BOTH
2026-06-23 14:22:58    Output: C:\trading-bot\data\live_signals\session19
2026-06-23 14:22:58  =================================================================
2026-06-23 14:22:59  MT5: 52906593 @ ICMarketsEU-Demo (DEMO)
2026-06-23 14:22:59  Simboluri active: ['AUDNZD']
2026-06-23 14:22:59  Pornit. Ctrl+C pentru oprire.

2026-06-23 14:22:59  --- S19-AUDNZD iter 1 @ 14:22:59 ---
2026-06-23 14:22:59    Niciun semnal nou. Pendinge: 0
2026-06-23 14:22:59    Urmatoarea bara 15min @ 14:30:05 — 426s
2026-06-23 14:30:05  --- S19-AUDNZD iter 2 @ 14:30:05 ---
2026-06-23 14:30:05    Niciun semnal nou. Pendinge: 0
2026-06-23 14:30:05    Urmatoarea bara 15min @ 14:45:05 — 900s
2026-06-23 14:40:31    [PROFIL] Profil 'Standard Profile' aplicat pe session19.
2026-06-23 14:40:31  =================================================================
2026-06-23 14:40:31    S19-AUDNZD — AUDNZD M15+M30 BOTH pw=8 pullback | test +0.339R (19t insuf)
2026-06-23 14:40:31    Piete: ['AUDNZD']
2026-06-23 14:40:31    TF: M15 (trend M30) | PW=8 | BOTH
2026-06-23 14:40:31    Output: C:\trading-bot\data\live_signals\session19
2026-06-23 14:40:31  =================================================================
2026-06-23 14:40:31  MT5: 52906593 @ ICMarketsEU-Demo (DEMO)
2026-06-23 14:40:31  Simboluri active: ['AUDNZD']
2026-06-23 14:40:31  Pornit. Ctrl+C pentru oprire.

2026-06-23 14:40:31  --- S19-AUDNZD iter 1 @ 14:40:31 ---
2026-06-23 14:40:31    Niciun semnal nou. Pendinge: 0
2026-06-23 14:40:31    Urmatoarea bara 15min @ 14:45:05 — 273s
2026-06-23 14:45:05  --- S19-AUDNZD iter 2 @ 14:45:05 ---
2026-06-23 14:45:05    Niciun semnal nou. Pendinge: 0
2026-06-23 14:45:05    Urmatoarea bara 15min @ 15:00:05 — 900s
2026-06-23 15:00:05  --- S19-AUDNZD iter 3 @ 15:00:05 ---
2026-06-23 15:00:05    Niciun semnal nou. Pendinge: 0
2026-06-23 15:00:05    Urmatoarea bara 15min @ 15:15:05 — 900s
2026-06-23 15:15:05  --- S19-AUDNZD iter 4 @ 15:15:05 ---
2026-06-23 15:15:05    Niciun semnal nou. Pendinge: 0
2026-06-23 15:15:05    Urmatoarea bara 15min @ 15:30:05 — 900s
2026-06-23 15:30:05  --- S19-AUDNZD iter 5 @ 15:30:05 ---
2026-06-23 15:30:05    Niciun semnal nou. Pendinge: 0
2026-06-23 15:30:05    Urmatoarea bara 15min @ 15:45:05 — 900s
2026-06-23 15:45:05  --- S19-AUDNZD iter 6 @ 15:45:05 ---
2026-06-23 15:45:05    Niciun semnal nou. Pendinge: 0
2026-06-23 15:45:05    Urmatoarea bara 15min @ 16:00:05 — 900s
2026-06-23 16:00:05  --- S19-AUDNZD iter 7 @ 16:00:05 ---
2026-06-23 16:00:05    Niciun semnal nou. Pendinge: 0
2026-06-23 16:00:05    Urmatoarea bara 15min @ 16:15:05 — 900s
2026-06-23 16:15:05  --- S19-AUDNZD iter 8 @ 16:15:05 ---
2026-06-23 16:15:05    Niciun semnal nou. Pendinge: 0
2026-06-23 16:15:05    Urmatoarea bara 15min @ 16:30:05 — 900s
2026-06-23 16:30:05  --- S19-AUDNZD iter 9 @ 16:30:05 ---
2026-06-23 16:30:05    Niciun semnal nou. Pendinge: 0
2026-06-23 16:30:05    Urmatoarea bara 15min @ 16:45:05 — 900s
2026-06-23 16:45:05  --- S19-AUDNZD iter 10 @ 16:45:05 ---
2026-06-23 16:45:05    Niciun semnal nou. Pendinge: 0
2026-06-23 16:45:05    Urmatoarea bara 15min @ 17:00:05 — 900s
2026-06-23 17:00:05  --- S19-AUDNZD iter 11 @ 17:00:05 ---
2026-06-23 17:00:06    Niciun semnal nou. Pendinge: 0
2026-06-23 17:00:06    Urmatoarea bara 15min @ 17:15:05 — 899s
2026-06-23 17:15:05  --- S19-AUDNZD iter 12 @ 17:15:05 ---
2026-06-23 17:15:05    Niciun semnal nou. Pendinge: 0
2026-06-23 17:15:05    Urmatoarea bara 15min @ 17:30:05 — 900s
2026-06-23 17:30:05  --- S19-AUDNZD iter 13 @ 17:30:05 ---
2026-06-23 17:30:05    Niciun semnal nou. Pendinge: 0
2026-06-23 17:30:05    Urmatoarea bara 15min @ 17:45:05 — 900s
2026-06-23 17:45:05  --- S19-AUDNZD iter 14 @ 17:45:05 ---
2026-06-23 17:45:05    Niciun semnal nou. Pendinge: 0
2026-06-23 17:45:05    Urmatoarea bara 15min @ 18:00:05 — 900s
2026-06-23 18:00:05  --- S19-AUDNZD iter 15 @ 18:00:05 ---
2026-06-23 18:00:05    Niciun semnal nou. Pendinge: 0
2026-06-23 18:00:05    Urmatoarea bara 15min @ 18:15:05 — 900s
2026-06-23 18:15:05  --- S19-AUDNZD iter 16 @ 18:15:05 ---
2026-06-23 18:15:05    Niciun semnal nou. Pendinge: 0
2026-06-23 18:15:05    Urmatoarea bara 15min @ 18:30:05 — 900s
2026-06-23 18:30:05  --- S19-AUDNZD iter 17 @ 18:30:05 ---
2026-06-23 18:30:05    Niciun semnal nou. Pendinge: 0
2026-06-23 18:30:05    Urmatoarea bara 15min @ 18:45:05 — 900s
2026-06-23 18:45:05  --- S19-AUDNZD iter 18 @ 18:45:05 ---
2026-06-23 18:45:05    Niciun semnal nou. Pendinge: 0
2026-06-23 18:45:05    Urmatoarea bara 15min @ 19:00:05 — 900s
2026-06-23 19:00:05  --- S19-AUDNZD iter 19 @ 19:00:05 ---
2026-06-23 19:00:05    Niciun semnal nou. Pendinge: 0
2026-06-23 19:00:05    Urmatoarea bara 15min @ 19:15:05 — 900s
2026-06-23 19:15:05  --- S19-AUDNZD iter 20 @ 19:15:05 ---
2026-06-23 19:15:05    Niciun semnal nou. Pendinge: 0
2026-06-23 19:15:05    Urmatoarea bara 15min @ 19:30:05 — 900s
2026-06-23 19:30:05  --- S19-AUDNZD iter 21 @ 19:30:05 ---
2026-06-23 19:30:05    Niciun semnal nou. Pendinge: 0
2026-06-23 19:30:05    Urmatoarea bara 15min @ 19:45:05 — 900s
2026-06-23 19:45:05  --- S19-AUDNZD iter 22 @ 19:45:05 ---
2026-06-23 19:45:05    Niciun semnal nou. Pendinge: 0
2026-06-23 19:45:05    Urmatoarea bara 15min @ 20:00:05 — 900s
2026-06-23 20:00:05  --- S19-AUDNZD iter 23 @ 20:00:05 ---
2026-06-23 20:00:05    Niciun semnal nou. Pendinge: 0
2026-06-23 20:00:05    Urmatoarea bara 15min @ 20:15:05 — 900s
2026-06-23 20:15:05  --- S19-AUDNZD iter 24 @ 20:15:05 ---
2026-06-23 20:15:05    Niciun semnal nou. Pendinge: 0
2026-06-23 20:15:05    Urmatoarea bara 15min @ 20:30:05 — 900s
2026-06-23 20:30:05  --- S19-AUDNZD iter 25 @ 20:30:05 ---
2026-06-23 20:30:05    Niciun semnal nou. Pendinge: 0
2026-06-23 20:30:05    Urmatoarea bara 15min @ 20:45:05 — 900s
2026-06-23 20:45:05  --- S19-AUDNZD iter 26 @ 20:45:05 ---
2026-06-23 20:45:05    Niciun semnal nou. Pendinge: 0
2026-06-23 20:45:05    Urmatoarea bara 15min @ 21:00:05 — 900s
2026-06-23 20:47:00    [PROFIL] Profil 'Standard Profile' aplicat pe session19.
2026-06-23 20:47:00  =================================================================
2026-06-23 20:47:00    S19-AUDNZD — AUDNZD M15+M30 BOTH pw=8 pullback | test +0.339R (19t insuf)
2026-06-23 20:47:00    Piete: ['AUDNZD']
2026-06-23 20:47:00    TF: M15 (trend M30) | PW=8 | BOTH
2026-06-23 20:47:00    Output: C:\trading-bot\data\live_signals\session19
2026-06-23 20:47:00  =================================================================
2026-06-23 20:47:00  MT5: 52906593 @ ICMarketsEU-Demo (DEMO)
2026-06-23 20:47:01  Simboluri active: ['AUDNZD']
2026-06-23 20:47:01  Pornit. Ctrl+C pentru oprire.

2026-06-23 20:47:01  --- S19-AUDNZD iter 1 @ 20:47:01 ---
2026-06-23 20:47:01    Niciun semnal nou. Pendinge: 0
2026-06-23 20:47:01    Urmatoarea bara 15min @ 21:00:05 — 784s
2026-06-23 20:48:34    [PROFIL] Profil 'Standard Profile' aplicat pe session19.
2026-06-23 20:48:34  =================================================================
2026-06-23 20:48:34    S19-AUDNZD — AUDNZD M15+M30 BOTH pw=8 pullback | test +0.339R (19t insuf)
2026-06-23 20:48:34    Piete: ['AUDNZD']
2026-06-23 20:48:34    TF: M15 (trend M30) | PW=8 | BOTH
2026-06-23 20:48:34    Output: C:\trading-bot\data\live_signals\session19
2026-06-23 20:48:34  =================================================================
2026-06-23 20:48:34  MT5: 52906593 @ ICMarketsEU-Demo (DEMO)
2026-06-23 20:48:34  Simboluri active: ['AUDNZD']
2026-06-23 20:48:34  Pornit. Ctrl+C pentru oprire.

2026-06-23 20:48:34  --- S19-AUDNZD iter 1 @ 20:48:34 ---
2026-06-23 20:48:34    Niciun semnal nou. Pendinge: 0
2026-06-23 20:48:34    Urmatoarea bara 15min @ 21:00:05 — 690s
2026-06-23 21:00:05  --- S19-AUDNZD iter 2 @ 21:00:05 ---
2026-06-23 21:00:05    Niciun semnal nou. Pendinge: 0
2026-06-23 21:00:05    Urmatoarea bara 15min @ 21:15:05 — 900s
2026-06-23 21:15:05  --- S19-AUDNZD iter 3 @ 21:15:05 ---
2026-06-23 21:15:05    Niciun semnal nou. Pendinge: 0
2026-06-23 21:15:05    Urmatoarea bara 15min @ 21:30:05 — 900s
2026-06-23 21:30:05  --- S19-AUDNZD iter 4 @ 21:30:05 ---
2026-06-23 21:30:05    Niciun semnal nou. Pendinge: 0
2026-06-23 21:30:05    Urmatoarea bara 15min @ 21:45:05 — 900s
2026-06-23 21:45:05  --- S19-AUDNZD iter 5 @ 21:45:05 ---
2026-06-23 21:45:05    Niciun semnal nou. Pendinge: 0
2026-06-23 21:45:05    Urmatoarea bara 15min @ 22:00:05 — 900s
2026-06-23 22:00:05  --- S19-AUDNZD iter 6 @ 22:00:05 ---
2026-06-23 22:00:05    Niciun semnal nou. Pendinge: 0
2026-06-23 22:00:05    Urmatoarea bara 15min @ 22:15:05 — 900s
2026-06-23 22:15:05  --- S19-AUDNZD iter 7 @ 22:15:05 ---
2026-06-23 22:15:05    Niciun semnal nou. Pendinge: 0
2026-06-23 22:15:05    Urmatoarea bara 15min @ 22:30:05 — 900s
2026-06-23 22:16:27    [PROFIL] Profil 'Standard Profile' aplicat pe session19.
2026-06-23 22:16:27  =================================================================
2026-06-23 22:16:27    S19-AUDNZD — AUDNZD M15+M30 BOTH pw=8 pullback | test +0.339R (19t insuf)
2026-06-23 22:16:27    Piete: ['AUDNZD']
2026-06-23 22:16:27    TF: M15 (trend M30) | PW=8 | BOTH
2026-06-23 22:16:27    Output: C:\trading-bot\data\live_signals\session19
2026-06-23 22:16:27  =================================================================
2026-06-23 22:16:27  MT5: 52906593 @ ICMarketsEU-Demo (DEMO)
2026-06-23 22:16:27  Simboluri active: ['AUDNZD']
2026-06-23 22:16:27  Pornit. Ctrl+C pentru oprire.

2026-06-23 22:16:27  --- S19-AUDNZD iter 1 @ 22:16:27 ---
2026-06-23 22:16:27    Niciun semnal nou. Pendinge: 0
2026-06-23 22:16:27    Urmatoarea bara 15min @ 22:30:05 — 817s
2026-06-23 22:30:05  --- S19-AUDNZD iter 2 @ 22:30:05 ---
2026-06-23 22:30:05    Niciun semnal nou. Pendinge: 0
2026-06-23 22:30:05    Urmatoarea bara 15min @ 22:45:05 — 900s
2026-06-23 22:45:05  --- S19-AUDNZD iter 3 @ 22:45:05 ---
2026-06-23 22:45:05    Niciun semnal nou. Pendinge: 0
2026-06-23 22:45:05    Urmatoarea bara 15min @ 23:00:05 — 900s
2026-06-23 22:48:10    [PROFIL] Profil 'Standard Profile' aplicat pe session19.
2026-06-23 22:48:10  =================================================================
2026-06-23 22:48:10    S19-AUDNZD — AUDNZD M15+M30 BOTH pw=8 pullback | test +0.339R (19t insuf)
2026-06-23 22:48:10    Piete: ['AUDNZD']
2026-06-23 22:48:10    TF: M15 (trend M30) | PW=8 | BOTH
2026-06-23 22:48:10    Output: C:\trading-bot\data\live_signals\session19
2026-06-23 22:48:10  =================================================================
2026-06-23 22:48:10  MT5: 52906593 @ ICMarketsEU-Demo (DEMO)
2026-06-23 22:48:10  Simboluri active: ['AUDNZD']
2026-06-23 22:48:10  Pornit. Ctrl+C pentru oprire.

2026-06-23 22:48:10  --- S19-AUDNZD iter 1 @ 22:48:10 ---
2026-06-23 22:48:10    Niciun semnal nou. Pendinge: 0
2026-06-23 22:48:10    Urmatoarea bara 15min @ 23:00:05 — 714s
2026-06-23 23:00:05  --- S19-AUDNZD iter 2 @ 23:00:05 ---
2026-06-23 23:00:05    Niciun semnal nou. Pendinge: 0
2026-06-23 23:00:05    Urmatoarea bara 15min @ 23:15:05 — 900s
2026-06-23 23:15:05  --- S19-AUDNZD iter 3 @ 23:15:05 ---
2026-06-23 23:15:05    Niciun semnal nou. Pendinge: 0
2026-06-23 23:15:05    Urmatoarea bara 15min @ 23:30:05 — 900s
2026-06-23 23:30:05  --- S19-AUDNZD iter 4 @ 23:30:05 ---
2026-06-23 23:30:05    Niciun semnal nou. Pendinge: 0
2026-06-23 23:30:05    Urmatoarea bara 15min @ 23:45:05 — 900s
2026-06-23 23:45:05  --- S19-AUDNZD iter 5 @ 23:45:05 ---
2026-06-23 23:45:05    Niciun semnal nou. Pendinge: 0
2026-06-23 23:45:05    Urmatoarea bara 15min @ 00:00:05 — 900s
2026-06-24 00:00:05  --- S19-AUDNZD iter 6 @ 00:00:05 ---
2026-06-24 00:00:12    Niciun semnal nou. Pendinge: 0
2026-06-24 00:00:12    Urmatoarea bara 15min @ 00:15:05 — 893s
2026-06-24 00:15:05  --- S19-AUDNZD iter 7 @ 00:15:05 ---
2026-06-24 00:15:05    Niciun semnal nou. Pendinge: 0
2026-06-24 00:15:05    Urmatoarea bara 15min @ 00:30:05 — 900s
2026-06-24 00:30:05  --- S19-AUDNZD iter 8 @ 00:30:05 ---
2026-06-24 00:30:05    Niciun semnal nou. Pendinge: 0
2026-06-24 00:30:05    Urmatoarea bara 15min @ 00:45:05 — 900s
2026-06-24 00:45:05  --- S19-AUDNZD iter 9 @ 00:45:05 ---
2026-06-24 00:45:05    Niciun semnal nou. Pendinge: 0
2026-06-24 00:45:05    Urmatoarea bara 15min @ 01:00:05 — 900s
2026-06-24 01:00:05  --- S19-AUDNZD iter 10 @ 01:00:05 ---
2026-06-24 01:00:05    Niciun semnal nou. Pendinge: 0
2026-06-24 01:00:05    Urmatoarea bara 15min @ 01:15:05 — 900s
2026-06-24 01:15:05  --- S19-AUDNZD iter 11 @ 01:15:05 ---
2026-06-24 01:15:05    Niciun semnal nou. Pendinge: 0
2026-06-24 01:15:05    Urmatoarea bara 15min @ 01:30:05 — 900s
2026-06-24 01:30:05  --- S19-AUDNZD iter 12 @ 01:30:05 ---
2026-06-24 01:30:05    Niciun semnal nou. Pendinge: 0
2026-06-24 01:30:05    Urmatoarea bara 15min @ 01:45:05 — 900s
2026-06-24 01:45:05  --- S19-AUDNZD iter 13 @ 01:45:05 ---
2026-06-24 01:45:05    Niciun semnal nou. Pendinge: 0
2026-06-24 01:45:05    Urmatoarea bara 15min @ 02:00:05 — 900s
2026-06-24 02:00:05  --- S19-AUDNZD iter 14 @ 02:00:05 ---
2026-06-24 02:00:05    Niciun semnal nou. Pendinge: 0
2026-06-24 02:00:05    Urmatoarea bara 15min @ 02:15:05 — 900s
2026-06-24 02:15:05  --- S19-AUDNZD iter 15 @ 02:15:05 ---
2026-06-24 02:15:05    Niciun semnal nou. Pendinge: 0
2026-06-24 02:15:05    Urmatoarea bara 15min @ 02:30:05 — 900s
2026-06-24 02:30:05  --- S19-AUDNZD iter 16 @ 02:30:05 ---
2026-06-24 02:30:05    Niciun semnal nou. Pendinge: 0
2026-06-24 02:30:05    Urmatoarea bara 15min @ 02:45:05 — 900s
2026-06-24 02:45:05  --- S19-AUDNZD iter 17 @ 02:45:05 ---
2026-06-24 02:45:05    Niciun semnal nou. Pendinge: 0
2026-06-24 02:45:05    Urmatoarea bara 15min @ 03:00:05 — 900s
2026-06-24 03:00:05  --- S19-AUDNZD iter 18 @ 03:00:05 ---
2026-06-24 03:00:05    Niciun semnal nou. Pendinge: 0
2026-06-24 03:00:05    Urmatoarea bara 15min @ 03:15:05 — 900s
2026-06-24 03:15:05  --- S19-AUDNZD iter 19 @ 03:15:05 ---
2026-06-24 03:15:05    Niciun semnal nou. Pendinge: 0
2026-06-24 03:15:05    Urmatoarea bara 15min @ 03:30:05 — 900s
2026-06-24 03:30:05  --- S19-AUDNZD iter 20 @ 03:30:05 ---
2026-06-24 03:30:05    Niciun semnal nou. Pendinge: 0
2026-06-24 03:30:05    Urmatoarea bara 15min @ 03:45:05 — 900s
2026-06-24 03:45:05  --- S19-AUDNZD iter 21 @ 03:45:05 ---
2026-06-24 03:45:05    Niciun semnal nou. Pendinge: 0
2026-06-24 03:45:05    Urmatoarea bara 15min @ 04:00:05 — 900s
2026-06-24 04:00:05  --- S19-AUDNZD iter 22 @ 04:00:05 ---
2026-06-24 04:00:05    Niciun semnal nou. Pendinge: 0
2026-06-24 04:00:05    Urmatoarea bara 15min @ 04:15:05 — 900s
2026-06-24 04:15:05  --- S19-AUDNZD iter 23 @ 04:15:05 ---
2026-06-24 04:15:05    Niciun semnal nou. Pendinge: 0
2026-06-24 04:15:05    Urmatoarea bara 15min @ 04:30:05 — 900s
2026-06-24 04:30:05  --- S19-AUDNZD iter 24 @ 04:30:05 ---
2026-06-24 04:30:05    [STIRI] Pauza automata — CPI m/m (AUD, High, 1 min)
2026-06-24 04:30:05    [STIRI] Tranzitie → pauza: inchid ordine/pozitii active.
2026-06-24 04:30:05    [STIRI] Nicio pozitie/ordin activ — nimic de inchis.
2026-06-24 04:30:05    Niciun semnal nou. Pendinge: 0
2026-06-24 04:30:05    Urmatoarea bara 15min @ 04:45:05 — 900s
2026-06-24 04:45:05  --- S19-AUDNZD iter 25 @ 04:45:05 ---
2026-06-24 04:45:05    [STIRI] Pauza automata — CPI m/m (AUD, High, -14 min)
2026-06-24 04:45:05    Niciun semnal nou. Pendinge: 0
2026-06-24 04:45:05    Urmatoarea bara 15min @ 05:00:05 — 900s
2026-06-24 05:00:05  --- S19-AUDNZD iter 26 @ 05:00:05 ---
2026-06-24 05:00:05    Niciun semnal nou. Pendinge: 0
2026-06-24 05:00:05    Urmatoarea bara 15min @ 05:15:05 — 900s
2026-06-24 05:15:05  --- S19-AUDNZD iter 27 @ 05:15:05 ---
2026-06-24 05:15:05    Niciun semnal nou. Pendinge: 0
2026-06-24 05:15:05    Urmatoarea bara 15min @ 05:30:05 — 900s
2026-06-24 05:30:05  --- S19-AUDNZD iter 28 @ 05:30:05 ---
2026-06-24 05:30:05    Niciun semnal nou. Pendinge: 0
2026-06-24 05:30:05    Urmatoarea bara 15min @ 05:45:05 — 900s
2026-06-24 05:45:05  --- S19-AUDNZD iter 29 @ 05:45:05 ---
2026-06-24 05:45:05    Niciun semnal nou. Pendinge: 0
2026-06-24 05:45:05    Urmatoarea bara 15min @ 06:00:05 — 900s
2026-06-24 06:00:05  --- S19-AUDNZD iter 30 @ 06:00:05 ---
2026-06-24 06:00:05    Niciun semnal nou. Pendinge: 0
2026-06-24 06:00:05    Urmatoarea bara 15min @ 06:15:05 — 900s
2026-06-24 06:15:05  --- S19-AUDNZD iter 31 @ 06:15:05 ---
2026-06-24 06:15:05    Niciun semnal nou. Pendinge: 0
2026-06-24 06:15:05    Urmatoarea bara 15min @ 06:30:05 — 900s
2026-06-24 06:30:05  --- S19-AUDNZD iter 32 @ 06:30:05 ---
2026-06-24 06:30:05    Niciun semnal nou. Pendinge: 0
2026-06-24 06:30:05    Urmatoarea bara 15min @ 06:45:05 — 900s
2026-06-24 06:45:05  --- S19-AUDNZD iter 33 @ 06:45:05 ---
2026-06-24 06:45:05    Niciun semnal nou. Pendinge: 0
2026-06-24 06:45:05    Urmatoarea bara 15min @ 07:00:05 — 900s
2026-06-24 07:00:05  --- S19-AUDNZD iter 34 @ 07:00:05 ---
2026-06-24 07:00:05    Niciun semnal nou. Pendinge: 0
2026-06-24 07:00:05    Urmatoarea bara 15min @ 07:15:05 — 900s
2026-06-24 07:15:05  --- S19-AUDNZD iter 35 @ 07:15:05 ---
2026-06-24 07:15:05    Niciun semnal nou. Pendinge: 0
2026-06-24 07:15:05    Urmatoarea bara 15min @ 07:30:05 — 900s
2026-06-24 07:30:05  --- S19-AUDNZD iter 36 @ 07:30:05 ---
2026-06-24 07:30:15    Niciun semnal nou. Pendinge: 0
2026-06-24 07:30:15    Urmatoarea bara 15min @ 07:45:05 — 889s
2026-06-24 07:45:05  --- S19-AUDNZD iter 37 @ 07:45:05 ---
2026-06-24 07:45:05    Niciun semnal nou. Pendinge: 0
2026-06-24 07:45:05    Urmatoarea bara 15min @ 08:00:05 — 900s
2026-06-24 08:00:05  --- S19-AUDNZD iter 38 @ 08:00:05 ---
2026-06-24 08:00:05    Niciun semnal nou. Pendinge: 0
2026-06-24 08:00:05    Urmatoarea bara 15min @ 08:15:05 — 900s
2026-06-24 08:15:05  --- S19-AUDNZD iter 39 @ 08:15:05 ---
2026-06-24 08:15:05    Niciun semnal nou. Pendinge: 0
2026-06-24 08:15:05    Urmatoarea bara 15min @ 08:30:05 — 900s
2026-06-24 08:24:31    [PROFIL] Profil 'Standard Profile' aplicat pe session19.
2026-06-24 08:24:31  =================================================================
2026-06-24 08:24:31    S19-AUDNZD — AUDNZD M15+M30 BOTH pw=8 pullback | test +0.339R (19t insuf)
2026-06-24 08:24:31    Piete: ['AUDNZD']
2026-06-24 08:24:31    TF: M15 (trend M30) | PW=8 | BOTH
2026-06-24 08:24:31    Output: C:\trading-bot\data\live_signals\session19
2026-06-24 08:24:31  =================================================================
2026-06-24 08:24:31  MT5: 52906593 @ ICMarketsEU-Demo (DEMO)
2026-06-24 08:24:31  Simboluri active: ['AUDNZD']
2026-06-24 08:24:31  Pornit. Ctrl+C pentru oprire.

2026-06-24 08:24:31  --- S19-AUDNZD iter 1 @ 08:24:31 ---
2026-06-24 08:24:31    Niciun semnal nou. Pendinge: 0
2026-06-24 08:24:31    Urmatoarea bara 15min @ 08:30:05 — 333s
2026-06-24 08:30:05  --- S19-AUDNZD iter 2 @ 08:30:05 ---
2026-06-24 08:30:05    Niciun semnal nou. Pendinge: 0
2026-06-24 08:30:05    Urmatoarea bara 15min @ 08:45:05 — 900s
2026-06-24 08:45:05  --- S19-AUDNZD iter 3 @ 08:45:05 ---
2026-06-24 08:45:05    Niciun semnal nou. Pendinge: 0
2026-06-24 08:45:05    Urmatoarea bara 15min @ 09:00:05 — 900s
2026-06-24 09:00:05  --- S19-AUDNZD iter 4 @ 09:00:05 ---
2026-06-24 09:00:05    Niciun semnal nou. Pendinge: 0
2026-06-24 09:00:05    Urmatoarea bara 15min @ 09:15:05 — 900s
2026-06-24 09:15:05  --- S19-AUDNZD iter 5 @ 09:15:05 ---
2026-06-24 09:15:05    Niciun semnal nou. Pendinge: 0
2026-06-24 09:15:05    Urmatoarea bara 15min @ 09:30:05 — 900s
2026-06-24 09:25:17    [PROFIL] Profil 'Standard Profile' aplicat pe session19.
2026-06-24 09:25:17  =================================================================
2026-06-24 09:25:17    S19-AUDNZD — AUDNZD M15+M30 BOTH pw=8 pullback | test +0.339R (19t insuf)
2026-06-24 09:25:17    Piete: ['AUDNZD']
2026-06-24 09:25:17    TF: M15 (trend M30) | PW=8 | BOTH
2026-06-24 09:25:17    Output: C:\trading-bot\data\live_signals\session19
2026-06-24 09:25:17  =================================================================
2026-06-24 09:25:17  MT5: 52906593 @ ICMarketsEU-Demo (DEMO)
2026-06-24 09:25:17  Simboluri active: ['AUDNZD']
2026-06-24 09:25:17  Pornit. Ctrl+C pentru oprire.

2026-06-24 09:25:17  --- S19-AUDNZD iter 1 @ 09:25:17 ---
2026-06-24 09:25:18    Niciun semnal nou. Pendinge: 0
2026-06-24 09:25:18    Urmatoarea bara 15min @ 09:30:05 — 287s
2026-06-24 09:30:05  --- S19-AUDNZD iter 2 @ 09:30:05 ---
2026-06-24 09:30:05    Niciun semnal nou. Pendinge: 0
2026-06-24 09:30:05    Urmatoarea bara 15min @ 09:45:05 — 900s
2026-06-24 09:32:24    [PROFIL] Profil 'Standard Profile' aplicat pe session19.
2026-06-24 09:32:24  =================================================================
2026-06-24 09:32:24    S19-AUDNZD — AUDNZD M15+M30 BOTH pw=8 pullback | test +0.339R (19t insuf)
2026-06-24 09:32:24    Piete: ['AUDNZD']
2026-06-24 09:32:24    TF: M15 (trend M30) | PW=8 | BOTH
2026-06-24 09:32:24    Output: C:\trading-bot\data\live_signals\session19
2026-06-24 09:32:24  =================================================================
2026-06-24 09:32:24  MT5: 52906593 @ ICMarketsEU-Demo (DEMO)
2026-06-24 09:32:24  Simboluri active: ['AUDNZD']
2026-06-24 09:32:24  Pornit. Ctrl+C pentru oprire.

2026-06-24 09:32:24  --- S19-AUDNZD iter 1 @ 09:32:24 ---
2026-06-24 09:32:24    Niciun semnal nou. Pendinge: 0
2026-06-24 09:32:24    Urmatoarea bara 15min @ 09:45:05 — 760s
2026-06-24 09:38:24    [PROFIL] Profil 'Standard Profile' aplicat pe session19.
2026-06-24 09:38:24  =================================================================
2026-06-24 09:38:24    S19-AUDNZD — AUDNZD M15+M30 BOTH pw=8 pullback | test +0.339R (19t insuf)
2026-06-24 09:38:24    Piete: ['AUDNZD']
2026-06-24 09:38:24    TF: M15 (trend M30) | PW=8 | BOTH
2026-06-24 09:38:24    Output: C:\trading-bot\data\live_signals\session19
2026-06-24 09:38:24  =================================================================
2026-06-24 09:38:24  MT5: 52906593 @ ICMarketsEU-Demo (DEMO)
2026-06-24 09:38:24  Simboluri active: ['AUDNZD']
2026-06-24 09:38:24  Pornit. Ctrl+C pentru oprire.

2026-06-24 09:38:24  --- S19-AUDNZD iter 1 @ 09:38:24 ---
2026-06-24 09:38:24    Niciun semnal nou. Pendinge: 0
2026-06-24 09:38:24    Urmatoarea bara 15min @ 09:45:05 — 400s
2026-06-24 09:45:05  --- S19-AUDNZD iter 2 @ 09:45:05 ---
2026-06-24 09:45:05    Niciun semnal nou. Pendinge: 0
2026-06-24 09:45:05    Urmatoarea bara 15min @ 10:00:05 — 900s
2026-06-24 10:00:05  --- S19-AUDNZD iter 3 @ 10:00:05 ---
2026-06-24 10:00:05    Niciun semnal nou. Pendinge: 0
2026-06-24 10:00:05    Urmatoarea bara 15min @ 10:15:05 — 900s
2026-06-24 10:13:02    [PROFIL] Profil 'Standard Profile' aplicat pe session19.
2026-06-24 10:13:02  =================================================================
2026-06-24 10:13:02    S19-AUDNZD — AUDNZD M15+M30 BOTH pw=8 pullback | test +0.339R (19t insuf)
2026-06-24 10:13:02    Piete: ['AUDNZD']
2026-06-24 10:13:02    TF: M15 (trend M30) | PW=8 | BOTH
2026-06-24 10:13:02    Output: C:\trading-bot\data\live_signals\session19
2026-06-24 10:13:02  =================================================================
2026-06-24 10:13:02  MT5: 52906593 @ ICMarketsEU-Demo (DEMO)
2026-06-24 10:13:02  Simboluri active: ['AUDNZD']
2026-06-24 10:13:02  Pornit. Ctrl+C pentru oprire.

2026-06-24 10:13:02  --- S19-AUDNZD iter 1 @ 10:13:02 ---
2026-06-24 10:13:03    Niciun semnal nou. Pendinge: 0
2026-06-24 10:13:03    Urmatoarea bara 15min @ 10:15:05 — 122s
2026-06-24 10:15:05  --- S19-AUDNZD iter 2 @ 10:15:05 ---
2026-06-24 10:15:05    Niciun semnal nou. Pendinge: 0
2026-06-24 10:15:05    Urmatoarea bara 15min @ 10:30:05 — 900s
2026-06-24 10:30:05  --- S19-AUDNZD iter 3 @ 10:30:05 ---
2026-06-24 10:30:05    Niciun semnal nou. Pendinge: 0
2026-06-24 10:30:05    Urmatoarea bara 15min @ 10:45:05 — 900s
2026-06-24 10:45:05  --- S19-AUDNZD iter 4 @ 10:45:05 ---
2026-06-24 10:45:05    Niciun semnal nou. Pendinge: 0
2026-06-24 10:45:05    Urmatoarea bara 15min @ 11:00:05 — 900s
2026-06-24 11:00:05  --- S19-AUDNZD iter 5 @ 11:00:05 ---
2026-06-24 11:00:05    Niciun semnal nou. Pendinge: 0
2026-06-24 11:00:05    Urmatoarea bara 15min @ 11:15:05 — 900s
2026-06-24 11:15:05  --- S19-AUDNZD iter 6 @ 11:15:05 ---
2026-06-24 11:15:05    Niciun semnal nou. Pendinge: 0
2026-06-24 11:15:05    Urmatoarea bara 15min @ 11:30:05 — 900s
2026-06-24 11:30:05  --- S19-AUDNZD iter 7 @ 11:30:05 ---
2026-06-24 11:30:05    Niciun semnal nou. Pendinge: 0
2026-06-24 11:30:05    Urmatoarea bara 15min @ 11:45:05 — 900s
2026-06-24 11:45:05  --- S19-AUDNZD iter 8 @ 11:45:05 ---
2026-06-24 11:45:05    Niciun semnal nou. Pendinge: 0
2026-06-24 11:45:05    Urmatoarea bara 15min @ 12:00:05 — 900s
2026-06-24 12:00:05  --- S19-AUDNZD iter 9 @ 12:00:05 ---
2026-06-24 12:00:05    Niciun semnal nou. Pendinge: 0
2026-06-24 12:00:05    Urmatoarea bara 15min @ 12:15:05 — 899s
2026-06-24 12:15:05  --- S19-AUDNZD iter 10 @ 12:15:05 ---
2026-06-24 12:15:05    Niciun semnal nou. Pendinge: 0
2026-06-24 12:15:05    Urmatoarea bara 15min @ 12:30:05 — 900s
2026-06-24 12:30:05  --- S19-AUDNZD iter 11 @ 12:30:05 ---
2026-06-24 12:30:05    Niciun semnal nou. Pendinge: 0
2026-06-24 12:30:05    Urmatoarea bara 15min @ 12:45:05 — 900s
2026-06-24 12:45:05  --- S19-AUDNZD iter 12 @ 12:45:05 ---
2026-06-24 12:45:05    Niciun semnal nou. Pendinge: 0
2026-06-24 12:45:05    Urmatoarea bara 15min @ 13:00:05 — 900s
2026-06-24 13:00:05  --- S19-AUDNZD iter 13 @ 13:00:05 ---
2026-06-24 13:00:05    Niciun semnal nou. Pendinge: 0
2026-06-24 13:00:05    Urmatoarea bara 15min @ 13:15:05 — 900s
2026-06-24 13:15:05  --- S19-AUDNZD iter 14 @ 13:15:05 ---
2026-06-24 13:15:05    Niciun semnal nou. Pendinge: 0
2026-06-24 13:15:05    Urmatoarea bara 15min @ 13:30:05 — 900s
2026-06-24 13:30:05  --- S19-AUDNZD iter 15 @ 13:30:05 ---
2026-06-24 13:30:05    Niciun semnal nou. Pendinge: 0
2026-06-24 13:30:05    Urmatoarea bara 15min @ 13:45:05 — 900s
2026-06-24 13:45:05  --- S19-AUDNZD iter 16 @ 13:45:05 ---
2026-06-24 13:45:05    Niciun semnal nou. Pendinge: 0
2026-06-24 13:45:05    Urmatoarea bara 15min @ 14:00:05 — 900s
2026-06-24 14:00:05  --- S19-AUDNZD iter 17 @ 14:00:05 ---
2026-06-24 14:00:05    Niciun semnal nou. Pendinge: 0
2026-06-24 14:00:05    Urmatoarea bara 15min @ 14:15:05 — 900s
2026-06-24 14:15:05  --- S19-AUDNZD iter 18 @ 14:15:05 ---
2026-06-24 14:15:05    Niciun semnal nou. Pendinge: 0
2026-06-24 14:15:05    Urmatoarea bara 15min @ 14:30:05 — 900s
2026-06-24 14:17:28    [PROFIL] Profil 'Standard Profile' aplicat pe session19.
2026-06-24 14:17:28  =================================================================
2026-06-24 14:17:28    S19-AUDNZD — AUDNZD M15+M30 BOTH pw=8 pullback | test +0.339R (19t insuf)
2026-06-24 14:17:28    Piete: ['AUDNZD']
2026-06-24 14:17:28    TF: M15 (trend M30) | PW=8 | BOTH
2026-06-24 14:17:28    Output: C:\trading-bot\data\live_signals\session19
2026-06-24 14:17:28  =================================================================
2026-06-24 14:17:29  MT5: 52906593 @ ICMarketsEU-Demo (DEMO)
2026-06-24 14:17:29  Simboluri active: ['AUDNZD']
2026-06-24 14:17:29  Pornit. Ctrl+C pentru oprire.

2026-06-24 14:17:29  --- S19-AUDNZD iter 1 @ 14:17:29 ---
2026-06-24 14:17:29    Niciun semnal nou. Pendinge: 0
2026-06-24 14:17:29    Urmatoarea bara 15min @ 14:30:05 — 756s
2026-06-24 14:30:05  --- S19-AUDNZD iter 2 @ 14:30:05 ---
2026-06-24 14:30:05    Niciun semnal nou. Pendinge: 0
2026-06-24 14:30:05    Urmatoarea bara 15min @ 14:45:05 — 900s
2026-06-24 14:40:23    [PROFIL] Profil 'Standard Profile' aplicat pe session19.
2026-06-24 14:40:23  =================================================================
2026-06-24 14:40:23    S19-AUDNZD — AUDNZD M15+M30 BOTH pw=8 pullback | test +0.339R (19t insuf)
2026-06-24 14:40:23    Piete: ['AUDNZD']
2026-06-24 14:40:23    TF: M15 (trend M30) | PW=8 | BOTH
2026-06-24 14:40:23    Output: C:\trading-bot\data\live_signals\session19
2026-06-24 14:40:23  =================================================================
2026-06-24 14:40:23  MT5: 52906593 @ ICMarketsEU-Demo (DEMO)
2026-06-24 14:40:23  Simboluri active: ['AUDNZD']
2026-06-24 14:40:23  Pornit. Ctrl+C pentru oprire.

2026-06-24 14:40:23  --- S19-AUDNZD iter 1 @ 14:40:23 ---
2026-06-24 14:40:23    Niciun semnal nou. Pendinge: 0
2026-06-24 14:40:23    Urmatoarea bara 15min @ 14:45:05 — 281s
2026-06-24 14:41:35    [PROFIL] Profil 'Standard Profile' aplicat pe session19.
2026-06-24 14:41:35  =================================================================
2026-06-24 14:41:35    S19-AUDNZD — AUDNZD M15+M30 BOTH pw=8 pullback | test +0.339R (19t insuf)
2026-06-24 14:41:35    Piete: ['AUDNZD']
2026-06-24 14:41:35    TF: M15 (trend M30) | PW=8 | BOTH
2026-06-24 14:41:35    Output: C:\trading-bot\data\live_signals\session19
2026-06-24 14:41:35  =================================================================
2026-06-24 14:41:35  MT5: 52906593 @ ICMarketsEU-Demo (DEMO)
2026-06-24 14:41:35  Simboluri active: ['AUDNZD']
2026-06-24 14:41:35  Pornit. Ctrl+C pentru oprire.

2026-06-24 14:41:35  --- S19-AUDNZD iter 1 @ 14:41:35 ---
2026-06-24 14:41:35    Niciun semnal nou. Pendinge: 0
2026-06-24 14:41:35    Urmatoarea bara 15min @ 14:45:05 — 209s
2026-06-24 14:45:05  --- S19-AUDNZD iter 2 @ 14:45:05 ---
2026-06-24 14:45:05    Niciun semnal nou. Pendinge: 0
2026-06-24 14:45:05    Urmatoarea bara 15min @ 15:00:05 — 900s
2026-06-24 14:50:27    [PROFIL] Profil 'Standard Profile' aplicat pe session19.
2026-06-24 14:50:27  =================================================================
2026-06-24 14:50:27    S19-AUDNZD — AUDNZD M15+M30 BOTH pw=8 pullback | test +0.339R (19t insuf)
2026-06-24 14:50:27    Piete: ['AUDNZD']
2026-06-24 14:50:27    TF: M15 (trend M30) | PW=8 | BOTH
2026-06-24 14:50:27    Output: C:\trading-bot\data\live_signals\session19
2026-06-24 14:50:27  =================================================================
2026-06-24 14:50:27  MT5: 52906593 @ ICMarketsEU-Demo (DEMO)
2026-06-24 14:50:27  Simboluri active: ['AUDNZD']
2026-06-24 14:50:27  Pornit. Ctrl+C pentru oprire.

2026-06-24 14:50:27  --- S19-AUDNZD iter 1 @ 14:50:27 ---
2026-06-24 14:50:27    Niciun semnal nou. Pendinge: 0
2026-06-24 14:50:27    Urmatoarea bara 15min @ 15:00:05 — 577s
2026-06-24 15:00:05  --- S19-AUDNZD iter 2 @ 15:00:05 ---
2026-06-24 15:00:05    Niciun semnal nou. Pendinge: 0
2026-06-24 15:00:05    Urmatoarea bara 15min @ 15:15:05 — 900s
2026-06-24 15:15:05  --- S19-AUDNZD iter 3 @ 15:15:05 ---
2026-06-24 15:15:05    Niciun semnal nou. Pendinge: 0
2026-06-24 15:15:05    Urmatoarea bara 15min @ 15:30:05 — 900s
2026-06-24 15:30:05  --- S19-AUDNZD iter 4 @ 15:30:05 ---
2026-06-24 15:30:05    Niciun semnal nou. Pendinge: 0
2026-06-24 15:30:05    Urmatoarea bara 15min @ 15:45:05 — 900s
2026-06-24 15:45:05  --- S19-AUDNZD iter 5 @ 15:45:05 ---
2026-06-24 15:45:05    Niciun semnal nou. Pendinge: 0
2026-06-24 15:45:05    Urmatoarea bara 15min @ 16:00:05 — 900s
2026-06-24 16:00:05  --- S19-AUDNZD iter 6 @ 16:00:05 ---
2026-06-24 16:00:05    Niciun semnal nou. Pendinge: 0
2026-06-24 16:00:05    Urmatoarea bara 15min @ 16:15:05 — 900s
2026-06-24 16:15:05  --- S19-AUDNZD iter 7 @ 16:15:05 ---
2026-06-24 16:15:05    Niciun semnal nou. Pendinge: 0
2026-06-24 16:15:05    Urmatoarea bara 15min @ 16:30:05 — 900s
2026-06-24 16:30:05  --- S19-AUDNZD iter 8 @ 16:30:05 ---
2026-06-24 16:30:05    Niciun semnal nou. Pendinge: 0
2026-06-24 16:30:05    Urmatoarea bara 15min @ 16:45:05 — 900s
2026-06-24 16:45:05  --- S19-AUDNZD iter 9 @ 16:45:05 ---
2026-06-24 16:45:05    Niciun semnal nou. Pendinge: 0
2026-06-24 16:45:05    Urmatoarea bara 15min @ 17:00:05 — 900s
2026-06-24 17:00:05  --- S19-AUDNZD iter 10 @ 17:00:05 ---
2026-06-24 17:00:05    Niciun semnal nou. Pendinge: 0
2026-06-24 17:00:05    Urmatoarea bara 15min @ 17:15:05 — 900s
2026-06-24 17:04:32    [PROFIL] Profil 'Standard Profile' aplicat pe session19.
2026-06-24 17:04:32  =================================================================
2026-06-24 17:04:32    S19-AUDNZD — AUDNZD M15+M30 BOTH pw=8 pullback | test +0.339R (19t insuf)
2026-06-24 17:04:32    Piete: ['AUDNZD']
2026-06-24 17:04:32    TF: M15 (trend M30) | PW=8 | BOTH
2026-06-24 17:04:32    Output: C:\trading-bot\data\live_signals\session19
2026-06-24 17:04:32  =================================================================
2026-06-24 17:04:32  MT5: 52906593 @ ICMarketsEU-Demo (DEMO)
2026-06-24 17:04:32  Simboluri active: ['AUDNZD']
2026-06-24 17:04:32  Pornit. Ctrl+C pentru oprire.

2026-06-24 17:04:32  --- S19-AUDNZD iter 1 @ 17:04:32 ---
2026-06-24 17:04:32    Niciun semnal nou. Pendinge: 0
2026-06-24 17:04:32    Urmatoarea bara 15min @ 17:15:05 — 632s
2026-06-24 17:15:05  --- S19-AUDNZD iter 2 @ 17:15:05 ---
2026-06-24 17:15:05    Niciun semnal nou. Pendinge: 0
2026-06-24 17:15:05    Urmatoarea bara 15min @ 17:30:05 — 900s
2026-06-24 17:30:05  --- S19-AUDNZD iter 3 @ 17:30:05 ---
2026-06-24 17:30:05    Niciun semnal nou. Pendinge: 0
2026-06-24 17:30:05    Urmatoarea bara 15min @ 17:45:05 — 900s
2026-06-24 17:45:05  --- S19-AUDNZD iter 4 @ 17:45:05 ---
2026-06-24 17:45:05    Niciun semnal nou. Pendinge: 0
2026-06-24 17:45:05    Urmatoarea bara 15min @ 18:00:05 — 900s
2026-06-24 18:00:05  --- S19-AUDNZD iter 5 @ 18:00:05 ---
2026-06-24 18:00:05    Niciun semnal nou. Pendinge: 0
2026-06-24 18:00:05    Urmatoarea bara 15min @ 18:15:05 — 900s
2026-06-24 18:15:05  --- S19-AUDNZD iter 6 @ 18:15:05 ---
2026-06-24 18:15:05    Niciun semnal nou. Pendinge: 0
2026-06-24 18:15:05    Urmatoarea bara 15min @ 18:30:05 — 900s
2026-06-24 18:30:05  --- S19-AUDNZD iter 7 @ 18:30:05 ---
2026-06-24 18:30:05    Niciun semnal nou. Pendinge: 0
2026-06-24 18:30:05    Urmatoarea bara 15min @ 18:45:05 — 900s
2026-06-24 18:45:05  --- S19-AUDNZD iter 8 @ 18:45:05 ---
2026-06-24 18:45:05    Niciun semnal nou. Pendinge: 0
2026-06-24 18:45:05    Urmatoarea bara 15min @ 19:00:05 — 900s
2026-06-24 19:00:05  --- S19-AUDNZD iter 9 @ 19:00:05 ---
2026-06-24 19:00:05    Niciun semnal nou. Pendinge: 0
2026-06-24 19:00:05    Urmatoarea bara 15min @ 19:15:05 — 900s
2026-06-24 19:15:05  --- S19-AUDNZD iter 10 @ 19:15:05 ---
2026-06-24 19:15:05    Niciun semnal nou. Pendinge: 0
2026-06-24 19:15:05    Urmatoarea bara 15min @ 19:30:05 — 900s
2026-06-24 19:23:19    [PROFIL] Profil 'Standard Profile' aplicat pe session19.
2026-06-24 19:23:19  =================================================================
2026-06-24 19:23:19    S19-AUDNZD — AUDNZD M15+M30 BOTH pw=8 pullback | test +0.339R (19t insuf)
2026-06-24 19:23:19    Piete: ['AUDNZD']
2026-06-24 19:23:19    TF: M15 (trend M30) | PW=8 | BOTH
2026-06-24 19:23:19    Output: C:\trading-bot\data\live_signals\session19
2026-06-24 19:23:19  =================================================================
2026-06-24 19:23:19  MT5: 52906593 @ ICMarketsEU-Demo (DEMO)
2026-06-24 19:23:19  Simboluri active: ['AUDNZD']
2026-06-24 19:23:19  Pornit. Ctrl+C pentru oprire.

2026-06-24 19:23:19  --- S19-AUDNZD iter 1 @ 19:23:19 ---
2026-06-24 19:23:19    Niciun semnal nou. Pendinge: 0
2026-06-24 19:23:19    Urmatoarea bara 15min @ 19:30:05 — 405s
2026-06-24 19:30:05  --- S19-AUDNZD iter 2 @ 19:30:05 ---
2026-06-24 19:30:05    Niciun semnal nou. Pendinge: 0
2026-06-24 19:30:05    Urmatoarea bara 15min @ 19:45:05 — 900s
2026-06-24 19:45:05  --- S19-AUDNZD iter 3 @ 19:45:05 ---
2026-06-24 19:45:05    Niciun semnal nou. Pendinge: 0
2026-06-24 19:45:05    Urmatoarea bara 15min @ 20:00:05 — 900s
2026-06-24 20:00:05  --- S19-AUDNZD iter 4 @ 20:00:05 ---
2026-06-24 20:00:05    Niciun semnal nou. Pendinge: 0
2026-06-24 20:00:05    Urmatoarea bara 15min @ 20:15:05 — 900s
2026-06-24 20:15:05  --- S19-AUDNZD iter 5 @ 20:15:05 ---
2026-06-24 20:15:05    Niciun semnal nou. Pendinge: 0
2026-06-24 20:15:05    Urmatoarea bara 15min @ 20:30:05 — 900s
2026-06-24 20:30:05  --- S19-AUDNZD iter 6 @ 20:30:05 ---
2026-06-24 20:30:05    Niciun semnal nou. Pendinge: 0
2026-06-24 20:30:05    Urmatoarea bara 15min @ 20:45:05 — 900s
2026-06-24 20:45:05  --- S19-AUDNZD iter 7 @ 20:45:05 ---
2026-06-24 20:45:05    Niciun semnal nou. Pendinge: 0
2026-06-24 20:45:05    Urmatoarea bara 15min @ 21:00:05 — 900s
2026-06-24 21:00:05  --- S19-AUDNZD iter 8 @ 21:00:05 ---
2026-06-24 21:00:05    Niciun semnal nou. Pendinge: 0
2026-06-24 21:00:05    Urmatoarea bara 15min @ 21:15:05 — 900s
2026-06-24 21:15:05  --- S19-AUDNZD iter 9 @ 21:15:05 ---
2026-06-24 21:15:05    Niciun semnal nou. Pendinge: 0
2026-06-24 21:15:05    Urmatoarea bara 15min @ 21:30:05 — 900s
2026-06-24 21:30:05  --- S19-AUDNZD iter 10 @ 21:30:05 ---
2026-06-24 21:30:05    Niciun semnal nou. Pendinge: 0
2026-06-24 21:30:05    Urmatoarea bara 15min @ 21:45:05 — 900s
2026-06-24 21:45:05  --- S19-AUDNZD iter 11 @ 21:45:05 ---
2026-06-24 21:45:05    Niciun semnal nou. Pendinge: 0
2026-06-24 21:45:05    Urmatoarea bara 15min @ 22:00:05 — 900s
2026-06-24 21:55:39    [PROFIL] Profil 'Standard Profile' aplicat pe session19.
2026-06-24 21:55:39  =================================================================
2026-06-24 21:55:39    S19-AUDNZD — AUDNZD M15+M30 BOTH pw=8 pullback | test +0.339R (19t insuf)
2026-06-24 21:55:39    Piete: ['AUDNZD']
2026-06-24 21:55:39    TF: M15 (trend M30) | PW=8 | BOTH
2026-06-24 21:55:39    Output: C:\trading-bot\data\live_signals\session19
2026-06-24 21:55:39  =================================================================
2026-06-24 21:55:39  MT5: 52906593 @ ICMarketsEU-Demo (DEMO)
2026-06-24 21:55:40  Simboluri active: ['AUDNZD']
2026-06-24 21:55:40  Pornit. Ctrl+C pentru oprire.

2026-06-24 21:55:40  --- S19-AUDNZD iter 1 @ 21:55:40 ---
2026-06-24 21:55:41    Niciun semnal nou. Pendinge: 0
2026-06-24 21:55:41    Urmatoarea bara 15min @ 22:00:05 — 264s
2026-06-24 22:00:05  --- S19-AUDNZD iter 2 @ 22:00:05 ---
2026-06-24 22:00:05    Niciun semnal nou. Pendinge: 0
2026-06-24 22:00:05    Urmatoarea bara 15min @ 22:15:05 — 900s
2026-06-24 22:14:04    [PROFIL] Profil 'Standard Profile' aplicat pe session19.
2026-06-24 22:14:04  =================================================================
2026-06-24 22:14:04    S19-AUDNZD — AUDNZD M15+M30 BOTH pw=8 pullback | test +0.339R (19t insuf)
2026-06-24 22:14:04    Piete: ['AUDNZD']
2026-06-24 22:14:04    TF: M15 (trend M30) | PW=8 | BOTH
2026-06-24 22:14:04    Output: C:\trading-bot\data\live_signals\session19
2026-06-24 22:14:04  =================================================================
2026-06-24 22:14:04  MT5: 52906593 @ ICMarketsEU-Demo (DEMO)
2026-06-24 22:14:04  Simboluri active: ['AUDNZD']
2026-06-24 22:14:04  Pornit. Ctrl+C pentru oprire.

2026-06-24 22:14:04  --- S19-AUDNZD iter 1 @ 22:14:04 ---
2026-06-24 22:14:04    Niciun semnal nou. Pendinge: 0
2026-06-24 22:14:04    Urmatoarea bara 15min @ 22:15:05 — 60s
2026-06-24 22:15:05  --- S19-AUDNZD iter 2 @ 22:15:05 ---
2026-06-24 22:15:05    Niciun semnal nou. Pendinge: 0
2026-06-24 22:15:05    Urmatoarea bara 15min @ 22:30:05 — 900s
2026-06-24 22:30:05  --- S19-AUDNZD iter 3 @ 22:30:05 ---
2026-06-24 22:30:05    Niciun semnal nou. Pendinge: 0
2026-06-24 22:30:05    Urmatoarea bara 15min @ 22:45:05 — 900s
2026-06-24 22:55:57    [PROFIL] Profil 'Standard Profile' aplicat pe session19.
2026-06-24 22:55:57  =================================================================
2026-06-24 22:55:57    S19-AUDNZD — AUDNZD M15+M30 BOTH pw=8 pullback | test +0.339R (19t insuf)
2026-06-24 22:55:57    Piete: ['AUDNZD']
2026-06-24 22:55:57    TF: M15 (trend M30) | PW=8 | BOTH
2026-06-24 22:55:57    Output: C:\trading-bot\data\live_signals\session19
2026-06-24 22:55:57  =================================================================
2026-06-24 22:55:57  MT5: 52906593 @ ICMarketsEU-Demo (DEMO)
2026-06-24 22:55:58  Simboluri active: ['AUDNZD']
2026-06-24 22:55:58  Pornit. Ctrl+C pentru oprire.

2026-06-24 22:55:58  --- S19-AUDNZD iter 1 @ 22:55:58 ---
2026-06-24 22:55:58    Niciun semnal nou. Pendinge: 0
2026-06-24 22:55:58    Urmatoarea bara 15min @ 23:00:05 — 247s
2026-06-24 23:00:05  --- S19-AUDNZD iter 2 @ 23:00:05 ---
2026-06-24 23:00:05    Niciun semnal nou. Pendinge: 0
2026-06-24 23:00:05    Urmatoarea bara 15min @ 23:15:05 — 900s
2026-06-24 23:15:05  --- S19-AUDNZD iter 3 @ 23:15:05 ---
2026-06-24 23:15:05    Niciun semnal nou. Pendinge: 0
2026-06-24 23:15:05    Urmatoarea bara 15min @ 23:30:05 — 900s
2026-06-24 23:30:05  --- S19-AUDNZD iter 4 @ 23:30:05 ---
2026-06-24 23:30:05    Niciun semnal nou. Pendinge: 0
2026-06-24 23:30:05    Urmatoarea bara 15min @ 23:45:05 — 900s
2026-06-24 23:45:05  --- S19-AUDNZD iter 5 @ 23:45:05 ---
2026-06-24 23:45:05    Niciun semnal nou. Pendinge: 0
2026-06-24 23:45:05    Urmatoarea bara 15min @ 00:00:05 — 900s
2026-06-25 00:00:05  --- S19-AUDNZD iter 6 @ 00:00:05 ---
2026-06-25 00:00:07    Niciun semnal nou. Pendinge: 0
2026-06-25 00:00:07    Urmatoarea bara 15min @ 00:15:05 — 898s
2026-06-25 00:15:05  --- S19-AUDNZD iter 7 @ 00:15:05 ---
2026-06-25 00:15:05    Niciun semnal nou. Pendinge: 0
2026-06-25 00:15:05    Urmatoarea bara 15min @ 00:30:05 — 900s
2026-06-25 00:30:05  --- S19-AUDNZD iter 8 @ 00:30:05 ---
2026-06-25 00:30:05    Niciun semnal nou. Pendinge: 0
2026-06-25 00:30:05    Urmatoarea bara 15min @ 00:45:05 — 900s
2026-06-25 00:45:05  --- S19-AUDNZD iter 9 @ 00:45:05 ---
2026-06-25 00:45:05    Niciun semnal nou. Pendinge: 0
2026-06-25 00:45:05    Urmatoarea bara 15min @ 01:00:05 — 900s
2026-06-25 01:00:05  --- S19-AUDNZD iter 10 @ 01:00:05 ---
2026-06-25 01:00:05    Niciun semnal nou. Pendinge: 0
2026-06-25 01:00:05    Urmatoarea bara 15min @ 01:15:05 — 900s
2026-06-25 01:15:05  --- S19-AUDNZD iter 11 @ 01:15:05 ---
2026-06-25 01:15:05    Niciun semnal nou. Pendinge: 0
2026-06-25 01:15:05    Urmatoarea bara 15min @ 01:30:05 — 900s
2026-06-25 01:30:05  --- S19-AUDNZD iter 12 @ 01:30:05 ---
2026-06-25 01:30:05    Niciun semnal nou. Pendinge: 0
2026-06-25 01:30:05    Urmatoarea bara 15min @ 01:45:05 — 900s
2026-06-25 01:45:05  --- S19-AUDNZD iter 13 @ 01:45:05 ---
2026-06-25 01:45:05    Niciun semnal nou. Pendinge: 0
2026-06-25 01:45:05    Urmatoarea bara 15min @ 02:00:05 — 900s
2026-06-25 02:00:05  --- S19-AUDNZD iter 14 @ 02:00:05 ---
2026-06-25 02:00:05    Niciun semnal nou. Pendinge: 0
2026-06-25 02:00:05    Urmatoarea bara 15min @ 02:15:05 — 899s
2026-06-25 02:15:05  --- S19-AUDNZD iter 15 @ 02:15:05 ---
2026-06-25 02:15:05    Niciun semnal nou. Pendinge: 0
2026-06-25 02:15:05    Urmatoarea bara 15min @ 02:30:05 — 900s
2026-06-25 02:30:05  --- S19-AUDNZD iter 16 @ 02:30:05 ---
2026-06-25 02:30:05    Niciun semnal nou. Pendinge: 0
2026-06-25 02:30:05    Urmatoarea bara 15min @ 02:45:05 — 900s
2026-06-25 02:45:05  --- S19-AUDNZD iter 17 @ 02:45:05 ---
2026-06-25 02:45:05    Niciun semnal nou. Pendinge: 0
2026-06-25 02:45:05    Urmatoarea bara 15min @ 03:00:05 — 900s
2026-06-25 03:00:05  --- S19-AUDNZD iter 18 @ 03:00:05 ---
2026-06-25 03:00:05    Niciun semnal nou. Pendinge: 0
2026-06-25 03:00:05    Urmatoarea bara 15min @ 03:15:05 — 900s
2026-06-25 03:15:05  --- S19-AUDNZD iter 19 @ 03:15:05 ---
2026-06-25 03:15:05    Niciun semnal nou. Pendinge: 0
2026-06-25 03:15:05    Urmatoarea bara 15min @ 03:30:05 — 900s
2026-06-25 03:30:05  --- S19-AUDNZD iter 20 @ 03:30:05 ---
2026-06-25 03:30:05    Niciun semnal nou. Pendinge: 0
2026-06-25 03:30:05    Urmatoarea bara 15min @ 03:45:05 — 900s
2026-06-25 03:45:05  --- S19-AUDNZD iter 21 @ 03:45:05 ---
2026-06-25 03:45:05    Niciun semnal nou. Pendinge: 0
2026-06-25 03:45:05    Urmatoarea bara 15min @ 04:00:05 — 900s
2026-06-25 04:00:05  --- S19-AUDNZD iter 22 @ 04:00:05 ---
2026-06-25 04:00:05    Niciun semnal nou. Pendinge: 0
2026-06-25 04:00:05    Urmatoarea bara 15min @ 04:15:05 — 900s
2026-06-25 04:15:05  --- S19-AUDNZD iter 23 @ 04:15:05 ---
2026-06-25 04:15:05    Niciun semnal nou. Pendinge: 0
2026-06-25 04:15:05    Urmatoarea bara 15min @ 04:30:05 — 900s
2026-06-25 04:30:05  --- S19-AUDNZD iter 24 @ 04:30:05 ---
2026-06-25 04:30:05    [STIRI] Pauza automata — Employment Change (AUD, High, 4 min)
2026-06-25 04:30:05    [STIRI] Tranzitie → pauza: inchid ordine/pozitii active.
2026-06-25 04:30:05    [STIRI] Nicio pozitie/ordin activ — nimic de inchis.
2026-06-25 04:30:05    Niciun semnal nou. Pendinge: 0
2026-06-25 04:30:05    Urmatoarea bara 15min @ 04:45:05 — 900s
2026-06-25 04:45:05  --- S19-AUDNZD iter 25 @ 04:45:05 ---
2026-06-25 04:45:05    [STIRI] Pauza automata — Employment Change (AUD, High, -11 min)
2026-06-25 04:45:05    Niciun semnal nou. Pendinge: 0
2026-06-25 04:45:05    Urmatoarea bara 15min @ 05:00:05 — 900s
2026-06-25 05:00:05  --- S19-AUDNZD iter 26 @ 05:00:05 ---
2026-06-25 05:00:05    Niciun semnal nou. Pendinge: 0
2026-06-25 05:00:05    Urmatoarea bara 15min @ 05:15:05 — 900s
2026-06-25 05:15:05  --- S19-AUDNZD iter 27 @ 05:15:05 ---
2026-06-25 05:15:05    Niciun semnal nou. Pendinge: 0
2026-06-25 05:15:05    Urmatoarea bara 15min @ 05:30:05 — 900s
2026-06-25 05:30:05  --- S19-AUDNZD iter 28 @ 05:30:05 ---
2026-06-25 05:30:05    Niciun semnal nou. Pendinge: 0
2026-06-25 05:30:05    Urmatoarea bara 15min @ 05:45:05 — 900s
2026-06-25 05:45:05  --- S19-AUDNZD iter 29 @ 05:45:05 ---
2026-06-25 05:45:05    Niciun semnal nou. Pendinge: 0
2026-06-25 05:45:05    Urmatoarea bara 15min @ 06:00:05 — 900s
2026-06-25 06:00:05  --- S19-AUDNZD iter 30 @ 06:00:05 ---
2026-06-25 06:00:05    Niciun semnal nou. Pendinge: 0
2026-06-25 06:00:05    Urmatoarea bara 15min @ 06:15:05 — 900s
2026-06-25 06:15:05  --- S19-AUDNZD iter 31 @ 06:15:05 ---
2026-06-25 06:15:05    Niciun semnal nou. Pendinge: 0
2026-06-25 06:15:05    Urmatoarea bara 15min @ 06:30:05 — 900s
2026-06-25 06:30:05  --- S19-AUDNZD iter 32 @ 06:30:05 ---
2026-06-25 06:30:05    Niciun semnal nou. Pendinge: 0
2026-06-25 06:30:05    Urmatoarea bara 15min @ 06:45:05 — 900s
2026-06-25 06:45:05  --- S19-AUDNZD iter 33 @ 06:45:05 ---
2026-06-25 06:45:05    Niciun semnal nou. Pendinge: 0
2026-06-25 06:45:05    Urmatoarea bara 15min @ 07:00:05 — 900s
2026-06-25 07:00:05  --- S19-AUDNZD iter 34 @ 07:00:05 ---
2026-06-25 07:00:05    Niciun semnal nou. Pendinge: 0
2026-06-25 07:00:05    Urmatoarea bara 15min @ 07:15:05 — 900s
2026-06-25 07:15:05  --- S19-AUDNZD iter 35 @ 07:15:05 ---
2026-06-25 07:15:05    Niciun semnal nou. Pendinge: 0
2026-06-25 07:15:05    Urmatoarea bara 15min @ 07:30:05 — 900s
2026-06-25 07:30:05  --- S19-AUDNZD iter 36 @ 07:30:05 ---
2026-06-25 07:30:05    Niciun semnal nou. Pendinge: 0
2026-06-25 07:30:05    Urmatoarea bara 15min @ 07:45:05 — 900s
2026-06-25 07:45:05  --- S19-AUDNZD iter 37 @ 07:45:05 ---
2026-06-25 07:45:05    Niciun semnal nou. Pendinge: 0
2026-06-25 07:45:05    Urmatoarea bara 15min @ 08:00:05 — 900s
2026-06-25 08:00:05  --- S19-AUDNZD iter 38 @ 08:00:05 ---
2026-06-25 08:00:05    Niciun semnal nou. Pendinge: 0
2026-06-25 08:00:05    Urmatoarea bara 15min @ 08:15:05 — 900s
2026-06-25 08:15:05  --- S19-AUDNZD iter 39 @ 08:15:05 ---
2026-06-25 08:15:05    Niciun semnal nou. Pendinge: 0
2026-06-25 08:15:05    Urmatoarea bara 15min @ 08:30:05 — 900s
2026-06-25 08:30:05  --- S19-AUDNZD iter 40 @ 08:30:05 ---
2026-06-25 08:30:05    Niciun semnal nou. Pendinge: 0
2026-06-25 08:30:05    Urmatoarea bara 15min @ 08:45:05 — 900s
2026-06-25 08:35:01    [PROFIL] Profil 'Standard Profile' aplicat pe session19.
2026-06-25 08:35:01  =================================================================
2026-06-25 08:35:01    S19-AUDNZD — AUDNZD M15+M30 BOTH pw=8 pullback | test +0.339R (19t insuf)
2026-06-25 08:35:01    Piete: ['AUDNZD']
2026-06-25 08:35:01    TF: M15 (trend M30) | PW=8 | BOTH
2026-06-25 08:35:01    Output: C:\trading-bot\data\live_signals\session19
2026-06-25 08:35:01  =================================================================
2026-06-25 08:35:01  MT5: 52906593 @ ICMarketsEU-Demo (DEMO)
2026-06-25 08:35:01  Simboluri active: ['AUDNZD']
2026-06-25 08:35:01  Pornit. Ctrl+C pentru oprire.

2026-06-25 08:35:01  --- S19-AUDNZD iter 1 @ 08:35:01 ---
2026-06-25 08:35:01    Niciun semnal nou. Pendinge: 0
2026-06-25 08:35:01    Urmatoarea bara 15min @ 08:45:05 — 604s
2026-06-25 08:45:05  --- S19-AUDNZD iter 2 @ 08:45:05 ---
2026-06-25 08:45:05    Niciun semnal nou. Pendinge: 0
2026-06-25 08:45:05    Urmatoarea bara 15min @ 09:00:05 — 900s
2026-06-25 09:00:05  --- S19-AUDNZD iter 3 @ 09:00:05 ---
2026-06-25 09:00:05    Niciun semnal nou. Pendinge: 0
2026-06-25 09:00:05    Urmatoarea bara 15min @ 09:15:05 — 900s
2026-06-25 09:15:05  --- S19-AUDNZD iter 4 @ 09:15:05 ---
2026-06-25 09:15:05    Niciun semnal nou. Pendinge: 0
2026-06-25 09:15:05    Urmatoarea bara 15min @ 09:30:05 — 900s
2026-06-25 09:30:05  --- S19-AUDNZD iter 5 @ 09:30:05 ---
2026-06-25 09:30:05    Niciun semnal nou. Pendinge: 0
2026-06-25 09:30:05    Urmatoarea bara 15min @ 09:45:05 — 900s
2026-06-25 09:45:05  --- S19-AUDNZD iter 6 @ 09:45:05 ---
2026-06-25 09:45:05    Niciun semnal nou. Pendinge: 0
2026-06-25 09:45:05    Urmatoarea bara 15min @ 10:00:05 — 900s
2026-06-25 10:00:05  --- S19-AUDNZD iter 7 @ 10:00:05 ---
2026-06-25 10:00:05    Niciun semnal nou. Pendinge: 0
2026-06-25 10:00:05    Urmatoarea bara 15min @ 10:15:05 — 900s
2026-06-25 10:15:05  --- S19-AUDNZD iter 8 @ 10:15:05 ---
2026-06-25 10:15:05    Niciun semnal nou. Pendinge: 0
2026-06-25 10:15:05    Urmatoarea bara 15min @ 10:30:05 — 900s
2026-06-25 10:30:05  --- S19-AUDNZD iter 9 @ 10:30:05 ---
2026-06-25 10:30:05    Niciun semnal nou. Pendinge: 0
2026-06-25 10:30:05    Urmatoarea bara 15min @ 10:45:05 — 900s
2026-06-25 10:45:05  --- S19-AUDNZD iter 10 @ 10:45:05 ---
2026-06-25 10:45:05    Niciun semnal nou. Pendinge: 0
2026-06-25 10:45:05    Urmatoarea bara 15min @ 11:00:05 — 900s
2026-06-25 11:00:05  --- S19-AUDNZD iter 11 @ 11:00:05 ---
2026-06-25 11:00:05    Niciun semnal nou. Pendinge: 0
2026-06-25 11:00:05    Urmatoarea bara 15min @ 11:15:05 — 900s
2026-06-25 11:15:05  --- S19-AUDNZD iter 12 @ 11:15:05 ---
2026-06-25 11:15:05    Niciun semnal nou. Pendinge: 0
2026-06-25 11:15:05    Urmatoarea bara 15min @ 11:30:05 — 900s
2026-06-25 11:30:05  --- S19-AUDNZD iter 13 @ 11:30:05 ---
2026-06-25 11:30:05    Niciun semnal nou. Pendinge: 0
2026-06-25 11:30:05    Urmatoarea bara 15min @ 11:45:05 — 900s
2026-06-25 11:45:05  --- S19-AUDNZD iter 14 @ 11:45:05 ---
2026-06-25 11:45:05    Niciun semnal nou. Pendinge: 0
2026-06-25 11:45:05    Urmatoarea bara 15min @ 12:00:05 — 900s
2026-06-25 12:00:05  --- S19-AUDNZD iter 15 @ 12:00:05 ---
2026-06-25 12:00:05    Niciun semnal nou. Pendinge: 0
2026-06-25 12:00:05    Urmatoarea bara 15min @ 12:15:05 — 900s
2026-06-25 12:15:05  --- S19-AUDNZD iter 16 @ 12:15:05 ---
2026-06-25 12:15:05    Niciun semnal nou. Pendinge: 0
2026-06-25 12:15:05    Urmatoarea bara 15min @ 12:30:05 — 900s
2026-06-25 12:30:05  --- S19-AUDNZD iter 17 @ 12:30:05 ---
2026-06-25 12:30:05    Niciun semnal nou. Pendinge: 0
2026-06-25 12:30:05    Urmatoarea bara 15min @ 12:45:05 — 900s
2026-06-25 12:45:05  --- S19-AUDNZD iter 18 @ 12:45:05 ---
2026-06-25 12:45:05    Niciun semnal nou. Pendinge: 0
2026-06-25 12:45:05    Urmatoarea bara 15min @ 13:00:05 — 900s
2026-06-25 13:00:05  --- S19-AUDNZD iter 19 @ 13:00:05 ---
2026-06-25 13:00:05    Niciun semnal nou. Pendinge: 0
2026-06-25 13:00:05    Urmatoarea bara 15min @ 13:15:05 — 900s
2026-06-25 13:15:05  --- S19-AUDNZD iter 20 @ 13:15:05 ---
2026-06-25 13:15:05    Niciun semnal nou. Pendinge: 0
2026-06-25 13:15:05    Urmatoarea bara 15min @ 13:30:05 — 900s
2026-06-25 13:30:05  --- S19-AUDNZD iter 21 @ 13:30:05 ---
2026-06-25 13:30:05    Niciun semnal nou. Pendinge: 0
2026-06-25 13:30:05    Urmatoarea bara 15min @ 13:45:05 — 900s
2026-06-25 13:45:05  --- S19-AUDNZD iter 22 @ 13:45:05 ---
2026-06-25 13:45:05    Niciun semnal nou. Pendinge: 0
2026-06-25 13:45:05    Urmatoarea bara 15min @ 14:00:05 — 900s
2026-06-25 14:00:05  --- S19-AUDNZD iter 23 @ 14:00:05 ---
2026-06-25 14:00:05    Niciun semnal nou. Pendinge: 0
2026-06-25 14:00:05    Urmatoarea bara 15min @ 14:15:05 — 900s
2026-06-25 14:15:05  --- S19-AUDNZD iter 24 @ 14:15:05 ---
2026-06-25 14:15:05    Niciun semnal nou. Pendinge: 0
2026-06-25 14:15:05    Urmatoarea bara 15min @ 14:30:05 — 900s
2026-06-25 14:30:05  --- S19-AUDNZD iter 25 @ 14:30:05 ---
2026-06-25 14:30:05    Niciun semnal nou. Pendinge: 0
2026-06-25 14:30:05    Urmatoarea bara 15min @ 14:45:05 — 900s
2026-06-25 14:45:05  --- S19-AUDNZD iter 26 @ 14:45:05 ---
2026-06-25 14:45:05    Niciun semnal nou. Pendinge: 0
2026-06-25 14:45:05    Urmatoarea bara 15min @ 15:00:05 — 900s
2026-06-25 15:00:05  --- S19-AUDNZD iter 27 @ 15:00:05 ---
2026-06-25 15:00:05    Niciun semnal nou. Pendinge: 0
2026-06-25 15:00:05    Urmatoarea bara 15min @ 15:15:05 — 899s
2026-06-25 15:15:05  --- S19-AUDNZD iter 28 @ 15:15:05 ---
2026-06-25 15:15:05    Niciun semnal nou. Pendinge: 0
2026-06-25 15:15:05    Urmatoarea bara 15min @ 15:30:05 — 900s
2026-06-25 15:30:05  --- S19-AUDNZD iter 29 @ 15:30:05 ---
2026-06-25 15:30:05    Niciun semnal nou. Pendinge: 0
2026-06-25 15:30:05    Urmatoarea bara 15min @ 15:45:05 — 900s
2026-06-25 15:45:05  --- S19-AUDNZD iter 30 @ 15:45:05 ---
2026-06-25 15:45:05    Niciun semnal nou. Pendinge: 0
2026-06-25 15:45:05    Urmatoarea bara 15min @ 16:00:05 — 900s
2026-06-25 16:00:05  --- S19-AUDNZD iter 31 @ 16:00:05 ---
2026-06-25 16:00:05    Niciun semnal nou. Pendinge: 0
2026-06-25 16:00:05    Urmatoarea bara 15min @ 16:15:05 — 900s
2026-06-25 16:15:05  --- S19-AUDNZD iter 32 @ 16:15:05 ---
2026-06-25 16:15:05    Niciun semnal nou. Pendinge: 0
2026-06-25 16:15:05    Urmatoarea bara 15min @ 16:30:05 — 900s
2026-06-25 16:30:05  --- S19-AUDNZD iter 33 @ 16:30:05 ---
2026-06-25 16:30:05    Niciun semnal nou. Pendinge: 0
2026-06-25 16:30:05    Urmatoarea bara 15min @ 16:45:05 — 900s
2026-06-25 16:45:05  --- S19-AUDNZD iter 34 @ 16:45:05 ---
2026-06-25 16:45:05    Niciun semnal nou. Pendinge: 0
2026-06-25 16:45:05    Urmatoarea bara 15min @ 17:00:05 — 900s
2026-06-25 17:00:05  --- S19-AUDNZD iter 35 @ 17:00:05 ---
2026-06-25 17:00:05    Niciun semnal nou. Pendinge: 0
2026-06-25 17:00:05    Urmatoarea bara 15min @ 17:15:05 — 900s
2026-06-25 17:06:57    [PROFIL] Profil 'Standard Profile' aplicat pe session19.
2026-06-25 17:06:57  =================================================================
2026-06-25 17:06:57    S19-AUDNZD — AUDNZD M15+M30 BOTH pw=8 pullback | test +0.339R (19t insuf)
2026-06-25 17:06:57    Piete: ['AUDNZD']
2026-06-25 17:06:57    TF: M15 (trend M30) | PW=8 | BOTH
2026-06-25 17:06:57    Output: C:\trading-bot\data\live_signals\session19
2026-06-25 17:06:57  =================================================================
2026-06-25 17:06:57  MT5: 52906593 @ ICMarketsEU-Demo (DEMO)
2026-06-25 17:06:57  Simboluri active: ['AUDNZD']
2026-06-25 17:06:57  Pornit. Ctrl+C pentru oprire.

2026-06-25 17:06:57  --- S19-AUDNZD iter 1 @ 17:06:57 ---
2026-06-25 17:07:02    Niciun semnal nou. Pendinge: 0
2026-06-25 17:07:02    Urmatoarea bara 15min @ 17:15:05 — 483s
2026-06-25 17:12:18    [PROFIL] Profil 'Standard Profile' aplicat pe session19.
2026-06-25 17:12:18  =================================================================
2026-06-25 17:12:18    S19-AUDNZD — AUDNZD M15+M30 BOTH pw=8 pullback | test +0.339R (19t insuf)
2026-06-25 17:12:18    Piete: ['AUDNZD']
2026-06-25 17:12:18    TF: M15 (trend M30) | PW=8 | BOTH
2026-06-25 17:12:18    Output: C:\trading-bot\data\live_signals\session19
2026-06-25 17:12:18  =================================================================
2026-06-25 17:12:18  MT5: 52906593 @ ICMarketsEU-Demo (DEMO)
2026-06-25 17:12:18  Simboluri active: ['AUDNZD']
2026-06-25 17:12:18  Pornit. Ctrl+C pentru oprire.

2026-06-25 17:12:18  --- S19-AUDNZD iter 1 @ 17:12:18 ---
2026-06-25 17:12:18    Niciun semnal nou. Pendinge: 0
2026-06-25 17:12:18    Urmatoarea bara 15min @ 17:15:05 — 167s
2026-06-25 17:15:05  --- S19-AUDNZD iter 2 @ 17:15:05 ---
2026-06-25 17:15:05    Niciun semnal nou. Pendinge: 0
2026-06-25 17:15:05    Urmatoarea bara 15min @ 17:30:05 — 900s
2026-06-25 17:30:05  --- S19-AUDNZD iter 3 @ 17:30:05 ---
2026-06-25 17:30:05    Niciun semnal nou. Pendinge: 0
2026-06-25 17:30:05    Urmatoarea bara 15min @ 17:45:05 — 900s
2026-06-25 17:45:05  --- S19-AUDNZD iter 4 @ 17:45:05 ---
2026-06-25 17:45:05    Niciun semnal nou. Pendinge: 0
2026-06-25 17:45:05    Urmatoarea bara 15min @ 18:00:05 — 900s
2026-06-25 18:00:05  --- S19-AUDNZD iter 5 @ 18:00:05 ---
2026-06-25 18:00:05    Niciun semnal nou. Pendinge: 0
2026-06-25 18:00:05    Urmatoarea bara 15min @ 18:15:05 — 900s
2026-06-25 18:15:05  --- S19-AUDNZD iter 6 @ 18:15:05 ---
2026-06-25 18:15:05    Niciun semnal nou. Pendinge: 0
2026-06-25 18:15:05    Urmatoarea bara 15min @ 18:30:05 — 900s
2026-06-25 18:19:11    [PROFIL] Profil 'Standard Profile' aplicat pe session19.
2026-06-25 18:19:11  =================================================================
2026-06-25 18:19:11    S19-AUDNZD — AUDNZD M15+M30 BOTH pw=8 pullback | test +0.339R (19t insuf)
2026-06-25 18:19:11    Piete: ['AUDNZD']
2026-06-25 18:19:11    TF: M15 (trend M30) | PW=8 | BOTH
2026-06-25 18:19:11    Output: C:\trading-bot\data\live_signals\session19
2026-06-25 18:19:11  =================================================================
2026-06-25 18:19:11  MT5: 52906593 @ ICMarketsEU-Demo (DEMO)
2026-06-25 18:19:11  Simboluri active: ['AUDNZD']
2026-06-25 18:19:11  Pornit. Ctrl+C pentru oprire.

2026-06-25 18:19:11  --- S19-AUDNZD iter 1 @ 18:19:11 ---
2026-06-25 18:19:11    Niciun semnal nou. Pendinge: 0
2026-06-25 18:19:11    Urmatoarea bara 15min @ 18:30:05 — 653s
2026-06-25 18:30:05  --- S19-AUDNZD iter 2 @ 18:30:05 ---
2026-06-25 18:30:05    Niciun semnal nou. Pendinge: 0
2026-06-25 18:30:05    Urmatoarea bara 15min @ 18:45:05 — 900s
2026-06-25 18:45:05  --- S19-AUDNZD iter 3 @ 18:45:05 ---
2026-06-25 18:45:05    Niciun semnal nou. Pendinge: 0
2026-06-25 18:45:05    Urmatoarea bara 15min @ 19:00:05 — 900s
2026-06-25 19:00:05  --- S19-AUDNZD iter 4 @ 19:00:05 ---
2026-06-25 19:00:05    Niciun semnal nou. Pendinge: 0
2026-06-25 19:00:05    Urmatoarea bara 15min @ 19:15:05 — 900s
2026-06-25 22:13:41  =================================================================
2026-06-25 22:13:41    S19-AUDNZD — AUDNZD M15+M30 BOTH pw=8 pullback | test +0.339R (19t insuf)
2026-06-25 22:13:41    Piete: ['AUDNZD']
2026-06-25 22:13:41    TF: M15 (trend M30) | PW=8 | BOTH
2026-06-25 22:13:41    Output: c:\trading-bot\data\live_signals\session19
2026-06-25 22:13:41  =================================================================
2026-06-26 20:42:13  =================================================================
2026-06-26 20:42:13    S19-AUDNZD — AUDNZD M15+M30 BOTH pw=8 pullback | test +0.339R (19t insuf)
2026-06-26 20:42:13    Piete: ['AUDNZD']
2026-06-26 20:42:13    TF: M15 (trend M30) | PW=8 | BOTH
2026-06-26 20:42:13    Output: c:\trading-bot\data\live_signals\session19
2026-06-26 20:42:13  =================================================================
2026-06-26 20:42:18  MT5: 52906593 @ ICMarketsEU-Demo (DEMO)
2026-06-26 20:42:20  Simboluri active: ['AUDNZD']
2026-06-26 20:42:20  Pornit. Ctrl+C pentru oprire.

2026-06-26 20:42:20  --- S19-AUDNZD iter 1 @ 20:42:20 ---
2026-06-26 20:42:22    [VINERI] Ora 20:42 >= 20:00 — inchid pozitii deschise.
2026-06-26 20:42:22    Niciun semnal nou. Pendinge: 0
2026-06-26 20:42:22    Urmatoarea bara 15min @ 20:45:05 — 163s
2026-06-27 09:42:29  =================================================================
2026-06-27 09:42:29    S19-AUDNZD — AUDNZD M15+M30 BOTH pw=8 pullback | test +0.339R (19t insuf)
2026-06-27 09:42:29    Piete: ['AUDNZD']
2026-06-27 09:42:29    TF: M15 (trend M30) | PW=8 | BOTH
2026-06-27 09:42:29    Output: c:\trading-bot\data\live_signals\session19
2026-06-27 09:42:29  =================================================================
2026-06-27 09:42:34  MT5: 52906593 @ ICMarketsEU-Demo (DEMO)
2026-06-27 09:42:38  Simboluri active: ['AUDNZD']
2026-06-27 09:42:38  Pornit. Ctrl+C pentru oprire.

2026-06-27 09:42:38  --- S19-AUDNZD iter 1 @ 09:42:38 ---
2026-06-27 09:42:53    Niciun semnal nou. Pendinge: 0
2026-06-27 09:42:53    Urmatoarea bara 15min @ 09:45:05 — 131s
2026-06-27 09:45:05  --- S19-AUDNZD iter 2 @ 09:45:05 ---
2026-06-27 09:45:05    Niciun semnal nou. Pendinge: 0
2026-06-27 09:45:05    Urmatoarea bara 15min @ 10:00:05 — 900s
2026-06-27 10:00:05  --- S19-AUDNZD iter 3 @ 10:00:05 ---
2026-06-27 10:00:05    Niciun semnal nou. Pendinge: 0
2026-06-27 10:00:05    Urmatoarea bara 15min @ 10:15:05 — 900s
2026-06-27 10:15:05  --- S19-AUDNZD iter 4 @ 10:15:05 ---
2026-06-27 10:15:05    Niciun semnal nou. Pendinge: 0
2026-06-27 10:15:05    Urmatoarea bara 15min @ 10:30:05 — 900s
2026-06-27 10:30:05  --- S19-AUDNZD iter 5 @ 10:30:05 ---
2026-06-27 10:30:05    Niciun semnal nou. Pendinge: 0
2026-06-27 10:30:05    Urmatoarea bara 15min @ 10:45:05 — 900s
2026-06-27 10:45:05  --- S19-AUDNZD iter 6 @ 10:45:05 ---
2026-06-27 10:45:05    Niciun semnal nou. Pendinge: 0
2026-06-27 10:45:05    Urmatoarea bara 15min @ 11:00:05 — 900s
2026-06-27 11:00:05  --- S19-AUDNZD iter 7 @ 11:00:05 ---
2026-06-27 11:00:05    Niciun semnal nou. Pendinge: 0
2026-06-27 11:00:05    Urmatoarea bara 15min @ 11:15:05 — 900s
2026-06-27 11:15:05  --- S19-AUDNZD iter 8 @ 11:15:05 ---
2026-06-27 11:15:05    Niciun semnal nou. Pendinge: 0
2026-06-27 11:15:05    Urmatoarea bara 15min @ 11:30:05 — 900s
2026-06-27 11:30:05  --- S19-AUDNZD iter 9 @ 11:30:05 ---
2026-06-27 11:30:05    Niciun semnal nou. Pendinge: 0
2026-06-27 11:30:05    Urmatoarea bara 15min @ 11:45:05 — 900s
2026-06-27 11:45:05  --- S19-AUDNZD iter 10 @ 11:45:05 ---
2026-06-27 11:45:05    Niciun semnal nou. Pendinge: 0
2026-06-27 11:45:05    Urmatoarea bara 15min @ 12:00:05 — 900s
2026-06-27 12:00:05  --- S19-AUDNZD iter 11 @ 12:00:05 ---
2026-06-27 12:00:05    Niciun semnal nou. Pendinge: 0
2026-06-27 12:00:05    Urmatoarea bara 15min @ 12:15:05 — 900s
2026-06-27 12:15:05  --- S19-AUDNZD iter 12 @ 12:15:05 ---
2026-06-27 12:15:05    Niciun semnal nou. Pendinge: 0
2026-06-27 12:15:05    Urmatoarea bara 15min @ 12:30:05 — 900s
2026-06-27 12:30:05  --- S19-AUDNZD iter 13 @ 12:30:05 ---
2026-06-27 12:30:05    Niciun semnal nou. Pendinge: 0
2026-06-27 12:30:05    Urmatoarea bara 15min @ 12:45:05 — 900s
2026-06-27 12:45:05  --- S19-AUDNZD iter 14 @ 12:45:05 ---
2026-06-27 12:45:05    Niciun semnal nou. Pendinge: 0
2026-06-27 12:45:05    Urmatoarea bara 15min @ 13:00:05 — 900s
2026-06-27 13:00:05  --- S19-AUDNZD iter 15 @ 13:00:05 ---
2026-06-27 13:00:05    Niciun semnal nou. Pendinge: 0
2026-06-27 13:00:05    Urmatoarea bara 15min @ 13:15:05 — 900s
2026-06-27 13:15:05  --- S19-AUDNZD iter 16 @ 13:15:05 ---
2026-06-27 13:15:05    Niciun semnal nou. Pendinge: 0
2026-06-27 13:15:05    Urmatoarea bara 15min @ 13:30:05 — 900s
2026-06-27 13:30:05  --- S19-AUDNZD iter 17 @ 13:30:05 ---
2026-06-27 13:30:05    Niciun semnal nou. Pendinge: 0
2026-06-27 13:30:05    Urmatoarea bara 15min @ 13:45:05 — 900s
2026-06-27 13:45:05  --- S19-AUDNZD iter 18 @ 13:45:05 ---
2026-06-27 13:45:05    Niciun semnal nou. Pendinge: 0
2026-06-27 13:45:05    Urmatoarea bara 15min @ 14:00:05 — 900s
2026-06-27 14:00:05  --- S19-AUDNZD iter 19 @ 14:00:05 ---
2026-06-27 14:00:05    Niciun semnal nou. Pendinge: 0
2026-06-27 14:00:05    Urmatoarea bara 15min @ 14:15:05 — 900s
2026-06-27 14:15:03  --- S19-AUDNZD iter 20 @ 14:15:03 ---
2026-06-27 14:15:03    Niciun semnal nou. Pendinge: 0
2026-06-27 14:15:03    Urmatoarea bara 15min @ 14:30:05 — 901s
2026-06-27 14:30:05  --- S19-AUDNZD iter 21 @ 14:30:05 ---
2026-06-27 14:30:05    Niciun semnal nou. Pendinge: 0
2026-06-27 14:30:05    Urmatoarea bara 15min @ 14:45:05 — 900s
2026-06-27 14:45:05  --- S19-AUDNZD iter 22 @ 14:45:05 ---
2026-06-27 14:45:05    Niciun semnal nou. Pendinge: 0
2026-06-27 14:45:05    Urmatoarea bara 15min @ 15:00:05 — 900s
2026-06-27 15:00:05  --- S19-AUDNZD iter 23 @ 15:00:05 ---
2026-06-27 15:00:05    Niciun semnal nou. Pendinge: 0
2026-06-27 15:00:05    Urmatoarea bara 15min @ 15:15:05 — 900s
2026-06-27 15:15:05  --- S19-AUDNZD iter 24 @ 15:15:05 ---
2026-06-27 15:15:05    Niciun semnal nou. Pendinge: 0
2026-06-27 15:15:05    Urmatoarea bara 15min @ 15:30:05 — 900s
2026-06-27 15:30:05  --- S19-AUDNZD iter 25 @ 15:30:05 ---
2026-06-27 15:30:05    Niciun semnal nou. Pendinge: 0
2026-06-27 15:30:05    Urmatoarea bara 15min @ 15:45:05 — 900s
2026-06-27 15:45:05  --- S19-AUDNZD iter 26 @ 15:45:05 ---
2026-06-27 15:45:05    AUDNZD: eroare M15 — Simbolul 'AUDNZD' nu este disponibil in MT5: (-10001, 'IPC send failed')
2026-06-27 15:45:05    Niciun semnal nou. Pendinge: 0
2026-06-27 15:45:05    Urmatoarea bara 15min @ 16:00:05 — 900s
2026-06-27 16:00:05  --- S19-AUDNZD iter 27 @ 16:00:05 ---
2026-06-27 16:00:05    AUDNZD: eroare M15 — Simbolul 'AUDNZD' nu este disponibil in MT5: (-10001, 'IPC send failed')
2026-06-27 16:00:05    Niciun semnal nou. Pendinge: 0
2026-06-27 16:00:05    Urmatoarea bara 15min @ 16:15:05 — 900s
2026-06-27 16:15:05  --- S19-AUDNZD iter 28 @ 16:15:05 ---
2026-06-27 16:15:05    AUDNZD: eroare M15 — Simbolul 'AUDNZD' nu este disponibil in MT5: (-10001, 'IPC send failed')
2026-06-27 16:15:05    Niciun semnal nou. Pendinge: 0
2026-06-27 16:15:05    Urmatoarea bara 15min @ 16:30:05 — 900s
2026-06-28 11:45:52  =================================================================
2026-06-28 11:45:52    S19-AUDNZD — AUDNZD M15+M30 BOTH pw=8 pullback | test +0.339R (19t insuf)
2026-06-28 11:45:52    Piete: ['AUDNZD']
2026-06-28 11:45:52    TF: M15 (trend M30) | PW=8 | BOTH
2026-06-28 11:45:52    Output: c:\trading-bot\data\live_signals\session19
2026-06-28 11:45:52  =================================================================
2026-06-28 11:45:59  MT5: 52906593 @ ICMarketsEU-Demo (DEMO)
2026-06-28 11:46:05  Simboluri active: ['AUDNZD']
2026-06-28 11:46:05  Pornit. Ctrl+C pentru oprire.

2026-06-28 11:46:05  --- S19-AUDNZD iter 1 @ 11:46:05 ---
2026-06-28 11:46:06    Niciun semnal nou. Pendinge: 0
2026-06-28 11:46:06    Urmatoarea bara 15min @ 12:00:05 — 839s
2026-06-28 12:00:05  --- S19-AUDNZD iter 2 @ 12:00:05 ---
2026-06-28 12:00:05    Niciun semnal nou. Pendinge: 0
2026-06-28 12:00:05    Urmatoarea bara 15min @ 12:15:05 — 899s
2026-06-28 12:15:05  --- S19-AUDNZD iter 3 @ 12:15:05 ---
2026-06-28 12:15:05    Niciun semnal nou. Pendinge: 0
2026-06-28 12:15:05    Urmatoarea bara 15min @ 12:30:05 — 900s
2026-06-28 12:21:08    [PROFIL] Profil 'Standard Profile' aplicat pe session19.
2026-06-28 12:21:08  =================================================================
2026-06-28 12:21:08    S19-AUDNZD — AUDNZD M15+M30 BOTH pw=8 pullback | test +0.339R (19t insuf)
2026-06-28 12:21:08    Piete: ['AUDNZD']
2026-06-28 12:21:08    TF: M15 (trend M30) | PW=8 | BOTH
2026-06-28 12:21:08    Output: C:\trading-bot\data\live_signals\session19
2026-06-28 12:21:08  =================================================================
2026-06-28 12:21:08  MT5: 52906593 @ ICMarketsEU-Demo (DEMO)
2026-06-28 12:21:19  Simboluri active: ['AUDNZD']
2026-06-28 12:21:19  Pornit. Ctrl+C pentru oprire.

2026-06-28 12:21:19  --- S19-AUDNZD iter 1 @ 12:21:19 ---
2026-06-28 12:21:24    Niciun semnal nou. Pendinge: 0
2026-06-28 12:21:24    Urmatoarea bara 15min @ 12:30:05 — 521s
2026-06-28 12:28:12    [PROFIL] Profil 'Standard Profile' aplicat pe session19.
2026-06-28 12:28:12  =================================================================
2026-06-28 12:28:12    S19-AUDNZD — AUDNZD M15+M30 BOTH pw=8 pullback | test +0.339R (19t insuf)
2026-06-28 12:28:12    Piete: ['AUDNZD']
2026-06-28 12:28:12    TF: M15 (trend M30) | PW=8 | BOTH
2026-06-28 12:28:12    Output: C:\trading-bot\data\live_signals\session19
2026-06-28 12:28:12  =================================================================
2026-06-28 12:28:12  MT5: 52906593 @ ICMarketsEU-Demo (DEMO)
2026-06-28 12:28:12  Simboluri active: ['AUDNZD']
2026-06-28 12:28:12  Pornit. Ctrl+C pentru oprire.

2026-06-28 12:28:12  --- S19-AUDNZD iter 1 @ 12:28:12 ---
2026-06-28 12:28:12    Niciun semnal nou. Pendinge: 0
2026-06-28 12:28:12    Urmatoarea bara 15min @ 12:30:05 — 113s
2026-06-28 12:30:05  --- S19-AUDNZD iter 2 @ 12:30:05 ---
2026-06-28 12:30:05    Niciun semnal nou. Pendinge: 0
2026-06-28 12:30:05    Urmatoarea bara 15min @ 12:45:05 — 900s
2026-06-28 12:45:05  --- S19-AUDNZD iter 3 @ 12:45:05 ---
2026-06-28 12:45:05    Niciun semnal nou. Pendinge: 0
2026-06-28 12:45:05    Urmatoarea bara 15min @ 13:00:05 — 900s
2026-06-28 13:00:05  --- S19-AUDNZD iter 4 @ 13:00:05 ---
2026-06-28 13:00:05    Niciun semnal nou. Pendinge: 0
2026-06-28 13:00:05    Urmatoarea bara 15min @ 13:15:05 — 900s
2026-06-28 13:15:05  --- S19-AUDNZD iter 5 @ 13:15:05 ---
2026-06-28 13:15:05    Niciun semnal nou. Pendinge: 0
2026-06-28 13:15:05    Urmatoarea bara 15min @ 13:30:05 — 900s
2026-06-28 13:30:05  --- S19-AUDNZD iter 6 @ 13:30:05 ---
2026-06-28 13:30:05    Niciun semnal nou. Pendinge: 0
2026-06-28 13:30:05    Urmatoarea bara 15min @ 13:45:05 — 900s
2026-06-28 13:45:05  --- S19-AUDNZD iter 7 @ 13:45:05 ---
2026-06-28 13:45:05    Niciun semnal nou. Pendinge: 0
2026-06-28 13:45:05    Urmatoarea bara 15min @ 14:00:05 — 900s
2026-06-28 14:00:05  --- S19-AUDNZD iter 8 @ 14:00:05 ---
2026-06-28 14:00:05    Niciun semnal nou. Pendinge: 0
2026-06-28 14:00:05    Urmatoarea bara 15min @ 14:15:05 — 900s
2026-06-28 14:15:05  --- S19-AUDNZD iter 9 @ 14:15:05 ---
2026-06-28 14:15:05    Niciun semnal nou. Pendinge: 0
2026-06-28 14:15:05    Urmatoarea bara 15min @ 14:30:05 — 900s
2026-06-28 14:30:05  --- S19-AUDNZD iter 10 @ 14:30:05 ---
2026-06-28 14:30:05    Niciun semnal nou. Pendinge: 0
2026-06-28 14:30:05    Urmatoarea bara 15min @ 14:45:05 — 900s
2026-06-28 14:45:05  --- S19-AUDNZD iter 11 @ 14:45:05 ---
2026-06-28 14:45:05    Niciun semnal nou. Pendinge: 0
2026-06-28 14:45:05    Urmatoarea bara 15min @ 15:00:05 — 900s
2026-06-28 15:00:05  --- S19-AUDNZD iter 12 @ 15:00:05 ---
2026-06-28 15:00:05    Niciun semnal nou. Pendinge: 0
2026-06-28 15:00:05    Urmatoarea bara 15min @ 15:15:05 — 900s
2026-06-28 15:15:05  --- S19-AUDNZD iter 13 @ 15:15:05 ---
2026-06-28 15:15:05    Niciun semnal nou. Pendinge: 0
2026-06-28 15:15:05    Urmatoarea bara 15min @ 15:30:05 — 900s
2026-06-28 15:30:05  --- S19-AUDNZD iter 14 @ 15:30:05 ---
2026-06-28 15:30:05    Niciun semnal nou. Pendinge: 0
2026-06-28 15:30:05    Urmatoarea bara 15min @ 15:45:05 — 900s
2026-06-28 15:45:05  --- S19-AUDNZD iter 15 @ 15:45:05 ---
2026-06-28 15:45:05    Niciun semnal nou. Pendinge: 0
2026-06-28 15:45:05    Urmatoarea bara 15min @ 16:00:05 — 900s
2026-06-28 16:00:05  --- S19-AUDNZD iter 16 @ 16:00:05 ---
2026-06-28 16:00:05    Niciun semnal nou. Pendinge: 0
2026-06-28 16:00:05    Urmatoarea bara 15min @ 16:15:05 — 900s
2026-06-28 16:15:05  --- S19-AUDNZD iter 17 @ 16:15:05 ---
2026-06-28 16:15:05    Niciun semnal nou. Pendinge: 0
2026-06-28 16:15:05    Urmatoarea bara 15min @ 16:30:05 — 900s
2026-06-28 16:30:03  --- S19-AUDNZD iter 18 @ 16:30:03 ---
2026-06-28 16:30:03    Niciun semnal nou. Pendinge: 0
2026-06-28 16:30:03    Urmatoarea bara 15min @ 16:45:05 — 901s
2026-06-28 16:45:05  --- S19-AUDNZD iter 19 @ 16:45:05 ---
2026-06-28 16:45:05    Niciun semnal nou. Pendinge: 0
2026-06-28 16:45:05    Urmatoarea bara 15min @ 17:00:05 — 900s
2026-06-28 17:00:05  --- S19-AUDNZD iter 20 @ 17:00:05 ---
2026-06-28 17:00:05    Niciun semnal nou. Pendinge: 0
2026-06-28 17:00:05    Urmatoarea bara 15min @ 17:15:05 — 900s
2026-06-28 17:15:05  --- S19-AUDNZD iter 21 @ 17:15:05 ---
2026-06-28 17:15:05    Niciun semnal nou. Pendinge: 0
2026-06-28 17:15:05    Urmatoarea bara 15min @ 17:30:05 — 900s
2026-06-28 17:30:05  --- S19-AUDNZD iter 22 @ 17:30:05 ---
2026-06-28 17:30:05    Niciun semnal nou. Pendinge: 0
2026-06-28 17:30:05    Urmatoarea bara 15min @ 17:45:05 — 900s
2026-06-28 17:45:05  --- S19-AUDNZD iter 23 @ 17:45:05 ---
2026-06-28 17:45:05    Niciun semnal nou. Pendinge: 0
2026-06-28 17:45:05    Urmatoarea bara 15min @ 18:00:05 — 900s
2026-06-28 18:00:05  --- S19-AUDNZD iter 24 @ 18:00:05 ---
2026-06-28 18:00:05    Niciun semnal nou. Pendinge: 0
2026-06-28 18:00:05    Urmatoarea bara 15min @ 18:15:05 — 900s
2026-06-28 18:15:05  --- S19-AUDNZD iter 25 @ 18:15:05 ---
2026-06-28 18:15:05    Niciun semnal nou. Pendinge: 0
2026-06-28 18:15:05    Urmatoarea bara 15min @ 18:30:05 — 900s
2026-06-28 18:30:05  --- S19-AUDNZD iter 26 @ 18:30:05 ---
2026-06-28 18:30:05    Niciun semnal nou. Pendinge: 0
2026-06-28 18:30:05    Urmatoarea bara 15min @ 18:45:05 — 900s
2026-06-28 18:45:05  --- S19-AUDNZD iter 27 @ 18:45:05 ---
2026-06-28 18:45:05    Niciun semnal nou. Pendinge: 0
2026-06-28 18:45:05    Urmatoarea bara 15min @ 19:00:05 — 900s
2026-06-28 19:00:05  --- S19-AUDNZD iter 28 @ 19:00:05 ---
2026-06-28 19:00:05    Niciun semnal nou. Pendinge: 0
2026-06-28 19:00:05    Urmatoarea bara 15min @ 19:15:05 — 900s
2026-06-28 19:15:05  --- S19-AUDNZD iter 29 @ 19:15:05 ---
2026-06-28 19:15:05    Niciun semnal nou. Pendinge: 0
2026-06-28 19:15:05    Urmatoarea bara 15min @ 19:30:05 — 900s
2026-06-28 19:30:05  --- S19-AUDNZD iter 30 @ 19:30:05 ---
2026-06-28 19:30:05    Niciun semnal nou. Pendinge: 0
2026-06-28 19:30:05    Urmatoarea bara 15min @ 19:45:05 — 900s
2026-06-28 19:45:05  --- S19-AUDNZD iter 31 @ 19:45:05 ---
2026-06-28 19:45:05    Niciun semnal nou. Pendinge: 0
2026-06-28 19:45:05    Urmatoarea bara 15min @ 20:00:05 — 900s
2026-06-28 20:00:05  --- S19-AUDNZD iter 32 @ 20:00:05 ---
2026-06-28 20:00:05    Niciun semnal nou. Pendinge: 0
2026-06-28 20:00:05    Urmatoarea bara 15min @ 20:15:05 — 900s
2026-06-28 20:15:05  --- S19-AUDNZD iter 33 @ 20:15:05 ---
2026-06-28 20:15:05    Niciun semnal nou. Pendinge: 0
2026-06-28 20:15:05    Urmatoarea bara 15min @ 20:30:05 — 900s
2026-06-28 20:30:05  --- S19-AUDNZD iter 34 @ 20:30:05 ---
2026-06-28 20:30:05    Niciun semnal nou. Pendinge: 0
2026-06-28 20:30:05    Urmatoarea bara 15min @ 20:45:05 — 900s
2026-06-28 20:45:05  --- S19-AUDNZD iter 35 @ 20:45:05 ---
2026-06-28 20:45:05    Niciun semnal nou. Pendinge: 0
2026-06-28 20:45:05    Urmatoarea bara 15min @ 21:00:05 — 900s
2026-06-28 21:00:05  --- S19-AUDNZD iter 36 @ 21:00:05 ---
2026-06-28 21:00:05    Niciun semnal nou. Pendinge: 0
2026-06-28 21:00:05    Urmatoarea bara 15min @ 21:15:05 — 900s
2026-06-28 21:15:05  --- S19-AUDNZD iter 37 @ 21:15:05 ---
2026-06-28 21:15:05    Niciun semnal nou. Pendinge: 0
2026-06-28 21:15:05    Urmatoarea bara 15min @ 21:30:05 — 900s
2026-06-29 09:08:09    signal_counter sincronizat la 1 din signals.csv
2026-06-29 09:08:09    ib_signal_counter sincronizat la 1 din signals.csv
2026-06-29 09:08:09    [PROFIL] Profil 'Standard Profile' aplicat pe session19.
2026-06-29 09:08:09  =================================================================
2026-06-29 09:08:09    S19-AUDNZD — AUDNZD M15+M30 BOTH pw=8 pullback | test +0.339R (19t insuf)
2026-06-29 09:08:09    Piete: ['AUDNZD']
2026-06-29 09:08:09    TF: M15 (trend M30) | PW=8 | BOTH
2026-06-29 09:08:09    Output: C:\trading-bot\data\live_signals\session19
2026-06-29 09:08:09  =================================================================
2026-06-29 09:08:10  MT5: 52906593 @ ICMarketsEU-Demo (DEMO)
2026-06-29 09:08:10  Simboluri active: ['AUDNZD']
2026-06-29 09:08:10  Pornit. Ctrl+C pentru oprire.

2026-06-29 09:08:10  --- S19-AUDNZD iter 1 @ 09:08:10 ---
2026-06-29 09:08:11    *** SEMNAL [PULLBACK]: S19-AUDNZD-SIG0002 AUDNZD SHORT entry=1.21992 sl=1.22093 tp=1.21538 (4.5R) RSI=39
2026-06-29 09:14:11    [EXEC] S19-AUDNZD-SIG0002: filling=1 → retcode=10012 (Request timeout)
2026-06-29 09:14:11    S19-AUDNZD-SIG0002: scos din pending (eroare MT5)
2026-06-29 09:14:11    Urmatoarea bara 15min @ 09:15:05 — 54s
2026-06-29 09:15:05  --- S19-AUDNZD iter 2 @ 09:15:05 ---
2026-06-29 09:23:11    Niciun semnal nou. Pendinge: 0
2026-06-29 09:23:11    Urmatoarea bara 15min @ 09:30:05 — 414s
2026-06-29 09:26:07    [PROFIL] Profil 'Standard Profile' aplicat pe session19.
2026-06-29 09:26:07  =================================================================
2026-06-29 09:26:07    S19-AUDNZD — AUDNZD M15+M30 BOTH pw=8 pullback | test +0.339R (19t insuf)
2026-06-29 09:26:07    Piete: ['AUDNZD']
2026-06-29 09:26:07    TF: M15 (trend M30) | PW=8 | BOTH
2026-06-29 09:26:07    Output: c:\trading-bot\data\live_signals\session19
2026-06-29 09:26:07  =================================================================
2026-06-29 09:29:11  MT5: 52906593 @ ICMarketsEU-Demo (DEMO)
2026-06-29 09:32:10  Simboluri active: ['AUDNZD']
2026-06-29 09:32:10  Pornit. Ctrl+C pentru oprire.

2026-06-29 09:32:10  --- S19-AUDNZD iter 1 @ 09:32:10 ---
2026-06-29 09:32:10    Niciun semnal nou. Pendinge: 0
2026-06-29 09:32:10    Urmatoarea bara 15min @ 09:45:05 — 774s
2026-06-29 09:36:39    [PROFIL] Profil 'Standard Profile' aplicat pe session19.
2026-06-29 09:36:39  =================================================================
2026-06-29 09:36:39    S19-AUDNZD — AUDNZD M15+M30 BOTH pw=8 pullback | test +0.339R (19t insuf)
2026-06-29 09:36:39    Piete: ['AUDNZD']
2026-06-29 09:36:39    TF: M15 (trend M30) | PW=8 | BOTH
2026-06-29 09:36:39    Output: C:\trading-bot\data\live_signals\session19
2026-06-29 09:36:39  =================================================================
2026-06-29 09:36:39  MT5 nu e disponibil: mt5.initialize() a esuat: (-6, 'Terminal: Authorization failed')
2026-06-29 09:51:06    [PROFIL] Profil 'Standard Profile' aplicat pe session19.
2026-06-29 09:51:06  =================================================================
2026-06-29 09:51:06    S19-AUDNZD — AUDNZD M15+M30 BOTH pw=8 pullback | test +0.339R (19t insuf)
2026-06-29 09:51:06    Piete: ['AUDNZD']
2026-06-29 09:51:06    TF: M15 (trend M30) | PW=8 | BOTH
2026-06-29 09:51:06    Output: C:\trading-bot\data\live_signals\session19
2026-06-29 09:51:06  =================================================================
2026-06-29 09:51:06  MT5 nu e disponibil: mt5.initialize() a esuat: (-6, 'Terminal: Authorization failed')
2026-06-29 09:54:48    [PROFIL] Profil 'Standard Profile' aplicat pe session19.
2026-06-29 09:54:48  =================================================================
2026-06-29 09:54:48    S19-AUDNZD — AUDNZD M15+M30 BOTH pw=8 pullback | test +0.339R (19t insuf)
2026-06-29 09:54:48    Piete: ['AUDNZD']
2026-06-29 09:54:48    TF: M15 (trend M30) | PW=8 | BOTH
2026-06-29 09:54:48    Output: C:\trading-bot\data\live_signals\session19
2026-06-29 09:54:48  =================================================================
2026-06-29 09:54:48  MT5: 52906593 @ ICMarketsEU-Demo (DEMO)
2026-06-29 09:54:49  Simboluri active: ['AUDNZD']
2026-06-29 09:54:49  Pornit. Ctrl+C pentru oprire.

2026-06-29 09:54:49  --- S19-AUDNZD iter 1 @ 09:54:49 ---
2026-06-29 09:54:50    Niciun semnal nou. Pendinge: 0
2026-06-29 09:54:50    Urmatoarea bara 15min @ 10:00:05 — 315s
2026-06-29 10:00:05  --- S19-AUDNZD iter 2 @ 10:00:05 ---
2026-06-29 10:00:05    Niciun semnal nou. Pendinge: 0
2026-06-29 10:00:05  [MT5-HEALTH] disconnected: 🔴 <b>MT5: Deconectat de la server broker</b> MT5 nu mai are conexiune cu ICMarketsEU. Verifica internetul sau statusul serverului broker. <i>Botul va continua sa incerce — semnalele noi sunt suspendate.</i>
2026-06-29 10:00:05    Urmatoarea bara 15min @ 10:15:05 — 900s
2026-06-29 10:15:05  --- S19-AUDNZD iter 3 @ 10:15:05 ---
2026-06-29 10:15:05    AUDNZD: eroare M15 — Simbolul 'AUDNZD' nu este disponibil in MT5: (-10001, 'IPC send failed')
2026-06-29 10:15:05    Niciun semnal nou. Pendinge: 0
2026-06-29 10:15:05  [MT5-HEALTH] init_failed: 🔴 <b>MT5: terminal_info() = None</b> Conexiunea IPC cu MT5 complet pierduta. Verifica ca MT5 terminal este deschis.
2026-06-29 10:15:05    Urmatoarea bara 15min @ 10:30:05 — 900s
2026-06-29 10:21:50    [PROFIL] Profil 'Standard Profile' aplicat pe session19.
2026-06-29 10:21:50  =================================================================
2026-06-29 10:21:50    S19-AUDNZD — AUDNZD M15+M30 BOTH pw=8 pullback | test +0.339R (19t insuf)
2026-06-29 10:21:50    Piete: ['AUDNZD']
2026-06-29 10:21:50    TF: M15 (trend M30) | PW=8 | BOTH
2026-06-29 10:21:50    Output: C:\trading-bot\data\live_signals\session19
2026-06-29 10:21:50  =================================================================
2026-06-29 10:21:50  MT5 nu e disponibil: mt5.initialize() a esuat: (-6, 'Terminal: Authorization failed')
2026-06-29 10:29:29    [PROFIL] Profil 'Standard Profile' aplicat pe session19.
2026-06-29 10:29:29  =================================================================
2026-06-29 10:29:29    S19-AUDNZD — AUDNZD M15+M30 BOTH pw=8 pullback | test +0.339R (19t insuf)
2026-06-29 10:29:29    Piete: ['AUDNZD']
2026-06-29 10:29:29    TF: M15 (trend M30) | PW=8 | BOTH
2026-06-29 10:29:29    Output: C:\trading-bot\data\live_signals\session19
2026-06-29 10:29:29  =================================================================
2026-06-29 10:29:29  MT5 nu e disponibil: mt5.initialize() a esuat: (-6, 'Terminal: Authorization failed')
2026-06-29 10:40:27    [PROFIL] Profil 'Standard Profile' aplicat pe session19.
2026-06-29 10:40:27  =================================================================
2026-06-29 10:40:27    S19-AUDNZD — AUDNZD M15+M30 BOTH pw=8 pullback | test +0.339R (19t insuf)
2026-06-29 10:40:27    Piete: ['AUDNZD']
2026-06-29 10:40:27    TF: M15 (trend M30) | PW=8 | BOTH
2026-06-29 10:40:27    Output: C:\trading-bot\data\live_signals\session19
2026-06-29 10:40:27  =================================================================
2026-06-29 10:40:27  MT5: 52906593 @ ICMarketsEU-Demo (DEMO)
2026-06-29 10:40:27  Simboluri active: ['AUDNZD']
2026-06-29 10:40:27  Pornit. Ctrl+C pentru oprire.

2026-06-29 10:40:27  --- S19-AUDNZD iter 1 @ 10:40:27 ---
2026-06-29 10:40:28    Niciun semnal nou. Pendinge: 0
2026-06-29 10:40:28    Urmatoarea bara 15min @ 10:45:05 — 277s
2026-06-29 10:45:05  --- S19-AUDNZD iter 2 @ 10:45:05 ---
2026-06-29 10:45:05    Niciun semnal nou. Pendinge: 0
2026-06-29 10:45:05    Urmatoarea bara 15min @ 11:00:05 — 900s
2026-06-29 10:49:49    [PROFIL] Profil 'Standard Profile' aplicat pe session19.
2026-06-29 10:49:49  =================================================================
2026-06-29 10:49:49    S19-AUDNZD — AUDNZD M15+M30 BOTH pw=8 pullback | test +0.339R (19t insuf)
2026-06-29 10:49:49    Piete: ['AUDNZD']
2026-06-29 10:49:49    TF: M15 (trend M30) | PW=8 | BOTH
2026-06-29 10:49:49    Output: C:\trading-bot\data\live_signals\session19
2026-06-29 10:49:49  =================================================================
2026-06-29 10:49:49  MT5: 52906593 @ ICMarketsEU-Demo (DEMO)
2026-06-29 10:49:49  Simboluri active: ['AUDNZD']
2026-06-29 10:49:49  Pornit. Ctrl+C pentru oprire.

2026-06-29 10:49:49  --- S19-AUDNZD iter 1 @ 10:49:49 ---
2026-06-29 10:49:49    Niciun semnal nou. Pendinge: 0
2026-06-29 10:49:49    Urmatoarea bara 15min @ 11:00:05 — 615s
2026-06-29 11:00:05  --- S19-AUDNZD iter 2 @ 11:00:05 ---
2026-06-29 11:00:05    Niciun semnal nou. Pendinge: 0
2026-06-29 11:00:05    Urmatoarea bara 15min @ 11:15:05 — 900s
2026-06-29 11:15:05  --- S19-AUDNZD iter 3 @ 11:15:05 ---
2026-06-29 11:15:05    Niciun semnal nou. Pendinge: 0
2026-06-29 11:15:05    Urmatoarea bara 15min @ 11:30:05 — 900s
2026-06-29 11:22:38    [PROFIL] Profil 'Standard Profile' aplicat pe session19.
2026-06-29 11:22:38  =================================================================
2026-06-29 11:22:38    S19-AUDNZD — AUDNZD M15+M30 BOTH pw=8 pullback | test +0.339R (19t insuf)
2026-06-29 11:22:38    Piete: ['AUDNZD']
2026-06-29 11:22:38    TF: M15 (trend M30) | PW=8 | BOTH
2026-06-29 11:22:38    Output: C:\trading-bot\data\live_signals\session19
2026-06-29 11:22:38  =================================================================
2026-06-29 11:22:38  MT5: 52906593 @ ICMarketsEU-Demo (DEMO)
2026-06-29 11:22:38  Simboluri active: ['AUDNZD']
2026-06-29 11:22:38  Pornit. Ctrl+C pentru oprire.

2026-06-29 11:22:38  --- S19-AUDNZD iter 1 @ 11:22:38 ---
2026-06-29 11:22:38    Niciun semnal nou. Pendinge: 0
2026-06-29 11:22:38    Urmatoarea bara 15min @ 11:30:05 — 447s
2026-06-29 11:30:05  --- S19-AUDNZD iter 2 @ 11:30:05 ---
2026-06-29 11:30:05    Niciun semnal nou. Pendinge: 0
2026-06-29 11:30:05    Urmatoarea bara 15min @ 11:45:05 — 900s
2026-06-29 11:36:37    [PROFIL] Profil 'Standard Profile' aplicat pe session19.
2026-06-29 11:36:37  =================================================================
2026-06-29 11:36:37    S19-AUDNZD — AUDNZD M15+M30 BOTH pw=8 pullback | test +0.339R (19t insuf)
2026-06-29 11:36:37    Piete: ['AUDNZD']
2026-06-29 11:36:37    TF: M15 (trend M30) | PW=8 | BOTH
2026-06-29 11:36:37    Output: C:\trading-bot\data\live_signals\session19
2026-06-29 11:36:37  =================================================================
2026-06-29 11:36:37  MT5: 52906593 @ ICMarketsEU-Demo (DEMO)
2026-06-29 11:36:37  Simboluri active: ['AUDNZD']
2026-06-29 11:36:37  Pornit. Ctrl+C pentru oprire.

2026-06-29 11:36:37  --- S19-AUDNZD iter 1 @ 11:36:37 ---
2026-06-29 11:39:37    Niciun semnal nou. Pendinge: 0
2026-06-29 11:39:37    Urmatoarea bara 15min @ 11:45:05 — 328s
2026-06-29 11:45:05  --- S19-AUDNZD iter 2 @ 11:45:05 ---
2026-06-29 11:48:05    Niciun semnal nou. Pendinge: 0
2026-06-29 11:48:05    Urmatoarea bara 15min @ 12:00:05 — 720s
2026-06-29 12:00:05  --- S19-AUDNZD iter 3 @ 12:00:05 ---
2026-06-29 12:00:05    Niciun semnal nou. Pendinge: 0
2026-06-29 12:00:05    Urmatoarea bara 15min @ 12:15:05 — 900s
2026-06-29 12:15:05  --- S19-AUDNZD iter 4 @ 12:15:05 ---
2026-06-29 12:15:07    Niciun semnal nou. Pendinge: 0
2026-06-29 12:15:07  [MT5-HEALTH] deconectat de la server broker
2026-06-29 12:15:07    Urmatoarea bara 15min @ 12:30:05 — 898s
2026-06-29 12:18:45    [PROFIL] Profil 'Standard Profile' aplicat pe session19.
2026-06-29 12:18:45  =================================================================
2026-06-29 12:18:45    S19-AUDNZD — AUDNZD M15+M30 BOTH pw=8 pullback | test +0.339R (19t insuf)
2026-06-29 12:18:45    Piete: ['AUDNZD']
2026-06-29 12:18:45    TF: M15 (trend M30) | PW=8 | BOTH
2026-06-29 12:18:45    Output: C:\trading-bot\data\live_signals\session19
2026-06-29 12:18:45  =================================================================
2026-06-29 12:19:20  MT5 nu e disponibil: mt5.initialize() a esuat: (-6, 'Terminal: Authorization failed')
2026-06-29 12:56:24    [PROFIL] Profil 'Standard Profile' aplicat pe session19.
2026-06-29 12:56:24  =================================================================
2026-06-29 12:56:24    S19-AUDNZD — AUDNZD M15+M30 BOTH pw=8 pullback | test +0.339R (19t insuf)
2026-06-29 12:56:24    Piete: ['AUDNZD']
2026-06-29 12:56:24    TF: M15 (trend M30) | PW=8 | BOTH
2026-06-29 12:56:24    Output: C:\trading-bot\data\live_signals\session19
2026-06-29 12:56:24  =================================================================
2026-06-29 12:56:25  MT5: 52906593 @ ICMarketsEU-Demo (DEMO)
2026-06-29 12:56:25  Simboluri active: ['AUDNZD']
2026-06-29 12:56:25  Pornit. Ctrl+C pentru oprire.

2026-06-29 12:56:25  --- S19-AUDNZD iter 1 @ 12:56:25 ---
2026-06-29 12:56:25    Niciun semnal nou. Pendinge: 0
2026-06-29 12:56:25    Urmatoarea bara 15min @ 13:00:05 — 220s
2026-06-29 13:00:05  --- S19-AUDNZD iter 2 @ 13:00:05 ---
2026-06-29 13:00:05    Niciun semnal nou. Pendinge: 0
2026-06-29 13:00:05    Urmatoarea bara 15min @ 13:15:05 — 900s
2026-06-29 13:06:23    [PROFIL] Profil 'Standard Profile' aplicat pe session19.
2026-06-29 13:06:23  =================================================================
2026-06-29 13:06:23    S19-AUDNZD — AUDNZD M15+M30 BOTH pw=8 pullback | test +0.339R (19t insuf)
2026-06-29 13:06:23    Piete: ['AUDNZD']
2026-06-29 13:06:23    TF: M15 (trend M30) | PW=8 | BOTH
2026-06-29 13:06:23    Output: C:\trading-bot\data\live_signals\session19
2026-06-29 13:06:23  =================================================================
2026-06-29 13:07:00  MT5: 52906593 @ ICMarketsEU-Demo (DEMO)
2026-06-29 13:07:00  Simboluri active: ['AUDNZD']
2026-06-29 13:07:00  Pornit. Ctrl+C pentru oprire.

2026-06-29 13:07:00  --- S19-AUDNZD iter 1 @ 13:07:00 ---
2026-06-29 13:07:00    Niciun semnal nou. Pendinge: 0
2026-06-29 13:07:00  [MT5-HEALTH] deconectat de la server broker
2026-06-29 13:07:00    Urmatoarea bara 15min @ 13:15:05 — 484s
2026-06-29 13:15:05  --- S19-AUDNZD iter 2 @ 13:15:05 ---
2026-06-29 13:15:05    Niciun semnal nou. Pendinge: 0
2026-06-29 13:15:05  [MT5-HEALTH] deconectat de la server broker
2026-06-29 13:15:05    Urmatoarea bara 15min @ 13:30:05 — 900s
2026-06-29 13:30:05  --- S19-AUDNZD iter 3 @ 13:30:05 ---
2026-06-29 13:33:05    Niciun semnal nou. Pendinge: 0
2026-06-29 13:33:05    Urmatoarea bara 15min @ 13:45:05 — 720s
2026-06-29 13:45:05  --- S19-AUDNZD iter 4 @ 13:45:05 ---
2026-06-29 13:45:05    Niciun semnal nou. Pendinge: 0
2026-06-29 13:45:05  [MT5-HEALTH] deconectat de la server broker
2026-06-29 13:45:05    Urmatoarea bara 15min @ 14:00:05 — 900s
2026-06-29 14:00:04  --- S19-AUDNZD iter 5 @ 14:00:04 ---
2026-06-29 14:00:05    Niciun semnal nou. Pendinge: 0
2026-06-29 14:00:05  [MT5-HEALTH] deconectat de la server broker
2026-06-29 14:00:05    Urmatoarea bara 15min @ 14:15:05 — 899s
2026-06-29 14:15:04  --- S19-AUDNZD iter 6 @ 14:15:04 ---
2026-06-29 14:15:05    Niciun semnal nou. Pendinge: 0
2026-06-29 14:15:05  [MT5-HEALTH] disconnected rezolvat
2026-06-29 14:15:05    Urmatoarea bara 15min @ 14:30:05 — 900s
2026-06-29 14:30:04  --- S19-AUDNZD iter 7 @ 14:30:04 ---
2026-06-29 14:30:05    Niciun semnal nou. Pendinge: 0
2026-06-29 14:30:05    Urmatoarea bara 15min @ 14:45:05 — 900s
2026-06-29 14:34:04    [PROFIL] Profil 'Standard Profile' aplicat pe session19.
2026-06-29 14:34:04  =================================================================
2026-06-29 14:34:04    S19-AUDNZD — AUDNZD M15+M30 BOTH pw=8 pullback | test +0.339R (19t insuf)
2026-06-29 14:34:04    Piete: ['AUDNZD']
2026-06-29 14:34:04    TF: M15 (trend M30) | PW=8 | BOTH
2026-06-29 14:34:04    Output: C:\trading-bot\data\live_signals\session19
2026-06-29 14:34:04  =================================================================
2026-06-29 14:34:07  MT5: 52906593 @ ICMarketsEU-Demo (DEMO)
2026-06-29 14:34:08  Simboluri active: ['AUDNZD']
2026-06-29 14:34:08  Pornit. Ctrl+C pentru oprire.

2026-06-29 14:34:08  --- S19-AUDNZD iter 1 @ 14:34:08 ---
2026-06-29 14:34:08    Niciun semnal nou. Pendinge: 0
2026-06-29 14:34:08    Urmatoarea bara 15min @ 14:45:05 — 656s
2026-06-29 14:45:05  --- S19-AUDNZD iter 2 @ 14:45:05 ---
2026-06-29 14:45:05    Niciun semnal nou. Pendinge: 0
2026-06-29 14:45:05    Urmatoarea bara 15min @ 15:00:05 — 900s
2026-06-29 15:00:05  --- S19-AUDNZD iter 3 @ 15:00:05 ---
2026-06-29 15:00:05    Niciun semnal nou. Pendinge: 0
2026-06-29 15:00:05    Urmatoarea bara 15min @ 15:15:05 — 899s
2026-06-29 15:15:05  --- S19-AUDNZD iter 4 @ 15:15:05 ---
2026-06-29 15:15:05    Niciun semnal nou. Pendinge: 0
2026-06-29 15:15:05    Urmatoarea bara 15min @ 15:30:05 — 900s
2026-06-29 15:30:05  --- S19-AUDNZD iter 5 @ 15:30:05 ---
2026-06-29 15:30:05    Niciun semnal nou. Pendinge: 0
2026-06-29 15:30:05    Urmatoarea bara 15min @ 15:45:05 — 900s
2026-06-29 15:45:05  --- S19-AUDNZD iter 6 @ 15:45:05 ---
2026-06-29 15:45:05    Niciun semnal nou. Pendinge: 0
2026-06-29 15:45:05    Urmatoarea bara 15min @ 16:00:05 — 900s
2026-06-29 16:00:05  --- S19-AUDNZD iter 7 @ 16:00:05 ---
2026-06-29 16:00:05    Niciun semnal nou. Pendinge: 0
2026-06-29 16:00:05    Urmatoarea bara 15min @ 16:15:05 — 899s
2026-06-29 16:15:03    [PROFIL] Profil 'Standard Profile' aplicat pe session19.
2026-06-29 16:15:03  =================================================================
2026-06-29 16:15:03    S19-AUDNZD — AUDNZD M15+M30 BOTH pw=8 pullback | test +0.339R (19t insuf)
2026-06-29 16:15:03    Piete: ['AUDNZD']
2026-06-29 16:15:03    TF: M15 (trend M30) | PW=8 | BOTH
2026-06-29 16:15:03    Output: C:\trading-bot\data\live_signals\session19
2026-06-29 16:15:03  =================================================================
2026-06-29 16:15:03  MT5: 52906593 @ ICMarketsEU-Demo (DEMO)
2026-06-29 16:15:03  Simboluri active: ['AUDNZD']
2026-06-29 16:15:03  Pornit. Ctrl+C pentru oprire.

2026-06-29 16:15:03  --- S19-AUDNZD iter 1 @ 16:15:03 ---
2026-06-29 16:15:03    Niciun semnal nou. Pendinge: 0
2026-06-29 16:15:03    Urmatoarea bara 15min @ 16:30:05 — 901s
2026-06-29 16:30:05  --- S19-AUDNZD iter 2 @ 16:30:05 ---
2026-06-29 16:30:05    Niciun semnal nou. Pendinge: 0
2026-06-29 16:30:05    Urmatoarea bara 15min @ 16:45:05 — 900s
2026-06-29 16:45:05  --- S19-AUDNZD iter 3 @ 16:45:05 ---
2026-06-29 16:45:05    Niciun semnal nou. Pendinge: 0
2026-06-29 16:45:05    Urmatoarea bara 15min @ 17:00:05 — 900s
2026-06-29 17:00:05  --- S19-AUDNZD iter 4 @ 17:00:05 ---
2026-06-29 17:00:05    Niciun semnal nou. Pendinge: 0
2026-06-29 17:00:05    Urmatoarea bara 15min @ 17:15:05 — 899s
2026-06-29 17:15:05  --- S19-AUDNZD iter 5 @ 17:15:05 ---
2026-06-29 17:15:05    Niciun semnal nou. Pendinge: 0
2026-06-29 17:15:05    Urmatoarea bara 15min @ 17:30:05 — 900s
2026-06-29 17:30:05  --- S19-AUDNZD iter 6 @ 17:30:05 ---
2026-06-29 17:30:05    Niciun semnal nou. Pendinge: 0
2026-06-29 17:30:05    Urmatoarea bara 15min @ 17:45:05 — 900s
2026-06-29 17:45:05  --- S19-AUDNZD iter 7 @ 17:45:05 ---
2026-06-29 17:45:05    Niciun semnal nou. Pendinge: 0
2026-06-29 17:45:05    Urmatoarea bara 15min @ 18:00:05 — 900s
2026-06-29 17:50:03    [PROFIL] Profil 'Standard Profile' aplicat pe session19.
2026-06-29 17:50:03  =================================================================
2026-06-29 17:50:03    S19-AUDNZD — AUDNZD M15+M30 BOTH pw=8 pullback | test +0.339R (19t insuf)
2026-06-29 17:50:03    Piete: ['AUDNZD']
2026-06-29 17:50:03    TF: M15 (trend M30) | PW=8 | BOTH
2026-06-29 17:50:03    Output: C:\trading-bot\data\live_signals\session19
2026-06-29 17:50:03  =================================================================
2026-06-29 17:50:03  MT5: 52906593 @ ICMarketsEU-Demo (DEMO)
2026-06-29 17:50:03  Simboluri active: ['AUDNZD']
2026-06-29 17:50:03  Pornit. Ctrl+C pentru oprire.

2026-06-29 17:50:03  --- S19-AUDNZD iter 1 @ 17:50:03 ---
2026-06-29 17:50:04    Niciun semnal nou. Pendinge: 0
2026-06-29 17:50:04    Urmatoarea bara 15min @ 18:00:05 — 601s
2026-06-29 18:00:05  --- S19-AUDNZD iter 2 @ 18:00:05 ---
2026-06-29 18:00:05    Niciun semnal nou. Pendinge: 0
2026-06-29 18:00:05    Urmatoarea bara 15min @ 18:15:05 — 900s
2026-06-29 18:15:05  --- S19-AUDNZD iter 3 @ 18:15:05 ---
2026-06-29 18:15:05    Niciun semnal nou. Pendinge: 0
2026-06-29 18:15:05    Urmatoarea bara 15min @ 18:30:05 — 900s
2026-06-29 18:30:04  --- S19-AUDNZD iter 4 @ 18:30:04 ---
2026-06-29 18:30:05    *** SEMNAL [INSIDE_BAR]: S19-AUDNZD-IB0002 AUDNZD SHORT entry=1.21836 sl=1.21940 tp=1.21628 (2.0R) RSI=29
2026-06-29 18:31:00    [EXEC] *** ORDIN: S19-AUDNZD-IB0002 AUDNZD SHORT 0.03lot @ 1.21836  SL=1.21940  TP=1.21628  ticket=#1780708555
2026-06-29 18:31:03    Urmatoarea bara 15min @ 18:45:05 — 842s
2026-06-29 18:45:04  --- S19-AUDNZD iter 5 @ 18:45:04 ---
2026-06-29 18:45:04    Niciun semnal nou. Pendinge: 1
2026-06-29 18:45:04    Urmatoarea bara 15min @ 19:00:05 — 900s
2026-06-29 19:00:04  --- S19-AUDNZD iter 6 @ 19:00:04 ---
2026-06-29 19:00:05    Niciun semnal nou. Pendinge: 1
2026-06-29 19:00:05    Urmatoarea bara 15min @ 19:15:05 — 900s
2026-06-29 19:15:04  --- S19-AUDNZD iter 7 @ 19:15:04 ---
2026-06-29 19:15:04    Niciun semnal nou. Pendinge: 1
2026-06-29 19:15:10    Urmatoarea bara 15min @ 19:30:05 — 895s
2026-06-29 19:30:04  --- S19-AUDNZD iter 8 @ 19:30:04 ---
2026-06-29 19:30:05    Niciun semnal nou. Pendinge: 1
2026-06-29 19:30:05    Urmatoarea bara 15min @ 19:45:05 — 900s
2026-06-29 19:45:04  --- S19-AUDNZD iter 9 @ 19:45:04 ---
2026-06-29 19:45:05    Niciun semnal nou. Pendinge: 1
2026-06-29 19:45:05    Urmatoarea bara 15min @ 20:00:05 — 900s
2026-06-29 20:00:04  --- S19-AUDNZD iter 10 @ 20:00:04 ---
2026-06-29 20:00:35    Niciun semnal nou. Pendinge: 1
2026-06-29 20:00:35    Urmatoarea bara 15min @ 20:15:05 — 869s
2026-06-29 20:15:04  --- S19-AUDNZD iter 11 @ 20:15:04 ---
2026-06-29 20:15:56    [EXEC] S19-AUDNZD-IB0002: ordin MT5 #1780708555 anulat (expirat)
2026-06-29 20:15:56    EXPIRAT: S19-AUDNZD-IB0002 AUDNZD (>6 bare fara trigger)
2026-06-29 20:15:56    Niciun semnal nou. Pendinge: 0
2026-06-29 20:15:56    Urmatoarea bara 15min @ 20:30:05 — 849s
2026-06-29 20:30:04  --- S19-AUDNZD iter 12 @ 20:30:04 ---
2026-06-29 20:30:05    Niciun semnal nou. Pendinge: 0
2026-06-29 20:30:05    Urmatoarea bara 15min @ 20:45:05 — 900s
2026-06-29 20:45:04  --- S19-AUDNZD iter 13 @ 20:45:04 ---
2026-06-29 20:45:05    Niciun semnal nou. Pendinge: 0
2026-06-29 20:45:05    Urmatoarea bara 15min @ 21:00:05 — 900s
2026-06-29 21:00:04  --- S19-AUDNZD iter 14 @ 21:00:04 ---
2026-06-29 21:00:05    Niciun semnal nou. Pendinge: 0
2026-06-29 21:00:05    Urmatoarea bara 15min @ 21:15:05 — 900s
2026-06-29 21:15:04  --- S19-AUDNZD iter 15 @ 21:15:04 ---
2026-06-29 21:15:07    Niciun semnal nou. Pendinge: 0
2026-06-29 21:15:07    Urmatoarea bara 15min @ 21:30:05 — 898s
2026-06-29 21:30:05  --- S19-AUDNZD iter 16 @ 21:30:05 ---
2026-06-29 21:30:05    Niciun semnal nou. Pendinge: 0
2026-06-29 21:30:05    Urmatoarea bara 15min @ 21:45:05 — 900s
2026-06-29 21:45:04  --- S19-AUDNZD iter 17 @ 21:45:04 ---
2026-06-29 21:45:05    Niciun semnal nou. Pendinge: 0
2026-06-29 21:45:05    Urmatoarea bara 15min @ 22:00:05 — 900s
2026-06-29 22:00:05  --- S19-AUDNZD iter 18 @ 22:00:05 ---
2026-06-29 22:01:17    Niciun semnal nou. Pendinge: 0
2026-06-29 22:01:17    Urmatoarea bara 15min @ 22:15:05 — 827s
2026-06-29 22:15:05  --- S19-AUDNZD iter 19 @ 22:15:04 ---
2026-06-29 22:15:05    Niciun semnal nou. Pendinge: 0
2026-06-29 22:15:41    Urmatoarea bara 15min @ 22:30:05 — 864s
2026-06-29 22:30:05  --- S19-AUDNZD iter 20 @ 22:30:05 ---
2026-06-29 22:30:05    Niciun semnal nou. Pendinge: 0
2026-06-29 22:30:05    Urmatoarea bara 15min @ 22:45:05 — 900s
2026-06-30 09:29:44    [PROFIL] Profil 'Standard Profile' aplicat pe session19.
2026-06-30 09:29:44  =================================================================
2026-06-30 09:29:44    S19-AUDNZD — AUDNZD M15+M30 BOTH pw=8 pullback | test +0.339R (19t insuf)
2026-06-30 09:29:44    Piete: ['AUDNZD']
2026-06-30 09:29:44    TF: M15 (trend M30) | PW=8 | BOTH
2026-06-30 09:29:44    Output: C:\trading-bot\data\live_signals\session19
2026-06-30 09:29:44  =================================================================
2026-06-30 09:29:44  MT5: 52906593 @ ICMarketsEU-Demo (DEMO)
2026-06-30 09:29:44  Simboluri active: ['AUDNZD']
2026-06-30 09:29:44  Pornit. Ctrl+C pentru oprire.

2026-06-30 09:29:44  --- S19-AUDNZD iter 1 @ 09:29:44 ---
2026-06-30 09:29:45    Niciun semnal nou. Pendinge: 0
2026-06-30 09:29:45    Urmatoarea bara 15min @ 09:30:05 — 19s
2026-06-30 09:30:05  --- S19-AUDNZD iter 2 @ 09:30:05 ---
2026-06-30 09:30:05    Niciun semnal nou. Pendinge: 0
2026-06-30 09:30:05    Urmatoarea bara 15min @ 09:45:05 — 900s
2026-06-30 09:45:05  --- S19-AUDNZD iter 3 @ 09:45:05 ---
2026-06-30 09:45:05    Niciun semnal nou. Pendinge: 0
2026-06-30 09:45:05    Urmatoarea bara 15min @ 10:00:05 — 900s
2026-06-30 10:00:05  --- S19-AUDNZD iter 4 @ 10:00:05 ---
2026-06-30 10:00:05    Niciun semnal nou. Pendinge: 0
2026-06-30 10:00:05    Urmatoarea bara 15min @ 10:15:05 — 900s
2026-06-30 10:15:05  --- S19-AUDNZD iter 5 @ 10:15:05 ---
2026-06-30 10:15:05    Niciun semnal nou. Pendinge: 0
2026-06-30 10:15:05    Urmatoarea bara 15min @ 10:30:05 — 900s
2026-06-30 10:28:05    [PROFIL] Profil 'Standard Profile' aplicat pe session19.
2026-06-30 10:28:05  =================================================================
2026-06-30 10:28:05    S19-AUDNZD — AUDNZD M15+M30 BOTH pw=8 pullback | test +0.339R (19t insuf)
2026-06-30 10:28:05    Piete: ['AUDNZD']
2026-06-30 10:28:05    TF: M15 (trend M30) | PW=8 | BOTH
2026-06-30 10:28:05    Output: C:\trading-bot\data\live_signals\session19
2026-06-30 10:28:05  =================================================================
2026-06-30 10:28:05  MT5: 52906593 @ ICMarketsEU-Demo (DEMO)
2026-06-30 10:28:05    [MIGRATE] Cheie goala stearsa din pending: 'AUDNZD'
2026-06-30 10:28:05    [MIGRATE] Migrare pending: 0 semnale migrate, 1 chei goale sterse.
2026-06-30 10:28:05    [ORPHAN] Niciun ordin MT5 netrackuit detectat — state consistent cu MT5.
2026-06-30 10:28:05  Simboluri active: ['AUDNZD']
2026-06-30 10:28:05  Pornit. Ctrl+C pentru oprire.

2026-06-30 10:28:05  --- S19-AUDNZD iter 1 @ 10:28:05 ---
2026-06-30 10:28:05    Niciun semnal nou. Pendinge: 0
2026-06-30 10:28:05    Urmatoarea bara 15min @ 10:30:05 — 119s
2026-06-30 10:30:05  --- S19-AUDNZD iter 2 @ 10:30:05 ---
2026-06-30 10:30:05    Niciun semnal nou. Pendinge: 0
2026-06-30 10:30:05    Urmatoarea bara 15min @ 10:45:05 — 900s
2026-06-30 10:45:05  --- S19-AUDNZD iter 3 @ 10:45:05 ---
2026-06-30 10:45:05    Niciun semnal nou. Pendinge: 0
2026-06-30 10:45:05    Urmatoarea bara 15min @ 11:00:05 — 900s
2026-06-30 11:00:05  --- S19-AUDNZD iter 4 @ 11:00:05 ---
2026-06-30 11:00:05    Niciun semnal nou. Pendinge: 0
2026-06-30 11:00:05    Urmatoarea bara 15min @ 11:15:05 — 900s
2026-06-30 11:15:05  --- S19-AUDNZD iter 5 @ 11:15:05 ---
2026-06-30 11:15:05    Niciun semnal nou. Pendinge: 0
2026-06-30 11:15:05    Urmatoarea bara 15min @ 11:30:05 — 900s
2026-06-30 11:30:05  --- S19-AUDNZD iter 6 @ 11:30:05 ---
2026-06-30 11:30:05    Niciun semnal nou. Pendinge: 0
2026-06-30 11:30:05    Urmatoarea bara 15min @ 11:45:05 — 900s
2026-06-30 11:43:50    [PROFIL] Profil 'Standard Profile' aplicat pe session19.
2026-06-30 11:43:50  =================================================================
2026-06-30 11:43:50    S19-AUDNZD — AUDNZD M15+M30 BOTH pw=8 pullback | test +0.339R (19t insuf)
2026-06-30 11:43:50    Piete: ['AUDNZD']
2026-06-30 11:43:50    TF: M15 (trend M30) | PW=8 | BOTH
2026-06-30 11:43:50    Output: C:\trading-bot\data\live_signals\session19
2026-06-30 11:43:50  =================================================================
2026-06-30 11:43:50  MT5: 52906593 @ ICMarketsEU-Demo (DEMO)
2026-06-30 11:43:50    [ORPHAN] Niciun ordin MT5 netrackuit detectat — state consistent cu MT5.
2026-06-30 11:43:50  Simboluri active: ['AUDNZD']
2026-06-30 11:43:50  Pornit. Ctrl+C pentru oprire.

2026-06-30 11:43:50  --- S19-AUDNZD iter 1 @ 11:43:50 ---
2026-06-30 11:43:50    Niciun semnal nou. Pendinge: 0
2026-06-30 11:43:50    Urmatoarea bara 15min @ 11:45:05 — 74s
2026-06-30 11:45:05  --- S19-AUDNZD iter 2 @ 11:45:05 ---
2026-06-30 11:45:05    Niciun semnal nou. Pendinge: 0
2026-06-30 11:45:05    Urmatoarea bara 15min @ 12:00:05 — 900s
2026-06-30 12:00:05  --- S19-AUDNZD iter 3 @ 12:00:05 ---
2026-06-30 12:00:05    Niciun semnal nou. Pendinge: 0
2026-06-30 12:00:05    Urmatoarea bara 15min @ 12:15:05 — 900s
2026-06-30 12:10:23    [PROFIL] Profil 'Standard Profile' aplicat pe session19.
2026-06-30 12:10:23  =================================================================
2026-06-30 12:10:23    S19-AUDNZD — AUDNZD M15+M30 BOTH pw=8 pullback | test +0.339R (19t insuf)
2026-06-30 12:10:23    Piete: ['AUDNZD']
2026-06-30 12:10:23    TF: M15 (trend M30) | PW=8 | BOTH
2026-06-30 12:10:23    Output: C:\trading-bot\data\live_signals\session19
2026-06-30 12:10:23  =================================================================
2026-06-30 12:10:23  MT5: 52906593 @ ICMarketsEU-Demo (DEMO)
2026-06-30 12:10:23    [ORPHAN] Nicio pozitie MT5 fara corespondent — state consistent cu MT5.
2026-06-30 12:10:23  Simboluri active: ['AUDNZD']
2026-06-30 12:10:23  Pornit. Ctrl+C pentru oprire.

2026-06-30 12:10:23  --- S19-AUDNZD iter 1 @ 12:10:23 ---
2026-06-30 12:10:23    Niciun semnal nou. Pendinge: 0
2026-06-30 12:10:23    Urmatoarea bara 15min @ 12:15:05 — 281s
2026-06-30 12:15:05  --- S19-AUDNZD iter 2 @ 12:15:05 ---
2026-06-30 12:15:05    Niciun semnal nou. Pendinge: 0
2026-06-30 12:15:05    Urmatoarea bara 15min @ 12:30:05 — 900s
2026-06-30 12:30:05  --- S19-AUDNZD iter 3 @ 12:30:05 ---
2026-06-30 12:30:05    Niciun semnal nou. Pendinge: 0
2026-06-30 12:30:05    Urmatoarea bara 15min @ 12:45:05 — 900s
2026-06-30 12:45:05  --- S19-AUDNZD iter 4 @ 12:45:05 ---
2026-06-30 12:45:05    Niciun semnal nou. Pendinge: 0
2026-06-30 12:45:05    Urmatoarea bara 15min @ 13:00:05 — 900s
2026-06-30 13:00:05  --- S19-AUDNZD iter 5 @ 13:00:05 ---
2026-06-30 13:00:05    Niciun semnal nou. Pendinge: 0
2026-06-30 13:00:05    Urmatoarea bara 15min @ 13:15:05 — 900s
2026-06-30 13:15:05  --- S19-AUDNZD iter 6 @ 13:15:05 ---
2026-06-30 13:15:05    Niciun semnal nou. Pendinge: 0
2026-06-30 13:15:05    Urmatoarea bara 15min @ 13:30:05 — 900s
2026-06-30 13:30:05  --- S19-AUDNZD iter 7 @ 13:30:05 ---
2026-06-30 13:30:05    Niciun semnal nou. Pendinge: 0
2026-06-30 13:30:05    Urmatoarea bara 15min @ 13:45:05 — 900s
2026-06-30 13:45:05  --- S19-AUDNZD iter 8 @ 13:45:05 ---
2026-06-30 13:45:05    Niciun semnal nou. Pendinge: 0
2026-06-30 13:45:05    Urmatoarea bara 15min @ 14:00:05 — 900s
2026-06-30 14:00:05  --- S19-AUDNZD iter 9 @ 14:00:05 ---
2026-06-30 14:00:05    Niciun semnal nou. Pendinge: 0
2026-06-30 14:00:05    Urmatoarea bara 15min @ 14:15:05 — 900s
2026-06-30 14:15:05  --- S19-AUDNZD iter 10 @ 14:15:05 ---
2026-06-30 14:15:05    Niciun semnal nou. Pendinge: 0
2026-06-30 14:15:05    Urmatoarea bara 15min @ 14:30:05 — 900s
2026-06-30 14:30:04  --- S19-AUDNZD iter 11 @ 14:30:04 ---
2026-06-30 14:30:05    Niciun semnal nou. Pendinge: 0
2026-06-30 14:30:05    Urmatoarea bara 15min @ 14:45:05 — 900s
2026-06-30 14:45:04  --- S19-AUDNZD iter 12 @ 14:45:04 ---
2026-06-30 14:45:05    Niciun semnal nou. Pendinge: 0
2026-06-30 14:45:05    Urmatoarea bara 15min @ 15:00:05 — 900s
2026-06-30 15:00:04  --- S19-AUDNZD iter 13 @ 15:00:04 ---
2026-06-30 15:00:05    Niciun semnal nou. Pendinge: 0
2026-06-30 15:00:05    Urmatoarea bara 15min @ 15:15:05 — 900s
2026-06-30 15:05:25    [PROFIL] Profil 'Standard Profile' aplicat pe session19.
2026-06-30 15:05:25  =================================================================
2026-06-30 15:05:25    S19-AUDNZD — AUDNZD M15+M30 BOTH pw=8 pullback | test +0.339R (19t insuf)
2026-06-30 15:05:25    Piete: ['AUDNZD']
2026-06-30 15:05:25    TF: M15 (trend M30) | PW=8 | BOTH
2026-06-30 15:05:25    Output: C:\trading-bot\data\live_signals\session19
2026-06-30 15:05:25  =================================================================
2026-06-30 15:05:25  MT5: 52906593 @ ICMarketsEU-Demo (DEMO)
2026-06-30 15:05:26    [ORPHAN] Nicio pozitie MT5 fara corespondent — state consistent cu MT5.
2026-06-30 15:05:26  Simboluri active: ['AUDNZD']
2026-06-30 15:05:26  Pornit. Ctrl+C pentru oprire.

2026-06-30 15:05:26  --- S19-AUDNZD iter 1 @ 15:05:26 ---
2026-06-30 15:05:26    Niciun semnal nou. Pendinge: 0
2026-06-30 15:05:26    Urmatoarea bara 15min @ 15:15:05 — 579s
2026-06-30 15:15:04  --- S19-AUDNZD iter 2 @ 15:15:04 ---
2026-06-30 15:15:05    Niciun semnal nou. Pendinge: 0
2026-06-30 15:15:05    Urmatoarea bara 15min @ 15:30:05 — 900s
2026-06-30 15:27:16    [PROFIL] Profil 'Standard Profile' aplicat pe session19.
2026-06-30 15:27:16  =================================================================
2026-06-30 15:27:16    S19-AUDNZD — AUDNZD M15+M30 BOTH pw=8 pullback | test +0.339R (19t insuf)
2026-06-30 15:27:16    Piete: ['AUDNZD']
2026-06-30 15:27:16    TF: M15 (trend M30) | PW=8 | BOTH
2026-06-30 15:27:16    Output: C:\trading-bot\data\live_signals\session19
2026-06-30 15:27:16  =================================================================
2026-06-30 15:27:16  MT5: 52906593 @ ICMarketsEU-Demo (DEMO)
2026-06-30 15:27:16    [ORPHAN] Nicio pozitie MT5 fara corespondent — state consistent cu MT5.
2026-06-30 15:27:16  Simboluri active: ['AUDNZD']
2026-06-30 15:27:16  Pornit. Ctrl+C pentru oprire.

2026-06-30 15:27:16  --- S19-AUDNZD iter 1 @ 15:27:16 ---
2026-06-30 15:27:16    Niciun semnal nou. Pendinge: 0
2026-06-30 15:27:16    Urmatoarea bara 15min @ 15:30:05 — 169s
2026-06-30 15:30:04  --- S19-AUDNZD iter 2 @ 15:30:04 ---
2026-06-30 15:30:05    Niciun semnal nou. Pendinge: 0
2026-06-30 15:30:05    Urmatoarea bara 15min @ 15:45:05 — 900s
2026-06-30 15:45:04  --- S19-AUDNZD iter 3 @ 15:45:04 ---
2026-06-30 15:45:05    Niciun semnal nou. Pendinge: 0
2026-06-30 15:45:05    Urmatoarea bara 15min @ 16:00:05 — 900s
2026-06-30 16:00:04  --- S19-AUDNZD iter 4 @ 16:00:04 ---
2026-06-30 16:00:05    Niciun semnal nou. Pendinge: 0
2026-06-30 16:00:05    Urmatoarea bara 15min @ 16:15:05 — 900s
2026-06-30 16:08:30    [PROFIL] Profil 'Standard Profile' aplicat pe session19.
2026-06-30 16:08:30  =================================================================
2026-06-30 16:08:30    S19-AUDNZD — AUDNZD M15+M30 BOTH pw=8 pullback | test +0.339R (19t insuf)
2026-06-30 16:08:30    Piete: ['AUDNZD']
2026-06-30 16:08:30    TF: M15 (trend M30) | PW=8 | BOTH
2026-06-30 16:08:30    Output: C:\trading-bot\data\live_signals\session19
2026-06-30 16:08:30  =================================================================
2026-06-30 16:08:30  MT5: 52906593 @ ICMarketsEU-Demo (DEMO)
2026-06-30 16:08:30    [ORPHAN] Nicio pozitie MT5 fara corespondent — state consistent cu MT5.
2026-06-30 16:08:30  Simboluri active: ['AUDNZD']
2026-06-30 16:08:30  Pornit. Ctrl+C pentru oprire.

2026-06-30 16:08:30  --- S19-AUDNZD iter 1 @ 16:08:30 ---
2026-06-30 16:08:30    Niciun semnal nou. Pendinge: 0
2026-06-30 16:08:30    Urmatoarea bara 15min @ 16:15:05 — 394s
2026-06-30 16:15:04  --- S19-AUDNZD iter 2 @ 16:15:04 ---
2026-06-30 16:15:05    Niciun semnal nou. Pendinge: 0
2026-06-30 16:15:05    Urmatoarea bara 15min @ 16:30:05 — 900s
2026-06-30 16:30:04  --- S19-AUDNZD iter 3 @ 16:30:04 ---
2026-06-30 16:30:05    Niciun semnal nou. Pendinge: 0
2026-06-30 16:30:05    Urmatoarea bara 15min @ 16:45:05 — 900s
2026-06-30 16:40:27    [PROFIL] Profil 'Standard Profile' aplicat pe session19.
2026-06-30 16:40:27  =================================================================
2026-06-30 16:40:27    S19-AUDNZD — AUDNZD M15+M30 BOTH pw=8 pullback | test +0.339R (19t insuf)
2026-06-30 16:40:27    Piete: ['AUDNZD']
2026-06-30 16:40:27    TF: M15 (trend M30) | PW=8 | BOTH
2026-06-30 16:40:27    Output: C:\trading-bot\data\live_signals\session19
2026-06-30 16:40:27  =================================================================
2026-06-30 16:40:27  MT5: 52906593 @ ICMarketsEU-Demo (DEMO)
2026-06-30 16:40:27    [ORPHAN] Nicio pozitie MT5 fara corespondent — state consistent cu MT5.
2026-06-30 16:40:27  Simboluri active: ['AUDNZD']
2026-06-30 16:40:27  Pornit. Ctrl+C pentru oprire.

2026-06-30 16:40:27  --- S19-AUDNZD iter 1 @ 16:40:27 ---
2026-06-30 16:40:27    Niciun semnal nou. Pendinge: 0
2026-06-30 16:40:27    Urmatoarea bara 15min @ 16:45:05 — 277s
2026-06-30 16:45:05  --- S19-AUDNZD iter 2 @ 16:45:05 ---
2026-06-30 16:45:05    Niciun semnal nou. Pendinge: 0
2026-06-30 16:45:05    Urmatoarea bara 15min @ 17:00:05 — 900s
2026-06-30 17:00:04  --- S19-AUDNZD iter 3 @ 17:00:04 ---
2026-06-30 17:00:05    Niciun semnal nou. Pendinge: 0
2026-06-30 17:00:05    Urmatoarea bara 15min @ 17:15:05 — 900s
2026-06-30 17:11:32    [PROFIL] Profil 'Standard Profile' aplicat pe session19.
2026-06-30 17:11:32  =================================================================
2026-06-30 17:11:32    S19-AUDNZD — AUDNZD M15+M30 BOTH pw=8 pullback | test +0.339R (19t insuf)
2026-06-30 17:11:32    Piete: ['AUDNZD']
2026-06-30 17:11:32    TF: M15 (trend M30) | PW=8 | BOTH
2026-06-30 17:11:32    Output: C:\trading-bot\data\live_signals\session19
2026-06-30 17:11:32  =================================================================
2026-06-30 17:11:32  MT5: 52906593 @ ICMarketsEU-Demo (DEMO)
2026-06-30 17:11:32    [ORPHAN] Nicio pozitie MT5 fara corespondent — state consistent cu MT5.
2026-06-30 17:11:32  Simboluri active: ['AUDNZD']
2026-06-30 17:11:32  Pornit. Ctrl+C pentru oprire.

2026-06-30 17:11:32  --- S19-AUDNZD iter 1 @ 17:11:32 ---
2026-06-30 17:11:32    Niciun semnal nou. Pendinge: 0
2026-06-30 17:11:32    Urmatoarea bara 15min @ 17:15:05 — 212s
2026-06-30 17:15:05  --- S19-AUDNZD iter 2 @ 17:15:05 ---
2026-06-30 17:15:05    Niciun semnal nou. Pendinge: 0
2026-06-30 17:15:05    Urmatoarea bara 15min @ 17:30:05 — 900s
2026-06-30 17:30:05  --- S19-AUDNZD iter 3 @ 17:30:05 ---
2026-06-30 17:30:05    Niciun semnal nou. Pendinge: 0
2026-06-30 17:30:05    Urmatoarea bara 15min @ 17:45:05 — 900s
2026-06-30 17:45:04  --- S19-AUDNZD iter 4 @ 17:45:04 ---
2026-06-30 17:45:05    Niciun semnal nou. Pendinge: 0
2026-06-30 17:45:05    Urmatoarea bara 15min @ 18:00:05 — 900s
2026-06-30 17:51:03    [PROFIL] Profil 'Standard Profile' aplicat pe session19.
2026-06-30 17:51:03  =================================================================
2026-06-30 17:51:03    S19-AUDNZD — AUDNZD M15+M30 BOTH pw=8 pullback | test +0.339R (19t insuf)
2026-06-30 17:51:03    Piete: ['AUDNZD']
2026-06-30 17:51:03    TF: M15 (trend M30) | PW=8 | BOTH
2026-06-30 17:51:03    Output: C:\trading-bot\data\live_signals\session19
2026-06-30 17:51:03  =================================================================
2026-06-30 17:51:03  MT5: 52906593 @ ICMarketsEU-Demo (DEMO)
2026-06-30 17:51:03    [ORPHAN] Nicio pozitie MT5 fara corespondent — state consistent cu MT5.
2026-06-30 17:51:03  Simboluri active: ['AUDNZD']
2026-06-30 17:51:03  Pornit. Ctrl+C pentru oprire.

2026-06-30 17:51:03  --- S19-AUDNZD iter 1 @ 17:51:03 ---
2026-06-30 17:51:03    Niciun semnal nou. Pendinge: 0
2026-06-30 17:51:03    Urmatoarea bara 15min @ 18:00:05 — 541s
2026-06-30 17:55:53    [PROFIL] Profil 'Standard Profile' aplicat pe session19.
2026-06-30 17:55:53  =================================================================
2026-06-30 17:55:53    S19-AUDNZD — AUDNZD M15+M30 BOTH pw=8 pullback | test +0.339R (19t insuf)
2026-06-30 17:55:53    Piete: ['AUDNZD']
2026-06-30 17:55:53    TF: M15 (trend M30) | PW=8 | BOTH
2026-06-30 17:55:53    Output: C:\trading-bot\data\live_signals\session19
2026-06-30 17:55:53  =================================================================
2026-06-30 17:55:53  MT5: 52906593 @ ICMarketsEU-Demo (DEMO)
2026-06-30 17:55:53    [ORPHAN] Nicio pozitie MT5 fara corespondent — state consistent cu MT5.
2026-06-30 17:55:53  Simboluri active: ['AUDNZD']
2026-06-30 17:55:53  Pornit. Ctrl+C pentru oprire.

2026-06-30 17:55:53  --- S19-AUDNZD iter 1 @ 17:55:53 ---
2026-06-30 17:55:53    Niciun semnal nou. Pendinge: 0
2026-06-30 17:55:53    Urmatoarea bara 15min @ 18:00:05 — 252s
2026-06-30 18:00:05  --- S19-AUDNZD iter 2 @ 18:00:05 ---
2026-06-30 18:00:05    Niciun semnal nou. Pendinge: 0
2026-06-30 18:00:05    Urmatoarea bara 15min @ 18:15:05 — 900s
2026-06-30 18:04:20    [PROFIL] Profil 'Standard Profile' aplicat pe session19.
2026-06-30 18:04:20  =================================================================
2026-06-30 18:04:20    S19-AUDNZD — AUDNZD M15+M30 BOTH pw=8 pullback | test +0.339R (19t insuf)
2026-06-30 18:04:20    Piete: ['AUDNZD']
2026-06-30 18:04:20    TF: M15 (trend M30) | PW=8 | BOTH
2026-06-30 18:04:20    Output: C:\trading-bot\data\live_signals\session19
2026-06-30 18:04:20  =================================================================
2026-06-30 18:04:20  MT5: 52906593 @ ICMarketsEU-Demo (DEMO)
2026-06-30 18:04:20    [ORPHAN] Nicio pozitie MT5 fara corespondent — state consistent cu MT5.
2026-06-30 18:04:20  Simboluri active: ['AUDNZD']
2026-06-30 18:04:20  Pornit. Ctrl+C pentru oprire.

2026-06-30 18:04:20  --- S19-AUDNZD iter 1 @ 18:04:20 ---
2026-06-30 18:04:20    Niciun semnal nou. Pendinge: 0
2026-06-30 18:04:20    Urmatoarea bara 15min @ 18:15:05 — 644s
2026-06-30 18:12:53    [PROFIL] Profil 'Standard Profile' aplicat pe session19.
2026-06-30 18:12:53  =================================================================
2026-06-30 18:12:53    S19-AUDNZD — AUDNZD M15+M30 BOTH pw=8 pullback | test +0.339R (19t insuf)
2026-06-30 18:12:53    Piete: ['AUDNZD']
2026-06-30 18:12:53    TF: M15 (trend M30) | PW=8 | BOTH
2026-06-30 18:12:53    Output: C:\trading-bot\data\live_signals\session19
2026-06-30 18:12:53  =================================================================
2026-06-30 18:12:53  MT5: 52906593 @ ICMarketsEU-Demo (DEMO)
2026-06-30 18:12:53    [ORPHAN] Nicio pozitie MT5 fara corespondent — state consistent cu MT5.
2026-06-30 18:12:53  Simboluri active: ['AUDNZD']
2026-06-30 18:12:53  Pornit. Ctrl+C pentru oprire.

2026-06-30 18:12:53  --- S19-AUDNZD iter 1 @ 18:12:53 ---
2026-06-30 18:12:53    Niciun semnal nou. Pendinge: 0
2026-06-30 18:12:53    Urmatoarea bara 15min @ 18:15:05 — 132s
2026-06-30 18:15:05  --- S19-AUDNZD iter 2 @ 18:15:05 ---
2026-06-30 18:15:05    Niciun semnal nou. Pendinge: 0
2026-06-30 18:15:05    Urmatoarea bara 15min @ 18:30:05 — 900s
2026-06-30 18:30:05  --- S19-AUDNZD iter 3 @ 18:30:05 ---
2026-06-30 18:30:05    Niciun semnal nou. Pendinge: 0
2026-06-30 18:30:05    Urmatoarea bara 15min @ 18:45:05 — 900s
2026-06-30 18:45:05  --- S19-AUDNZD iter 4 @ 18:45:05 ---
2026-06-30 18:45:05    Niciun semnal nou. Pendinge: 0
2026-06-30 18:45:05    Urmatoarea bara 15min @ 19:00:05 — 900s
2026-06-30 19:00:05  --- S19-AUDNZD iter 5 @ 19:00:05 ---
2026-06-30 19:00:05    Niciun semnal nou. Pendinge: 0
2026-06-30 19:00:05    Urmatoarea bara 15min @ 19:15:05 — 900s
2026-06-30 19:15:05  --- S19-AUDNZD iter 6 @ 19:15:05 ---
2026-06-30 19:15:05    Niciun semnal nou. Pendinge: 0
2026-06-30 19:15:05    Urmatoarea bara 15min @ 19:30:05 — 900s
2026-06-30 19:30:05  --- S19-AUDNZD iter 7 @ 19:30:05 ---
2026-06-30 19:30:05    Niciun semnal nou. Pendinge: 0
2026-06-30 19:30:05    Urmatoarea bara 15min @ 19:45:05 — 900s
2026-06-30 19:33:07    [PROFIL] Profil 'Standard Profile' aplicat pe session19.
2026-06-30 19:33:07  =================================================================
2026-06-30 19:33:07    S19-AUDNZD — AUDNZD M15+M30 BOTH pw=8 pullback | test +0.339R (19t insuf)
2026-06-30 19:33:07    Piete: ['AUDNZD']
2026-06-30 19:33:07    TF: M15 (trend M30) | PW=8 | BOTH
2026-06-30 19:33:07    Output: C:\trading-bot\data\live_signals\session19
2026-06-30 19:33:07  =================================================================
2026-06-30 19:33:07  MT5: 52906593 @ ICMarketsEU-Demo (DEMO)
2026-06-30 19:33:07    [ORPHAN] Nicio pozitie MT5 fara corespondent — state consistent cu MT5.
2026-06-30 19:33:07  Simboluri active: ['AUDNZD']
2026-06-30 19:33:07  Pornit. Ctrl+C pentru oprire.

2026-06-30 19:33:07  --- S19-AUDNZD iter 1 @ 19:33:07 ---
2026-06-30 19:33:07    Niciun semnal nou. Pendinge: 0
2026-06-30 19:33:07    Urmatoarea bara 15min @ 19:45:05 — 718s
2026-06-30 19:45:05  --- S19-AUDNZD iter 2 @ 19:45:05 ---
2026-06-30 19:45:05    Niciun semnal nou. Pendinge: 0
2026-06-30 19:45:05    Urmatoarea bara 15min @ 20:00:05 — 900s
2026-06-30 20:00:05  --- S19-AUDNZD iter 3 @ 20:00:05 ---
2026-06-30 20:00:05    Niciun semnal nou. Pendinge: 0
2026-06-30 20:00:05    Urmatoarea bara 15min @ 20:15:05 — 900s
2026-06-30 20:15:05  --- S19-AUDNZD iter 4 @ 20:15:05 ---
2026-06-30 20:15:05    Niciun semnal nou. Pendinge: 0
2026-06-30 20:15:05    Urmatoarea bara 15min @ 20:30:05 — 900s
2026-06-30 20:30:05  --- S19-AUDNZD iter 5 @ 20:30:05 ---
2026-06-30 20:30:05    Niciun semnal nou. Pendinge: 0
2026-06-30 20:30:05    Urmatoarea bara 15min @ 20:45:05 — 900s
2026-06-30 20:45:05  --- S19-AUDNZD iter 6 @ 20:45:05 ---
2026-06-30 20:45:05    Niciun semnal nou. Pendinge: 0
2026-06-30 20:45:05    Urmatoarea bara 15min @ 21:00:05 — 900s
2026-06-30 21:00:37    [PROFIL] Profil 'Standard Profile' aplicat pe session19.
2026-06-30 21:00:37  =================================================================
2026-06-30 21:00:37    S19-AUDNZD — AUDNZD M15+M30 BOTH pw=8 pullback | test +0.339R (19t insuf)
2026-06-30 21:00:37    Piete: ['AUDNZD']
2026-06-30 21:00:37    TF: M15 (trend M30) | PW=8 | BOTH
2026-06-30 21:00:37    Output: C:\trading-bot\data\live_signals\session19
2026-06-30 21:00:37  =================================================================
2026-06-30 21:00:37  MT5: 52906593 @ ICMarketsEU-Demo (DEMO)
2026-06-30 21:00:37    [ORPHAN] Nicio pozitie MT5 fara corespondent — state consistent cu MT5.
2026-06-30 21:00:37  Simboluri active: ['AUDNZD']
2026-06-30 21:00:37  Pornit. Ctrl+C pentru oprire.

2026-06-30 21:00:37  --- S19-AUDNZD iter 1 @ 21:00:37 ---
2026-06-30 21:00:37    Niciun semnal nou. Pendinge: 0
2026-06-30 21:00:37    Urmatoarea bara 15min @ 21:15:05 — 868s
2026-06-30 21:15:05  --- S19-AUDNZD iter 2 @ 21:15:05 ---
2026-06-30 21:15:05    Niciun semnal nou. Pendinge: 0
2026-06-30 21:15:05    Urmatoarea bara 15min @ 21:30:05 — 900s
2026-06-30 21:23:53    [PROFIL] Profil 'Standard Profile' aplicat pe session19.
2026-06-30 21:23:53  =================================================================
2026-06-30 21:23:53    S19-AUDNZD — AUDNZD M15+M30 BOTH pw=8 pullback | test +0.339R (19t insuf)
2026-06-30 21:23:53    Piete: ['AUDNZD']
2026-06-30 21:23:53    TF: M15 (trend M30) | PW=8 | BOTH
2026-06-30 21:23:53    Output: C:\trading-bot\data\live_signals\session19
2026-06-30 21:23:53  =================================================================
2026-06-30 21:23:53  MT5: 52906593 @ ICMarketsEU-Demo (DEMO)
2026-06-30 21:23:53    [ORPHAN] Nicio pozitie MT5 fara corespondent — state consistent cu MT5.
2026-06-30 21:23:53  Simboluri active: ['AUDNZD']
2026-06-30 21:23:53  Pornit. Ctrl+C pentru oprire.

2026-06-30 21:23:53  --- S19-AUDNZD iter 1 @ 21:23:53 ---
2026-06-30 21:23:53    Niciun semnal nou. Pendinge: 0
2026-06-30 21:23:53    Urmatoarea bara 15min @ 21:30:05 — 371s
2026-06-30 21:24:50    [PROFIL] Profil 'Standard Profile' aplicat pe session19.
2026-06-30 21:24:50  =================================================================
2026-06-30 21:24:50    S19-AUDNZD — AUDNZD M15+M30 BOTH pw=8 pullback | test +0.339R (19t insuf)
2026-06-30 21:24:50    Piete: ['AUDNZD']
2026-06-30 21:24:50    TF: M15 (trend M30) | PW=8 | BOTH
2026-06-30 21:24:50    Output: C:\trading-bot\data\live_signals\session19
2026-06-30 21:24:50  =================================================================
2026-06-30 21:24:50  MT5: 52906593 @ ICMarketsEU-Demo (DEMO)
2026-06-30 21:24:50    [ORPHAN] Nicio pozitie MT5 fara corespondent — state consistent cu MT5.
2026-06-30 21:24:50  Simboluri active: ['AUDNZD']
2026-06-30 21:24:50  Pornit. Ctrl+C pentru oprire.

2026-06-30 21:24:50  --- S19-AUDNZD iter 1 @ 21:24:50 ---
2026-06-30 21:24:50    Niciun semnal nou. Pendinge: 0
2026-06-30 21:24:50    Urmatoarea bara 15min @ 21:30:05 — 314s
2026-06-30 21:30:05  --- S19-AUDNZD iter 2 @ 21:30:05 ---
2026-06-30 21:30:05    Niciun semnal nou. Pendinge: 0
2026-06-30 21:30:05    Urmatoarea bara 15min @ 21:45:05 — 900s
2026-06-30 21:45:05  --- S19-AUDNZD iter 3 @ 21:45:05 ---
2026-06-30 21:45:05    Niciun semnal nou. Pendinge: 0
2026-06-30 21:45:05    Urmatoarea bara 15min @ 22:00:05 — 900s
2026-06-30 22:00:05  --- S19-AUDNZD iter 4 @ 22:00:05 ---
2026-06-30 22:00:05    Niciun semnal nou. Pendinge: 0
2026-06-30 22:00:05    Urmatoarea bara 15min @ 22:15:05 — 900s
2026-06-30 22:01:39    [PROFIL] Profil 'Standard Profile' aplicat pe session19.
2026-06-30 22:01:39  =================================================================
2026-06-30 22:01:39    S19-AUDNZD — AUDNZD M15+M30 BOTH pw=8 pullback | test +0.339R (19t insuf)
2026-06-30 22:01:39    Piete: ['AUDNZD']
2026-06-30 22:01:39    TF: M15 (trend M30) | PW=8 | BOTH
2026-06-30 22:01:39    Output: C:\trading-bot\data\live_signals\session19
2026-06-30 22:01:39  =================================================================
2026-06-30 22:01:39  MT5: 52906593 @ ICMarketsEU-Demo (DEMO)
2026-06-30 22:01:39    [ORPHAN] Nicio pozitie MT5 fara corespondent — state consistent cu MT5.
2026-06-30 22:01:39  Simboluri active: ['AUDNZD']
2026-06-30 22:01:39  Pornit. Ctrl+C pentru oprire.

2026-06-30 22:01:39  --- S19-AUDNZD iter 1 @ 22:01:39 ---
2026-06-30 22:01:39    Niciun semnal nou. Pendinge: 0
2026-06-30 22:01:39    Urmatoarea bara 15min @ 22:15:05 — 805s
2026-06-30 22:15:05  --- S19-AUDNZD iter 2 @ 22:15:05 ---
2026-06-30 22:15:05    Niciun semnal nou. Pendinge: 0
2026-06-30 22:15:05    Urmatoarea bara 15min @ 22:30:05 — 900s
2026-06-30 22:30:05  --- S19-AUDNZD iter 3 @ 22:30:05 ---
2026-06-30 22:30:05    Niciun semnal nou. Pendinge: 0
2026-06-30 22:30:05    Urmatoarea bara 15min @ 22:45:05 — 900s
2026-06-30 22:45:05  --- S19-AUDNZD iter 4 @ 22:45:05 ---
2026-06-30 22:45:05    Niciun semnal nou. Pendinge: 0
2026-06-30 22:45:05    Urmatoarea bara 15min @ 23:00:05 — 900s
2026-06-30 22:57:58    [PROFIL] Profil 'Standard Profile' aplicat pe session19.
2026-06-30 22:57:58  =================================================================
2026-06-30 22:57:58    S19-AUDNZD — AUDNZD M15+M30 BOTH pw=8 pullback | test +0.339R (19t insuf)
2026-06-30 22:57:58    Piete: ['AUDNZD']
2026-06-30 22:57:58    TF: M15 (trend M30) | PW=8 | BOTH
2026-06-30 22:57:58    Output: C:\trading-bot\data\live_signals\session19
2026-06-30 22:57:58  =================================================================
2026-06-30 22:57:58  MT5: 52906593 @ ICMarketsEU-Demo (DEMO)
2026-06-30 22:57:58    [ORPHAN] Nicio pozitie MT5 fara corespondent — state consistent cu MT5.
2026-06-30 22:57:58  Simboluri active: ['AUDNZD']
2026-06-30 22:57:58  Pornit. Ctrl+C pentru oprire.

2026-06-30 22:57:58  --- S19-AUDNZD iter 1 @ 22:57:58 ---
2026-06-30 22:57:58    Niciun semnal nou. Pendinge: 0
2026-06-30 22:57:58    Urmatoarea bara 15min @ 23:00:05 — 126s
2026-06-30 23:00:05  --- S19-AUDNZD iter 2 @ 23:00:05 ---
2026-06-30 23:00:05    Niciun semnal nou. Pendinge: 0
2026-06-30 23:00:05    Urmatoarea bara 15min @ 23:15:05 — 900s
2026-06-30 23:15:05    [PROFIL] Profil 'Standard Profile' aplicat pe session19.
2026-06-30 23:15:05  =================================================================
2026-06-30 23:15:05    S19-AUDNZD — AUDNZD M15+M30 BOTH pw=8 pullback | test +0.339R (19t insuf)
2026-06-30 23:15:05    Piete: ['AUDNZD']
2026-06-30 23:15:05    TF: M15 (trend M30) | PW=8 | BOTH
2026-06-30 23:15:05    Output: C:\trading-bot\data\live_signals\session19
2026-06-30 23:15:05  =================================================================
2026-06-30 23:15:06  MT5: 52906593 @ ICMarketsEU-Demo (DEMO)
2026-06-30 23:15:06    [ORPHAN] Nicio pozitie MT5 fara corespondent — state consistent cu MT5.
2026-06-30 23:15:06  Simboluri active: ['AUDNZD']
2026-06-30 23:15:06  Pornit. Ctrl+C pentru oprire.

2026-06-30 23:15:06  --- S19-AUDNZD iter 1 @ 23:15:06 ---
2026-06-30 23:15:06    Niciun semnal nou. Pendinge: 0
2026-06-30 23:15:06    Urmatoarea bara 15min @ 23:30:05 — 899s
2026-06-30 23:20:57    [PROFIL] Profil 'Standard Profile' aplicat pe session19.
2026-06-30 23:20:57  =================================================================
2026-06-30 23:20:57    S19-AUDNZD — AUDNZD M15+M30 BOTH pw=8 pullback | test +0.339R (19t insuf)
2026-06-30 23:20:57    Piete: ['AUDNZD']
2026-06-30 23:20:57    TF: M15 (trend M30) | PW=8 | BOTH
2026-06-30 23:20:57    Output: C:\trading-bot\data\live_signals\session19
2026-06-30 23:20:57  =================================================================
2026-06-30 23:20:57  MT5: 52906593 @ ICMarketsEU-Demo (DEMO)
2026-06-30 23:20:57    [ORPHAN] Nicio pozitie MT5 fara corespondent — state consistent cu MT5.
2026-06-30 23:20:57  Simboluri active: ['AUDNZD']
2026-06-30 23:20:57  Pornit. Ctrl+C pentru oprire.

2026-06-30 23:20:57  --- S19-AUDNZD iter 1 @ 23:20:57 ---
2026-06-30 23:20:57    Niciun semnal nou. Pendinge: 0
2026-06-30 23:20:57    Urmatoarea bara 15min @ 23:30:05 — 547s
2026-06-30 23:30:05  --- S19-AUDNZD iter 2 @ 23:30:05 ---
2026-06-30 23:30:05    Niciun semnal nou. Pendinge: 0
2026-06-30 23:30:05    Urmatoarea bara 15min @ 23:45:05 — 900s
2026-06-30 23:45:05  --- S19-AUDNZD iter 3 @ 23:45:05 ---
2026-06-30 23:45:05    Niciun semnal nou. Pendinge: 0
2026-06-30 23:45:05    Urmatoarea bara 15min @ 00:00:05 — 900s
2026-07-01 00:00:05  --- S19-AUDNZD iter 4 @ 00:00:05 ---
2026-07-01 00:00:05    Niciun semnal nou. Pendinge: 0
2026-07-01 00:00:05    Urmatoarea bara 15min @ 00:15:05 — 900s
2026-07-01 00:15:05  --- S19-AUDNZD iter 5 @ 00:15:05 ---
2026-07-01 00:15:05    Niciun semnal nou. Pendinge: 0
2026-07-01 00:15:05    Urmatoarea bara 15min @ 00:30:05 — 900s
2026-07-01 00:30:05  --- S19-AUDNZD iter 6 @ 00:30:05 ---
2026-07-01 00:30:05    Niciun semnal nou. Pendinge: 0
2026-07-01 00:30:05    Urmatoarea bara 15min @ 00:45:05 — 900s
2026-07-01 00:45:05  --- S19-AUDNZD iter 7 @ 00:45:05 ---
2026-07-01 00:45:05    Niciun semnal nou. Pendinge: 0
2026-07-01 00:45:05    Urmatoarea bara 15min @ 01:00:05 — 900s
2026-07-01 01:00:05  --- S19-AUDNZD iter 8 @ 01:00:05 ---
2026-07-01 01:00:05    Niciun semnal nou. Pendinge: 0
2026-07-01 01:00:05    Urmatoarea bara 15min @ 01:15:05 — 900s
2026-07-01 01:15:05  --- S19-AUDNZD iter 9 @ 01:15:05 ---
2026-07-01 01:15:05    Niciun semnal nou. Pendinge: 0
2026-07-01 01:15:05    Urmatoarea bara 15min @ 01:30:05 — 900s
2026-07-01 01:30:05  --- S19-AUDNZD iter 10 @ 01:30:05 ---
2026-07-01 01:30:05    Niciun semnal nou. Pendinge: 0
2026-07-01 01:30:05    Urmatoarea bara 15min @ 01:45:05 — 900s
2026-07-01 01:45:05  --- S19-AUDNZD iter 11 @ 01:45:05 ---
2026-07-01 01:45:05    Niciun semnal nou. Pendinge: 0
2026-07-01 01:45:05    Urmatoarea bara 15min @ 02:00:05 — 900s
2026-07-01 02:00:05  --- S19-AUDNZD iter 12 @ 02:00:05 ---
2026-07-01 02:00:05    Niciun semnal nou. Pendinge: 0
2026-07-01 02:00:05    Urmatoarea bara 15min @ 02:15:05 — 899s
2026-07-01 02:15:05  --- S19-AUDNZD iter 13 @ 02:15:05 ---
2026-07-01 02:15:05    Niciun semnal nou. Pendinge: 0
2026-07-01 02:15:05    Urmatoarea bara 15min @ 02:30:05 — 900s
2026-07-01 02:30:05  --- S19-AUDNZD iter 14 @ 02:30:05 ---
2026-07-01 02:30:05    Niciun semnal nou. Pendinge: 0
2026-07-01 02:30:05    Urmatoarea bara 15min @ 02:45:05 — 900s
2026-07-01 02:45:05  --- S19-AUDNZD iter 15 @ 02:45:05 ---
2026-07-01 02:45:05    Niciun semnal nou. Pendinge: 0
2026-07-01 02:45:05    Urmatoarea bara 15min @ 03:00:05 — 900s
2026-07-01 03:00:05  --- S19-AUDNZD iter 16 @ 03:00:05 ---
2026-07-01 03:00:05    Niciun semnal nou. Pendinge: 0
2026-07-01 03:00:05    Urmatoarea bara 15min @ 03:15:05 — 900s
2026-07-01 03:15:05  --- S19-AUDNZD iter 17 @ 03:15:05 ---
2026-07-01 03:15:05    Niciun semnal nou. Pendinge: 0
2026-07-01 03:15:05    Urmatoarea bara 15min @ 03:30:05 — 900s
2026-07-01 03:30:05  --- S19-AUDNZD iter 18 @ 03:30:05 ---
2026-07-01 03:30:05    Niciun semnal nou. Pendinge: 0
2026-07-01 03:30:05    Urmatoarea bara 15min @ 03:45:05 — 900s
2026-07-01 03:45:05  --- S19-AUDNZD iter 19 @ 03:45:05 ---
2026-07-01 03:45:05    Niciun semnal nou. Pendinge: 0
2026-07-01 03:45:05    Urmatoarea bara 15min @ 04:00:05 — 900s
2026-07-01 04:00:05  --- S19-AUDNZD iter 20 @ 04:00:05 ---
2026-07-01 04:00:05    Niciun semnal nou. Pendinge: 0
2026-07-01 04:00:05    Urmatoarea bara 15min @ 04:15:05 — 900s
2026-07-01 04:15:05  --- S19-AUDNZD iter 21 @ 04:15:05 ---
2026-07-01 04:15:05    Niciun semnal nou. Pendinge: 0
2026-07-01 04:15:05    Urmatoarea bara 15min @ 04:30:05 — 900s
2026-07-01 04:30:05  --- S19-AUDNZD iter 22 @ 04:30:05 ---
2026-07-01 04:30:05    Niciun semnal nou. Pendinge: 0
2026-07-01 04:30:05    Urmatoarea bara 15min @ 04:45:05 — 900s
2026-07-01 04:45:05  --- S19-AUDNZD iter 23 @ 04:45:05 ---
2026-07-01 04:45:05    Niciun semnal nou. Pendinge: 0
2026-07-01 04:45:05    Urmatoarea bara 15min @ 05:00:05 — 900s
2026-07-01 05:00:05  --- S19-AUDNZD iter 24 @ 05:00:05 ---
2026-07-01 05:00:05    Niciun semnal nou. Pendinge: 0
2026-07-01 05:00:05    Urmatoarea bara 15min @ 05:15:05 — 900s
2026-07-01 05:15:05  --- S19-AUDNZD iter 25 @ 05:15:05 ---
2026-07-01 05:15:05    Niciun semnal nou. Pendinge: 0
2026-07-01 05:15:05    Urmatoarea bara 15min @ 05:30:05 — 900s
2026-07-01 05:30:05  --- S19-AUDNZD iter 26 @ 05:30:05 ---
2026-07-01 05:30:05    Niciun semnal nou. Pendinge: 0
2026-07-01 05:30:05    Urmatoarea bara 15min @ 05:45:05 — 900s
2026-07-01 05:45:05  --- S19-AUDNZD iter 27 @ 05:45:05 ---
2026-07-01 05:45:05    Niciun semnal nou. Pendinge: 0
2026-07-01 05:45:05    Urmatoarea bara 15min @ 06:00:05 — 900s
2026-07-01 06:00:05  --- S19-AUDNZD iter 28 @ 06:00:05 ---
2026-07-01 06:00:05    Niciun semnal nou. Pendinge: 0
2026-07-01 06:00:05    Urmatoarea bara 15min @ 06:15:05 — 900s
2026-07-01 06:15:05  --- S19-AUDNZD iter 29 @ 06:15:05 ---
2026-07-01 06:15:05    Niciun semnal nou. Pendinge: 0
2026-07-01 06:15:05    Urmatoarea bara 15min @ 06:30:05 — 900s
2026-07-01 06:30:05  --- S19-AUDNZD iter 30 @ 06:30:05 ---
2026-07-01 06:30:05    Niciun semnal nou. Pendinge: 0
2026-07-01 06:30:05    Urmatoarea bara 15min @ 06:45:05 — 900s
2026-07-01 06:45:05  --- S19-AUDNZD iter 31 @ 06:45:05 ---
2026-07-01 06:45:05    Niciun semnal nou. Pendinge: 0
2026-07-01 06:45:05    Urmatoarea bara 15min @ 07:00:05 — 900s
2026-07-01 07:00:05  --- S19-AUDNZD iter 32 @ 07:00:05 ---
2026-07-01 07:00:05    Niciun semnal nou. Pendinge: 0
2026-07-01 07:00:05    Urmatoarea bara 15min @ 07:15:05 — 900s
2026-07-01 07:15:05  --- S19-AUDNZD iter 33 @ 07:15:05 ---
2026-07-01 07:15:05    Niciun semnal nou. Pendinge: 0
2026-07-01 07:15:05    Urmatoarea bara 15min @ 07:30:05 — 900s
2026-07-01 07:30:05  --- S19-AUDNZD iter 34 @ 07:30:05 ---
2026-07-01 07:30:05    Niciun semnal nou. Pendinge: 0
2026-07-01 07:30:05    Urmatoarea bara 15min @ 07:45:05 — 900s
2026-07-01 07:45:05  --- S19-AUDNZD iter 35 @ 07:45:05 ---
2026-07-01 07:45:05    Niciun semnal nou. Pendinge: 0
2026-07-01 07:45:05    Urmatoarea bara 15min @ 08:00:05 — 900s
2026-07-01 08:00:05  --- S19-AUDNZD iter 36 @ 08:00:05 ---
2026-07-01 08:00:05    Niciun semnal nou. Pendinge: 0
2026-07-01 08:00:05    Urmatoarea bara 15min @ 08:15:05 — 899s
2026-07-01 08:15:05  --- S19-AUDNZD iter 37 @ 08:15:05 ---
2026-07-01 08:15:05    Niciun semnal nou. Pendinge: 0
2026-07-01 08:15:05    Urmatoarea bara 15min @ 08:30:05 — 900s
2026-07-01 08:30:05  --- S19-AUDNZD iter 38 @ 08:30:05 ---
2026-07-01 08:30:05    Niciun semnal nou. Pendinge: 0
2026-07-01 08:30:05    Urmatoarea bara 15min @ 08:45:05 — 900s
2026-07-01 08:45:05  --- S19-AUDNZD iter 39 @ 08:45:05 ---
2026-07-01 08:45:05    Niciun semnal nou. Pendinge: 0
2026-07-01 08:45:05    Urmatoarea bara 15min @ 09:00:05 — 900s
2026-07-01 09:00:05  --- S19-AUDNZD iter 40 @ 09:00:05 ---
2026-07-01 09:00:05    Niciun semnal nou. Pendinge: 0
2026-07-01 09:00:05    Urmatoarea bara 15min @ 09:15:05 — 900s
2026-07-01 09:15:05  --- S19-AUDNZD iter 41 @ 09:15:05 ---
2026-07-01 09:15:05    Niciun semnal nou. Pendinge: 0
2026-07-01 09:15:05    Urmatoarea bara 15min @ 09:30:05 — 900s
2026-07-01 09:16:56    [PROFIL] Profil 'Standard Profile' aplicat pe session19.
2026-07-01 09:16:56  =================================================================
2026-07-01 09:16:56    S19-AUDNZD — AUDNZD M15+M30 BOTH pw=8 pullback | test +0.339R (19t insuf)
2026-07-01 09:16:56    Piete: ['AUDNZD']
2026-07-01 09:16:56    TF: M15 (trend M30) | PW=8 | BOTH
2026-07-01 09:16:56    Output: C:\trading-bot\data\live_signals\session19
2026-07-01 09:16:56  =================================================================
2026-07-01 09:16:56  MT5: 52906593 @ ICMarketsEU-Demo (DEMO)
2026-07-01 09:16:56    [ORPHAN] Nicio pozitie MT5 fara corespondent — state consistent cu MT5.
2026-07-01 09:16:56  Simboluri active: ['AUDNZD']
2026-07-01 09:16:56  Pornit. Ctrl+C pentru oprire.

2026-07-01 09:16:56  --- S19-AUDNZD iter 1 @ 09:16:56 ---
2026-07-01 09:16:56    Niciun semnal nou. Pendinge: 0
2026-07-01 09:16:56    Urmatoarea bara 15min @ 09:30:05 — 789s
2026-07-01 09:30:05  --- S19-AUDNZD iter 2 @ 09:30:05 ---
2026-07-01 09:30:05    Niciun semnal nou. Pendinge: 0
2026-07-01 09:30:05    Urmatoarea bara 15min @ 09:45:05 — 900s
2026-07-01 09:45:05  --- S19-AUDNZD iter 3 @ 09:45:05 ---
2026-07-01 09:45:05    Niciun semnal nou. Pendinge: 0
2026-07-01 09:45:05    Urmatoarea bara 15min @ 10:00:05 — 900s
2026-07-01 09:46:46    [PROFIL] Profil 'Standard Profile' aplicat pe session19.
2026-07-01 09:46:46  =================================================================
2026-07-01 09:46:46    S19-AUDNZD — AUDNZD M15+M30 BOTH pw=8 pullback | test +0.339R (19t insuf)
2026-07-01 09:46:46    Piete: ['AUDNZD']
2026-07-01 09:46:46    TF: M15 (trend M30) | PW=8 | BOTH
2026-07-01 09:46:46    Output: C:\trading-bot\data\live_signals\session19
2026-07-01 09:46:46  =================================================================
2026-07-01 09:46:46  MT5: 52906593 @ ICMarketsEU-Demo (DEMO)
2026-07-01 09:46:46    [ORPHAN] Nicio pozitie MT5 fara corespondent — state consistent cu MT5.
2026-07-01 09:46:46  Simboluri active: ['AUDNZD']
2026-07-01 09:46:46  Pornit. Ctrl+C pentru oprire.

2026-07-01 09:46:46  --- S19-AUDNZD iter 1 @ 09:46:46 ---
2026-07-01 09:46:46    Niciun semnal nou. Pendinge: 0
2026-07-01 09:46:46    Urmatoarea bara 15min @ 10:00:05 — 798s
2026-07-01 10:00:05  --- S19-AUDNZD iter 2 @ 10:00:05 ---
2026-07-01 10:00:05    Niciun semnal nou. Pendinge: 0
2026-07-01 10:00:05    Urmatoarea bara 15min @ 10:15:05 — 900s
2026-07-01 10:15:05  --- S19-AUDNZD iter 3 @ 10:15:05 ---
2026-07-01 10:15:05    Niciun semnal nou. Pendinge: 0
2026-07-01 10:15:05    Urmatoarea bara 15min @ 10:30:05 — 900s
2026-07-01 10:17:23    [PROFIL] Profil 'Standard Profile' aplicat pe session19.
2026-07-01 10:17:23  =================================================================
2026-07-01 10:17:23    S19-AUDNZD — AUDNZD M15+M30 BOTH pw=8 pullback | test +0.339R (19t insuf)
2026-07-01 10:17:23    Piete: ['AUDNZD']
2026-07-01 10:17:23    TF: M15 (trend M30) | PW=8 | BOTH
2026-07-01 10:17:23    Output: C:\trading-bot\data\live_signals\session19
2026-07-01 10:17:23  =================================================================
2026-07-01 10:17:23  MT5: 52906593 @ ICMarketsEU-Demo (DEMO)
2026-07-01 10:17:23    [ORPHAN] Nicio pozitie MT5 fara corespondent — state consistent cu MT5.
2026-07-01 10:17:23  Simboluri active: ['AUDNZD']
2026-07-01 10:17:23  Pornit. Ctrl+C pentru oprire.

2026-07-01 10:17:23  --- S19-AUDNZD iter 1 @ 10:17:23 ---
2026-07-01 10:17:23    Niciun semnal nou. Pendinge: 0
2026-07-01 10:17:23    Urmatoarea bara 15min @ 10:30:05 — 761s
2026-07-01 10:30:05  --- S19-AUDNZD iter 2 @ 10:30:05 ---
2026-07-01 10:30:05    Niciun semnal nou. Pendinge: 0
2026-07-01 10:30:05    Urmatoarea bara 15min @ 10:45:05 — 900s
2026-07-01 10:42:47    [PROFIL] Profil 'Standard Profile' aplicat pe session19.
2026-07-01 10:42:47  =================================================================
2026-07-01 10:42:47    S19-AUDNZD — AUDNZD M15+M30 BOTH pw=8 pullback | test +0.339R (19t insuf)
2026-07-01 10:42:47    Piete: ['AUDNZD']
2026-07-01 10:42:47    TF: M15 (trend M30) | PW=8 | BOTH
2026-07-01 10:42:47    Output: C:\trading-bot\data\live_signals\session19
2026-07-01 10:42:47  =================================================================
2026-07-01 10:42:47  MT5: 52906593 @ ICMarketsEU-Demo (DEMO)
2026-07-01 10:42:47    [ORPHAN] Nicio pozitie MT5 fara corespondent — state consistent cu MT5.
2026-07-01 10:42:47  Simboluri active: ['AUDNZD']
2026-07-01 10:42:47  Pornit. Ctrl+C pentru oprire.

2026-07-01 10:42:47  --- S19-AUDNZD iter 1 @ 10:42:47 ---
2026-07-01 10:42:47    Niciun semnal nou. Pendinge: 0
2026-07-01 10:42:47    Urmatoarea bara 15min @ 10:45:05 — 137s
2026-07-01 10:45:05  --- S19-AUDNZD iter 2 @ 10:45:05 ---
2026-07-01 10:45:05    Niciun semnal nou. Pendinge: 0
2026-07-01 10:45:05    Urmatoarea bara 15min @ 11:00:05 — 900s
2026-07-01 11:00:05  --- S19-AUDNZD iter 3 @ 11:00:05 ---
2026-07-01 11:00:05    Niciun semnal nou. Pendinge: 0
2026-07-01 11:00:05    Urmatoarea bara 15min @ 11:15:05 — 900s
2026-07-01 11:15:05  --- S19-AUDNZD iter 4 @ 11:15:05 ---
2026-07-01 11:15:05    Niciun semnal nou. Pendinge: 0
2026-07-01 11:15:05    Urmatoarea bara 15min @ 11:30:05 — 900s
2026-07-01 11:30:05  --- S19-AUDNZD iter 5 @ 11:30:05 ---
2026-07-01 11:30:05    Niciun semnal nou. Pendinge: 0
2026-07-01 11:30:05    Urmatoarea bara 15min @ 11:45:05 — 900s
2026-07-01 11:33:34    [PROFIL] Profil 'Standard Profile' aplicat pe session19.
2026-07-01 11:33:34  =================================================================
2026-07-01 11:33:34    S19-AUDNZD — AUDNZD M15+M30 BOTH pw=8 pullback | test +0.339R (19t insuf)
2026-07-01 11:33:34    Piete: ['AUDNZD']
2026-07-01 11:33:34    TF: M15 (trend M30) | PW=8 | BOTH
2026-07-01 11:33:34    Output: C:\trading-bot\data\live_signals\session19
2026-07-01 11:33:34  =================================================================
2026-07-01 11:33:34  MT5: 52906593 @ ICMarketsEU-Demo (DEMO)
2026-07-01 11:33:34    [ORPHAN] Nicio pozitie MT5 fara corespondent — state consistent cu MT5.
2026-07-01 11:33:34  Simboluri active: ['AUDNZD']
2026-07-01 11:33:34  Pornit. Ctrl+C pentru oprire.

2026-07-01 11:33:34  --- S19-AUDNZD iter 1 @ 11:33:34 ---
2026-07-01 11:33:34    Niciun semnal nou. Pendinge: 0
2026-07-01 11:33:34    Urmatoarea bara 15min @ 11:45:05 — 691s
2026-07-01 11:45:05  --- S19-AUDNZD iter 2 @ 11:45:05 ---
2026-07-01 11:45:05    Niciun semnal nou. Pendinge: 0
2026-07-01 11:45:05    Urmatoarea bara 15min @ 12:00:05 — 900s
2026-07-01 11:53:27    [PROFIL] Profil 'Standard Profile' aplicat pe session19.
2026-07-01 11:53:27  =================================================================
2026-07-01 11:53:27    S19-AUDNZD — AUDNZD M15+M30 BOTH pw=8 pullback | test +0.339R (19t insuf)
2026-07-01 11:53:27    Piete: ['AUDNZD']
2026-07-01 11:53:27    TF: M15 (trend M30) | PW=8 | BOTH
2026-07-01 11:53:27    Output: C:\trading-bot\data\live_signals\session19
2026-07-01 11:53:27  =================================================================
2026-07-01 11:53:27  MT5: 52906593 @ ICMarketsEU-Demo (DEMO)
2026-07-01 11:53:27    [ORPHAN] Nicio pozitie MT5 fara corespondent — state consistent cu MT5.
2026-07-01 11:53:27  Simboluri active: ['AUDNZD']
2026-07-01 11:53:27  Pornit. Ctrl+C pentru oprire.

2026-07-01 11:53:27  --- S19-AUDNZD iter 1 @ 11:53:27 ---
2026-07-01 11:53:27    Niciun semnal nou. Pendinge: 0
2026-07-01 11:53:27    Urmatoarea bara 15min @ 12:00:05 — 398s
2026-07-01 12:00:05  --- S19-AUDNZD iter 2 @ 12:00:05 ---
2026-07-01 12:00:05    Niciun semnal nou. Pendinge: 0
2026-07-01 12:00:05    Urmatoarea bara 15min @ 12:15:05 — 900s
2026-07-01 12:15:05  --- S19-AUDNZD iter 3 @ 12:15:05 ---
2026-07-01 12:15:05    Niciun semnal nou. Pendinge: 0
2026-07-01 12:15:05    Urmatoarea bara 15min @ 12:30:05 — 900s
2026-07-01 12:30:05  --- S19-AUDNZD iter 4 @ 12:30:05 ---
2026-07-01 12:30:05    Niciun semnal nou. Pendinge: 0
2026-07-01 12:30:06    Urmatoarea bara 15min @ 12:45:05 — 899s
2026-07-01 12:45:05  --- S19-AUDNZD iter 5 @ 12:45:05 ---
2026-07-01 12:45:05    Niciun semnal nou. Pendinge: 0
2026-07-01 12:45:09    Urmatoarea bara 15min @ 13:00:05 — 895s
2026-07-01 13:00:05  --- S19-AUDNZD iter 6 @ 13:00:05 ---
2026-07-01 13:00:05    Niciun semnal nou. Pendinge: 0
2026-07-01 13:00:05    Urmatoarea bara 15min @ 13:15:05 — 900s
2026-07-01 13:15:05  --- S19-AUDNZD iter 7 @ 13:15:05 ---
2026-07-01 13:15:05    Niciun semnal nou. Pendinge: 0
2026-07-01 13:15:05    Urmatoarea bara 15min @ 13:30:05 — 900s
2026-07-01 13:30:05  --- S19-AUDNZD iter 8 @ 13:30:05 ---
2026-07-01 13:30:05    Niciun semnal nou. Pendinge: 0
2026-07-01 13:30:05    Urmatoarea bara 15min @ 13:45:05 — 900s
2026-07-01 13:45:05  --- S19-AUDNZD iter 9 @ 13:45:05 ---
2026-07-01 13:45:05    Niciun semnal nou. Pendinge: 0
2026-07-01 13:45:05    Urmatoarea bara 15min @ 14:00:05 — 900s
2026-07-01 14:00:05  --- S19-AUDNZD iter 10 @ 14:00:05 ---
2026-07-01 14:00:05    Niciun semnal nou. Pendinge: 0
2026-07-01 14:00:05    Urmatoarea bara 15min @ 14:15:05 — 900s
2026-07-01 14:15:05  --- S19-AUDNZD iter 11 @ 14:15:05 ---
2026-07-01 14:15:05    Niciun semnal nou. Pendinge: 0
2026-07-01 14:15:05    Urmatoarea bara 15min @ 14:30:05 — 900s
2026-07-01 14:30:05  --- S19-AUDNZD iter 12 @ 14:30:05 ---
2026-07-01 14:30:05    Niciun semnal nou. Pendinge: 0
2026-07-01 14:30:05    Urmatoarea bara 15min @ 14:45:05 — 900s
2026-07-01 14:45:05  --- S19-AUDNZD iter 13 @ 14:45:05 ---
2026-07-01 14:45:05    Niciun semnal nou. Pendinge: 0
2026-07-01 14:45:05    Urmatoarea bara 15min @ 15:00:05 — 900s
2026-07-01 15:00:05  --- S19-AUDNZD iter 14 @ 15:00:05 ---
2026-07-01 15:00:05    Niciun semnal nou. Pendinge: 0
2026-07-01 15:00:05    Urmatoarea bara 15min @ 15:15:05 — 900s
2026-07-01 15:15:05  --- S19-AUDNZD iter 15 @ 15:15:05 ---
2026-07-01 15:15:05    Niciun semnal nou. Pendinge: 0
2026-07-01 15:15:05    Urmatoarea bara 15min @ 15:30:05 — 900s
2026-07-01 15:30:05  --- S19-AUDNZD iter 16 @ 15:30:05 ---
2026-07-01 15:30:05    Niciun semnal nou. Pendinge: 0
2026-07-01 15:30:05    Urmatoarea bara 15min @ 15:45:05 — 900s
2026-07-01 15:45:05  --- S19-AUDNZD iter 17 @ 15:45:05 ---
2026-07-01 15:45:05    Niciun semnal nou. Pendinge: 0
2026-07-01 15:45:05    Urmatoarea bara 15min @ 16:00:05 — 900s
2026-07-01 16:00:05  --- S19-AUDNZD iter 18 @ 16:00:05 ---
2026-07-01 16:00:05    Niciun semnal nou. Pendinge: 0
2026-07-01 16:00:11    Urmatoarea bara 15min @ 16:15:05 — 894s
2026-07-01 16:07:47    [PROFIL] Profil 'Standard Profile' aplicat pe session19.
2026-07-01 16:07:47  =================================================================
2026-07-01 16:07:47    S19-AUDNZD — AUDNZD M15+M30 BOTH pw=8 pullback | test +0.339R (19t insuf)
2026-07-01 16:07:47    Piete: ['AUDNZD']
2026-07-01 16:07:47    TF: M15 (trend M30) | PW=8 | BOTH
2026-07-01 16:07:47    Output: C:\trading-bot\data\live_signals\session19
2026-07-01 16:07:47  =================================================================
2026-07-01 16:07:47  MT5: 52906593 @ ICMarketsEU-Demo (DEMO)
2026-07-01 16:07:47    [ORPHAN] Nicio pozitie MT5 fara corespondent — state consistent cu MT5.
2026-07-01 16:07:47  Simboluri active: ['AUDNZD']
2026-07-01 16:07:47  Pornit. Ctrl+C pentru oprire.

2026-07-01 16:07:47  --- S19-AUDNZD iter 1 @ 16:07:47 ---
2026-07-01 16:07:47    Niciun semnal nou. Pendinge: 0
2026-07-01 16:07:47    Urmatoarea bara 15min @ 16:15:05 — 437s
2026-07-01 16:15:05  --- S19-AUDNZD iter 2 @ 16:15:05 ---
2026-07-01 16:15:05    Niciun semnal nou. Pendinge: 0
2026-07-01 16:15:05    Urmatoarea bara 15min @ 16:30:05 — 900s
2026-07-01 16:30:05  --- S19-AUDNZD iter 3 @ 16:30:05 ---
2026-07-01 16:30:05    Niciun semnal nou. Pendinge: 0
2026-07-01 16:30:05    Urmatoarea bara 15min @ 16:45:05 — 900s
2026-07-01 16:45:05  --- S19-AUDNZD iter 4 @ 16:45:05 ---
2026-07-01 16:45:05    Niciun semnal nou. Pendinge: 0
2026-07-01 16:45:05    Urmatoarea bara 15min @ 17:00:05 — 900s
2026-07-01 17:00:05  --- S19-AUDNZD iter 5 @ 17:00:05 ---
2026-07-01 17:00:05    Niciun semnal nou. Pendinge: 0
2026-07-01 17:00:05    Urmatoarea bara 15min @ 17:15:05 — 900s
2026-07-01 17:15:05  --- S19-AUDNZD iter 6 @ 17:15:05 ---
2026-07-01 17:15:05    Niciun semnal nou. Pendinge: 0
2026-07-01 17:15:05    Urmatoarea bara 15min @ 17:30:05 — 900s
2026-07-01 17:30:05  --- S19-AUDNZD iter 7 @ 17:30:05 ---
2026-07-01 17:30:05    Niciun semnal nou. Pendinge: 0
2026-07-01 17:30:05    Urmatoarea bara 15min @ 17:45:05 — 900s
2026-07-01 17:40:05    [PROFIL] Profil 'Standard Profile' aplicat pe session19.
2026-07-01 17:40:05  =================================================================
2026-07-01 17:40:05    S19-AUDNZD — AUDNZD M15+M30 BOTH pw=8 pullback | test +0.339R (19t insuf)
2026-07-01 17:40:05    Piete: ['AUDNZD']
2026-07-01 17:40:05    TF: M15 (trend M30) | PW=8 | BOTH
2026-07-01 17:40:05    Output: C:\trading-bot\data\live_signals\session19
2026-07-01 17:40:05  =================================================================
2026-07-01 17:40:05  MT5: 52906593 @ ICMarketsEU-Demo (DEMO)
2026-07-01 17:40:05    [ORPHAN] Nicio pozitie MT5 fara corespondent — state consistent cu MT5.
2026-07-01 17:40:05  Simboluri active: ['AUDNZD']
2026-07-01 17:40:05  Pornit. Ctrl+C pentru oprire.

2026-07-01 17:40:05  --- S19-AUDNZD iter 1 @ 17:40:05 ---
2026-07-01 17:40:06    Niciun semnal nou. Pendinge: 0
2026-07-01 17:40:06    Urmatoarea bara 15min @ 17:45:05 — 299s
2026-07-01 17:45:05  --- S19-AUDNZD iter 2 @ 17:45:05 ---
2026-07-01 17:45:05    Niciun semnal nou. Pendinge: 0
2026-07-01 17:45:05    Urmatoarea bara 15min @ 18:00:05 — 900s
2026-07-01 18:00:05  --- S19-AUDNZD iter 3 @ 18:00:05 ---
2026-07-01 18:00:05    Niciun semnal nou. Pendinge: 0
2026-07-01 18:00:05    Urmatoarea bara 15min @ 18:15:05 — 900s
2026-07-01 18:15:05  --- S19-AUDNZD iter 4 @ 18:15:05 ---
2026-07-01 18:15:05    Niciun semnal nou. Pendinge: 0
2026-07-01 18:15:05    Urmatoarea bara 15min @ 18:30:05 — 900s
2026-07-01 18:30:05  --- S19-AUDNZD iter 5 @ 18:30:05 ---
2026-07-01 18:30:05    Niciun semnal nou. Pendinge: 0
2026-07-01 18:30:05    Urmatoarea bara 15min @ 18:45:05 — 900s
2026-07-01 18:45:05  --- S19-AUDNZD iter 6 @ 18:45:05 ---
2026-07-01 18:45:05    Niciun semnal nou. Pendinge: 0
2026-07-01 18:45:05    Urmatoarea bara 15min @ 19:00:05 — 900s
2026-07-01 19:00:05  --- S19-AUDNZD iter 7 @ 19:00:05 ---
2026-07-01 19:00:05    Niciun semnal nou. Pendinge: 0
2026-07-01 19:00:05    Urmatoarea bara 15min @ 19:15:05 — 900s
2026-07-01 19:15:05  --- S19-AUDNZD iter 8 @ 19:15:05 ---
2026-07-01 19:15:05    Niciun semnal nou. Pendinge: 0
2026-07-01 19:15:05    Urmatoarea bara 15min @ 19:30:05 — 900s
2026-07-01 19:30:05  --- S19-AUDNZD iter 9 @ 19:30:05 ---
2026-07-01 19:30:05    Niciun semnal nou. Pendinge: 0
2026-07-01 19:30:05    Urmatoarea bara 15min @ 19:45:05 — 900s
2026-07-01 19:40:59    [PROFIL] Profil 'Standard Profile' aplicat pe session19.
2026-07-01 19:40:59  =================================================================
2026-07-01 19:40:59    S19-AUDNZD — AUDNZD M15+M30 BOTH pw=8 pullback | test +0.339R (19t insuf)
2026-07-01 19:40:59    Piete: ['AUDNZD']
2026-07-01 19:40:59    TF: M15 (trend M30) | PW=8 | BOTH
2026-07-01 19:40:59    Output: C:\trading-bot\data\live_signals\session19
2026-07-01 19:40:59  =================================================================
2026-07-01 19:40:59  MT5: 52906593 @ ICMarketsEU-Demo (DEMO)
2026-07-01 19:40:59    [ORPHAN] Nicio pozitie MT5 fara corespondent — state consistent cu MT5.
2026-07-01 19:40:59  Simboluri active: ['AUDNZD']
2026-07-01 19:40:59  Pornit. Ctrl+C pentru oprire.

2026-07-01 19:40:59  --- S19-AUDNZD iter 1 @ 19:40:59 ---
2026-07-01 19:40:59    Niciun semnal nou. Pendinge: 0
2026-07-01 19:40:59    Urmatoarea bara 15min @ 19:45:05 — 245s
2026-07-01 19:45:05  --- S19-AUDNZD iter 2 @ 19:45:05 ---
2026-07-01 19:45:05    Niciun semnal nou. Pendinge: 0
2026-07-01 19:45:05    Urmatoarea bara 15min @ 20:00:05 — 900s
2026-07-01 20:00:05  --- S19-AUDNZD iter 3 @ 20:00:05 ---
2026-07-01 20:00:05    Niciun semnal nou. Pendinge: 0
2026-07-01 20:00:05    Urmatoarea bara 15min @ 20:15:05 — 900s
2026-07-01 20:15:05  --- S19-AUDNZD iter 4 @ 20:15:05 ---
2026-07-01 20:15:05    Niciun semnal nou. Pendinge: 0
2026-07-01 20:15:05    Urmatoarea bara 15min @ 20:30:05 — 900s
2026-07-01 20:30:05  --- S19-AUDNZD iter 5 @ 20:30:05 ---
2026-07-01 20:30:05    Niciun semnal nou. Pendinge: 0
2026-07-01 20:30:05    Urmatoarea bara 15min @ 20:45:05 — 900s
2026-07-01 20:45:05  --- S19-AUDNZD iter 6 @ 20:45:05 ---
2026-07-01 20:45:05    Niciun semnal nou. Pendinge: 0
2026-07-01 20:45:05    Urmatoarea bara 15min @ 21:00:05 — 900s
2026-07-01 20:48:54    [PROFIL] Profil 'Standard Profile' aplicat pe session19.
2026-07-01 20:48:54  =================================================================
2026-07-01 20:48:54    S19-AUDNZD — AUDNZD M15+M30 BOTH pw=8 pullback | test +0.339R (19t insuf)
2026-07-01 20:48:54    Piete: ['AUDNZD']
2026-07-01 20:48:54    TF: M15 (trend M30) | PW=8 | BOTH
2026-07-01 20:48:54    Output: C:\trading-bot\data\live_signals\session19
2026-07-01 20:48:54  =================================================================
2026-07-01 20:48:54  MT5: 52906593 @ ICMarketsEU-Demo (DEMO)
2026-07-01 20:48:54    [ORPHAN] Nicio pozitie MT5 fara corespondent — state consistent cu MT5.
2026-07-01 20:48:54  Simboluri active: ['AUDNZD']
2026-07-01 20:48:54  Pornit. Ctrl+C pentru oprire.

2026-07-01 20:48:54  --- S19-AUDNZD iter 1 @ 20:48:54 ---
2026-07-01 20:48:54    Niciun semnal nou. Pendinge: 0
2026-07-01 20:48:54    Urmatoarea bara 15min @ 21:00:05 — 670s
2026-07-01 21:00:05  --- S19-AUDNZD iter 2 @ 21:00:05 ---
2026-07-01 21:00:05    Niciun semnal nou. Pendinge: 0
2026-07-01 21:00:05    Urmatoarea bara 15min @ 21:15:05 — 900s
2026-07-01 21:05:07    [PROFIL] Profil 'Standard Profile' aplicat pe session19.
2026-07-01 21:05:07  =================================================================
2026-07-01 21:05:07    S19-AUDNZD — AUDNZD M15+M30 BOTH pw=8 pullback | test +0.339R (19t insuf)
2026-07-01 21:05:07    Piete: ['AUDNZD']
2026-07-01 21:05:07    TF: M15 (trend M30) | PW=8 | BOTH
2026-07-01 21:05:07    Output: C:\trading-bot\data\live_signals\session19
2026-07-01 21:05:07  =================================================================
2026-07-01 21:05:07  MT5: 52906593 @ ICMarketsEU-Demo (DEMO)
2026-07-01 21:05:07    [ORPHAN] Nicio pozitie MT5 fara corespondent — state consistent cu MT5.
2026-07-01 21:05:07  Simboluri active: ['AUDNZD']
2026-07-01 21:05:07  Pornit. Ctrl+C pentru oprire.

2026-07-01 21:05:07  --- S19-AUDNZD iter 1 @ 21:05:07 ---
2026-07-01 21:05:07    Niciun semnal nou. Pendinge: 0
2026-07-01 21:05:07    Urmatoarea bara 15min @ 21:15:05 — 598s
2026-07-01 21:15:05  --- S19-AUDNZD iter 2 @ 21:15:05 ---
2026-07-01 21:15:05    Niciun semnal nou. Pendinge: 0
2026-07-01 21:15:05    Urmatoarea bara 15min @ 21:30:05 — 900s
2026-07-01 21:30:05  --- S19-AUDNZD iter 3 @ 21:30:05 ---
2026-07-01 21:30:05    Niciun semnal nou. Pendinge: 0
2026-07-01 21:30:05    Urmatoarea bara 15min @ 21:45:05 — 900s
2026-07-01 21:45:05  --- S19-AUDNZD iter 4 @ 21:45:05 ---
2026-07-01 21:45:05    Niciun semnal nou. Pendinge: 0
2026-07-01 21:45:05    Urmatoarea bara 15min @ 22:00:05 — 900s
2026-07-01 22:00:05  --- S19-AUDNZD iter 5 @ 22:00:05 ---
2026-07-01 22:00:05    Niciun semnal nou. Pendinge: 0
2026-07-01 22:00:05    Urmatoarea bara 15min @ 22:15:05 — 899s
2026-07-01 22:15:05  --- S19-AUDNZD iter 6 @ 22:15:05 ---
2026-07-01 22:15:05    Niciun semnal nou. Pendinge: 0
2026-07-01 22:15:05    Urmatoarea bara 15min @ 22:30:05 — 900s
2026-07-01 22:30:05  --- S19-AUDNZD iter 7 @ 22:30:05 ---
2026-07-01 22:30:05    Niciun semnal nou. Pendinge: 0
2026-07-01 22:30:05    Urmatoarea bara 15min @ 22:45:05 — 900s
2026-07-01 22:45:05  --- S19-AUDNZD iter 8 @ 22:45:05 ---
2026-07-01 22:45:05    Niciun semnal nou. Pendinge: 0
2026-07-01 22:45:05    Urmatoarea bara 15min @ 23:00:05 — 900s
2026-07-03 08:53:54    [PROFIL] Profil 'Standard Profile' aplicat pe session19.
2026-07-03 08:53:54  =================================================================
2026-07-03 08:53:54    S19-AUDNZD — AUDNZD M15+M30 BOTH pw=8 pullback | test +0.339R (19t insuf)
2026-07-03 08:53:54    Piete: ['AUDNZD']
2026-07-03 08:53:54    TF: M15 (trend M30) | PW=8 | BOTH
2026-07-03 08:53:54    Output: C:\trading-bot\data\live_signals\session19
2026-07-03 08:53:54  =================================================================
2026-07-03 08:53:55  MT5: 52906593 @ ICMarketsEU-Demo (DEMO)
2026-07-03 08:53:55    [ORPHAN] Nicio pozitie MT5 fara corespondent — state consistent cu MT5.
2026-07-03 08:53:56  Simboluri active: ['AUDNZD']
2026-07-03 08:53:56  Pornit. Ctrl+C pentru oprire.

2026-07-03 08:53:56  --- S19-AUDNZD iter 1 @ 08:53:56 ---
2026-07-03 08:53:56    Niciun semnal nou. Pendinge: 0
2026-07-03 08:53:56    Urmatoarea bara 15min @ 09:00:05 — 368s
2026-07-03 09:00:05  --- S19-AUDNZD iter 2 @ 09:00:05 ---
2026-07-03 09:00:05    Niciun semnal nou. Pendinge: 0
2026-07-03 09:00:05    Urmatoarea bara 15min @ 09:15:05 — 900s
2026-07-03 09:15:05  --- S19-AUDNZD iter 3 @ 09:15:05 ---
2026-07-03 09:15:05    Niciun semnal nou. Pendinge: 0
2026-07-03 09:15:05    Urmatoarea bara 15min @ 09:30:05 — 900s
2026-07-03 09:30:05  --- S19-AUDNZD iter 4 @ 09:30:05 ---
2026-07-03 09:30:05    Niciun semnal nou. Pendinge: 0
2026-07-03 09:30:05    Urmatoarea bara 15min @ 09:45:05 — 900s
2026-07-03 09:45:05  --- S19-AUDNZD iter 5 @ 09:45:05 ---
2026-07-03 09:45:05    Niciun semnal nou. Pendinge: 0
2026-07-03 09:45:05    Urmatoarea bara 15min @ 10:00:05 — 900s
2026-07-03 10:00:05  --- S19-AUDNZD iter 6 @ 10:00:05 ---
2026-07-03 10:00:05    Niciun semnal nou. Pendinge: 0
2026-07-03 10:00:05    Urmatoarea bara 15min @ 10:15:05 — 900s
2026-07-03 10:15:05  --- S19-AUDNZD iter 7 @ 10:15:05 ---
2026-07-03 10:15:05    Niciun semnal nou. Pendinge: 0
2026-07-03 10:15:05    Urmatoarea bara 15min @ 10:30:05 — 900s
2026-07-03 10:30:05  --- S19-AUDNZD iter 8 @ 10:30:05 ---
2026-07-03 10:30:05    Niciun semnal nou. Pendinge: 0
2026-07-03 10:30:05    Urmatoarea bara 15min @ 10:45:05 — 900s
2026-07-03 10:45:05  --- S19-AUDNZD iter 9 @ 10:45:05 ---
2026-07-03 10:45:05    Niciun semnal nou. Pendinge: 0
2026-07-03 10:45:05    Urmatoarea bara 15min @ 11:00:05 — 900s
2026-07-03 10:54:38    [PROFIL] Profil 'Standard Profile' aplicat pe session19.
2026-07-03 10:54:38  =================================================================
2026-07-03 10:54:38    S19-AUDNZD — AUDNZD M15+M30 BOTH pw=8 pullback | test +0.339R (19t insuf)
2026-07-03 10:54:38    Piete: ['AUDNZD']
2026-07-03 10:54:38    TF: M15 (trend M30) | PW=8 | BOTH
2026-07-03 10:54:38    Output: C:\trading-bot\data\live_signals\session19
2026-07-03 10:54:38  =================================================================
2026-07-03 10:54:38  MT5: 52906593 @ ICMarketsEU-Demo (DEMO)
2026-07-03 10:54:38    [ORPHAN] Nicio pozitie MT5 fara corespondent — state consistent cu MT5.
2026-07-03 10:54:38  Simboluri active: ['AUDNZD']
2026-07-03 10:54:38  Pornit. Ctrl+C pentru oprire.

2026-07-03 10:54:38  --- S19-AUDNZD iter 1 @ 10:54:38 ---
2026-07-03 10:54:38    Niciun semnal nou. Pendinge: 0
2026-07-03 10:54:38    Urmatoarea bara 15min @ 11:00:05 — 327s
2026-07-03 11:00:05  --- S19-AUDNZD iter 2 @ 11:00:05 ---
2026-07-03 11:00:05    Niciun semnal nou. Pendinge: 0
2026-07-03 11:00:05    Urmatoarea bara 15min @ 11:15:05 — 900s
2026-07-03 11:10:15    [PROFIL] Profil 'Standard Profile' aplicat pe session19.
2026-07-03 11:10:15  =================================================================
2026-07-03 11:10:15    S19-AUDNZD — AUDNZD M15+M30 BOTH pw=8 pullback | test +0.339R (19t insuf)
2026-07-03 11:10:15    Piete: ['AUDNZD']
2026-07-03 11:10:15    TF: M15 (trend M30) | PW=8 | BOTH
2026-07-03 11:10:15    Output: C:\trading-bot\data\live_signals\session19
2026-07-03 11:10:15  =================================================================
2026-07-03 11:10:15  MT5: 52906593 @ ICMarketsEU-Demo (DEMO)
2026-07-03 11:10:15    [ORPHAN] Nicio pozitie MT5 fara corespondent — state consistent cu MT5.
2026-07-03 11:10:15  Simboluri active: ['AUDNZD']
2026-07-03 11:10:15  Pornit. Ctrl+C pentru oprire.

2026-07-03 11:10:15  --- S19-AUDNZD iter 1 @ 11:10:15 ---
2026-07-03 11:10:15    Niciun semnal nou. Pendinge: 0
2026-07-03 11:10:15    Urmatoarea bara 15min @ 11:15:05 — 289s
2026-07-03 11:15:05  --- S19-AUDNZD iter 2 @ 11:15:05 ---
2026-07-03 11:15:05    Niciun semnal nou. Pendinge: 0
2026-07-03 11:15:05    Urmatoarea bara 15min @ 11:30:05 — 900s
2026-07-03 11:30:05  --- S19-AUDNZD iter 3 @ 11:30:05 ---
2026-07-03 11:30:05    Niciun semnal nou. Pendinge: 0
2026-07-03 11:30:05    Urmatoarea bara 15min @ 11:45:05 — 900s
2026-07-03 11:45:05  --- S19-AUDNZD iter 4 @ 11:45:05 ---
2026-07-03 11:45:05    Niciun semnal nou. Pendinge: 0
2026-07-03 11:45:05    Urmatoarea bara 15min @ 12:00:05 — 900s
2026-07-03 12:00:05  --- S19-AUDNZD iter 5 @ 12:00:05 ---
2026-07-03 12:00:05    Niciun semnal nou. Pendinge: 0
2026-07-03 12:00:05    Urmatoarea bara 15min @ 12:15:05 — 900s
2026-07-03 12:15:05  --- S19-AUDNZD iter 6 @ 12:15:05 ---
2026-07-03 12:15:05    Niciun semnal nou. Pendinge: 0
2026-07-03 12:15:05    Urmatoarea bara 15min @ 12:30:05 — 900s
2026-07-03 12:30:05  --- S19-AUDNZD iter 7 @ 12:30:05 ---
2026-07-03 12:30:05    Niciun semnal nou. Pendinge: 0
2026-07-03 12:30:05    Urmatoarea bara 15min @ 12:45:05 — 900s
2026-07-03 12:45:05  --- S19-AUDNZD iter 8 @ 12:45:05 ---
2026-07-03 12:45:05    Niciun semnal nou. Pendinge: 0
2026-07-03 12:45:05    Urmatoarea bara 15min @ 13:00:05 — 900s
2026-07-03 13:00:05  --- S19-AUDNZD iter 9 @ 13:00:05 ---
2026-07-03 13:00:05    Niciun semnal nou. Pendinge: 0
2026-07-03 13:00:05    Urmatoarea bara 15min @ 13:15:05 — 900s
2026-07-03 13:15:05  --- S19-AUDNZD iter 10 @ 13:15:05 ---
2026-07-03 13:15:05    Niciun semnal nou. Pendinge: 0
2026-07-03 13:15:05    Urmatoarea bara 15min @ 13:30:05 — 900s
2026-07-03 13:30:03  --- S19-AUDNZD iter 11 @ 13:30:03 ---
2026-07-03 13:30:03    Niciun semnal nou. Pendinge: 0
2026-07-03 13:30:03    Urmatoarea bara 15min @ 13:45:05 — 902s
2026-07-03 13:45:05  --- S19-AUDNZD iter 12 @ 13:45:05 ---
2026-07-03 13:45:05    Niciun semnal nou. Pendinge: 0
2026-07-03 13:45:05    Urmatoarea bara 15min @ 14:00:05 — 900s
2026-07-03 13:50:13    [PROFIL] Profil 'Standard Profile' aplicat pe session19.
2026-07-03 13:50:13  =================================================================
2026-07-03 13:50:13    S19-AUDNZD — AUDNZD M15+M30 BOTH pw=8 pullback | test +0.339R (19t insuf)
2026-07-03 13:50:13    Piete: ['AUDNZD']
2026-07-03 13:50:13    TF: M15 (trend M30) | PW=8 | BOTH
2026-07-03 13:50:13    Output: C:\trading-bot\data\live_signals\session19
2026-07-03 13:50:13  =================================================================
2026-07-03 13:50:13  MT5: 52906593 @ ICMarketsEU-Demo (DEMO)
2026-07-03 13:50:13    [ORPHAN] Nicio pozitie MT5 fara corespondent — state consistent cu MT5.
2026-07-03 13:50:13  Simboluri active: ['AUDNZD']
2026-07-03 13:50:13  Pornit. Ctrl+C pentru oprire.

2026-07-03 13:50:13  --- S19-AUDNZD iter 1 @ 13:50:13 ---
2026-07-03 13:50:13    Niciun semnal nou. Pendinge: 0
2026-07-03 13:50:13    Urmatoarea bara 15min @ 14:00:05 — 591s
2026-07-03 14:00:05  --- S19-AUDNZD iter 2 @ 14:00:05 ---
2026-07-03 14:00:05    Niciun semnal nou. Pendinge: 0
2026-07-03 14:00:05    Urmatoarea bara 15min @ 14:15:05 — 900s
2026-07-03 14:15:05  --- S19-AUDNZD iter 3 @ 14:15:05 ---
2026-07-03 14:15:05    Niciun semnal nou. Pendinge: 0
2026-07-03 14:15:05    Urmatoarea bara 15min @ 14:30:05 — 900s
2026-07-03 14:30:05  --- S19-AUDNZD iter 4 @ 14:30:05 ---
2026-07-03 14:30:05    Niciun semnal nou. Pendinge: 0
2026-07-03 14:30:05    Urmatoarea bara 15min @ 14:45:05 — 900s
2026-07-05 13:22:02    [PROFIL] Profil 'Standard Profile' aplicat pe session19.
2026-07-05 13:22:02  =================================================================
2026-07-05 13:22:02    S19-AUDNZD — AUDNZD M15+M30 BOTH pw=8 pullback | test +0.339R (19t insuf)
2026-07-05 13:22:02    Piete: ['AUDNZD']
2026-07-05 13:22:02    TF: M15 (trend M30) | PW=8 | BOTH
2026-07-05 13:22:02    Output: C:\trading-bot\data\live_signals\session19
2026-07-05 13:22:02  =================================================================
2026-07-05 13:22:02  MT5: 52906593 @ ICMarketsEU-Demo (DEMO)
2026-07-05 13:22:03    [ORPHAN] Nicio pozitie MT5 fara corespondent — state consistent cu MT5.
2026-07-05 13:22:06  Simboluri active: ['AUDNZD']
2026-07-05 13:22:06  Pornit. Ctrl+C pentru oprire.

2026-07-05 13:22:06  --- S19-AUDNZD iter 1 @ 13:22:06 ---
2026-07-05 13:22:13    Niciun semnal nou. Pendinge: 0
2026-07-05 13:22:13    Urmatoarea bara 15min @ 13:30:05 — 471s
2026-07-05 13:30:05  --- S19-AUDNZD iter 2 @ 13:30:05 ---
2026-07-05 13:30:05    Niciun semnal nou. Pendinge: 0
2026-07-05 13:30:05    Urmatoarea bara 15min @ 13:45:05 — 900s
2026-07-05 13:45:05  --- S19-AUDNZD iter 3 @ 13:45:05 ---
2026-07-05 13:45:05    Niciun semnal nou. Pendinge: 0
2026-07-05 13:45:05    Urmatoarea bara 15min @ 14:00:05 — 900s
2026-07-05 13:47:42    [PROFIL] Profil 'Standard Profile' aplicat pe session19.
2026-07-05 13:47:42  =================================================================
2026-07-05 13:47:42    S19-AUDNZD — AUDNZD M15+M30 BOTH pw=8 pullback | test +0.339R (19t insuf)
2026-07-05 13:47:42    Piete: ['AUDNZD']
2026-07-05 13:47:42    TF: M15 (trend M30) | PW=8 | BOTH
2026-07-05 13:47:42    Output: C:\trading-bot\data\live_signals\session19
2026-07-05 13:47:42  =================================================================
2026-07-05 13:47:42  MT5: 52906593 @ ICMarketsEU-Demo (DEMO)
2026-07-05 13:47:42    [ORPHAN] Nicio pozitie MT5 fara corespondent — state consistent cu MT5.
2026-07-05 13:47:42  Simboluri active: ['AUDNZD']
2026-07-05 13:47:42  Pornit. Ctrl+C pentru oprire.

2026-07-05 13:47:42  --- S19-AUDNZD iter 1 @ 13:47:42 ---
2026-07-05 13:47:42    Niciun semnal nou. Pendinge: 0
2026-07-05 13:47:42    Urmatoarea bara 15min @ 14:00:05 — 742s
2026-07-05 14:00:05  --- S19-AUDNZD iter 2 @ 14:00:05 ---
2026-07-05 14:00:05    Niciun semnal nou. Pendinge: 0
2026-07-05 14:00:05    Urmatoarea bara 15min @ 14:15:05 — 900s
2026-07-05 14:15:05  --- S19-AUDNZD iter 3 @ 14:15:05 ---
2026-07-05 14:15:05    Niciun semnal nou. Pendinge: 0
2026-07-05 14:15:05    Urmatoarea bara 15min @ 14:30:05 — 900s
2026-07-05 14:30:05  --- S19-AUDNZD iter 4 @ 14:30:05 ---
2026-07-05 14:30:05    Niciun semnal nou. Pendinge: 0
2026-07-05 14:30:05    Urmatoarea bara 15min @ 14:45:05 — 900s
2026-07-05 14:45:05  --- S19-AUDNZD iter 5 @ 14:45:05 ---
2026-07-05 14:45:05    Niciun semnal nou. Pendinge: 0
2026-07-05 14:45:05    Urmatoarea bara 15min @ 15:00:05 — 900s
2026-07-05 15:00:05  --- S19-AUDNZD iter 6 @ 15:00:05 ---
2026-07-05 15:00:05    Niciun semnal nou. Pendinge: 0
2026-07-05 15:00:05    Urmatoarea bara 15min @ 15:15:05 — 900s
2026-07-05 15:15:05  --- S19-AUDNZD iter 7 @ 15:15:05 ---
2026-07-05 15:15:05    Niciun semnal nou. Pendinge: 0
2026-07-05 15:15:05    Urmatoarea bara 15min @ 15:30:05 — 900s
2026-07-05 15:30:05  --- S19-AUDNZD iter 8 @ 15:30:05 ---
2026-07-05 15:30:05    Niciun semnal nou. Pendinge: 0
2026-07-05 15:30:05    Urmatoarea bara 15min @ 15:45:05 — 900s
2026-07-05 15:45:05  --- S19-AUDNZD iter 9 @ 15:45:05 ---
2026-07-05 15:45:05    Niciun semnal nou. Pendinge: 0
2026-07-05 15:45:05    Urmatoarea bara 15min @ 16:00:05 — 900s
2026-07-05 16:00:05  --- S19-AUDNZD iter 10 @ 16:00:05 ---
2026-07-05 16:00:05    Niciun semnal nou. Pendinge: 0
2026-07-05 16:00:05    Urmatoarea bara 15min @ 16:15:05 — 900s
2026-07-05 16:15:05  --- S19-AUDNZD iter 11 @ 16:15:05 ---
2026-07-05 16:15:05    Niciun semnal nou. Pendinge: 0
2026-07-05 16:15:05    Urmatoarea bara 15min @ 16:30:05 — 900s
2026-07-05 16:30:05  --- S19-AUDNZD iter 12 @ 16:30:05 ---
2026-07-05 16:30:05    Niciun semnal nou. Pendinge: 0
2026-07-05 16:30:05    Urmatoarea bara 15min @ 16:45:05 — 900s
2026-07-05 16:45:05  --- S19-AUDNZD iter 13 @ 16:45:05 ---
2026-07-05 16:45:05    Niciun semnal nou. Pendinge: 0
2026-07-05 16:45:05    Urmatoarea bara 15min @ 17:00:05 — 900s
2026-07-05 17:00:05  --- S19-AUDNZD iter 14 @ 17:00:05 ---
2026-07-05 17:00:05    Niciun semnal nou. Pendinge: 0
2026-07-05 17:00:05    Urmatoarea bara 15min @ 17:15:05 — 900s
2026-07-05 17:15:05  --- S19-AUDNZD iter 15 @ 17:15:05 ---
2026-07-05 17:15:05    Niciun semnal nou. Pendinge: 0
2026-07-05 17:15:05    Urmatoarea bara 15min @ 17:30:05 — 900s
2026-07-05 17:30:05  --- S19-AUDNZD iter 16 @ 17:30:05 ---
2026-07-05 17:30:05    Niciun semnal nou. Pendinge: 0
2026-07-05 17:30:05    Urmatoarea bara 15min @ 17:45:05 — 900s
2026-07-05 17:45:05  --- S19-AUDNZD iter 17 @ 17:45:05 ---
2026-07-05 17:45:05    Niciun semnal nou. Pendinge: 0
2026-07-05 17:45:05    Urmatoarea bara 15min @ 18:00:05 — 900s
2026-07-05 18:00:03  --- S19-AUDNZD iter 18 @ 18:00:03 ---
2026-07-05 18:00:03    Niciun semnal nou. Pendinge: 0
2026-07-05 18:00:03    Urmatoarea bara 15min @ 18:15:05 — 901s
2026-07-05 18:15:05  --- S19-AUDNZD iter 19 @ 18:15:05 ---
2026-07-05 18:15:05    Niciun semnal nou. Pendinge: 0
2026-07-05 18:15:05    Urmatoarea bara 15min @ 18:30:05 — 900s
2026-07-05 18:30:05  --- S19-AUDNZD iter 20 @ 18:30:05 ---
2026-07-05 18:30:05    Niciun semnal nou. Pendinge: 0
2026-07-05 18:30:05    Urmatoarea bara 15min @ 18:45:05 — 900s
2026-07-05 18:45:05  --- S19-AUDNZD iter 21 @ 18:45:05 ---
2026-07-05 18:45:05    Niciun semnal nou. Pendinge: 0
2026-07-05 18:45:05    Urmatoarea bara 15min @ 19:00:05 — 900s
2026-07-05 19:00:05  --- S19-AUDNZD iter 22 @ 19:00:05 ---
2026-07-05 19:00:05    Niciun semnal nou. Pendinge: 0
2026-07-05 19:00:05    Urmatoarea bara 15min @ 19:15:05 — 900s
2026-07-05 19:15:05  --- S19-AUDNZD iter 23 @ 19:15:05 ---
2026-07-05 19:15:05    Niciun semnal nou. Pendinge: 0
2026-07-05 19:15:05    Urmatoarea bara 15min @ 19:30:05 — 900s
2026-07-05 19:30:05  --- S19-AUDNZD iter 24 @ 19:30:05 ---
2026-07-05 19:30:05    Niciun semnal nou. Pendinge: 0
2026-07-05 19:30:05    Urmatoarea bara 15min @ 19:45:05 — 900s
2026-07-05 19:45:05  --- S19-AUDNZD iter 25 @ 19:45:05 ---
2026-07-05 19:45:05    Niciun semnal nou. Pendinge: 0
2026-07-05 19:45:05    Urmatoarea bara 15min @ 20:00:05 — 900s
2026-07-05 20:00:05  --- S19-AUDNZD iter 26 @ 20:00:05 ---
2026-07-05 20:00:05    Niciun semnal nou. Pendinge: 0
2026-07-05 20:00:05    Urmatoarea bara 15min @ 20:15:05 — 900s
2026-07-05 20:15:05  --- S19-AUDNZD iter 27 @ 20:15:05 ---
2026-07-05 20:15:05    Niciun semnal nou. Pendinge: 0
2026-07-05 20:15:05    Urmatoarea bara 15min @ 20:30:05 — 900s
2026-07-08 16:51:04  =================================================================
2026-07-08 16:51:04    S19-AUDNZD — AUDNZD M15+M30 BOTH pw=8 pullback | test +0.339R (19t insuf)
2026-07-08 16:51:04    Piete: ['AUDNZD']
2026-07-08 16:51:04    TF: M15 (trend M30) | PW=8 | BOTH
2026-07-08 16:51:04    Output: c:\trading-bot\data\live_signals\session19
2026-07-08 16:51:04  =================================================================
2026-07-08 16:51:09  MT5: 52906593 @ ICMarketsEU-Demo (DEMO)
2026-07-08 16:51:11    [ORPHAN] Nicio pozitie MT5 fara corespondent — state consistent cu MT5.
2026-07-08 16:51:12  Simboluri active: ['AUDNZD']
2026-07-08 16:51:12  Pornit. Ctrl+C pentru oprire.

2026-07-08 16:51:12  --- S19-AUDNZD iter 1 @ 16:51:12 ---
2026-07-08 16:51:13    Niciun semnal nou. Pendinge: 0
2026-07-08 16:51:13    Urmatoarea bara 15min @ 17:00:05 — 531s
2026-07-08 17:00:05  --- S19-AUDNZD iter 2 @ 17:00:05 ---
2026-07-08 17:00:05    Niciun semnal nou. Pendinge: 0
2026-07-08 17:00:05    Urmatoarea bara 15min @ 17:15:05 — 900s
2026-07-08 17:15:05  --- S19-AUDNZD iter 3 @ 17:15:05 ---
2026-07-08 17:15:05    Niciun semnal nou. Pendinge: 0
2026-07-08 17:15:05    Urmatoarea bara 15min @ 17:30:05 — 900s
2026-07-08 18:47:10    ib_signal_counter sincronizat la 4 din signals.csv
2026-07-08 18:47:10    [PROFIL] Profil 'Standard Profile' aplicat pe session19.
2026-07-08 18:47:10  =================================================================
2026-07-08 18:47:10    S19-AUDNZD — AUDNZD M15+M30 BOTH pw=8 pullback | test +0.339R (19t insuf)
2026-07-08 18:47:10    Piete: ['AUDNZD']
2026-07-08 18:47:10    TF: M15 (trend M30) | PW=8 | BOTH
2026-07-08 18:47:10    Output: C:\trading-bot\data\live_signals\session19
2026-07-08 18:47:10  =================================================================
2026-07-08 18:47:10  MT5: 52906593 @ ICMarketsEU-Demo (DEMO)
2026-07-08 18:47:11    [ORPHAN] Nicio pozitie MT5 fara corespondent — state consistent cu MT5.
2026-07-08 18:47:11  Simboluri active: ['AUDNZD']
2026-07-08 18:47:11  Pornit. Ctrl+C pentru oprire.

2026-07-08 18:47:11  --- S19-AUDNZD iter 1 @ 18:47:11 ---
2026-07-08 18:47:11    Niciun semnal nou. Pendinge: 0
2026-07-08 18:47:11    Urmatoarea bara 15min @ 19:00:05 — 773s
2026-07-08 19:00:05  --- S19-AUDNZD iter 2 @ 19:00:05 ---
2026-07-08 19:00:05    Niciun semnal nou. Pendinge: 0
2026-07-08 19:00:05    Urmatoarea bara 15min @ 19:15:05 — 900s
2026-07-08 19:13:03    [PROFIL] Profil 'Standard Profile' aplicat pe session19.
2026-07-08 19:13:03  =================================================================
2026-07-08 19:13:03    S19-AUDNZD — AUDNZD M15+M30 BOTH pw=8 pullback | test +0.339R (19t insuf)
2026-07-08 19:13:03    Piete: ['AUDNZD']
2026-07-08 19:13:03    TF: M15 (trend M30) | PW=8 | BOTH
2026-07-08 19:13:03    Output: C:\trading-bot\data\live_signals\session19
2026-07-08 19:13:03  =================================================================
2026-07-08 19:13:03  MT5: 52906593 @ ICMarketsEU-Demo (DEMO)
2026-07-08 19:13:03    [ORPHAN] Nicio pozitie MT5 fara corespondent — state consistent cu MT5.
2026-07-08 19:13:03  Simboluri active: ['AUDNZD']
2026-07-08 19:13:03  Pornit. Ctrl+C pentru oprire.

2026-07-08 19:13:03  --- S19-AUDNZD iter 1 @ 19:13:03 ---
2026-07-08 19:13:03    Niciun semnal nou. Pendinge: 0
2026-07-08 19:13:03    Urmatoarea bara 15min @ 19:15:05 — 121s
2026-07-08 19:15:05  --- S19-AUDNZD iter 2 @ 19:15:05 ---
2026-07-08 19:15:05    Niciun semnal nou. Pendinge: 0
2026-07-08 19:15:05    Urmatoarea bara 15min @ 19:30:05 — 900s
2026-07-08 19:30:05  --- S19-AUDNZD iter 3 @ 19:30:05 ---
2026-07-08 19:30:05    Niciun semnal nou. Pendinge: 0
2026-07-08 19:30:05    Urmatoarea bara 15min @ 19:45:05 — 900s
2026-07-08 19:45:05  --- S19-AUDNZD iter 4 @ 19:45:05 ---
2026-07-08 19:45:05    Niciun semnal nou. Pendinge: 0
2026-07-08 19:45:05    Urmatoarea bara 15min @ 20:00:05 — 900s
2026-07-08 20:00:05  --- S19-AUDNZD iter 5 @ 20:00:05 ---
2026-07-08 20:00:05    Niciun semnal nou. Pendinge: 0
2026-07-08 20:00:05    Urmatoarea bara 15min @ 20:15:05 — 900s
2026-07-08 20:15:05  --- S19-AUDNZD iter 6 @ 20:15:05 ---
2026-07-08 20:15:05    Niciun semnal nou. Pendinge: 0
2026-07-08 20:15:05    Urmatoarea bara 15min @ 20:30:05 — 900s
2026-07-08 20:17:47    [PROFIL] Profil 'Standard Profile' aplicat pe session19.
2026-07-08 20:17:47  =================================================================
2026-07-08 20:17:47    S19-AUDNZD — AUDNZD M15+M30 BOTH pw=8 pullback | test +0.339R (19t insuf)
2026-07-08 20:17:47    Piete: ['AUDNZD']
2026-07-08 20:17:47    TF: M15 (trend M30) | PW=8 | BOTH
2026-07-08 20:17:47    Output: C:\trading-bot\data\live_signals\session19
2026-07-08 20:17:47  =================================================================
2026-07-08 20:17:48  MT5: 52906593 @ ICMarketsEU-Demo (DEMO)
2026-07-08 20:17:48    [ORPHAN] Nicio pozitie MT5 fara corespondent — state consistent cu MT5.
2026-07-08 20:17:48  Simboluri active: ['AUDNZD']
2026-07-08 20:17:48  Pornit. Ctrl+C pentru oprire.

2026-07-08 20:17:48  --- S19-AUDNZD iter 1 @ 20:17:48 ---
2026-07-08 20:17:48    Niciun semnal nou. Pendinge: 0
2026-07-08 20:17:48    Urmatoarea bara 15min @ 20:30:05 — 737s
2026-07-08 20:30:05  --- S19-AUDNZD iter 2 @ 20:30:05 ---
2026-07-08 20:30:05    Niciun semnal nou. Pendinge: 0
2026-07-08 20:30:05    Urmatoarea bara 15min @ 20:45:05 — 900s
2026-07-08 20:45:05  --- S19-AUDNZD iter 3 @ 20:45:05 ---
2026-07-08 20:45:05    Niciun semnal nou. Pendinge: 0
2026-07-08 20:45:05    Urmatoarea bara 15min @ 21:00:05 — 900s
2026-07-08 21:00:05  --- S19-AUDNZD iter 4 @ 21:00:05 ---
2026-07-08 21:00:05    Niciun semnal nou. Pendinge: 0
2026-07-08 21:00:05    Urmatoarea bara 15min @ 21:15:05 — 900s
2026-07-08 21:15:05  --- S19-AUDNZD iter 5 @ 21:15:05 ---
2026-07-08 21:15:05    Niciun semnal nou. Pendinge: 0
2026-07-08 21:15:05    Urmatoarea bara 15min @ 21:30:05 — 900s
2026-07-08 21:30:00  --- S19-AUDNZD iter 6 @ 21:30:00 ---
2026-07-08 21:30:00    Niciun semnal nou. Pendinge: 0
2026-07-08 21:30:00    Urmatoarea bara 15min @ 21:45:05 — 904s
2026-07-08 21:45:05  --- S19-AUDNZD iter 7 @ 21:45:05 ---
2026-07-08 21:45:05    Niciun semnal nou. Pendinge: 0
2026-07-08 21:45:05    Urmatoarea bara 15min @ 22:00:05 — 900s
2026-07-08 22:00:05  --- S19-AUDNZD iter 8 @ 22:00:05 ---
2026-07-08 22:00:05    Niciun semnal nou. Pendinge: 0
2026-07-08 22:00:05    Urmatoarea bara 15min @ 22:15:05 — 900s
2026-07-08 22:15:05  --- S19-AUDNZD iter 9 @ 22:15:05 ---
2026-07-08 22:15:05    Niciun semnal nou. Pendinge: 0
2026-07-08 22:15:05    Urmatoarea bara 15min @ 22:30:05 — 900s
2026-07-08 22:30:05  --- S19-AUDNZD iter 10 @ 22:30:05 ---
2026-07-08 22:30:05    Niciun semnal nou. Pendinge: 0
2026-07-08 22:30:05    Urmatoarea bara 15min @ 22:45:05 — 900s
2026-07-08 22:45:05  --- S19-AUDNZD iter 11 @ 22:45:05 ---
2026-07-08 22:45:05    Niciun semnal nou. Pendinge: 0
2026-07-08 22:45:05    Urmatoarea bara 15min @ 23:00:05 — 900s
2026-07-08 23:00:05  --- S19-AUDNZD iter 12 @ 23:00:05 ---
2026-07-08 23:00:05    Niciun semnal nou. Pendinge: 0
2026-07-08 23:00:05    Urmatoarea bara 15min @ 23:15:05 — 900s
2026-07-08 23:15:05  --- S19-AUDNZD iter 13 @ 23:15:05 ---
2026-07-08 23:15:05    Niciun semnal nou. Pendinge: 0
2026-07-08 23:15:05    Urmatoarea bara 15min @ 23:30:05 — 900s
2026-07-08 23:30:05  --- S19-AUDNZD iter 14 @ 23:30:05 ---
2026-07-08 23:30:05    Niciun semnal nou. Pendinge: 0
2026-07-08 23:30:05    Urmatoarea bara 15min @ 23:45:05 — 900s
2026-07-08 23:45:05  --- S19-AUDNZD iter 15 @ 23:45:05 ---
2026-07-08 23:45:05    Niciun semnal nou. Pendinge: 0
2026-07-08 23:45:05    Urmatoarea bara 15min @ 00:00:05 — 900s
2026-07-09 00:00:05  --- S19-AUDNZD iter 16 @ 00:00:05 ---
2026-07-09 00:00:05    Niciun semnal nou. Pendinge: 0
2026-07-09 00:00:05    Urmatoarea bara 15min @ 00:15:05 — 900s
2026-07-09 00:15:05  --- S19-AUDNZD iter 17 @ 00:15:05 ---
2026-07-09 00:15:05    Niciun semnal nou. Pendinge: 0
2026-07-09 00:15:05    Urmatoarea bara 15min @ 00:30:05 — 900s
2026-07-09 00:30:05  --- S19-AUDNZD iter 18 @ 00:30:05 ---
2026-07-09 00:30:05    Niciun semnal nou. Pendinge: 0
2026-07-09 00:30:05    Urmatoarea bara 15min @ 00:45:05 — 900s
2026-07-09 00:45:05  --- S19-AUDNZD iter 19 @ 00:45:05 ---
2026-07-09 00:45:05    Niciun semnal nou. Pendinge: 0
2026-07-09 00:45:05    Urmatoarea bara 15min @ 01:00:05 — 900s
2026-07-09 01:00:05  --- S19-AUDNZD iter 20 @ 01:00:05 ---
2026-07-09 01:00:05    Niciun semnal nou. Pendinge: 0
2026-07-09 01:00:05    Urmatoarea bara 15min @ 01:15:05 — 900s
2026-07-09 01:15:05  --- S19-AUDNZD iter 21 @ 01:15:05 ---
2026-07-09 01:15:05    Niciun semnal nou. Pendinge: 0
2026-07-09 01:15:05    Urmatoarea bara 15min @ 01:30:05 — 900s
2026-07-09 01:30:05  --- S19-AUDNZD iter 22 @ 01:30:05 ---
2026-07-09 01:30:05    Niciun semnal nou. Pendinge: 0
2026-07-09 01:30:05    Urmatoarea bara 15min @ 01:45:05 — 900s
2026-07-09 01:45:05  --- S19-AUDNZD iter 23 @ 01:45:05 ---
2026-07-09 01:45:05    *** SEMNAL [INSIDE_BAR]: S19-AUDNZD-IB0005 AUDNZD SHORT entry=1.21509 sl=1.21602 tp=1.21323 (2.0R) RSI=51
2026-07-09 01:45:05    [EXEC] *** ORDIN: S19-AUDNZD-IB0005 AUDNZD SHORT 0.03lot @ 1.21509  SL=1.21602  TP=1.21323  ticket=#1798249671
2026-07-09 01:45:05    Urmatoarea bara 15min @ 02:00:05 — 900s
2026-07-09 02:00:05  --- S19-AUDNZD iter 24 @ 02:00:05 ---
2026-07-09 02:00:05    TRIGGERAT: S19-AUDNZD-IB0005 AUDNZD SHORT @ 1.21509
2026-07-09 02:00:05    Niciun semnal nou. Pendinge: 1
2026-07-09 02:00:05    Urmatoarea bara 15min @ 02:15:05 — 900s
2026-07-09 02:15:05  --- S19-AUDNZD iter 25 @ 02:15:05 ---
2026-07-09 02:15:05    Niciun semnal nou. Pendinge: 1
2026-07-09 02:15:05    Urmatoarea bara 15min @ 02:30:05 — 900s
2026-07-09 02:30:05  --- S19-AUDNZD iter 26 @ 02:30:05 ---
2026-07-09 02:30:05    Niciun semnal nou. Pendinge: 1
2026-07-09 02:30:05    Urmatoarea bara 15min @ 02:45:05 — 900s
2026-07-09 02:45:05  --- S19-AUDNZD iter 27 @ 02:45:05 ---
2026-07-09 02:45:05    Niciun semnal nou. Pendinge: 1
2026-07-09 02:45:05    Urmatoarea bara 15min @ 03:00:05 — 900s
2026-07-09 03:00:05  --- S19-AUDNZD iter 28 @ 03:00:05 ---
2026-07-09 03:00:05    Niciun semnal nou. Pendinge: 1
2026-07-09 03:00:05    Urmatoarea bara 15min @ 03:15:05 — 900s
2026-07-09 03:15:05  --- S19-AUDNZD iter 29 @ 03:15:05 ---
2026-07-09 03:15:05    [MT5] Pozitie #1798249671 inchisa: exit=1.21325  result=+1.978R  pnl=+3.09USD  comm=-0.22  swap=+0.00  [TP]
2026-07-09 03:15:05    PROFIT (MT5): S19-AUDNZD-IB0005 TP +1.978R
2026-07-09 03:15:05    Niciun semnal nou. Pendinge: 0
2026-07-09 03:15:05    Urmatoarea bara 15min @ 03:30:05 — 900s
2026-07-09 03:30:05  --- S19-AUDNZD iter 30 @ 03:30:05 ---
2026-07-09 03:30:05    Niciun semnal nou. Pendinge: 0
2026-07-09 03:30:05    Urmatoarea bara 15min @ 03:45:05 — 900s
2026-07-09 03:45:05  --- S19-AUDNZD iter 31 @ 03:45:05 ---
2026-07-09 03:45:05    Niciun semnal nou. Pendinge: 0
2026-07-09 03:45:05    Urmatoarea bara 15min @ 04:00:05 — 900s
2026-07-09 04:00:05  --- S19-AUDNZD iter 32 @ 04:00:05 ---
2026-07-09 04:00:05    Niciun semnal nou. Pendinge: 0
2026-07-09 04:00:05    Urmatoarea bara 15min @ 04:15:05 — 900s
2026-07-09 04:15:05  --- S19-AUDNZD iter 33 @ 04:15:05 ---
2026-07-09 04:15:05    Niciun semnal nou. Pendinge: 0
2026-07-09 04:15:05    Urmatoarea bara 15min @ 04:30:05 — 900s
2026-07-09 04:30:05  --- S19-AUDNZD iter 34 @ 04:30:05 ---
2026-07-09 04:30:05    Niciun semnal nou. Pendinge: 0
2026-07-09 04:30:05    Urmatoarea bara 15min @ 04:45:05 — 900s
2026-07-09 04:45:05  --- S19-AUDNZD iter 35 @ 04:45:05 ---
2026-07-09 04:45:05    Niciun semnal nou. Pendinge: 0
2026-07-09 04:45:05    Urmatoarea bara 15min @ 05:00:05 — 900s
2026-07-09 05:00:05  --- S19-AUDNZD iter 36 @ 05:00:05 ---
2026-07-09 05:00:05    Niciun semnal nou. Pendinge: 0
2026-07-09 05:00:05    Urmatoarea bara 15min @ 05:15:05 — 900s
2026-07-09 05:15:05  --- S19-AUDNZD iter 37 @ 05:15:05 ---
2026-07-09 05:15:05    Niciun semnal nou. Pendinge: 0
2026-07-09 05:15:05    Urmatoarea bara 15min @ 05:30:05 — 900s
2026-07-09 05:30:05  --- S19-AUDNZD iter 38 @ 05:30:05 ---
2026-07-09 05:30:05    Niciun semnal nou. Pendinge: 0
2026-07-09 05:30:05    Urmatoarea bara 15min @ 05:45:05 — 900s
2026-07-09 05:45:05  --- S19-AUDNZD iter 39 @ 05:45:05 ---
2026-07-09 05:45:05    Niciun semnal nou. Pendinge: 0
2026-07-09 05:45:05    Urmatoarea bara 15min @ 06:00:05 — 900s
2026-07-09 06:00:05  --- S19-AUDNZD iter 40 @ 06:00:05 ---
2026-07-09 06:00:05    Niciun semnal nou. Pendinge: 0
2026-07-09 06:00:05    Urmatoarea bara 15min @ 06:15:05 — 900s
2026-07-09 06:15:05  --- S19-AUDNZD iter 41 @ 06:15:05 ---
2026-07-09 06:15:05    *** SEMNAL [PULLBACK]: S19-AUDNZD-SIG0003 AUDNZD SHORT entry=1.21108 sl=1.21253 tp=1.20601 (3.5R) RSI=34
2026-07-09 06:15:05    [EXEC] *** ORDIN: S19-AUDNZD-SIG0003 AUDNZD SHORT 0.02lot @ 1.21108  SL=1.21253  TP=1.20601  ticket=#1798642342
2026-07-09 06:15:05    Urmatoarea bara 15min @ 06:30:05 — 900s
2026-07-09 06:30:05  --- S19-AUDNZD iter 42 @ 06:30:05 ---
2026-07-09 06:30:05    Niciun semnal nou. Pendinge: 1
2026-07-09 06:30:05    Urmatoarea bara 15min @ 06:45:05 — 900s
2026-07-09 06:45:05  --- S19-AUDNZD iter 43 @ 06:45:05 ---
2026-07-09 06:45:05    Niciun semnal nou. Pendinge: 1
2026-07-09 06:45:05    Urmatoarea bara 15min @ 07:00:05 — 900s
2026-07-09 07:00:05  --- S19-AUDNZD iter 44 @ 07:00:05 ---
2026-07-09 07:00:05    Niciun semnal nou. Pendinge: 1
2026-07-09 07:00:05    Urmatoarea bara 15min @ 07:15:05 — 900s
2026-07-09 07:15:05  --- S19-AUDNZD iter 45 @ 07:15:05 ---
2026-07-09 07:15:05    Niciun semnal nou. Pendinge: 1
2026-07-09 07:15:05    Urmatoarea bara 15min @ 07:30:05 — 900s
2026-07-09 07:30:05  --- S19-AUDNZD iter 46 @ 07:30:05 ---
2026-07-09 07:30:05    Niciun semnal nou. Pendinge: 1
2026-07-09 07:30:05    Urmatoarea bara 15min @ 07:45:05 — 900s
2026-07-09 07:45:05  --- S19-AUDNZD iter 47 @ 07:45:05 ---
2026-07-09 07:45:05    Niciun semnal nou. Pendinge: 1
2026-07-09 07:45:05    Urmatoarea bara 15min @ 08:00:05 — 900s
2026-07-09 08:00:05  --- S19-AUDNZD iter 48 @ 08:00:05 ---
2026-07-09 08:00:05    [EXEC] S19-AUDNZD-SIG0003: ordin MT5 #1798642342 anulat (expirat)
2026-07-09 08:00:05    EXPIRAT: S19-AUDNZD-SIG0003 AUDNZD (>6 bare fara trigger)
2026-07-09 08:00:05    Niciun semnal nou. Pendinge: 0
2026-07-09 08:00:05    Urmatoarea bara 15min @ 08:15:05 — 899s
2026-07-09 08:15:05  --- S19-AUDNZD iter 49 @ 08:15:05 ---
2026-07-09 08:15:05    Niciun semnal nou. Pendinge: 0
2026-07-09 08:15:05    Urmatoarea bara 15min @ 08:30:05 — 900s
2026-07-09 08:30:05  --- S19-AUDNZD iter 50 @ 08:30:05 ---
2026-07-09 08:30:05    Niciun semnal nou. Pendinge: 0
2026-07-09 08:30:05    Urmatoarea bara 15min @ 08:45:05 — 900s
2026-07-09 08:45:05  --- S19-AUDNZD iter 51 @ 08:45:05 ---
2026-07-09 08:45:05    Niciun semnal nou. Pendinge: 0
2026-07-09 08:45:05    Urmatoarea bara 15min @ 09:00:05 — 900s
2026-07-09 09:00:05  --- S19-AUDNZD iter 52 @ 09:00:05 ---
2026-07-09 09:00:05    Niciun semnal nou. Pendinge: 0
2026-07-09 09:00:05    Urmatoarea bara 15min @ 09:15:05 — 900s
2026-07-09 09:07:30    [PROFIL] Profil 'Standard Profile' aplicat pe session19.
2026-07-09 09:07:30  =================================================================
2026-07-09 09:07:30    S19-AUDNZD — AUDNZD M15+M30 BOTH pw=8 pullback | test +0.339R (19t insuf)
2026-07-09 09:07:30    Piete: ['AUDNZD']
2026-07-09 09:07:30    TF: M15 (trend M30) | PW=8 | BOTH
2026-07-09 09:07:30    Output: C:\trading-bot\data\live_signals\session19
2026-07-09 09:07:30  =================================================================
2026-07-09 09:07:30  MT5: 52906593 @ ICMarketsEU-Demo (DEMO)
2026-07-09 09:07:30    [MIGRATE] Cheie goala stearsa din pending: 'AUDNZD'
2026-07-09 09:07:30    [MIGRATE] Migrare pending: 0 semnale migrate, 1 chei goale sterse.
2026-07-09 09:07:30    [ORPHAN] Nicio pozitie MT5 fara corespondent — state consistent cu MT5.
2026-07-09 09:07:30  Simboluri active: ['AUDNZD']
2026-07-09 09:07:30  Pornit. Ctrl+C pentru oprire.

2026-07-09 09:07:30  --- S19-AUDNZD iter 1 @ 09:07:30 ---
2026-07-09 09:07:30    Niciun semnal nou. Pendinge: 0
2026-07-09 09:07:30    Urmatoarea bara 15min @ 09:15:05 — 455s
2026-07-09 09:15:05  --- S19-AUDNZD iter 2 @ 09:15:05 ---
2026-07-09 09:15:05    Niciun semnal nou. Pendinge: 0
2026-07-09 09:15:05    Urmatoarea bara 15min @ 09:30:05 — 900s
2026-07-09 09:30:05  --- S19-AUDNZD iter 3 @ 09:30:05 ---
2026-07-09 09:30:05    Niciun semnal nou. Pendinge: 0
2026-07-09 09:30:05    Urmatoarea bara 15min @ 09:45:05 — 900s
2026-07-09 09:45:05  --- S19-AUDNZD iter 4 @ 09:45:05 ---
2026-07-09 09:45:05    Niciun semnal nou. Pendinge: 0
2026-07-09 09:45:05    Urmatoarea bara 15min @ 10:00:05 — 900s
2026-07-09 09:52:33    [PROFIL] Profil 'Standard Profile' aplicat pe session19.
2026-07-09 09:52:33  =================================================================
2026-07-09 09:52:33    S19-AUDNZD — AUDNZD M15+M30 BOTH pw=8 pullback | test +0.339R (19t insuf)
2026-07-09 09:52:33    Piete: ['AUDNZD']
2026-07-09 09:52:33    TF: M15 (trend M30) | PW=8 | BOTH
2026-07-09 09:52:33    Output: C:\trading-bot\data\live_signals\session19
2026-07-09 09:52:33  =================================================================
2026-07-09 09:52:33  MT5: 52906593 @ ICMarketsEU-Demo (DEMO)
2026-07-09 09:52:34    [ORPHAN] Nicio pozitie MT5 fara corespondent — state consistent cu MT5.
2026-07-09 09:52:34  Simboluri active: ['AUDNZD']
2026-07-09 09:52:34  Pornit. Ctrl+C pentru oprire.

2026-07-09 09:52:34  --- S19-AUDNZD iter 1 @ 09:52:34 ---
2026-07-09 09:52:34    Niciun semnal nou. Pendinge: 0
2026-07-09 09:52:34    Urmatoarea bara 15min @ 10:00:05 — 450s
2026-07-09 10:00:05  --- S19-AUDNZD iter 2 @ 10:00:05 ---
2026-07-09 10:00:05    Niciun semnal nou. Pendinge: 0
2026-07-09 10:00:05    Urmatoarea bara 15min @ 10:15:05 — 900s
2026-07-09 10:15:05  --- S19-AUDNZD iter 3 @ 10:15:05 ---
2026-07-09 10:15:05    Niciun semnal nou. Pendinge: 0
2026-07-09 10:15:05    Urmatoarea bara 15min @ 10:30:05 — 900s
2026-07-09 10:30:05  --- S19-AUDNZD iter 4 @ 10:30:05 ---
2026-07-09 10:30:05    Niciun semnal nou. Pendinge: 0
2026-07-09 10:30:05    Urmatoarea bara 15min @ 10:45:05 — 900s
2026-07-09 10:45:05  --- S19-AUDNZD iter 5 @ 10:45:05 ---
2026-07-09 10:45:05    Niciun semnal nou. Pendinge: 0
2026-07-09 10:45:05    Urmatoarea bara 15min @ 11:00:05 — 900s
2026-07-09 11:00:05  --- S19-AUDNZD iter 6 @ 11:00:05 ---
2026-07-09 11:00:05    Niciun semnal nou. Pendinge: 0
2026-07-09 11:00:05    Urmatoarea bara 15min @ 11:15:05 — 900s
2026-07-09 11:15:05  --- S19-AUDNZD iter 7 @ 11:15:05 ---
2026-07-09 11:15:05    Niciun semnal nou. Pendinge: 0
2026-07-09 11:15:05    Urmatoarea bara 15min @ 11:30:05 — 900s
2026-07-09 11:30:05  --- S19-AUDNZD iter 8 @ 11:30:05 ---
2026-07-09 11:30:05    Niciun semnal nou. Pendinge: 0
2026-07-09 11:30:05    Urmatoarea bara 15min @ 11:45:05 — 900s
2026-07-09 11:45:05  --- S19-AUDNZD iter 9 @ 11:45:05 ---
2026-07-09 11:45:05    Niciun semnal nou. Pendinge: 0
2026-07-09 11:45:05    Urmatoarea bara 15min @ 12:00:05 — 900s
2026-07-09 12:00:05  --- S19-AUDNZD iter 10 @ 12:00:05 ---
2026-07-09 12:00:05    Niciun semnal nou. Pendinge: 0
2026-07-09 12:00:05    Urmatoarea bara 15min @ 12:15:05 — 900s
2026-07-09 12:15:05  --- S19-AUDNZD iter 11 @ 12:15:05 ---
2026-07-09 12:15:05    Niciun semnal nou. Pendinge: 0
2026-07-09 12:15:05    Urmatoarea bara 15min @ 12:30:05 — 900s
2026-07-09 12:30:05  --- S19-AUDNZD iter 12 @ 12:30:05 ---
2026-07-09 12:30:05    Niciun semnal nou. Pendinge: 0
2026-07-09 12:30:05    Urmatoarea bara 15min @ 12:45:05 — 900s
2026-07-09 12:45:05  --- S19-AUDNZD iter 13 @ 12:45:05 ---
2026-07-09 12:45:05    Niciun semnal nou. Pendinge: 0
2026-07-09 12:45:05    Urmatoarea bara 15min @ 13:00:05 — 900s
2026-07-09 13:00:05  --- S19-AUDNZD iter 14 @ 13:00:05 ---
2026-07-09 13:00:05    Niciun semnal nou. Pendinge: 0
2026-07-09 13:00:05    Urmatoarea bara 15min @ 13:15:05 — 900s
2026-07-09 13:15:05  --- S19-AUDNZD iter 15 @ 13:15:05 ---
2026-07-09 13:15:05    Niciun semnal nou. Pendinge: 0
2026-07-09 13:15:05    Urmatoarea bara 15min @ 13:30:05 — 900s
2026-07-09 13:30:05  --- S19-AUDNZD iter 16 @ 13:30:05 ---
2026-07-09 13:30:05    Niciun semnal nou. Pendinge: 0
2026-07-09 13:30:05    Urmatoarea bara 15min @ 13:45:05 — 900s
2026-07-09 13:45:05  --- S19-AUDNZD iter 17 @ 13:45:05 ---
2026-07-09 13:45:05    Niciun semnal nou. Pendinge: 0
2026-07-09 13:45:05    Urmatoarea bara 15min @ 14:00:05 — 900s
2026-07-09 14:00:05  --- S19-AUDNZD iter 18 @ 14:00:05 ---
2026-07-09 14:00:05    Niciun semnal nou. Pendinge: 0
2026-07-09 14:00:05    Urmatoarea bara 15min @ 14:15:05 — 899s
2026-07-09 14:15:05  --- S19-AUDNZD iter 19 @ 14:15:05 ---
2026-07-09 14:15:05    Niciun semnal nou. Pendinge: 0
2026-07-09 14:15:05    Urmatoarea bara 15min @ 14:30:05 — 900s
2026-07-09 14:30:05  --- S19-AUDNZD iter 20 @ 14:30:05 ---
2026-07-09 14:30:05    Niciun semnal nou. Pendinge: 0
2026-07-09 14:30:05    Urmatoarea bara 15min @ 14:45:05 — 900s
2026-07-09 14:45:05  --- S19-AUDNZD iter 21 @ 14:45:05 ---
2026-07-09 14:45:05    Niciun semnal nou. Pendinge: 0
2026-07-09 14:45:05    Urmatoarea bara 15min @ 15:00:05 — 900s
2026-07-09 15:00:05  --- S19-AUDNZD iter 22 @ 15:00:05 ---
2026-07-09 15:00:05    Niciun semnal nou. Pendinge: 0
2026-07-09 15:00:05    Urmatoarea bara 15min @ 15:15:05 — 900s
2026-07-09 15:15:05  --- S19-AUDNZD iter 23 @ 15:15:05 ---
2026-07-09 15:15:05    Niciun semnal nou. Pendinge: 0
2026-07-09 15:15:05    Urmatoarea bara 15min @ 15:30:05 — 900s
2026-07-09 15:21:52    [PROFIL] Profil 'Standard Profile' aplicat pe session19.
2026-07-09 15:21:52  =================================================================
2026-07-09 15:21:52    S19-AUDNZD — AUDNZD M15+M30 BOTH pw=8 pullback | test +0.339R (19t insuf)
2026-07-09 15:21:52    Piete: ['AUDNZD']
2026-07-09 15:21:52    TF: M15 (trend M30) | PW=8 | BOTH
2026-07-09 15:21:52    Output: C:\trading-bot\data\live_signals\session19
2026-07-09 15:21:52  =================================================================
2026-07-09 15:21:53  MT5: 52906593 @ ICMarketsEU-Demo (DEMO)
2026-07-09 15:21:53    [ORPHAN] Nicio pozitie MT5 fara corespondent — state consistent cu MT5.
2026-07-09 15:21:53  Simboluri active: ['AUDNZD']
2026-07-09 15:21:53  Pornit. Ctrl+C pentru oprire.

2026-07-09 15:21:53  --- S19-AUDNZD iter 1 @ 15:21:53 ---
2026-07-09 15:21:53    Niciun semnal nou. Pendinge: 0
2026-07-09 15:21:53    Urmatoarea bara 15min @ 15:30:05 — 492s
2026-07-09 15:30:05  --- S19-AUDNZD iter 2 @ 15:30:05 ---
2026-07-09 15:30:05    Niciun semnal nou. Pendinge: 0
2026-07-09 15:30:05    Urmatoarea bara 15min @ 15:45:05 — 900s
2026-07-09 15:45:05  --- S19-AUDNZD iter 3 @ 15:45:05 ---
2026-07-09 15:45:05    Niciun semnal nou. Pendinge: 0
2026-07-09 15:45:05    Urmatoarea bara 15min @ 16:00:05 — 900s
2026-07-09 16:00:05  --- S19-AUDNZD iter 4 @ 16:00:05 ---
2026-07-09 16:00:05    Niciun semnal nou. Pendinge: 0
2026-07-09 16:00:05    Urmatoarea bara 15min @ 16:15:05 — 899s
2026-07-09 16:15:05  --- S19-AUDNZD iter 5 @ 16:15:05 ---
2026-07-09 16:15:05    Niciun semnal nou. Pendinge: 0
2026-07-09 16:15:05    Urmatoarea bara 15min @ 16:30:05 — 900s
2026-07-09 16:30:05  --- S19-AUDNZD iter 6 @ 16:30:05 ---
2026-07-09 16:30:05    Niciun semnal nou. Pendinge: 0
2026-07-09 16:30:05    Urmatoarea bara 15min @ 16:45:05 — 900s
2026-07-09 16:45:05  --- S19-AUDNZD iter 7 @ 16:45:05 ---
2026-07-09 16:45:05    Niciun semnal nou. Pendinge: 0
2026-07-09 16:45:05    Urmatoarea bara 15min @ 17:00:05 — 900s
2026-07-09 17:00:05  --- S19-AUDNZD iter 8 @ 17:00:05 ---
2026-07-09 17:00:05    Niciun semnal nou. Pendinge: 0
2026-07-09 17:00:05    Urmatoarea bara 15min @ 17:15:05 — 899s
2026-07-09 17:15:05  --- S19-AUDNZD iter 9 @ 17:15:05 ---
2026-07-09 17:15:05    Niciun semnal nou. Pendinge: 0
2026-07-09 17:15:05    Urmatoarea bara 15min @ 17:30:05 — 900s
2026-07-09 17:30:05  --- S19-AUDNZD iter 10 @ 17:30:05 ---
2026-07-09 17:30:05    Niciun semnal nou. Pendinge: 0
2026-07-09 17:30:05    Urmatoarea bara 15min @ 17:45:05 — 900s
2026-07-09 17:45:05  --- S19-AUDNZD iter 11 @ 17:45:05 ---
2026-07-09 17:45:05    Niciun semnal nou. Pendinge: 0
2026-07-09 17:45:05    Urmatoarea bara 15min @ 18:00:05 — 900s
2026-07-09 18:00:05  --- S19-AUDNZD iter 12 @ 18:00:05 ---
2026-07-09 18:00:05    Niciun semnal nou. Pendinge: 0
2026-07-09 18:00:05    Urmatoarea bara 15min @ 18:15:05 — 900s
2026-07-09 18:15:05  --- S19-AUDNZD iter 13 @ 18:15:05 ---
2026-07-09 18:15:05    Niciun semnal nou. Pendinge: 0
2026-07-09 18:15:05    Urmatoarea bara 15min @ 18:30:05 — 900s
2026-07-09 18:30:05  --- S19-AUDNZD iter 14 @ 18:30:05 ---
2026-07-09 18:30:05    Niciun semnal nou. Pendinge: 0
2026-07-09 18:30:05    Urmatoarea bara 15min @ 18:45:05 — 900s
2026-07-09 18:45:05  --- S19-AUDNZD iter 15 @ 18:45:05 ---
2026-07-09 18:45:05    Niciun semnal nou. Pendinge: 0
2026-07-09 18:45:05    Urmatoarea bara 15min @ 19:00:05 — 900s
2026-07-09 19:00:05  --- S19-AUDNZD iter 16 @ 19:00:05 ---
2026-07-09 19:00:05    Niciun semnal nou. Pendinge: 0
2026-07-09 19:00:05    Urmatoarea bara 15min @ 19:15:05 — 900s
2026-07-09 19:15:05  --- S19-AUDNZD iter 17 @ 19:15:05 ---
2026-07-09 19:15:05    Niciun semnal nou. Pendinge: 0
2026-07-09 19:15:05    Urmatoarea bara 15min @ 19:30:05 — 900s
2026-07-09 19:30:05  --- S19-AUDNZD iter 18 @ 19:30:05 ---
2026-07-09 19:30:05    Niciun semnal nou. Pendinge: 0
2026-07-09 19:30:05    Urmatoarea bara 15min @ 19:45:05 — 900s
2026-07-09 19:45:05  --- S19-AUDNZD iter 19 @ 19:45:05 ---
2026-07-09 19:45:05    Niciun semnal nou. Pendinge: 0
2026-07-09 19:45:05    Urmatoarea bara 15min @ 20:00:05 — 900s
2026-07-09 20:00:05  --- S19-AUDNZD iter 20 @ 20:00:05 ---
2026-07-09 20:00:05    Niciun semnal nou. Pendinge: 0
2026-07-09 20:00:05    Urmatoarea bara 15min @ 20:15:05 — 900s
2026-07-09 20:15:05  --- S19-AUDNZD iter 21 @ 20:15:05 ---
2026-07-09 20:15:05    Niciun semnal nou. Pendinge: 0
2026-07-09 20:15:05    Urmatoarea bara 15min @ 20:30:05 — 900s
2026-07-09 20:30:05  --- S19-AUDNZD iter 22 @ 20:30:05 ---
2026-07-09 20:30:05    Niciun semnal nou. Pendinge: 0
2026-07-09 20:30:05    Urmatoarea bara 15min @ 20:45:05 — 900s
2026-07-09 20:45:05  --- S19-AUDNZD iter 23 @ 20:45:05 ---
2026-07-09 20:45:05    Niciun semnal nou. Pendinge: 0
2026-07-09 20:45:05    Urmatoarea bara 15min @ 21:00:05 — 900s
2026-07-09 21:00:05  --- S19-AUDNZD iter 24 @ 21:00:05 ---
2026-07-09 21:00:05    Niciun semnal nou. Pendinge: 0
2026-07-09 21:00:05    Urmatoarea bara 15min @ 21:15:05 — 900s
2026-07-09 21:15:05  --- S19-AUDNZD iter 25 @ 21:15:05 ---
2026-07-09 21:15:05    Niciun semnal nou. Pendinge: 0
2026-07-09 21:15:05    Urmatoarea bara 15min @ 21:30:05 — 900s
2026-07-09 21:30:05  --- S19-AUDNZD iter 26 @ 21:30:05 ---
2026-07-09 21:30:05    Niciun semnal nou. Pendinge: 0
2026-07-09 21:30:05    Urmatoarea bara 15min @ 21:45:05 — 900s
2026-07-09 21:45:05  --- S19-AUDNZD iter 27 @ 21:45:05 ---
2026-07-09 21:45:05    Niciun semnal nou. Pendinge: 0
2026-07-09 21:45:05    Urmatoarea bara 15min @ 22:00:05 — 900s
2026-07-09 22:00:05  --- S19-AUDNZD iter 28 @ 22:00:05 ---
2026-07-09 22:00:05    Niciun semnal nou. Pendinge: 0
2026-07-09 22:00:05    Urmatoarea bara 15min @ 22:15:05 — 899s
2026-07-09 22:15:05  --- S19-AUDNZD iter 29 @ 22:15:05 ---
2026-07-09 22:15:05    Niciun semnal nou. Pendinge: 0
2026-07-09 22:15:05    Urmatoarea bara 15min @ 22:30:05 — 900s
2026-07-09 22:30:05  --- S19-AUDNZD iter 30 @ 22:30:05 ---
2026-07-09 22:30:05    Niciun semnal nou. Pendinge: 0
2026-07-09 22:30:05    Urmatoarea bara 15min @ 22:45:05 — 900s
2026-07-09 22:45:05  --- S19-AUDNZD iter 31 @ 22:45:05 ---
2026-07-09 22:45:05    Niciun semnal nou. Pendinge: 0
2026-07-09 22:45:05    Urmatoarea bara 15min @ 23:00:05 — 900s
2026-07-09 23:00:05  --- S19-AUDNZD iter 32 @ 23:00:05 ---
2026-07-09 23:00:05    Niciun semnal nou. Pendinge: 0
2026-07-09 23:00:05    Urmatoarea bara 15min @ 23:15:05 — 900s
2026-07-09 23:14:10    [PROFIL] Profil 'Standard Profile' aplicat pe session19.
2026-07-09 23:14:10  =================================================================
2026-07-09 23:14:10    S19-AUDNZD — AUDNZD M15+M30 BOTH pw=8 pullback | test +0.339R (19t insuf)
2026-07-09 23:14:10    Piete: ['AUDNZD']
2026-07-09 23:14:10    TF: M15 (trend M30) | PW=8 | BOTH
2026-07-09 23:14:10    Output: C:\trading-bot\data\live_signals\session19
2026-07-09 23:14:10  =================================================================
2026-07-09 23:14:10  MT5: 52906593 @ ICMarketsEU-Demo (DEMO)
2026-07-09 23:14:11    [ORPHAN] Nicio pozitie MT5 fara corespondent — state consistent cu MT5.
2026-07-09 23:14:11  Simboluri active: ['AUDNZD']
2026-07-09 23:14:11  Pornit. Ctrl+C pentru oprire.

2026-07-09 23:14:11  --- S19-AUDNZD iter 1 @ 23:14:11 ---
2026-07-09 23:14:11    Niciun semnal nou. Pendinge: 0
2026-07-09 23:14:11    Urmatoarea bara 15min @ 23:15:05 — 54s
2026-07-09 23:15:05  --- S19-AUDNZD iter 2 @ 23:15:05 ---
2026-07-09 23:15:05    Niciun semnal nou. Pendinge: 0
2026-07-09 23:15:05    Urmatoarea bara 15min @ 23:30:05 — 900s
2026-07-09 23:30:05  --- S19-AUDNZD iter 3 @ 23:30:05 ---
2026-07-09 23:30:05    Niciun semnal nou. Pendinge: 0
2026-07-09 23:30:05    Urmatoarea bara 15min @ 23:45:05 — 900s
2026-07-09 23:45:05  --- S19-AUDNZD iter 4 @ 23:45:05 ---
2026-07-09 23:45:05    Niciun semnal nou. Pendinge: 0
2026-07-09 23:45:05    Urmatoarea bara 15min @ 00:00:05 — 900s
2026-07-10 00:00:05  --- S19-AUDNZD iter 5 @ 00:00:05 ---
2026-07-10 00:00:05    Niciun semnal nou. Pendinge: 0
2026-07-10 00:00:05    Urmatoarea bara 15min @ 00:15:05 — 900s
2026-07-10 00:15:05  --- S19-AUDNZD iter 6 @ 00:15:05 ---
2026-07-10 00:15:05    Niciun semnal nou. Pendinge: 0
2026-07-10 00:15:05    Urmatoarea bara 15min @ 00:30:05 — 900s
2026-07-10 00:30:05  --- S19-AUDNZD iter 7 @ 00:30:05 ---
2026-07-10 00:30:05    Niciun semnal nou. Pendinge: 0
2026-07-10 00:30:05    Urmatoarea bara 15min @ 00:45:05 — 900s
2026-07-10 00:45:05  --- S19-AUDNZD iter 8 @ 00:45:05 ---
2026-07-10 00:45:05    Niciun semnal nou. Pendinge: 0
2026-07-10 00:45:05    Urmatoarea bara 15min @ 01:00:05 — 900s
2026-07-10 01:00:05  --- S19-AUDNZD iter 9 @ 01:00:05 ---
2026-07-10 01:00:05    Niciun semnal nou. Pendinge: 0
2026-07-10 01:00:05    Urmatoarea bara 15min @ 01:15:05 — 900s
2026-07-10 01:15:05  --- S19-AUDNZD iter 10 @ 01:15:05 ---
2026-07-10 01:15:05    Niciun semnal nou. Pendinge: 0
2026-07-10 01:15:05    Urmatoarea bara 15min @ 01:30:05 — 900s
2026-07-10 01:30:05  --- S19-AUDNZD iter 11 @ 01:30:05 ---
2026-07-10 01:30:05    Niciun semnal nou. Pendinge: 0
2026-07-10 01:30:05    Urmatoarea bara 15min @ 01:45:05 — 900s
2026-07-10 01:45:05  --- S19-AUDNZD iter 12 @ 01:45:05 ---
2026-07-10 01:45:05    *** SEMNAL [INSIDE_BAR]: S19-AUDNZD-IB0006 AUDNZD SHORT entry=1.20525 sl=1.20629 tp=1.20317 (2.0R) RSI=50
2026-07-10 01:45:05    [EXEC] *** ORDIN: S19-AUDNZD-IB0006 AUDNZD SHORT 0.02lot @ 1.20525  SL=1.20629  TP=1.20317  ticket=#1800483278
2026-07-10 01:45:05    Urmatoarea bara 15min @ 02:00:05 — 899s
2026-07-10 02:00:05  --- S19-AUDNZD iter 13 @ 02:00:05 ---
2026-07-10 02:00:05    Niciun semnal nou. Pendinge: 1
2026-07-10 02:00:05    Urmatoarea bara 15min @ 02:15:05 — 900s
2026-07-10 02:15:05  --- S19-AUDNZD iter 14 @ 02:15:05 ---
2026-07-10 02:15:05    TRIGGERAT: S19-AUDNZD-IB0006 AUDNZD SHORT @ 1.20525
2026-07-10 02:15:05    Niciun semnal nou. Pendinge: 1
2026-07-10 02:15:05    Urmatoarea bara 15min @ 02:30:05 — 900s
2026-07-10 02:30:05  --- S19-AUDNZD iter 15 @ 02:30:05 ---
2026-07-10 02:30:05    Niciun semnal nou. Pendinge: 1
2026-07-10 02:30:05    Urmatoarea bara 15min @ 02:45:05 — 900s
2026-07-10 02:45:05  --- S19-AUDNZD iter 16 @ 02:45:05 ---
2026-07-10 02:45:05    Niciun semnal nou. Pendinge: 1
2026-07-10 02:45:05    Urmatoarea bara 15min @ 03:00:05 — 900s
2026-07-10 03:00:05  --- S19-AUDNZD iter 17 @ 03:00:05 ---
2026-07-10 03:00:05    Niciun semnal nou. Pendinge: 1
2026-07-10 03:00:05    Urmatoarea bara 15min @ 03:15:05 — 900s
2026-07-10 03:15:05  --- S19-AUDNZD iter 18 @ 03:15:05 ---
2026-07-10 03:15:05    Niciun semnal nou. Pendinge: 1
2026-07-10 03:15:05    Urmatoarea bara 15min @ 03:30:05 — 900s
2026-07-10 03:30:05  --- S19-AUDNZD iter 19 @ 03:30:05 ---
2026-07-10 03:30:05    Niciun semnal nou. Pendinge: 1
2026-07-10 03:30:05    Urmatoarea bara 15min @ 03:45:05 — 900s
2026-07-10 03:45:05  --- S19-AUDNZD iter 20 @ 03:45:05 ---
2026-07-10 03:45:05    Niciun semnal nou. Pendinge: 1
2026-07-10 03:45:05    Urmatoarea bara 15min @ 04:00:05 — 900s
2026-07-10 04:00:05  --- S19-AUDNZD iter 21 @ 04:00:05 ---
2026-07-10 04:00:05    [MT5] Pozitie #1800483278 inchisa: exit=1.20315  result=+2.019R  pnl=+2.42USD  comm=-0.14  swap=+0.00  [TP]
2026-07-10 04:00:05    PROFIT (MT5): S19-AUDNZD-IB0006 TP +2.019R
2026-07-10 04:00:05    Niciun semnal nou. Pendinge: 0
2026-07-10 04:00:05    Urmatoarea bara 15min @ 04:15:05 — 899s
2026-07-10 04:15:05  --- S19-AUDNZD iter 22 @ 04:15:05 ---
2026-07-10 04:15:05    Niciun semnal nou. Pendinge: 0
2026-07-10 04:15:05    Urmatoarea bara 15min @ 04:30:05 — 900s
2026-07-10 04:30:05  --- S19-AUDNZD iter 23 @ 04:30:05 ---
2026-07-10 04:30:05    Niciun semnal nou. Pendinge: 0
2026-07-10 04:30:05    Urmatoarea bara 15min @ 04:45:05 — 900s
2026-07-10 04:45:05  --- S19-AUDNZD iter 24 @ 04:45:05 ---
2026-07-10 04:45:05    Niciun semnal nou. Pendinge: 0
2026-07-10 04:45:05    Urmatoarea bara 15min @ 05:00:05 — 900s
2026-07-10 05:00:05  --- S19-AUDNZD iter 25 @ 05:00:05 ---
2026-07-10 05:00:05    Niciun semnal nou. Pendinge: 0
2026-07-10 05:00:05    Urmatoarea bara 15min @ 05:15:05 — 900s
2026-07-10 05:15:05  --- S19-AUDNZD iter 26 @ 05:15:05 ---
2026-07-10 05:15:05    Niciun semnal nou. Pendinge: 0
2026-07-10 05:15:05    Urmatoarea bara 15min @ 05:30:05 — 900s
2026-07-10 05:30:05  --- S19-AUDNZD iter 27 @ 05:30:05 ---
2026-07-10 05:30:05    Niciun semnal nou. Pendinge: 0
2026-07-10 05:30:05    Urmatoarea bara 15min @ 05:45:05 — 900s
2026-07-10 05:45:05  --- S19-AUDNZD iter 28 @ 05:45:05 ---
2026-07-10 05:45:05    Niciun semnal nou. Pendinge: 0
2026-07-10 05:45:05    Urmatoarea bara 15min @ 06:00:05 — 900s
2026-07-10 06:00:05  --- S19-AUDNZD iter 29 @ 06:00:05 ---
2026-07-10 06:00:05    Niciun semnal nou. Pendinge: 0
2026-07-10 06:00:05    Urmatoarea bara 15min @ 06:15:05 — 900s
2026-07-10 06:15:05  --- S19-AUDNZD iter 30 @ 06:15:05 ---
2026-07-10 06:15:05    Niciun semnal nou. Pendinge: 0
2026-07-10 06:15:05    Urmatoarea bara 15min @ 06:30:05 — 900s
2026-07-10 06:30:05  --- S19-AUDNZD iter 31 @ 06:30:05 ---
2026-07-10 06:30:05    *** SEMNAL [INSIDE_BAR]: S19-AUDNZD-IB0007 AUDNZD SHORT entry=1.20274 sl=1.20377 tp=1.20068 (2.0R) RSI=43
2026-07-10 06:30:05    [EXEC] *** ORDIN: S19-AUDNZD-IB0007 AUDNZD SHORT 0.02lot @ 1.20274  SL=1.20377  TP=1.20068  ticket=#1800948932
2026-07-10 06:30:05    Urmatoarea bara 15min @ 06:45:05 — 899s
2026-07-10 06:45:05  --- S19-AUDNZD iter 32 @ 06:45:05 ---
2026-07-10 06:45:05    TRIGGERAT: S19-AUDNZD-IB0007 AUDNZD SHORT @ 1.20274
2026-07-10 06:45:05    Niciun semnal nou. Pendinge: 1
2026-07-10 06:45:05    Urmatoarea bara 15min @ 07:00:05 — 900s
2026-07-10 07:00:05  --- S19-AUDNZD iter 33 @ 07:00:05 ---
2026-07-10 07:00:05    Niciun semnal nou. Pendinge: 1
2026-07-10 07:00:05    Urmatoarea bara 15min @ 07:15:05 — 900s
2026-07-10 07:15:05  --- S19-AUDNZD iter 34 @ 07:15:05 ---
2026-07-10 07:15:05    [MT5] Pozitie #1800948932 inchisa: exit=1.20379  result=-1.019R  pnl=-1.26USD  comm=-0.14  swap=+0.00  [SL]
2026-07-10 07:15:05    PIERDERE (MT5): S19-AUDNZD-IB0007 SL -1.019R
2026-07-10 07:15:05    Niciun semnal nou. Pendinge: 0
2026-07-10 07:15:05    Urmatoarea bara 15min @ 07:30:05 — 900s
2026-07-10 07:30:05  --- S19-AUDNZD iter 35 @ 07:30:05 ---
2026-07-10 07:30:05    Niciun semnal nou. Pendinge: 0
2026-07-10 07:30:05    Urmatoarea bara 15min @ 07:45:05 — 900s
2026-07-10 07:45:05  --- S19-AUDNZD iter 36 @ 07:45:05 ---
2026-07-10 07:45:05    Niciun semnal nou. Pendinge: 0
2026-07-10 07:45:31    Urmatoarea bara 15min @ 08:00:05 — 873s
2026-07-10 08:00:05  --- S19-AUDNZD iter 37 @ 08:00:05 ---
2026-07-10 08:00:05    Niciun semnal nou. Pendinge: 0
2026-07-10 08:00:05    Urmatoarea bara 15min @ 08:15:05 — 900s
2026-07-10 08:15:05  --- S19-AUDNZD iter 38 @ 08:15:05 ---
2026-07-10 08:15:05    Niciun semnal nou. Pendinge: 0
2026-07-10 08:15:05    Urmatoarea bara 15min @ 08:30:05 — 900s
2026-07-10 08:30:05  --- S19-AUDNZD iter 39 @ 08:30:05 ---
2026-07-10 08:30:05    Niciun semnal nou. Pendinge: 0
2026-07-10 08:30:05    Urmatoarea bara 15min @ 08:45:05 — 900s
2026-07-10 08:45:05  --- S19-AUDNZD iter 40 @ 08:45:05 ---
2026-07-10 08:45:05    Niciun semnal nou. Pendinge: 0
2026-07-10 08:45:05    Urmatoarea bara 15min @ 09:00:05 — 900s
2026-07-10 09:00:05  --- S19-AUDNZD iter 41 @ 09:00:05 ---
2026-07-10 09:00:05    Niciun semnal nou. Pendinge: 0
2026-07-10 09:00:05    Urmatoarea bara 15min @ 09:15:05 — 900s
2026-07-10 09:15:05  --- S19-AUDNZD iter 42 @ 09:15:05 ---
2026-07-10 09:15:05    Niciun semnal nou. Pendinge: 0
2026-07-10 09:15:05    Urmatoarea bara 15min @ 09:30:05 — 900s
2026-07-10 09:24:42    [PROFIL] Profil 'Standard Profile' aplicat pe session19.
2026-07-10 09:24:42  =================================================================
2026-07-10 09:24:42    S19-AUDNZD — AUDNZD M15+M30 BOTH pw=8 pullback | test +0.339R (19t insuf)
2026-07-10 09:24:42    Piete: ['AUDNZD']
2026-07-10 09:24:42    TF: M15 (trend M30) | PW=8 | BOTH
2026-07-10 09:24:42    Output: C:\trading-bot\data\live_signals\session19
2026-07-10 09:24:42  =================================================================
2026-07-10 09:24:43  MT5: 52906593 @ ICMarketsEU-Demo (DEMO)
2026-07-10 09:24:43    [MIGRATE] Cheie goala stearsa din pending: 'AUDNZD'
2026-07-10 09:24:43    [MIGRATE] Migrare pending: 0 semnale migrate, 1 chei goale sterse.
2026-07-10 09:24:43    [ORPHAN] Nicio pozitie MT5 fara corespondent — state consistent cu MT5.
2026-07-10 09:24:43  Simboluri active: ['AUDNZD']
2026-07-10 09:24:43  Pornit. Ctrl+C pentru oprire.

2026-07-10 09:24:43  --- S19-AUDNZD iter 1 @ 09:24:43 ---
2026-07-10 09:24:43    Niciun semnal nou. Pendinge: 0
2026-07-10 09:24:43    Urmatoarea bara 15min @ 09:30:05 — 322s
2026-07-10 09:30:05  --- S19-AUDNZD iter 2 @ 09:30:05 ---
2026-07-10 09:30:05    Niciun semnal nou. Pendinge: 0
2026-07-10 09:30:05    Urmatoarea bara 15min @ 09:45:05 — 900s
2026-07-10 09:45:05  --- S19-AUDNZD iter 3 @ 09:45:05 ---
2026-07-10 09:45:05    Niciun semnal nou. Pendinge: 0
2026-07-10 09:45:05    Urmatoarea bara 15min @ 10:00:05 — 900s
2026-07-10 10:00:05  --- S19-AUDNZD iter 4 @ 10:00:05 ---
2026-07-10 10:00:05    Niciun semnal nou. Pendinge: 0
2026-07-10 10:00:05    Urmatoarea bara 15min @ 10:15:05 — 900s
2026-07-10 10:15:05  --- S19-AUDNZD iter 5 @ 10:15:05 ---
2026-07-10 10:15:05    Niciun semnal nou. Pendinge: 0
2026-07-10 10:15:05    Urmatoarea bara 15min @ 10:30:05 — 900s
2026-07-10 10:30:05  --- S19-AUDNZD iter 6 @ 10:30:05 ---
2026-07-10 10:30:05    Niciun semnal nou. Pendinge: 0
2026-07-10 10:30:05    Urmatoarea bara 15min @ 10:45:05 — 900s
2026-07-10 10:45:05  --- S19-AUDNZD iter 7 @ 10:45:05 ---
2026-07-10 10:45:05    Niciun semnal nou. Pendinge: 0
2026-07-10 10:45:05    Urmatoarea bara 15min @ 11:00:05 — 900s
2026-07-10 11:00:05  --- S19-AUDNZD iter 8 @ 11:00:05 ---
2026-07-10 11:00:05    Niciun semnal nou. Pendinge: 0
2026-07-10 11:00:05    Urmatoarea bara 15min @ 11:15:05 — 900s
2026-07-10 11:11:27    [PROFIL] Profil 'Standard Profile' aplicat pe session19.
2026-07-10 11:11:27  =================================================================
2026-07-10 11:11:27    S19-AUDNZD — AUDNZD M15+M30 BOTH pw=8 pullback | test +0.339R (19t insuf)
2026-07-10 11:11:27    Piete: ['AUDNZD']
2026-07-10 11:11:27    TF: M15 (trend M30) | PW=8 | BOTH
2026-07-10 11:11:27    Output: C:\trading-bot\data\live_signals\session19
2026-07-10 11:11:27  =================================================================
2026-07-10 11:11:27  MT5: 52906593 @ ICMarketsEU-Demo (DEMO)
2026-07-10 11:11:28    [ORPHAN] Nicio pozitie MT5 fara corespondent — state consistent cu MT5.
2026-07-10 11:11:28  Simboluri active: ['AUDNZD']
2026-07-10 11:11:28  Pornit. Ctrl+C pentru oprire.

2026-07-10 11:11:28  --- S19-AUDNZD iter 1 @ 11:11:28 ---
2026-07-10 11:11:28    Niciun semnal nou. Pendinge: 0
2026-07-10 11:11:28    Urmatoarea bara 15min @ 11:15:05 — 217s
2026-07-10 11:15:05  --- S19-AUDNZD iter 2 @ 11:15:05 ---
2026-07-10 11:15:05    Niciun semnal nou. Pendinge: 0
2026-07-10 11:15:05    Urmatoarea bara 15min @ 11:30:05 — 900s
2026-07-10 11:20:48    [PROFIL] Profil 'Standard Profile' aplicat pe session19.
2026-07-10 11:20:48  =================================================================
2026-07-10 11:20:48    S19-AUDNZD — AUDNZD M15+M30 BOTH pw=8 pullback | test +0.339R (19t insuf)
2026-07-10 11:20:48    Piete: ['AUDNZD']
2026-07-10 11:20:48    TF: M15 (trend M30) | PW=8 | BOTH
2026-07-10 11:20:48    Output: C:\trading-bot\data\live_signals\session19
2026-07-10 11:20:48  =================================================================
2026-07-10 11:20:48  MT5: 52906593 @ ICMarketsEU-Demo (DEMO)
2026-07-10 11:20:48    [ORPHAN] Nicio pozitie MT5 fara corespondent — state consistent cu MT5.
2026-07-10 11:20:48  Simboluri active: ['AUDNZD']
2026-07-10 11:20:48  Pornit. Ctrl+C pentru oprire.

2026-07-10 11:20:48  --- S19-AUDNZD iter 1 @ 11:20:48 ---
2026-07-10 11:20:48    Niciun semnal nou. Pendinge: 0
2026-07-10 11:20:48    Urmatoarea bara 15min @ 11:30:05 — 556s
2026-07-10 11:30:05  --- S19-AUDNZD iter 2 @ 11:30:05 ---
2026-07-10 11:30:05    Niciun semnal nou. Pendinge: 0
2026-07-10 11:30:05    Urmatoarea bara 15min @ 11:45:05 — 900s
2026-07-10 11:45:05  --- S19-AUDNZD iter 3 @ 11:45:05 ---
2026-07-10 11:45:05    Niciun semnal nou. Pendinge: 0
2026-07-10 11:45:05    Urmatoarea bara 15min @ 12:00:05 — 900s
2026-07-10 12:00:05  --- S19-AUDNZD iter 4 @ 12:00:05 ---
2026-07-10 12:00:05    Niciun semnal nou. Pendinge: 0
2026-07-10 12:00:05    Urmatoarea bara 15min @ 12:15:05 — 899s
2026-07-10 12:15:05  --- S19-AUDNZD iter 5 @ 12:15:05 ---
2026-07-10 12:15:05    Niciun semnal nou. Pendinge: 0
2026-07-10 12:15:05    Urmatoarea bara 15min @ 12:30:05 — 900s
2026-07-10 12:30:05  --- S19-AUDNZD iter 6 @ 12:30:05 ---
2026-07-10 12:30:05    Niciun semnal nou. Pendinge: 0
2026-07-10 12:30:05    Urmatoarea bara 15min @ 12:45:05 — 900s
2026-07-10 12:45:05  --- S19-AUDNZD iter 7 @ 12:45:05 ---
2026-07-10 12:45:05    Niciun semnal nou. Pendinge: 0
2026-07-10 12:45:05    Urmatoarea bara 15min @ 13:00:05 — 900s
2026-07-10 13:00:05  --- S19-AUDNZD iter 8 @ 13:00:05 ---
2026-07-10 13:00:05    Niciun semnal nou. Pendinge: 0
2026-07-10 13:00:05    Urmatoarea bara 15min @ 13:15:05 — 899s
2026-07-10 13:15:05  --- S19-AUDNZD iter 9 @ 13:15:05 ---
2026-07-10 13:15:05    Niciun semnal nou. Pendinge: 0
2026-07-10 13:15:05    Urmatoarea bara 15min @ 13:30:05 — 900s
2026-07-10 13:30:05  --- S19-AUDNZD iter 10 @ 13:30:05 ---
2026-07-10 13:30:05    Niciun semnal nou. Pendinge: 0
2026-07-10 13:30:05    Urmatoarea bara 15min @ 13:45:05 — 900s
2026-07-10 13:45:05  --- S19-AUDNZD iter 11 @ 13:45:05 ---
2026-07-10 13:45:05    Niciun semnal nou. Pendinge: 0
2026-07-10 13:45:05    Urmatoarea bara 15min @ 14:00:05 — 900s
2026-07-10 14:00:05  --- S19-AUDNZD iter 12 @ 14:00:05 ---
2026-07-10 14:00:05    Niciun semnal nou. Pendinge: 0
2026-07-10 14:00:05    Urmatoarea bara 15min @ 14:15:05 — 900s
2026-07-10 14:15:05  --- S19-AUDNZD iter 13 @ 14:15:05 ---
2026-07-10 14:15:05    Niciun semnal nou. Pendinge: 0
2026-07-10 14:15:05    Urmatoarea bara 15min @ 14:30:05 — 900s
2026-07-10 14:30:05  --- S19-AUDNZD iter 14 @ 14:30:05 ---
2026-07-10 14:30:05    Niciun semnal nou. Pendinge: 0
2026-07-10 14:30:05    Urmatoarea bara 15min @ 14:45:05 — 900s
2026-07-10 14:45:05  --- S19-AUDNZD iter 15 @ 14:45:05 ---
2026-07-10 14:45:05    Niciun semnal nou. Pendinge: 0
2026-07-10 14:45:05    Urmatoarea bara 15min @ 15:00:05 — 900s
2026-07-10 15:00:05  --- S19-AUDNZD iter 16 @ 15:00:05 ---
2026-07-10 15:00:05    Niciun semnal nou. Pendinge: 0
2026-07-10 15:00:05    Urmatoarea bara 15min @ 15:15:05 — 900s
2026-07-10 15:04:31    [PROFIL] Profil 'Standard Profile' aplicat pe session19.
2026-07-10 15:04:31  =================================================================
2026-07-10 15:04:31    S19-AUDNZD — AUDNZD M15+M30 BOTH pw=8 pullback | test +0.339R (19t insuf)
2026-07-10 15:04:31    Piete: ['AUDNZD']
2026-07-10 15:04:31    TF: M15 (trend M30) | PW=8 | BOTH
2026-07-10 15:04:31    Output: C:\trading-bot\data\live_signals\session19
2026-07-10 15:04:31  =================================================================
2026-07-10 15:04:31  MT5: 52906593 @ ICMarketsEU-Demo (DEMO)
2026-07-10 15:04:31    [ORPHAN] Nicio pozitie MT5 fara corespondent — state consistent cu MT5.
2026-07-10 15:04:31  Simboluri active: ['AUDNZD']
2026-07-10 15:04:31  Pornit. Ctrl+C pentru oprire.

2026-07-10 15:04:31  --- S19-AUDNZD iter 1 @ 15:04:31 ---
2026-07-10 15:04:32    Niciun semnal nou. Pendinge: 0
2026-07-10 15:04:32    Urmatoarea bara 15min @ 15:15:05 — 633s
2026-07-10 15:15:05  --- S19-AUDNZD iter 2 @ 15:15:05 ---
2026-07-10 15:15:05    Niciun semnal nou. Pendinge: 0
2026-07-10 15:15:05    Urmatoarea bara 15min @ 15:30:05 — 900s
2026-07-10 15:30:05  --- S19-AUDNZD iter 3 @ 15:30:05 ---
2026-07-10 15:30:05    Niciun semnal nou. Pendinge: 0
2026-07-10 15:30:05    Urmatoarea bara 15min @ 15:45:05 — 900s
2026-07-10 15:39:10    [PROFIL] Profil 'Standard Profile' aplicat pe session19.
2026-07-10 15:39:10  =================================================================
2026-07-10 15:39:10    S19-AUDNZD — AUDNZD M15+M30 BOTH pw=8 pullback | test +0.339R (19t insuf)
2026-07-10 15:39:10    Piete: ['AUDNZD']
2026-07-10 15:39:10    TF: M15 (trend M30) | PW=8 | BOTH
2026-07-10 15:39:10    Output: C:\trading-bot\data\live_signals\session19
2026-07-10 15:39:10  =================================================================
2026-07-10 15:39:10  MT5: 52906593 @ ICMarketsEU-Demo (DEMO)
2026-07-10 15:39:11    [ORPHAN] Nicio pozitie MT5 fara corespondent — state consistent cu MT5.
2026-07-10 15:39:11  Simboluri active: ['AUDNZD']
2026-07-10 15:39:11  Pornit. Ctrl+C pentru oprire.

2026-07-10 15:39:11  --- S19-AUDNZD iter 1 @ 15:39:11 ---
2026-07-10 15:39:11    Niciun semnal nou. Pendinge: 0
2026-07-10 15:39:11    Urmatoarea bara 15min @ 15:45:05 — 354s
2026-07-10 15:45:05  --- S19-AUDNZD iter 2 @ 15:45:05 ---
2026-07-10 15:45:05    Niciun semnal nou. Pendinge: 0
2026-07-10 15:45:05    Urmatoarea bara 15min @ 16:00:05 — 900s
2026-07-10 16:00:05  --- S19-AUDNZD iter 3 @ 16:00:05 ---
2026-07-10 16:00:05    Niciun semnal nou. Pendinge: 0
2026-07-10 16:00:05    Urmatoarea bara 15min @ 16:15:05 — 900s
2026-07-10 16:15:05  --- S19-AUDNZD iter 4 @ 16:15:05 ---
2026-07-10 16:15:05    Niciun semnal nou. Pendinge: 0
2026-07-10 16:15:05    Urmatoarea bara 15min @ 16:30:05 — 900s
2026-07-10 16:22:38    [PROFIL] Profil 'Standard Profile' aplicat pe session19.
2026-07-10 16:22:38  =================================================================
2026-07-10 16:22:38    S19-AUDNZD — AUDNZD M15+M30 BOTH pw=8 pullback | test +0.339R (19t insuf)
2026-07-10 16:22:38    Piete: ['AUDNZD']
2026-07-10 16:22:38    TF: M15 (trend M30) | PW=8 | BOTH
2026-07-10 16:22:38    Output: C:\trading-bot\data\live_signals\session19
2026-07-10 16:22:38  =================================================================
2026-07-10 16:22:38  MT5: 52906593 @ ICMarketsEU-Demo (DEMO)
2026-07-10 16:22:38    [ORPHAN] Nicio pozitie MT5 fara corespondent — state consistent cu MT5.
2026-07-10 16:22:38  Simboluri active: ['AUDNZD']
2026-07-10 16:22:38  Pornit. Ctrl+C pentru oprire.

2026-07-10 16:22:38  --- S19-AUDNZD iter 1 @ 16:22:38 ---
2026-07-10 16:22:38    Niciun semnal nou. Pendinge: 0
2026-07-10 16:22:38    Urmatoarea bara 15min @ 16:30:05 — 447s
2026-07-10 16:30:05  --- S19-AUDNZD iter 2 @ 16:30:05 ---
2026-07-10 16:30:05    Niciun semnal nou. Pendinge: 0
2026-07-10 16:30:05    Urmatoarea bara 15min @ 16:45:05 — 900s
2026-07-10 16:45:05  --- S19-AUDNZD iter 3 @ 16:45:05 ---
2026-07-10 16:45:05    Niciun semnal nou. Pendinge: 0
2026-07-10 16:45:05    Urmatoarea bara 15min @ 17:00:05 — 900s
2026-07-10 17:00:05  --- S19-AUDNZD iter 4 @ 17:00:05 ---
2026-07-10 17:00:05    Niciun semnal nou. Pendinge: 0
2026-07-10 17:00:05    Urmatoarea bara 15min @ 17:15:05 — 900s
2026-07-10 17:15:05  --- S19-AUDNZD iter 5 @ 17:15:05 ---
2026-07-10 17:15:05    Niciun semnal nou. Pendinge: 0
2026-07-10 17:15:05    Urmatoarea bara 15min @ 17:30:05 — 900s
2026-07-10 17:30:05  --- S19-AUDNZD iter 6 @ 17:30:05 ---
2026-07-10 17:30:05    Niciun semnal nou. Pendinge: 0
2026-07-10 17:30:05    Urmatoarea bara 15min @ 17:45:05 — 900s
2026-07-10 17:45:05  --- S19-AUDNZD iter 7 @ 17:45:05 ---
2026-07-10 17:45:05    Niciun semnal nou. Pendinge: 0
2026-07-10 17:45:05    Urmatoarea bara 15min @ 18:00:05 — 900s
2026-07-10 17:48:07    [PROFIL] Profil 'Standard Profile' aplicat pe session19.
2026-07-10 17:48:07  =================================================================
2026-07-10 17:48:07    S19-AUDNZD — AUDNZD M15+M30 BOTH pw=8 pullback | test +0.339R (19t insuf)
2026-07-10 17:48:07    Piete: ['AUDNZD']
2026-07-10 17:48:07    TF: M15 (trend M30) | PW=8 | BOTH
2026-07-10 17:48:07    Output: C:\trading-bot\data\live_signals\session19
2026-07-10 17:48:07  =================================================================
2026-07-10 17:48:08  MT5: 52906593 @ ICMarketsEU-Demo (DEMO)
2026-07-10 17:48:08    [ORPHAN] Nicio pozitie MT5 fara corespondent — state consistent cu MT5.
2026-07-10 17:48:08  Simboluri active: ['AUDNZD']
2026-07-10 17:48:08  Pornit. Ctrl+C pentru oprire.

2026-07-10 17:48:08  --- S19-AUDNZD iter 1 @ 17:48:08 ---
2026-07-10 17:48:08    Niciun semnal nou. Pendinge: 0
2026-07-10 17:48:08    Urmatoarea bara 15min @ 18:00:05 — 716s
2026-07-10 18:00:05  --- S19-AUDNZD iter 2 @ 18:00:05 ---
2026-07-10 18:00:05    Niciun semnal nou. Pendinge: 0
2026-07-10 18:00:05    Urmatoarea bara 15min @ 18:15:05 — 900s
2026-07-10 18:15:05  --- S19-AUDNZD iter 3 @ 18:15:05 ---
2026-07-10 18:15:05    Niciun semnal nou. Pendinge: 0
2026-07-10 18:15:05    Urmatoarea bara 15min @ 18:30:05 — 900s
2026-07-10 18:30:05  --- S19-AUDNZD iter 4 @ 18:30:05 ---
2026-07-10 18:30:05    Niciun semnal nou. Pendinge: 0
2026-07-10 18:30:05    Urmatoarea bara 15min @ 18:45:05 — 900s
2026-07-10 18:45:05  --- S19-AUDNZD iter 5 @ 18:45:05 ---
2026-07-10 18:45:05    Niciun semnal nou. Pendinge: 0
2026-07-10 18:45:05    Urmatoarea bara 15min @ 19:00:05 — 900s
2026-07-10 19:00:05  --- S19-AUDNZD iter 6 @ 19:00:05 ---
2026-07-10 19:00:05    Niciun semnal nou. Pendinge: 0
2026-07-10 19:00:05    Urmatoarea bara 15min @ 19:15:05 — 900s
2026-07-10 19:15:05  --- S19-AUDNZD iter 7 @ 19:15:05 ---
2026-07-10 19:15:05    Niciun semnal nou. Pendinge: 0
2026-07-10 19:15:05    Urmatoarea bara 15min @ 19:30:05 — 900s
2026-07-10 19:30:05  --- S19-AUDNZD iter 8 @ 19:30:05 ---
2026-07-10 19:30:05    Niciun semnal nou. Pendinge: 0
2026-07-10 19:30:05    Urmatoarea bara 15min @ 19:45:05 — 900s
2026-07-10 19:45:05  --- S19-AUDNZD iter 9 @ 19:45:05 ---
2026-07-10 19:45:05    Niciun semnal nou. Pendinge: 0
2026-07-10 19:45:05    Urmatoarea bara 15min @ 20:00:05 — 900s
2026-07-10 20:00:05  --- S19-AUDNZD iter 10 @ 20:00:05 ---
2026-07-10 20:00:05    [VINERI] Ora 20:00 >= 20:00 — inchid pozitii deschise.
2026-07-10 20:00:05    Niciun semnal nou. Pendinge: 0
2026-07-10 20:00:05    Urmatoarea bara 15min @ 20:15:05 — 900s
2026-07-10 20:15:05  --- S19-AUDNZD iter 11 @ 20:15:05 ---
2026-07-10 20:15:05    Niciun semnal nou. Pendinge: 0
2026-07-10 20:15:05    Urmatoarea bara 15min @ 20:30:05 — 900s
2026-07-10 20:30:05  --- S19-AUDNZD iter 12 @ 20:30:05 ---
2026-07-10 20:30:05    Niciun semnal nou. Pendinge: 0
2026-07-10 20:30:05    Urmatoarea bara 15min @ 20:45:05 — 900s
2026-07-10 20:45:05  --- S19-AUDNZD iter 13 @ 20:45:05 ---
2026-07-10 20:45:05    Niciun semnal nou. Pendinge: 0
2026-07-10 20:45:05    Urmatoarea bara 15min @ 21:00:05 — 900s
2026-07-10 21:00:05  --- S19-AUDNZD iter 14 @ 21:00:05 ---
2026-07-10 21:00:05    Niciun semnal nou. Pendinge: 0
2026-07-10 21:00:05    Urmatoarea bara 15min @ 21:15:05 — 900s
2026-07-10 21:15:05  --- S19-AUDNZD iter 15 @ 21:15:05 ---
2026-07-10 21:15:05    Niciun semnal nou. Pendinge: 0
2026-07-10 21:15:05    Urmatoarea bara 15min @ 21:30:05 — 900s
2026-07-10 21:30:05  --- S19-AUDNZD iter 16 @ 21:30:05 ---
2026-07-10 21:30:05    Niciun semnal nou. Pendinge: 0
2026-07-10 21:30:05    Urmatoarea bara 15min @ 21:45:05 — 900s
2026-07-10 21:45:05  --- S19-AUDNZD iter 17 @ 21:45:05 ---
2026-07-10 21:45:05    Niciun semnal nou. Pendinge: 0
2026-07-10 21:45:05    Urmatoarea bara 15min @ 22:00:05 — 900s
2026-07-10 22:00:05  --- S19-AUDNZD iter 18 @ 22:00:05 ---
2026-07-10 22:00:05    Niciun semnal nou. Pendinge: 0
2026-07-10 22:00:05    Urmatoarea bara 15min @ 22:15:05 — 900s
2026-07-10 22:15:05  --- S19-AUDNZD iter 19 @ 22:15:05 ---
2026-07-10 22:15:05    Niciun semnal nou. Pendinge: 0
2026-07-10 22:15:05    Urmatoarea bara 15min @ 22:30:05 — 900s
2026-07-10 22:20:31    [PROFIL] Profil 'Standard Profile' aplicat pe session19.
2026-07-10 22:20:31  =================================================================
2026-07-10 22:20:31    S19-AUDNZD — AUDNZD M15+M30 BOTH pw=8 pullback | test +0.339R (19t insuf)
2026-07-10 22:20:31    Piete: ['AUDNZD']
2026-07-10 22:20:31    TF: M15 (trend M30) | PW=8 | BOTH
2026-07-10 22:20:31    Output: C:\trading-bot\data\live_signals\session19
2026-07-10 22:20:31  =================================================================
2026-07-10 22:20:31  MT5: 52906593 @ ICMarketsEU-Demo (DEMO)
2026-07-10 22:20:31    [ORPHAN] Nicio pozitie MT5 fara corespondent — state consistent cu MT5.
2026-07-10 22:20:31  Simboluri active: ['AUDNZD']
2026-07-10 22:20:31  Pornit. Ctrl+C pentru oprire.

2026-07-10 22:20:31  --- S19-AUDNZD iter 1 @ 22:20:31 ---
2026-07-10 22:20:31    Niciun semnal nou. Pendinge: 0
2026-07-10 22:20:31    Urmatoarea bara 15min @ 22:30:05 — 573s
2026-07-10 22:30:05  --- S19-AUDNZD iter 2 @ 22:30:05 ---
2026-07-10 22:30:05    Niciun semnal nou. Pendinge: 0
2026-07-10 22:30:05    Urmatoarea bara 15min @ 22:45:05 — 900s
2026-07-10 22:45:05  --- S19-AUDNZD iter 3 @ 22:45:05 ---
2026-07-10 22:45:05    Niciun semnal nou. Pendinge: 0
2026-07-10 22:45:05    Urmatoarea bara 15min @ 23:00:05 — 900s
2026-07-10 23:00:05  --- S19-AUDNZD iter 4 @ 23:00:05 ---
2026-07-10 23:00:05    Niciun semnal nou. Pendinge: 0
2026-07-10 23:00:05    Urmatoarea bara 15min @ 23:15:05 — 900s
2026-07-10 23:15:05  --- S19-AUDNZD iter 5 @ 23:15:05 ---
2026-07-10 23:15:05    Niciun semnal nou. Pendinge: 0
2026-07-10 23:15:05    Urmatoarea bara 15min @ 23:30:05 — 900s
2026-07-10 23:30:05  --- S19-AUDNZD iter 6 @ 23:30:05 ---
2026-07-10 23:30:05    Niciun semnal nou. Pendinge: 0
2026-07-10 23:30:05    Urmatoarea bara 15min @ 23:45:05 — 900s
2026-07-11 09:25:16    [PROFIL] Profil 'Standard Profile' aplicat pe session19.
2026-07-11 09:25:16  =================================================================
2026-07-11 09:25:16    S19-AUDNZD — AUDNZD M15+M30 BOTH pw=8 pullback | test +0.339R (19t insuf)
2026-07-11 09:25:16    Piete: ['AUDNZD']
2026-07-11 09:25:16    TF: M15 (trend M30) | PW=8 | BOTH
2026-07-11 09:25:16    Output: c:\trading-bot\data\live_signals\session19
2026-07-11 09:25:16  =================================================================
2026-07-11 09:25:16  MT5: 52906593 @ ICMarketsEU-Demo (DEMO)
2026-07-11 09:25:19    [ORPHAN] Nicio pozitie MT5 fara corespondent — state consistent cu MT5.
2026-07-11 09:25:22  Simboluri active: ['AUDNZD']
2026-07-11 09:25:22  Pornit. Ctrl+C pentru oprire.

2026-07-11 09:25:22  --- S19-AUDNZD iter 1 @ 09:25:22 ---
2026-07-11 09:25:22    Niciun semnal nou. Pendinge: 0
2026-07-11 09:25:22    Urmatoarea bara 15min @ 09:30:05 — 283s
2026-07-11 09:30:05  --- S19-AUDNZD iter 2 @ 09:30:05 ---
2026-07-11 09:30:05    Niciun semnal nou. Pendinge: 0
2026-07-11 09:30:05    Urmatoarea bara 15min @ 09:45:05 — 900s
2026-07-11 15:03:57    [PROFIL] Profil 'Standard Profile' aplicat pe session19.
2026-07-11 15:03:57  =================================================================
2026-07-11 15:03:57    S19-AUDNZD — AUDNZD M15+M30 BOTH pw=8 pullback | test +0.339R (19t insuf)
2026-07-11 15:03:57    Piete: ['AUDNZD']
2026-07-11 15:03:57    TF: M15 (trend M30) | PW=8 | BOTH
2026-07-11 15:03:57    Output: c:\trading-bot\data\live_signals\session19
2026-07-11 15:03:57  =================================================================
2026-07-11 15:03:57  MT5: 52906593 @ ICMarketsEU-Demo (DEMO)
2026-07-11 15:04:02    [ORPHAN] Nicio pozitie MT5 fara corespondent — state consistent cu MT5.
2026-07-11 15:04:02  Simboluri active: ['AUDNZD']
2026-07-11 15:04:02  Pornit. Ctrl+C pentru oprire.

2026-07-11 15:04:02  --- S19-AUDNZD iter 1 @ 15:04:02 ---
2026-07-11 15:04:02    Niciun semnal nou. Pendinge: 0
2026-07-11 15:04:02    Urmatoarea bara 15min @ 15:15:05 — 662s
2026-07-11 15:15:05  --- S19-AUDNZD iter 2 @ 15:15:05 ---
2026-07-11 15:15:05    Niciun semnal nou. Pendinge: 0
2026-07-11 15:15:05    Urmatoarea bara 15min @ 15:30:05 — 900s
2026-07-11 15:30:05  --- S19-AUDNZD iter 3 @ 15:30:05 ---
2026-07-11 15:30:05    Niciun semnal nou. Pendinge: 0
2026-07-11 15:30:05    Urmatoarea bara 15min @ 15:45:05 — 900s
2026-07-11 15:45:05  --- S19-AUDNZD iter 4 @ 15:45:05 ---
2026-07-11 15:45:05    Niciun semnal nou. Pendinge: 0
2026-07-11 15:45:05    Urmatoarea bara 15min @ 16:00:05 — 900s
2026-07-11 16:00:05  --- S19-AUDNZD iter 5 @ 16:00:05 ---
2026-07-11 16:00:07    Niciun semnal nou. Pendinge: 0
2026-07-11 16:00:07    Urmatoarea bara 15min @ 16:15:05 — 897s
2026-07-11 16:15:05  --- S19-AUDNZD iter 6 @ 16:15:05 ---
2026-07-11 16:15:05    Niciun semnal nou. Pendinge: 0
2026-07-11 16:15:05    Urmatoarea bara 15min @ 16:30:05 — 900s
2026-07-11 16:30:05  --- S19-AUDNZD iter 7 @ 16:30:05 ---
2026-07-11 16:30:05    Niciun semnal nou. Pendinge: 0
2026-07-11 16:30:05    Urmatoarea bara 15min @ 16:45:05 — 900s
2026-07-11 16:45:05  --- S19-AUDNZD iter 8 @ 16:45:05 ---
2026-07-11 16:45:05    Niciun semnal nou. Pendinge: 0
2026-07-11 16:45:05    Urmatoarea bara 15min @ 17:00:05 — 900s
2026-07-11 17:00:05  --- S19-AUDNZD iter 9 @ 17:00:05 ---
2026-07-11 17:00:05    Niciun semnal nou. Pendinge: 0
2026-07-11 17:00:06    Urmatoarea bara 15min @ 17:15:05 — 899s
2026-07-11 17:15:05  --- S19-AUDNZD iter 10 @ 17:15:05 ---
2026-07-11 17:15:05    Niciun semnal nou. Pendinge: 0
2026-07-11 17:15:05    Urmatoarea bara 15min @ 17:30:05 — 900s
2026-07-11 17:30:05  --- S19-AUDNZD iter 11 @ 17:30:05 ---
2026-07-11 17:30:05    Niciun semnal nou. Pendinge: 0
2026-07-11 17:30:05    Urmatoarea bara 15min @ 17:45:05 — 900s
2026-07-11 17:45:05  --- S19-AUDNZD iter 12 @ 17:45:05 ---
2026-07-11 17:45:05    Niciun semnal nou. Pendinge: 0
2026-07-11 17:45:05    Urmatoarea bara 15min @ 18:00:05 — 900s
2026-07-11 18:00:05  --- S19-AUDNZD iter 13 @ 18:00:05 ---
2026-07-11 18:00:05    Niciun semnal nou. Pendinge: 0
2026-07-11 18:00:05    Urmatoarea bara 15min @ 18:15:05 — 900s
2026-07-11 18:15:05  --- S19-AUDNZD iter 14 @ 18:15:05 ---
2026-07-11 18:15:05    Niciun semnal nou. Pendinge: 0
2026-07-11 18:15:05    Urmatoarea bara 15min @ 18:30:05 — 900s
2026-07-11 18:30:05  --- S19-AUDNZD iter 15 @ 18:30:05 ---
2026-07-11 18:30:05    Niciun semnal nou. Pendinge: 0
2026-07-11 18:30:05    Urmatoarea bara 15min @ 18:45:05 — 900s
2026-07-11 18:45:05  --- S19-AUDNZD iter 16 @ 18:45:05 ---
2026-07-11 18:45:05    Niciun semnal nou. Pendinge: 0
2026-07-11 18:45:05    Urmatoarea bara 15min @ 19:00:05 — 900s
2026-07-11 19:00:05  --- S19-AUDNZD iter 17 @ 19:00:05 ---
2026-07-11 19:00:05    Niciun semnal nou. Pendinge: 0
2026-07-11 19:00:05    Urmatoarea bara 15min @ 19:15:05 — 900s
2026-07-11 19:15:05  --- S19-AUDNZD iter 18 @ 19:15:05 ---
2026-07-11 19:15:05    Niciun semnal nou. Pendinge: 0
2026-07-11 19:15:05    Urmatoarea bara 15min @ 19:30:05 — 900s
2026-07-11 19:30:05  --- S19-AUDNZD iter 19 @ 19:30:05 ---
2026-07-11 19:30:05    Niciun semnal nou. Pendinge: 0
2026-07-11 19:30:05    Urmatoarea bara 15min @ 19:45:05 — 900s
2026-07-11 19:45:05  --- S19-AUDNZD iter 20 @ 19:45:05 ---
2026-07-11 19:45:05    Niciun semnal nou. Pendinge: 0
2026-07-11 19:45:05    Urmatoarea bara 15min @ 20:00:05 — 900s
2026-07-11 20:00:04  --- S19-AUDNZD iter 21 @ 20:00:04 ---
2026-07-11 20:00:05    Niciun semnal nou. Pendinge: 0
2026-07-11 20:00:05    Urmatoarea bara 15min @ 20:15:05 — 900s
2026-07-11 20:15:04  --- S19-AUDNZD iter 22 @ 20:15:04 ---
2026-07-11 20:15:04    Niciun semnal nou. Pendinge: 0
2026-07-11 20:15:04    Urmatoarea bara 15min @ 20:30:05 — 900s
2026-07-11 20:30:04  --- S19-AUDNZD iter 23 @ 20:30:04 ---
2026-07-11 20:30:05    Niciun semnal nou. Pendinge: 0
2026-07-11 20:30:05    Urmatoarea bara 15min @ 20:45:05 — 900s
2026-07-11 20:45:04  --- S19-AUDNZD iter 24 @ 20:45:04 ---
2026-07-11 20:45:05    Niciun semnal nou. Pendinge: 0
2026-07-11 20:45:05    Urmatoarea bara 15min @ 21:00:05 — 900s
2026-07-11 21:00:04  --- S19-AUDNZD iter 25 @ 21:00:04 ---
2026-07-11 21:00:06    Niciun semnal nou. Pendinge: 0
2026-07-11 21:00:06    Urmatoarea bara 15min @ 21:15:05 — 898s
2026-07-11 21:15:04  --- S19-AUDNZD iter 26 @ 21:15:04 ---
2026-07-11 21:15:05    Niciun semnal nou. Pendinge: 0
2026-07-11 21:15:05    Urmatoarea bara 15min @ 21:30:05 — 900s
2026-07-11 21:30:04  --- S19-AUDNZD iter 27 @ 21:30:04 ---
2026-07-11 21:30:05    Niciun semnal nou. Pendinge: 0
2026-07-11 21:30:05    Urmatoarea bara 15min @ 21:45:05 — 900s
2026-07-11 21:45:04  --- S19-AUDNZD iter 28 @ 21:45:04 ---
2026-07-11 21:45:05    Niciun semnal nou. Pendinge: 0
2026-07-11 21:45:05    Urmatoarea bara 15min @ 22:00:05 — 900s
2026-07-11 22:00:04  --- S19-AUDNZD iter 29 @ 22:00:04 ---
2026-07-11 22:00:05    Niciun semnal nou. Pendinge: 0
2026-07-11 22:00:05    Urmatoarea bara 15min @ 22:15:05 — 899s
2026-07-11 22:15:04  --- S19-AUDNZD iter 30 @ 22:15:04 ---
2026-07-11 22:15:05    Niciun semnal nou. Pendinge: 0
2026-07-11 22:15:05    Urmatoarea bara 15min @ 22:30:05 — 900s
2026-07-11 22:30:05  --- S19-AUDNZD iter 31 @ 22:30:05 ---
2026-07-11 22:30:05    Niciun semnal nou. Pendinge: 0
2026-07-11 22:30:05    Urmatoarea bara 15min @ 22:45:05 — 900s
2026-07-11 22:45:04  --- S19-AUDNZD iter 32 @ 22:45:04 ---
2026-07-11 22:45:05    Niciun semnal nou. Pendinge: 0
2026-07-11 22:45:05    Urmatoarea bara 15min @ 23:00:05 — 900s
2026-07-11 23:00:05  --- S19-AUDNZD iter 33 @ 23:00:05 ---
2026-07-11 23:00:05    Niciun semnal nou. Pendinge: 0
2026-07-11 23:00:05    Urmatoarea bara 15min @ 23:15:05 — 899s
2026-07-11 23:15:04  --- S19-AUDNZD iter 34 @ 23:15:04 ---
2026-07-11 23:15:05    Niciun semnal nou. Pendinge: 0
2026-07-11 23:15:05    Urmatoarea bara 15min @ 23:30:05 — 900s
2026-07-11 23:30:05  --- S19-AUDNZD iter 35 @ 23:30:05 ---
2026-07-11 23:30:05    Niciun semnal nou. Pendinge: 0
2026-07-11 23:30:05    Urmatoarea bara 15min @ 23:45:05 — 900s
2026-07-11 23:45:05  --- S19-AUDNZD iter 36 @ 23:45:04 ---
2026-07-11 23:45:05    Niciun semnal nou. Pendinge: 0
2026-07-11 23:45:05    Urmatoarea bara 15min @ 00:00:05 — 900s
2026-07-12 00:00:05  --- S19-AUDNZD iter 37 @ 00:00:05 ---
2026-07-12 00:00:06    Niciun semnal nou. Pendinge: 0
2026-07-12 00:00:06    Urmatoarea bara 15min @ 00:15:05 — 899s
2026-07-12 00:15:05  --- S19-AUDNZD iter 38 @ 00:15:05 ---
2026-07-12 00:15:05    Niciun semnal nou. Pendinge: 0
2026-07-12 00:15:05    Urmatoarea bara 15min @ 00:30:05 — 900s
2026-07-12 00:30:05  --- S19-AUDNZD iter 39 @ 00:30:05 ---
2026-07-12 00:30:05    Niciun semnal nou. Pendinge: 0
2026-07-12 00:30:05    Urmatoarea bara 15min @ 00:45:05 — 900s
2026-07-12 00:45:05  --- S19-AUDNZD iter 40 @ 00:45:05 ---
2026-07-12 00:45:05    Niciun semnal nou. Pendinge: 0
2026-07-12 00:45:05    Urmatoarea bara 15min @ 01:00:05 — 900s
2026-07-12 01:00:05  --- S19-AUDNZD iter 41 @ 01:00:05 ---
2026-07-12 01:00:05    Niciun semnal nou. Pendinge: 0
2026-07-12 01:00:05    Urmatoarea bara 15min @ 01:15:05 — 899s
2026-07-12 01:15:05  --- S19-AUDNZD iter 42 @ 01:15:05 ---
2026-07-12 01:15:05    Niciun semnal nou. Pendinge: 0
2026-07-12 01:15:05    Urmatoarea bara 15min @ 01:30:05 — 900s
2026-07-12 10:03:55  =================================================================
2026-07-12 10:03:55    S19-AUDNZD — AUDNZD M15+M30 BOTH pw=8 pullback | test +0.339R (19t insuf)
2026-07-12 10:03:55    Piete: ['AUDNZD']
2026-07-12 10:03:55    TF: M15 (trend M30) | PW=8 | BOTH
2026-07-12 10:03:55    Output: c:\trading-bot\data\live_signals\session19
2026-07-12 10:03:55  =================================================================
2026-07-12 10:03:55  MT5: 52906593 @ ICMarketsEU-Demo (DEMO)
2026-07-12 10:03:56    [ORPHAN] Nicio pozitie MT5 fara corespondent — state consistent cu MT5.
2026-07-12 10:04:01  Simboluri active: ['AUDNZD']
2026-07-12 10:04:01  Pornit. Ctrl+C pentru oprire.

2026-07-12 10:04:01  --- S19-AUDNZD iter 1 @ 10:04:01 ---
2026-07-12 10:04:04    Niciun semnal nou. Pendinge: 0
2026-07-12 10:04:04    Urmatoarea bara 15min @ 10:15:05 — 660s
2026-07-12 10:15:05  --- S19-AUDNZD iter 2 @ 10:15:05 ---
2026-07-12 10:15:05    Niciun semnal nou. Pendinge: 0
2026-07-12 10:15:05    Urmatoarea bara 15min @ 10:30:05 — 900s
2026-07-12 10:30:05  --- S19-AUDNZD iter 3 @ 10:30:05 ---
2026-07-12 10:30:05    Niciun semnal nou. Pendinge: 0
2026-07-12 10:30:05    Urmatoarea bara 15min @ 10:45:05 — 900s
2026-07-12 10:45:05  --- S19-AUDNZD iter 4 @ 10:45:05 ---
2026-07-12 10:45:05    Niciun semnal nou. Pendinge: 0
2026-07-12 10:45:05    Urmatoarea bara 15min @ 11:00:05 — 900s
2026-07-12 11:00:05  --- S19-AUDNZD iter 5 @ 11:00:05 ---
2026-07-12 11:00:05    Niciun semnal nou. Pendinge: 0
2026-07-12 11:00:05    Urmatoarea bara 15min @ 11:15:05 — 900s
2026-07-12 11:15:05  --- S19-AUDNZD iter 6 @ 11:15:05 ---
2026-07-12 11:15:05    Niciun semnal nou. Pendinge: 0
2026-07-12 11:15:05    Urmatoarea bara 15min @ 11:30:05 — 900s
2026-07-12 11:30:05  --- S19-AUDNZD iter 7 @ 11:30:05 ---
2026-07-12 11:30:05    Niciun semnal nou. Pendinge: 0
2026-07-12 11:30:05    Urmatoarea bara 15min @ 11:45:05 — 900s
2026-07-12 11:45:05  --- S19-AUDNZD iter 8 @ 11:45:05 ---
2026-07-12 11:45:05    Niciun semnal nou. Pendinge: 0
2026-07-12 11:45:05    Urmatoarea bara 15min @ 12:00:05 — 900s
2026-07-12 12:00:05  --- S19-AUDNZD iter 9 @ 12:00:05 ---
2026-07-12 12:00:05    Niciun semnal nou. Pendinge: 0
2026-07-12 12:00:05    Urmatoarea bara 15min @ 12:15:05 — 900s
2026-07-12 12:15:05  --- S19-AUDNZD iter 10 @ 12:15:05 ---
2026-07-12 12:15:05    Niciun semnal nou. Pendinge: 0
2026-07-12 12:15:05    Urmatoarea bara 15min @ 12:30:05 — 900s
2026-07-12 12:30:05  --- S19-AUDNZD iter 11 @ 12:30:05 ---
2026-07-12 12:30:05    Niciun semnal nou. Pendinge: 0
2026-07-12 12:30:05    Urmatoarea bara 15min @ 12:45:05 — 900s
2026-07-12 12:45:05  --- S19-AUDNZD iter 12 @ 12:45:05 ---
2026-07-12 12:45:05    Niciun semnal nou. Pendinge: 0
2026-07-12 12:45:05    Urmatoarea bara 15min @ 13:00:05 — 900s
2026-07-12 13:00:05  --- S19-AUDNZD iter 13 @ 13:00:05 ---
2026-07-12 13:00:05    Niciun semnal nou. Pendinge: 0
2026-07-12 13:00:05    Urmatoarea bara 15min @ 13:15:05 — 900s
2026-07-12 13:15:05  --- S19-AUDNZD iter 14 @ 13:15:05 ---
2026-07-12 13:15:05    Niciun semnal nou. Pendinge: 0
2026-07-12 13:15:05    Urmatoarea bara 15min @ 13:30:05 — 900s
2026-07-12 13:30:05  --- S19-AUDNZD iter 15 @ 13:30:05 ---
2026-07-12 13:30:05    Niciun semnal nou. Pendinge: 0
2026-07-12 13:30:05    Urmatoarea bara 15min @ 13:45:05 — 900s
2026-07-12 13:45:05  --- S19-AUDNZD iter 16 @ 13:45:05 ---
2026-07-12 13:45:05    Niciun semnal nou. Pendinge: 0
2026-07-12 13:45:05    Urmatoarea bara 15min @ 14:00:05 — 900s
2026-07-12 14:00:05  --- S19-AUDNZD iter 17 @ 14:00:05 ---
2026-07-12 14:00:05    Niciun semnal nou. Pendinge: 0
2026-07-12 14:00:05    Urmatoarea bara 15min @ 14:15:05 — 900s
2026-07-12 14:15:05  --- S19-AUDNZD iter 18 @ 14:15:05 ---
2026-07-12 14:15:05    Niciun semnal nou. Pendinge: 0
2026-07-12 14:15:05    Urmatoarea bara 15min @ 14:30:05 — 900s
2026-07-12 14:30:05  --- S19-AUDNZD iter 19 @ 14:30:05 ---
2026-07-12 14:30:05    Niciun semnal nou. Pendinge: 0
2026-07-12 14:30:05    Urmatoarea bara 15min @ 14:45:05 — 900s
2026-07-12 14:45:05  --- S19-AUDNZD iter 20 @ 14:45:05 ---
2026-07-12 14:45:05    Niciun semnal nou. Pendinge: 0
2026-07-12 14:45:05    Urmatoarea bara 15min @ 15:00:05 — 900s
2026-07-12 15:00:05  --- S19-AUDNZD iter 21 @ 15:00:05 ---
2026-07-12 15:00:05    Niciun semnal nou. Pendinge: 0
2026-07-12 15:00:05    Urmatoarea bara 15min @ 15:15:05 — 900s
2026-07-12 15:15:05  --- S19-AUDNZD iter 22 @ 15:15:05 ---
2026-07-12 15:15:05    Niciun semnal nou. Pendinge: 0
2026-07-12 15:15:05    Urmatoarea bara 15min @ 15:30:05 — 900s
2026-07-12 15:30:05  --- S19-AUDNZD iter 23 @ 15:30:05 ---
2026-07-12 15:30:05    Niciun semnal nou. Pendinge: 0
2026-07-12 15:30:05    Urmatoarea bara 15min @ 15:45:05 — 900s
2026-07-12 15:45:05  --- S19-AUDNZD iter 24 @ 15:45:05 ---
2026-07-12 15:45:05    Niciun semnal nou. Pendinge: 0
2026-07-12 15:45:05    Urmatoarea bara 15min @ 16:00:05 — 899s
2026-07-12 16:00:05  --- S19-AUDNZD iter 25 @ 16:00:05 ---
2026-07-12 16:00:05    Niciun semnal nou. Pendinge: 0
2026-07-12 16:00:05    Urmatoarea bara 15min @ 16:15:05 — 900s
2026-07-12 16:15:05  --- S19-AUDNZD iter 26 @ 16:15:05 ---
2026-07-12 16:15:05    Niciun semnal nou. Pendinge: 0
2026-07-12 16:15:05    Urmatoarea bara 15min @ 16:30:05 — 900s
2026-07-12 16:30:05  --- S19-AUDNZD iter 27 @ 16:30:05 ---
2026-07-12 16:30:05    Niciun semnal nou. Pendinge: 0
2026-07-12 16:30:05    Urmatoarea bara 15min @ 16:45:05 — 900s
2026-07-12 16:45:05  --- S19-AUDNZD iter 28 @ 16:45:05 ---
2026-07-12 16:45:05    Niciun semnal nou. Pendinge: 0
2026-07-12 16:45:05    Urmatoarea bara 15min @ 17:00:05 — 900s
2026-07-12 17:00:05  --- S19-AUDNZD iter 29 @ 17:00:05 ---
2026-07-12 17:00:05    Niciun semnal nou. Pendinge: 0
2026-07-12 17:00:05    Urmatoarea bara 15min @ 17:15:05 — 900s
2026-07-12 17:15:05  --- S19-AUDNZD iter 30 @ 17:15:05 ---
2026-07-12 17:15:05    Niciun semnal nou. Pendinge: 0
2026-07-12 17:15:05    Urmatoarea bara 15min @ 17:30:05 — 900s
2026-07-12 17:30:05  --- S19-AUDNZD iter 31 @ 17:30:05 ---
2026-07-12 17:30:05    Niciun semnal nou. Pendinge: 0
2026-07-12 17:30:05    Urmatoarea bara 15min @ 17:45:05 — 900s
2026-07-12 17:45:05  --- S19-AUDNZD iter 32 @ 17:45:05 ---
2026-07-12 17:45:05    Niciun semnal nou. Pendinge: 0
2026-07-12 17:45:05    Urmatoarea bara 15min @ 18:00:05 — 900s
2026-07-12 18:00:05  --- S19-AUDNZD iter 33 @ 18:00:05 ---
2026-07-12 18:00:05    Niciun semnal nou. Pendinge: 0
2026-07-12 18:00:05    Urmatoarea bara 15min @ 18:15:05 — 900s
2026-07-12 18:15:05  --- S19-AUDNZD iter 34 @ 18:15:05 ---
2026-07-12 18:15:05    Niciun semnal nou. Pendinge: 0
2026-07-12 18:15:05    Urmatoarea bara 15min @ 18:30:05 — 900s
2026-07-12 18:30:05  --- S19-AUDNZD iter 35 @ 18:30:05 ---
2026-07-12 18:30:05    Niciun semnal nou. Pendinge: 0
2026-07-12 18:30:05    Urmatoarea bara 15min @ 18:45:05 — 900s
2026-07-12 18:45:05  --- S19-AUDNZD iter 36 @ 18:45:05 ---
2026-07-12 18:45:05    Niciun semnal nou. Pendinge: 0
2026-07-12 18:45:05    Urmatoarea bara 15min @ 19:00:05 — 900s
2026-07-12 19:00:05  --- S19-AUDNZD iter 37 @ 19:00:05 ---
2026-07-12 19:00:05    Niciun semnal nou. Pendinge: 0
2026-07-12 19:00:05    Urmatoarea bara 15min @ 19:15:05 — 900s
2026-07-12 19:15:05  --- S19-AUDNZD iter 38 @ 19:15:05 ---
2026-07-12 19:15:06    Niciun semnal nou. Pendinge: 0
2026-07-12 19:15:06    Urmatoarea bara 15min @ 19:30:05 — 898s
2026-07-12 19:30:05  --- S19-AUDNZD iter 39 @ 19:30:05 ---
2026-07-12 19:30:05    Niciun semnal nou. Pendinge: 0
2026-07-12 19:30:05    Urmatoarea bara 15min @ 19:45:05 — 900s
2026-07-12 19:45:05  --- S19-AUDNZD iter 40 @ 19:45:05 ---
2026-07-12 19:45:05    Niciun semnal nou. Pendinge: 0
2026-07-12 19:45:05    Urmatoarea bara 15min @ 20:00:05 — 900s
2026-07-12 20:00:05  --- S19-AUDNZD iter 41 @ 20:00:05 ---
2026-07-12 20:00:05    Niciun semnal nou. Pendinge: 0
2026-07-12 20:00:05    Urmatoarea bara 15min @ 20:15:05 — 900s
2026-07-12 20:15:05  --- S19-AUDNZD iter 42 @ 20:15:05 ---
2026-07-12 20:15:05    Niciun semnal nou. Pendinge: 0
2026-07-12 20:15:05    Urmatoarea bara 15min @ 20:30:05 — 900s
2026-07-12 20:30:05  --- S19-AUDNZD iter 43 @ 20:30:05 ---
2026-07-12 20:30:05    Niciun semnal nou. Pendinge: 0
2026-07-12 20:30:05    Urmatoarea bara 15min @ 20:45:05 — 900s
2026-07-12 20:45:05  --- S19-AUDNZD iter 44 @ 20:45:05 ---
2026-07-12 20:45:05    Niciun semnal nou. Pendinge: 0
2026-07-12 20:45:05    Urmatoarea bara 15min @ 21:00:05 — 900s
2026-07-12 21:00:05  --- S19-AUDNZD iter 45 @ 21:00:05 ---
2026-07-12 21:00:05    Niciun semnal nou. Pendinge: 0
2026-07-12 21:00:05    Urmatoarea bara 15min @ 21:15:05 — 900s
2026-07-12 21:15:05  --- S19-AUDNZD iter 46 @ 21:15:05 ---
2026-07-12 21:15:05    Niciun semnal nou. Pendinge: 0
2026-07-12 21:15:05    Urmatoarea bara 15min @ 21:30:05 — 900s
2026-07-12 21:30:05  --- S19-AUDNZD iter 47 @ 21:30:05 ---
2026-07-12 21:30:05    Niciun semnal nou. Pendinge: 0
2026-07-12 21:30:05    Urmatoarea bara 15min @ 21:45:05 — 900s
2026-07-12 21:45:05  --- S19-AUDNZD iter 48 @ 21:45:05 ---
2026-07-12 21:45:05    Niciun semnal nou. Pendinge: 0
2026-07-12 21:45:05    Urmatoarea bara 15min @ 22:00:05 — 900s
2026-07-12 22:00:05  --- S19-AUDNZD iter 49 @ 22:00:05 ---
2026-07-12 22:00:06    Niciun semnal nou. Pendinge: 0
2026-07-12 22:00:06    Urmatoarea bara 15min @ 22:15:05 — 899s
2026-07-12 22:15:05  --- S19-AUDNZD iter 50 @ 22:15:05 ---
2026-07-12 22:15:05    Niciun semnal nou. Pendinge: 0
2026-07-12 22:15:05    Urmatoarea bara 15min @ 22:30:05 — 900s
2026-07-12 22:30:05  --- S19-AUDNZD iter 51 @ 22:30:05 ---
2026-07-12 22:30:05    Niciun semnal nou. Pendinge: 0
2026-07-12 22:30:05    Urmatoarea bara 15min @ 22:45:05 — 900s
2026-07-12 22:45:05  --- S19-AUDNZD iter 52 @ 22:45:05 ---
2026-07-12 22:45:05    Niciun semnal nou. Pendinge: 0
2026-07-12 22:45:05    Urmatoarea bara 15min @ 23:00:05 — 900s
2026-07-12 23:00:05  --- S19-AUDNZD iter 53 @ 23:00:05 ---
2026-07-12 23:00:05    Niciun semnal nou. Pendinge: 0
2026-07-12 23:00:05    Urmatoarea bara 15min @ 23:15:05 — 899s
2026-07-12 23:15:05  --- S19-AUDNZD iter 54 @ 23:15:05 ---
2026-07-12 23:15:05    Niciun semnal nou. Pendinge: 0
2026-07-12 23:15:05    Urmatoarea bara 15min @ 23:30:05 — 900s
2026-07-12 23:30:05  --- S19-AUDNZD iter 55 @ 23:30:05 ---
2026-07-12 23:30:05    Niciun semnal nou. Pendinge: 0
2026-07-12 23:30:05    Urmatoarea bara 15min @ 23:45:05 — 900s
2026-07-12 23:45:05  --- S19-AUDNZD iter 56 @ 23:45:05 ---
2026-07-12 23:45:05    Niciun semnal nou. Pendinge: 0
2026-07-12 23:45:05    Urmatoarea bara 15min @ 00:00:05 — 900s
2026-07-13 00:00:05  --- S19-AUDNZD iter 57 @ 00:00:05 ---
2026-07-13 00:00:05    Niciun semnal nou. Pendinge: 0
2026-07-13 00:00:05    Urmatoarea bara 15min @ 00:15:05 — 899s
2026-07-13 00:15:05  --- S19-AUDNZD iter 58 @ 00:15:05 ---
2026-07-13 00:15:05    Niciun semnal nou. Pendinge: 0
2026-07-13 00:15:05    Urmatoarea bara 15min @ 00:30:05 — 900s
2026-07-13 00:30:05  --- S19-AUDNZD iter 59 @ 00:30:05 ---
2026-07-13 00:30:05    Niciun semnal nou. Pendinge: 0
2026-07-13 00:30:05    Urmatoarea bara 15min @ 00:45:05 — 900s
2026-07-13 00:45:05  --- S19-AUDNZD iter 60 @ 00:45:05 ---
2026-07-13 00:45:05    Niciun semnal nou. Pendinge: 0
2026-07-13 00:45:05    Urmatoarea bara 15min @ 01:00:05 — 900s
2026-07-13 01:00:05  --- S19-AUDNZD iter 61 @ 01:00:05 ---
2026-07-13 01:00:05    Niciun semnal nou. Pendinge: 0
2026-07-13 01:00:05    Urmatoarea bara 15min @ 01:15:05 — 900s
2026-07-13 01:15:05  --- S19-AUDNZD iter 62 @ 01:15:05 ---
2026-07-13 01:15:05    Niciun semnal nou. Pendinge: 0
2026-07-13 01:15:05    Urmatoarea bara 15min @ 01:30:05 — 900s
2026-07-13 01:30:05  --- S19-AUDNZD iter 63 @ 01:30:05 ---
2026-07-13 01:30:05    Niciun semnal nou. Pendinge: 0
2026-07-13 01:30:05    Urmatoarea bara 15min @ 01:45:05 — 900s
2026-07-13 01:45:05  --- S19-AUDNZD iter 64 @ 01:45:05 ---
2026-07-13 01:45:05    Niciun semnal nou. Pendinge: 0
2026-07-13 01:45:05    Urmatoarea bara 15min @ 02:00:05 — 900s
2026-07-13 02:00:05  --- S19-AUDNZD iter 65 @ 02:00:05 ---
2026-07-13 02:00:05    Niciun semnal nou. Pendinge: 0
2026-07-13 02:00:05    Urmatoarea bara 15min @ 02:15:05 — 900s
2026-07-13 02:15:05  --- S19-AUDNZD iter 66 @ 02:15:05 ---
2026-07-13 02:15:05    Niciun semnal nou. Pendinge: 0
2026-07-13 02:15:05    Urmatoarea bara 15min @ 02:30:05 — 900s
2026-07-13 02:30:05  --- S19-AUDNZD iter 67 @ 02:30:05 ---
2026-07-13 02:30:05    Niciun semnal nou. Pendinge: 0
2026-07-13 02:30:05    Urmatoarea bara 15min @ 02:45:05 — 900s
2026-07-13 02:45:05  --- S19-AUDNZD iter 68 @ 02:45:05 ---
2026-07-13 02:45:05    Niciun semnal nou. Pendinge: 0
2026-07-13 02:45:05    Urmatoarea bara 15min @ 03:00:05 — 900s
2026-07-13 03:00:05  --- S19-AUDNZD iter 69 @ 03:00:05 ---
2026-07-13 03:00:05    Niciun semnal nou. Pendinge: 0
2026-07-13 03:00:05    Urmatoarea bara 15min @ 03:15:05 — 900s
2026-07-13 03:15:05  --- S19-AUDNZD iter 70 @ 03:15:05 ---
2026-07-13 03:15:05    Niciun semnal nou. Pendinge: 0
2026-07-13 03:15:05    Urmatoarea bara 15min @ 03:30:05 — 900s
2026-07-13 03:30:05  --- S19-AUDNZD iter 71 @ 03:30:05 ---
2026-07-13 03:30:05    Niciun semnal nou. Pendinge: 0
2026-07-13 03:30:05    Urmatoarea bara 15min @ 03:45:05 — 900s
2026-07-13 03:45:05  --- S19-AUDNZD iter 72 @ 03:45:05 ---
2026-07-13 03:45:05    Niciun semnal nou. Pendinge: 0
2026-07-13 03:45:05    Urmatoarea bara 15min @ 04:00:05 — 900s
2026-07-13 04:00:05  --- S19-AUDNZD iter 73 @ 04:00:05 ---
2026-07-13 04:00:05    Niciun semnal nou. Pendinge: 0
2026-07-13 04:00:05    Urmatoarea bara 15min @ 04:15:05 — 900s
2026-07-13 04:15:05  --- S19-AUDNZD iter 74 @ 04:15:05 ---
2026-07-13 04:15:05    Niciun semnal nou. Pendinge: 0
2026-07-13 04:15:05    Urmatoarea bara 15min @ 04:30:05 — 900s
2026-07-13 04:30:05  --- S19-AUDNZD iter 75 @ 04:30:05 ---
2026-07-13 04:30:05    Niciun semnal nou. Pendinge: 0
2026-07-13 04:30:05    Urmatoarea bara 15min @ 04:45:05 — 900s
2026-07-13 04:45:05  --- S19-AUDNZD iter 76 @ 04:45:05 ---
2026-07-13 04:45:05    Niciun semnal nou. Pendinge: 0
2026-07-13 04:45:05    Urmatoarea bara 15min @ 05:00:05 — 900s
2026-07-13 05:00:05  --- S19-AUDNZD iter 77 @ 05:00:05 ---
2026-07-13 05:00:05    Niciun semnal nou. Pendinge: 0
2026-07-13 05:00:05    Urmatoarea bara 15min @ 05:15:05 — 900s
2026-07-13 05:15:05  --- S19-AUDNZD iter 78 @ 05:15:05 ---
2026-07-13 05:15:05    Niciun semnal nou. Pendinge: 0
2026-07-13 05:15:05    Urmatoarea bara 15min @ 05:30:05 — 900s
2026-07-13 05:30:05  --- S19-AUDNZD iter 79 @ 05:30:05 ---
2026-07-13 05:30:05    Niciun semnal nou. Pendinge: 0
2026-07-13 05:30:05    Urmatoarea bara 15min @ 05:45:05 — 900s
2026-07-13 05:45:05  --- S19-AUDNZD iter 80 @ 05:45:05 ---
2026-07-13 05:45:05    Niciun semnal nou. Pendinge: 0
2026-07-13 05:45:05    Urmatoarea bara 15min @ 06:00:05 — 900s
2026-07-13 06:00:05  --- S19-AUDNZD iter 81 @ 06:00:05 ---
2026-07-13 06:00:05    Niciun semnal nou. Pendinge: 0
2026-07-13 06:00:05    Urmatoarea bara 15min @ 06:15:05 — 899s
2026-07-13 06:15:05  --- S19-AUDNZD iter 82 @ 06:15:05 ---
2026-07-13 06:15:05    Niciun semnal nou. Pendinge: 0
2026-07-13 06:15:05    Urmatoarea bara 15min @ 06:30:05 — 900s
2026-07-13 06:30:05  --- S19-AUDNZD iter 83 @ 06:30:05 ---
2026-07-13 06:30:05    Niciun semnal nou. Pendinge: 0
2026-07-13 06:30:05    Urmatoarea bara 15min @ 06:45:05 — 900s
2026-07-13 06:45:05  --- S19-AUDNZD iter 84 @ 06:45:05 ---
2026-07-13 06:45:05    Niciun semnal nou. Pendinge: 0
2026-07-13 06:45:05    Urmatoarea bara 15min @ 07:00:05 — 900s
2026-07-13 07:00:05  --- S19-AUDNZD iter 85 @ 07:00:05 ---
2026-07-13 07:00:05    Niciun semnal nou. Pendinge: 0
2026-07-13 07:00:05    Urmatoarea bara 15min @ 07:15:05 — 900s
2026-07-13 07:15:05  --- S19-AUDNZD iter 86 @ 07:15:05 ---
2026-07-13 07:15:05    Niciun semnal nou. Pendinge: 0
2026-07-13 07:15:05    Urmatoarea bara 15min @ 07:30:05 — 900s
2026-07-13 07:30:05  --- S19-AUDNZD iter 87 @ 07:30:05 ---
2026-07-13 07:30:05    Niciun semnal nou. Pendinge: 0
2026-07-13 07:30:05    Urmatoarea bara 15min @ 07:45:05 — 900s
2026-07-13 07:45:05  --- S19-AUDNZD iter 88 @ 07:45:05 ---
2026-07-13 07:45:05    Niciun semnal nou. Pendinge: 0
2026-07-13 07:45:05    Urmatoarea bara 15min @ 08:00:05 — 900s
2026-07-13 08:00:05  --- S19-AUDNZD iter 89 @ 08:00:05 ---
2026-07-13 08:00:05    Niciun semnal nou. Pendinge: 0
2026-07-13 08:00:05    Urmatoarea bara 15min @ 08:15:05 — 900s
2026-07-13 08:15:05  --- S19-AUDNZD iter 90 @ 08:15:05 ---
2026-07-13 08:15:05    Niciun semnal nou. Pendinge: 0
2026-07-13 08:15:05    Urmatoarea bara 15min @ 08:30:05 — 900s
2026-07-13 08:30:05  --- S19-AUDNZD iter 91 @ 08:30:05 ---
2026-07-13 08:30:05    Niciun semnal nou. Pendinge: 0
2026-07-13 08:30:05    Urmatoarea bara 15min @ 08:45:05 — 900s
2026-07-13 08:45:05  --- S19-AUDNZD iter 92 @ 08:45:05 ---
2026-07-13 08:45:05    Niciun semnal nou. Pendinge: 0
2026-07-13 08:45:05    Urmatoarea bara 15min @ 09:00:05 — 900s
2026-07-13 09:00:05  --- S19-AUDNZD iter 93 @ 09:00:05 ---
2026-07-13 09:00:05    Niciun semnal nou. Pendinge: 0
2026-07-13 09:00:05    Urmatoarea bara 15min @ 09:15:05 — 900s
2026-07-13 09:15:05  --- S19-AUDNZD iter 94 @ 09:15:05 ---
2026-07-13 09:15:05    Niciun semnal nou. Pendinge: 0
2026-07-13 09:15:05    Urmatoarea bara 15min @ 09:30:05 — 900s
2026-07-13 09:30:05  --- S19-AUDNZD iter 95 @ 09:30:05 ---
2026-07-13 09:30:05    Niciun semnal nou. Pendinge: 0
2026-07-13 09:30:05    Urmatoarea bara 15min @ 09:45:05 — 900s
2026-07-13 09:45:05  --- S19-AUDNZD iter 96 @ 09:45:05 ---
2026-07-13 09:45:05    Niciun semnal nou. Pendinge: 0
2026-07-13 09:45:05    Urmatoarea bara 15min @ 10:00:05 — 900s
2026-07-13 10:00:05  --- S19-AUDNZD iter 97 @ 10:00:05 ---
2026-07-13 10:00:05    Niciun semnal nou. Pendinge: 0
2026-07-13 10:00:05    Urmatoarea bara 15min @ 10:15:05 — 900s
2026-07-13 10:15:05  --- S19-AUDNZD iter 98 @ 10:15:05 ---
2026-07-13 10:15:05    Niciun semnal nou. Pendinge: 0
2026-07-13 10:15:05    Urmatoarea bara 15min @ 10:30:05 — 900s
2026-07-13 10:30:05  --- S19-AUDNZD iter 99 @ 10:30:05 ---
2026-07-13 10:30:05    Niciun semnal nou. Pendinge: 0
2026-07-13 10:30:05    Urmatoarea bara 15min @ 10:45:05 — 900s
2026-07-13 10:45:05  --- S19-AUDNZD iter 100 @ 10:45:05 ---
2026-07-13 10:45:05    Niciun semnal nou. Pendinge: 0
2026-07-13 10:45:05    Urmatoarea bara 15min @ 11:00:05 — 900s
2026-07-13 11:00:05  --- S19-AUDNZD iter 101 @ 11:00:05 ---
2026-07-13 11:00:05    Niciun semnal nou. Pendinge: 0
2026-07-13 11:00:05    Urmatoarea bara 15min @ 11:15:05 — 899s
2026-07-13 11:15:05  --- S19-AUDNZD iter 102 @ 11:15:05 ---
2026-07-13 11:15:05    Niciun semnal nou. Pendinge: 0
2026-07-13 11:15:05    Urmatoarea bara 15min @ 11:30:05 — 900s
2026-07-13 11:30:05  --- S19-AUDNZD iter 103 @ 11:30:05 ---
2026-07-13 11:30:05    Niciun semnal nou. Pendinge: 0
2026-07-13 11:30:05    Urmatoarea bara 15min @ 11:45:05 — 900s
2026-07-13 11:45:05  --- S19-AUDNZD iter 104 @ 11:45:05 ---
2026-07-13 11:45:05    Niciun semnal nou. Pendinge: 0
2026-07-13 11:45:05    Urmatoarea bara 15min @ 12:00:05 — 900s
2026-07-13 12:00:05  --- S19-AUDNZD iter 105 @ 12:00:05 ---
2026-07-13 12:00:05    Niciun semnal nou. Pendinge: 0
2026-07-13 12:00:05    Urmatoarea bara 15min @ 12:15:05 — 899s
2026-07-13 12:15:05  --- S19-AUDNZD iter 106 @ 12:15:05 ---
2026-07-13 12:15:05    Niciun semnal nou. Pendinge: 0
2026-07-13 12:15:05    Urmatoarea bara 15min @ 12:30:05 — 900s
2026-07-13 12:30:05  --- S19-AUDNZD iter 107 @ 12:30:05 ---
2026-07-13 12:30:05    Niciun semnal nou. Pendinge: 0
2026-07-13 12:30:05    Urmatoarea bara 15min @ 12:45:05 — 900s
2026-07-13 12:45:05  --- S19-AUDNZD iter 108 @ 12:45:05 ---
2026-07-13 12:45:05    Niciun semnal nou. Pendinge: 0
2026-07-13 12:45:05    Urmatoarea bara 15min @ 13:00:05 — 900s
2026-07-13 13:00:05  --- S19-AUDNZD iter 109 @ 13:00:05 ---
2026-07-13 13:00:05    Niciun semnal nou. Pendinge: 0
2026-07-13 13:00:05    Urmatoarea bara 15min @ 13:15:05 — 900s
2026-07-13 13:15:05  --- S19-AUDNZD iter 110 @ 13:15:05 ---
2026-07-13 13:15:05    Niciun semnal nou. Pendinge: 0
2026-07-13 13:15:05    Urmatoarea bara 15min @ 13:30:05 — 900s
2026-07-13 13:30:05  --- S19-AUDNZD iter 111 @ 13:30:05 ---
2026-07-13 13:30:08    Niciun semnal nou. Pendinge: 0
2026-07-13 13:30:08    Urmatoarea bara 15min @ 13:45:05 — 896s
2026-07-13 13:45:05  --- S19-AUDNZD iter 112 @ 13:45:05 ---
2026-07-13 13:45:05    Niciun semnal nou. Pendinge: 0
2026-07-13 13:45:05    Urmatoarea bara 15min @ 14:00:05 — 900s
2026-07-13 14:00:05  --- S19-AUDNZD iter 113 @ 14:00:05 ---
2026-07-13 14:00:05    Niciun semnal nou. Pendinge: 0
2026-07-13 14:00:05    Urmatoarea bara 15min @ 14:15:05 — 899s
2026-07-13 14:15:05  --- S19-AUDNZD iter 114 @ 14:15:05 ---
2026-07-13 14:15:05    Niciun semnal nou. Pendinge: 0
2026-07-13 14:15:05    Urmatoarea bara 15min @ 14:30:05 — 900s
2026-07-13 14:30:05  --- S19-AUDNZD iter 115 @ 14:30:05 ---
2026-07-13 14:30:05    Niciun semnal nou. Pendinge: 0
2026-07-13 14:30:05    Urmatoarea bara 15min @ 14:45:05 — 900s
2026-07-13 14:45:05  --- S19-AUDNZD iter 116 @ 14:45:05 ---
2026-07-13 14:45:08    *** SEMNAL [PULLBACK]: S19-AUDNZD-SIG0004 AUDNZD SHORT entry=1.20075 sl=1.20186 tp=1.19576 (4.5R) RSI=36
2026-07-13 14:45:09    [EXEC] *** ORDIN: S19-AUDNZD-SIG0004 AUDNZD SHORT 0.01lot @ 1.20075  SL=1.20186  TP=1.19576  ticket=#1804613305
2026-07-13 14:45:09    Urmatoarea bara 15min @ 15:00:05 — 896s
2026-07-13 15:00:05  --- S19-AUDNZD iter 117 @ 15:00:05 ---
2026-07-13 15:00:05    Niciun semnal nou. Pendinge: 1
2026-07-13 15:00:05    Urmatoarea bara 15min @ 15:15:05 — 899s
2026-07-13 15:15:05  --- S19-AUDNZD iter 118 @ 15:15:05 ---
2026-07-13 15:15:05    Niciun semnal nou. Pendinge: 1
2026-07-13 15:15:05    Urmatoarea bara 15min @ 15:30:05 — 900s
2026-07-13 15:40:36    [PROFIL] Niciun profil activ (active_profile_runtime.json lipsa) — sesiunea ruleaza pe parametrii HARDCODATI din script (fara filtru AI, fara setarile din UI). Porneste botul din UI macar o data ca sa fixezi profilul.
2026-07-13 15:40:36  =================================================================
2026-07-13 15:40:36    S19-AUDNZD — AUDNZD M15+M30 BOTH pw=8 pullback | test +0.339R (19t insuf)
2026-07-13 15:40:36    Piete: ['AUDNZD']
2026-07-13 15:40:36    TF: M15 (trend M30) | PW=8 | BOTH
2026-07-13 15:40:36    Output: C:\trading-bot\data\live_signals\session19
2026-07-13 15:40:36  =================================================================
2026-07-13 15:40:36  MT5: 52906593 @ ICMarketsEU-Demo (DEMO)
2026-07-13 15:40:36    [ORPHAN] Nicio pozitie MT5 fara corespondent — state consistent cu MT5.
2026-07-13 15:40:37  Simboluri active: ['AUDNZD']
2026-07-13 15:40:37  Pornit. Ctrl+C pentru oprire.

2026-07-13 15:40:37  --- S19-AUDNZD iter 1 @ 15:40:37 ---
2026-07-13 15:40:37    Niciun semnal nou. Pendinge: 1
2026-07-13 15:40:37    Urmatoarea bara 15min @ 15:45:05 — 268s
2026-07-13 15:40:51    [PROFIL] Profil 'Standard Profile' aplicat pe session19.
2026-07-13 15:40:51  =================================================================
2026-07-13 15:40:51    S19-AUDNZD — AUDNZD M15+M30 BOTH pw=8 pullback | test +0.339R (19t insuf)
2026-07-13 15:40:51    Piete: ['AUDNZD']
2026-07-13 15:40:51    TF: M15 (trend M30) | PW=8 | BOTH
2026-07-13 15:40:51    Output: C:\trading-bot\data\live_signals\session19
2026-07-13 15:40:51  =================================================================
2026-07-13 15:40:51  MT5: 52906593 @ ICMarketsEU-Demo (DEMO)
2026-07-13 15:40:51    [ORPHAN] Nicio pozitie MT5 fara corespondent — state consistent cu MT5.
2026-07-13 15:40:51  Simboluri active: ['AUDNZD']
2026-07-13 15:40:51  Pornit. Ctrl+C pentru oprire.

2026-07-13 15:40:51  --- S19-AUDNZD iter 1 @ 15:40:51 ---
2026-07-13 15:40:51    Niciun semnal nou. Pendinge: 1
2026-07-13 15:40:51    Urmatoarea bara 15min @ 15:45:05 — 254s
2026-07-13 15:45:05  --- S19-AUDNZD iter 2 @ 15:45:05 ---
2026-07-13 15:45:26    Niciun semnal nou. Pendinge: 1
2026-07-13 15:45:26    Urmatoarea bara 15min @ 16:00:05 — 879s
2026-07-13 16:00:05  --- S19-AUDNZD iter 3 @ 16:00:05 ---
2026-07-13 16:00:05    TRIGGERAT: S19-AUDNZD-SIG0004 AUDNZD SHORT @ 1.20075
2026-07-13 16:00:05    Niciun semnal nou. Pendinge: 1
2026-07-13 16:00:05    Urmatoarea bara 15min @ 16:15:05 — 900s
2026-07-13 16:15:05  --- S19-AUDNZD iter 4 @ 16:15:05 ---
2026-07-13 16:15:05    Niciun semnal nou. Pendinge: 1
2026-07-13 16:15:05    Urmatoarea bara 15min @ 16:30:05 — 900s
2026-07-13 16:30:05  --- S19-AUDNZD iter 5 @ 16:30:05 ---
2026-07-13 16:30:05    Niciun semnal nou. Pendinge: 1
2026-07-13 16:30:05    Urmatoarea bara 15min @ 16:45:05 — 900s
2026-07-13 16:45:05  --- S19-AUDNZD iter 6 @ 16:45:05 ---
2026-07-13 16:45:05    Niciun semnal nou. Pendinge: 1
2026-07-13 16:45:05    Urmatoarea bara 15min @ 17:00:05 — 900s
2026-07-13 17:00:05  --- S19-AUDNZD iter 7 @ 17:00:05 ---
2026-07-13 17:00:05    Niciun semnal nou. Pendinge: 1
2026-07-13 17:00:05    Urmatoarea bara 15min @ 17:15:05 — 900s
2026-07-13 17:15:05  --- S19-AUDNZD iter 8 @ 17:15:05 ---
2026-07-13 17:15:05    Niciun semnal nou. Pendinge: 1
2026-07-13 17:15:05    Urmatoarea bara 15min @ 17:30:05 — 900s
2026-07-13 17:30:05  --- S19-AUDNZD iter 9 @ 17:30:05 ---
2026-07-13 17:30:05    Niciun semnal nou. Pendinge: 1
2026-07-13 17:30:05    Urmatoarea bara 15min @ 17:45:05 — 900s
2026-07-13 17:45:05  --- S19-AUDNZD iter 10 @ 17:45:05 ---
2026-07-13 17:45:05    Niciun semnal nou. Pendinge: 1
2026-07-13 17:45:05    Urmatoarea bara 15min @ 18:00:05 — 900s
2026-07-13 18:00:05  --- S19-AUDNZD iter 11 @ 18:00:05 ---
2026-07-13 18:00:05    Niciun semnal nou. Pendinge: 1
2026-07-13 18:00:05    Urmatoarea bara 15min @ 18:15:05 — 900s
2026-07-13 18:15:05  --- S19-AUDNZD iter 12 @ 18:15:05 ---
2026-07-13 18:15:05    [MT5] Pozitie #1804613305 inchisa: exit=1.20185  result=-0.991R  pnl=-0.56USD  comm=-0.08  swap=+0.00  [SL]
2026-07-13 18:15:05    PIERDERE (MT5): S19-AUDNZD-SIG0004 SL -0.991R
2026-07-13 18:15:05    Niciun semnal nou. Pendinge: 0
2026-07-13 18:15:05    Urmatoarea bara 15min @ 18:30:05 — 900s
2026-07-13 18:30:05  --- S19-AUDNZD iter 13 @ 18:30:05 ---
2026-07-13 18:30:05    Niciun semnal nou. Pendinge: 0
2026-07-13 18:30:05    Urmatoarea bara 15min @ 18:45:05 — 900s
2026-07-13 18:45:05  --- S19-AUDNZD iter 14 @ 18:45:05 ---
2026-07-13 18:45:05    Niciun semnal nou. Pendinge: 0
2026-07-13 18:45:05    Urmatoarea bara 15min @ 19:00:05 — 900s
2026-07-13 19:00:05  --- S19-AUDNZD iter 15 @ 19:00:05 ---
2026-07-13 19:00:05    Niciun semnal nou. Pendinge: 0
2026-07-13 19:00:05    Urmatoarea bara 15min @ 19:15:05 — 900s
2026-07-13 19:15:05  --- S19-AUDNZD iter 16 @ 19:15:05 ---
2026-07-13 19:15:05    Niciun semnal nou. Pendinge: 0
2026-07-13 19:15:05    Urmatoarea bara 15min @ 19:30:05 — 900s
2026-07-13 19:30:05  --- S19-AUDNZD iter 17 @ 19:30:05 ---
2026-07-13 19:30:05    Niciun semnal nou. Pendinge: 0
2026-07-13 19:30:05    Urmatoarea bara 15min @ 19:45:05 — 900s
2026-07-13 19:45:05  --- S19-AUDNZD iter 18 @ 19:45:05 ---
2026-07-13 19:45:05    Niciun semnal nou. Pendinge: 0
2026-07-13 19:45:05    Urmatoarea bara 15min @ 20:00:05 — 900s
2026-07-13 20:00:05  --- S19-AUDNZD iter 19 @ 20:00:05 ---
2026-07-13 20:00:05    Niciun semnal nou. Pendinge: 0
2026-07-13 20:00:05    Urmatoarea bara 15min @ 20:15:05 — 900s
2026-07-13 20:15:05  --- S19-AUDNZD iter 20 @ 20:15:05 ---
2026-07-13 20:15:05    Niciun semnal nou. Pendinge: 0
2026-07-13 20:15:05    Urmatoarea bara 15min @ 20:30:05 — 900s
2026-07-13 20:30:05  --- S19-AUDNZD iter 21 @ 20:30:05 ---
2026-07-13 20:30:05    Niciun semnal nou. Pendinge: 0
2026-07-13 20:30:05    Urmatoarea bara 15min @ 20:45:05 — 900s
2026-07-13 20:45:05  --- S19-AUDNZD iter 22 @ 20:45:05 ---
2026-07-13 20:45:05    Niciun semnal nou. Pendinge: 0
2026-07-13 20:45:05    Urmatoarea bara 15min @ 21:00:05 — 900s
2026-07-13 21:00:05  --- S19-AUDNZD iter 23 @ 21:00:05 ---
2026-07-13 21:00:05    Niciun semnal nou. Pendinge: 0
2026-07-13 21:00:05    Urmatoarea bara 15min @ 21:15:05 — 900s
2026-07-13 21:15:05  --- S19-AUDNZD iter 24 @ 21:15:05 ---
2026-07-13 21:15:05    Niciun semnal nou. Pendinge: 0
2026-07-13 21:15:05    Urmatoarea bara 15min @ 21:30:05 — 900s
2026-07-13 21:30:05  --- S19-AUDNZD iter 25 @ 21:30:05 ---
2026-07-13 21:30:05    Niciun semnal nou. Pendinge: 0
2026-07-13 21:30:05    Urmatoarea bara 15min @ 21:45:05 — 900s
2026-07-13 21:45:05  --- S19-AUDNZD iter 26 @ 21:45:05 ---
2026-07-13 21:45:05    Niciun semnal nou. Pendinge: 0
2026-07-13 21:45:05    Urmatoarea bara 15min @ 22:00:05 — 900s
2026-07-16 20:54:11    [PROFIL] Profil 'Standard Profile' aplicat pe session19.
2026-07-16 20:54:11  =================================================================
2026-07-16 20:54:11    S19-AUDNZD — AUDNZD M15+M30 BOTH pw=8 pullback | test +0.339R (19t insuf)
2026-07-16 20:54:11    Piete: ['AUDNZD']
2026-07-16 20:54:11    TF: M15 (trend M30) | PW=8 | BOTH
2026-07-16 20:54:11    Output: C:\trading-bot\data\live_signals\session19
2026-07-16 20:54:11  =================================================================
2026-07-16 20:54:11  MT5: 52906593 @ ICMarketsEU-Demo (DEMO)
2026-07-16 20:54:11    [MIGRATE] Cheie goala stearsa din pending: 'AUDNZD'
2026-07-16 20:54:11    [MIGRATE] Migrare pending: 0 semnale migrate, 1 chei goale sterse.
2026-07-16 20:54:12    [ORPHAN] Nicio pozitie MT5 fara corespondent — state consistent cu MT5.
2026-07-16 20:54:13  Simboluri active: ['AUDNZD']
2026-07-16 20:54:13  Pornit. Ctrl+C pentru oprire.

2026-07-16 20:54:13  --- S19-AUDNZD iter 1 @ 20:54:13 ---
2026-07-16 20:54:13    Niciun semnal nou. Pendinge: 0
2026-07-16 20:54:13    Urmatoarea bara 15min @ 21:00:05 — 352s
2026-07-16 21:00:05  --- S19-AUDNZD iter 2 @ 21:00:05 ---
2026-07-16 21:00:05    Niciun semnal nou. Pendinge: 0
2026-07-16 21:00:05    Urmatoarea bara 15min @ 21:15:05 — 900s
2026-07-16 21:15:05  --- S19-AUDNZD iter 3 @ 21:15:05 ---
2026-07-16 21:15:05    Niciun semnal nou. Pendinge: 0
2026-07-16 21:15:05    Urmatoarea bara 15min @ 21:30:05 — 900s
2026-07-16 21:30:05  --- S19-AUDNZD iter 4 @ 21:30:05 ---
2026-07-16 21:30:05    Niciun semnal nou. Pendinge: 0
2026-07-16 21:30:05    Urmatoarea bara 15min @ 21:45:05 — 900s
2026-07-16 21:41:24    [PROFIL] Profil 'Standard Profile' aplicat pe session19.
2026-07-16 21:41:24  =================================================================
2026-07-16 21:41:24    S19-AUDNZD — AUDNZD M15+M30 BOTH pw=8 pullback | test +0.339R (19t insuf)
2026-07-16 21:41:24    Piete: ['AUDNZD']
2026-07-16 21:41:24    TF: M15 (trend M30) | PW=8 | BOTH
2026-07-16 21:41:24    Output: C:\trading-bot\data\live_signals\session19
2026-07-16 21:41:24  =================================================================
2026-07-16 21:41:25  MT5: 52906593 @ ICMarketsEU-Demo (DEMO)
2026-07-16 21:41:25    [ORPHAN] Nicio pozitie MT5 fara corespondent — state consistent cu MT5.
2026-07-16 21:41:25  Simboluri active: ['AUDNZD']
2026-07-16 21:41:25  Pornit. Ctrl+C pentru oprire.

2026-07-16 21:41:25  --- S19-AUDNZD iter 1 @ 21:41:25 ---
2026-07-16 21:41:25    Niciun semnal nou. Pendinge: 0
2026-07-16 21:41:25    Urmatoarea bara 15min @ 21:45:05 — 220s
2026-07-16 21:45:05  --- S19-AUDNZD iter 2 @ 21:45:05 ---
2026-07-16 21:45:05    Niciun semnal nou. Pendinge: 0
2026-07-16 21:45:05    Urmatoarea bara 15min @ 22:00:05 — 900s
