2026-06-25 19:05:10    [PROFIL] Profil 'Standard Profile' aplicat pe session15.
2026-06-25 19:05:10  =================================================================
2026-06-25 19:05:10    S15-GBPUSD — GBPUSD M15+M30 LONG pw=8 pullback | test +0.083R DD -48.2%
2026-06-25 19:05:10    Piete: ['GBPUSD']
2026-06-25 19:05:10    TF: M15 (trend M30) | PW=6 | LONG
2026-06-25 19:05:10    Output: C:\Dev\trading-bot\data\live_signals\session15
2026-06-25 19:05:10  =================================================================
2026-06-25 19:05:10  MT5: 52906593 @ ICMarketsEU-Demo (DEMO)
2026-06-25 19:05:12  Simboluri active: ['GBPUSD']
2026-06-25 19:05:12  Pornit. Ctrl+C pentru oprire.

2026-06-25 19:05:12  --- S15-GBPUSD iter 1 @ 19:05:12 ---
2026-06-25 19:05:25    Niciun semnal nou. Pendinge: 0
2026-06-25 19:05:25    Urmatoarea bara 15min @ 19:15:05 — 579s
2026-06-25 19:15:05  --- S15-GBPUSD iter 2 @ 19:15:05 ---
2026-06-25 19:15:05    Niciun semnal nou. Pendinge: 0
2026-06-25 19:15:05    Urmatoarea bara 15min @ 19:30:05 — 900s
2026-06-25 19:30:05  --- S15-GBPUSD iter 3 @ 19:30:05 ---
2026-06-25 19:30:05    Niciun semnal nou. Pendinge: 0
2026-06-25 19:30:05    Urmatoarea bara 15min @ 19:45:05 — 900s
2026-06-25 19:45:05  --- S15-GBPUSD iter 4 @ 19:45:05 ---
2026-06-25 19:45:05    Niciun semnal nou. Pendinge: 0
2026-06-25 19:45:05    Urmatoarea bara 15min @ 20:00:05 — 900s
2026-06-25 20:00:05  --- S15-GBPUSD iter 5 @ 20:00:05 ---
2026-06-25 20:00:09    Niciun semnal nou. Pendinge: 0
2026-06-25 20:00:09    Urmatoarea bara 15min @ 20:15:05 — 895s
2026-06-25 20:15:05  --- S15-GBPUSD iter 6 @ 20:15:05 ---
2026-06-25 20:15:05    Niciun semnal nou. Pendinge: 0
2026-06-25 20:15:05    Urmatoarea bara 15min @ 20:30:05 — 900s
2026-06-25 20:30:05  --- S15-GBPUSD iter 7 @ 20:30:05 ---
2026-06-25 20:30:05    Niciun semnal nou. Pendinge: 0
2026-06-25 20:30:05    Urmatoarea bara 15min @ 20:45:05 — 900s
2026-06-25 20:45:05  --- S15-GBPUSD iter 8 @ 20:45:05 ---
2026-06-25 20:45:05    Niciun semnal nou. Pendinge: 0
2026-06-25 20:45:05    Urmatoarea bara 15min @ 21:00:05 — 900s
2026-06-25 21:00:05  --- S15-GBPUSD iter 9 @ 21:00:05 ---
2026-06-25 21:00:05    Niciun semnal nou. Pendinge: 0
2026-06-25 21:00:05    Urmatoarea bara 15min @ 21:15:05 — 900s
2026-06-25 21:15:05  --- S15-GBPUSD iter 10 @ 21:15:05 ---
2026-06-25 21:15:05    Niciun semnal nou. Pendinge: 0
2026-06-25 21:15:05    Urmatoarea bara 15min @ 21:30:05 — 900s
2026-06-25 21:30:05  --- S15-GBPUSD iter 11 @ 21:30:05 ---
2026-06-25 21:30:05    Niciun semnal nou. Pendinge: 0
2026-06-25 21:30:05    Urmatoarea bara 15min @ 21:45:05 — 900s
2026-06-25 21:45:05  --- S15-GBPUSD iter 12 @ 21:45:05 ---
2026-06-25 21:45:05    Niciun semnal nou. Pendinge: 0
2026-06-25 21:45:05    Urmatoarea bara 15min @ 22:00:05 — 900s
2026-06-25 21:53:11    [PROFIL] Profil 'Standard Profile' aplicat pe session15.
2026-06-25 21:53:11  =================================================================
2026-06-25 21:53:11    S15-GBPUSD — GBPUSD M15+M30 LONG pw=8 pullback | test +0.083R DD -48.2%
2026-06-25 21:53:11    Piete: ['GBPUSD']
2026-06-25 21:53:11    TF: M15 (trend M30) | PW=6 | LONG
2026-06-25 21:53:11    Output: C:\Dev\trading-bot\data\live_signals\session15
2026-06-25 21:53:11  =================================================================
2026-06-25 21:53:11  MT5: 52906593 @ ICMarketsEU-Demo (DEMO)
2026-06-25 21:53:13  Simboluri active: ['GBPUSD']
2026-06-25 21:53:13  Pornit. Ctrl+C pentru oprire.

2026-06-25 21:53:13  --- S15-GBPUSD iter 1 @ 21:53:13 ---
2026-06-25 21:53:16    Niciun semnal nou. Pendinge: 0
2026-06-25 21:53:16    Urmatoarea bara 15min @ 22:00:05 — 408s
2026-06-25 22:00:05  --- S15-GBPUSD iter 2 @ 22:00:05 ---
2026-06-25 22:00:05    Niciun semnal nou. Pendinge: 0
2026-06-25 22:00:05    Urmatoarea bara 15min @ 22:15:05 — 900s
2026-06-25 22:15:05  --- S15-GBPUSD iter 3 @ 22:15:05 ---
2026-06-25 22:15:05    Niciun semnal nou. Pendinge: 0
2026-06-25 22:15:05    Urmatoarea bara 15min @ 22:30:05 — 900s
2026-06-25 22:30:05  --- S15-GBPUSD iter 4 @ 22:30:05 ---
2026-06-25 22:30:05    Niciun semnal nou. Pendinge: 0
2026-06-25 22:30:05    Urmatoarea bara 15min @ 22:45:05 — 900s
2026-06-25 22:45:05  --- S15-GBPUSD iter 5 @ 22:45:05 ---
2026-06-25 22:45:05    Niciun semnal nou. Pendinge: 0
2026-06-25 22:45:05    Urmatoarea bara 15min @ 23:00:05 — 900s
2026-06-25 23:00:05  --- S15-GBPUSD iter 6 @ 23:00:05 ---
2026-06-25 23:00:05    Niciun semnal nou. Pendinge: 0
2026-06-25 23:00:05    Urmatoarea bara 15min @ 23:15:05 — 900s
2026-06-25 23:15:05  --- S15-GBPUSD iter 7 @ 23:15:05 ---
2026-06-25 23:15:05    Niciun semnal nou. Pendinge: 0
2026-06-25 23:15:05    Urmatoarea bara 15min @ 23:30:05 — 900s
2026-06-25 23:30:05  --- S15-GBPUSD iter 8 @ 23:30:05 ---
2026-06-25 23:30:05    Niciun semnal nou. Pendinge: 0
2026-06-25 23:30:05    Urmatoarea bara 15min @ 23:45:05 — 900s
2026-06-25 23:45:05  --- S15-GBPUSD iter 9 @ 23:45:05 ---
2026-06-25 23:45:05    Niciun semnal nou. Pendinge: 0
2026-06-25 23:45:05    Urmatoarea bara 15min @ 00:00:05 — 900s
2026-06-26 00:00:05  --- S15-GBPUSD iter 10 @ 00:00:05 ---
2026-06-26 00:00:06    Niciun semnal nou. Pendinge: 0
2026-06-26 00:00:06    Urmatoarea bara 15min @ 00:15:05 — 899s
2026-06-26 00:15:05  --- S15-GBPUSD iter 11 @ 00:15:05 ---
2026-06-26 00:15:05    Niciun semnal nou. Pendinge: 0
2026-06-26 00:15:05    Urmatoarea bara 15min @ 00:30:05 — 900s
2026-06-26 00:30:05  --- S15-GBPUSD iter 12 @ 00:30:05 ---
2026-06-26 00:30:05    Niciun semnal nou. Pendinge: 0
2026-06-26 00:30:05    Urmatoarea bara 15min @ 00:45:05 — 900s
2026-06-26 00:45:05  --- S15-GBPUSD iter 13 @ 00:45:05 ---
2026-06-26 00:45:05    Niciun semnal nou. Pendinge: 0
2026-06-26 00:45:05    Urmatoarea bara 15min @ 01:00:05 — 900s
2026-06-26 01:00:05  --- S15-GBPUSD iter 14 @ 01:00:05 ---
2026-06-26 01:00:05    Niciun semnal nou. Pendinge: 0
2026-06-26 01:00:05    Urmatoarea bara 15min @ 01:15:05 — 900s
2026-06-26 01:15:05  --- S15-GBPUSD iter 15 @ 01:15:05 ---
2026-06-26 01:15:05    Niciun semnal nou. Pendinge: 0
2026-06-26 01:15:05    Urmatoarea bara 15min @ 01:30:05 — 900s
2026-06-26 01:30:05  --- S15-GBPUSD iter 16 @ 01:30:05 ---
2026-06-26 01:30:05    Niciun semnal nou. Pendinge: 0
2026-06-26 01:30:05    Urmatoarea bara 15min @ 01:45:05 — 900s
2026-06-26 01:45:05  --- S15-GBPUSD iter 17 @ 01:45:05 ---
2026-06-26 01:45:05    Niciun semnal nou. Pendinge: 0
2026-06-26 01:45:05    Urmatoarea bara 15min @ 02:00:05 — 900s
2026-06-26 02:00:05  --- S15-GBPUSD iter 18 @ 02:00:05 ---
2026-06-26 02:00:05    Niciun semnal nou. Pendinge: 0
2026-06-26 02:00:05    Urmatoarea bara 15min @ 02:15:05 — 900s
2026-06-26 02:15:05  --- S15-GBPUSD iter 19 @ 02:15:05 ---
2026-06-26 02:15:05    Niciun semnal nou. Pendinge: 0
2026-06-26 02:15:05    Urmatoarea bara 15min @ 02:30:05 — 900s
2026-06-26 02:30:05  --- S15-GBPUSD iter 20 @ 02:30:05 ---
2026-06-26 02:30:05    Niciun semnal nou. Pendinge: 0
2026-06-26 02:30:05    Urmatoarea bara 15min @ 02:45:05 — 900s
2026-06-26 02:45:05  --- S15-GBPUSD iter 21 @ 02:45:05 ---
2026-06-26 02:45:05    Niciun semnal nou. Pendinge: 0
2026-06-26 02:45:05    Urmatoarea bara 15min @ 03:00:05 — 900s
2026-06-26 03:00:05  --- S15-GBPUSD iter 22 @ 03:00:05 ---
2026-06-26 03:00:05    Niciun semnal nou. Pendinge: 0
2026-06-26 03:00:05    Urmatoarea bara 15min @ 03:15:05 — 900s
2026-06-26 03:15:05  --- S15-GBPUSD iter 23 @ 03:15:05 ---
2026-06-26 03:15:05    Niciun semnal nou. Pendinge: 0
2026-06-26 03:15:05    Urmatoarea bara 15min @ 03:30:05 — 900s
2026-06-26 03:30:05  --- S15-GBPUSD iter 24 @ 03:30:05 ---
2026-06-26 03:30:05    Niciun semnal nou. Pendinge: 0
2026-06-26 03:30:05    Urmatoarea bara 15min @ 03:45:05 — 900s
2026-06-26 03:45:05  --- S15-GBPUSD iter 25 @ 03:45:05 ---
2026-06-26 03:45:05    Niciun semnal nou. Pendinge: 0
2026-06-26 03:45:05    Urmatoarea bara 15min @ 04:00:05 — 900s
2026-06-26 04:00:05  --- S15-GBPUSD iter 26 @ 04:00:05 ---
2026-06-26 04:00:05    Niciun semnal nou. Pendinge: 0
2026-06-26 04:00:05    Urmatoarea bara 15min @ 04:15:05 — 900s
2026-06-26 04:15:05  --- S15-GBPUSD iter 27 @ 04:15:05 ---
2026-06-26 04:15:05    Niciun semnal nou. Pendinge: 0
2026-06-26 04:15:05    Urmatoarea bara 15min @ 04:30:05 — 900s
2026-06-26 04:30:05  --- S15-GBPUSD iter 28 @ 04:30:05 ---
2026-06-26 04:30:05    Niciun semnal nou. Pendinge: 0
2026-06-26 04:30:05    Urmatoarea bara 15min @ 04:45:05 — 900s
2026-06-26 04:45:05  --- S15-GBPUSD iter 29 @ 04:45:05 ---
2026-06-26 04:45:05    Niciun semnal nou. Pendinge: 0
2026-06-26 04:45:05    Urmatoarea bara 15min @ 05:00:05 — 900s
2026-06-26 05:00:05  --- S15-GBPUSD iter 30 @ 05:00:05 ---
2026-06-26 05:00:05    Niciun semnal nou. Pendinge: 0
2026-06-26 05:00:05    Urmatoarea bara 15min @ 05:15:05 — 900s
2026-06-26 05:15:05  --- S15-GBPUSD iter 31 @ 05:15:05 ---
2026-06-26 05:15:05    Niciun semnal nou. Pendinge: 0
2026-06-26 05:15:05    Urmatoarea bara 15min @ 05:30:05 — 900s
2026-06-26 05:30:05  --- S15-GBPUSD iter 32 @ 05:30:05 ---
2026-06-26 05:30:05    Niciun semnal nou. Pendinge: 0
2026-06-26 05:30:05    Urmatoarea bara 15min @ 05:45:05 — 900s
2026-06-26 05:45:05  --- S15-GBPUSD iter 33 @ 05:45:05 ---
2026-06-26 05:45:05    Niciun semnal nou. Pendinge: 0
2026-06-26 05:45:05    Urmatoarea bara 15min @ 06:00:05 — 900s
2026-06-26 06:00:05  --- S15-GBPUSD iter 34 @ 06:00:05 ---
2026-06-26 06:00:05    Niciun semnal nou. Pendinge: 0
2026-06-26 06:00:05    Urmatoarea bara 15min @ 06:15:05 — 900s
2026-06-26 06:15:05  --- S15-GBPUSD iter 35 @ 06:15:05 ---
2026-06-26 06:15:05    Niciun semnal nou. Pendinge: 0
2026-06-26 06:15:05    Urmatoarea bara 15min @ 06:30:05 — 900s
2026-06-26 06:30:05  --- S15-GBPUSD iter 36 @ 06:30:05 ---
2026-06-26 06:30:05    Niciun semnal nou. Pendinge: 0
2026-06-26 06:30:05    Urmatoarea bara 15min @ 06:45:05 — 900s
2026-06-26 06:45:05  --- S15-GBPUSD iter 37 @ 06:45:05 ---
2026-06-26 06:45:05    Niciun semnal nou. Pendinge: 0
2026-06-26 06:45:05    Urmatoarea bara 15min @ 07:00:05 — 900s
2026-06-26 07:00:05  --- S15-GBPUSD iter 38 @ 07:00:05 ---
2026-06-26 07:00:05    Niciun semnal nou. Pendinge: 0
2026-06-26 07:00:05    Urmatoarea bara 15min @ 07:15:05 — 900s
2026-06-26 07:15:05  --- S15-GBPUSD iter 39 @ 07:15:05 ---
2026-06-26 07:15:05    Niciun semnal nou. Pendinge: 0
2026-06-26 07:15:05    Urmatoarea bara 15min @ 07:30:05 — 900s
2026-06-26 07:30:05  --- S15-GBPUSD iter 40 @ 07:30:05 ---
2026-06-26 07:30:05    Niciun semnal nou. Pendinge: 0
2026-06-26 07:30:05    Urmatoarea bara 15min @ 07:45:05 — 900s
2026-06-26 07:45:05  --- S15-GBPUSD iter 41 @ 07:45:05 ---
2026-06-26 07:45:05    Niciun semnal nou. Pendinge: 0
2026-06-26 07:45:05    Urmatoarea bara 15min @ 08:00:05 — 900s
2026-06-26 08:00:05  --- S15-GBPUSD iter 42 @ 08:00:05 ---
2026-06-26 08:00:05    Niciun semnal nou. Pendinge: 0
2026-06-26 08:00:05    Urmatoarea bara 15min @ 08:15:05 — 900s
2026-06-26 08:15:05  --- S15-GBPUSD iter 43 @ 08:15:05 ---
2026-06-26 08:15:05    Niciun semnal nou. Pendinge: 0
2026-06-26 08:15:05    Urmatoarea bara 15min @ 08:30:05 — 900s
2026-06-26 08:30:05  --- S15-GBPUSD iter 44 @ 08:30:05 ---
2026-06-26 08:30:05    Niciun semnal nou. Pendinge: 0
2026-06-26 08:30:05    Urmatoarea bara 15min @ 08:45:05 — 900s
2026-06-26 08:45:05  --- S15-GBPUSD iter 45 @ 08:45:05 ---
2026-06-26 08:45:05    Niciun semnal nou. Pendinge: 0
2026-06-26 08:45:05    Urmatoarea bara 15min @ 09:00:05 — 900s
2026-06-26 09:00:05  --- S15-GBPUSD iter 46 @ 09:00:05 ---
2026-06-26 09:00:05    Niciun semnal nou. Pendinge: 0
2026-06-26 09:00:05    Urmatoarea bara 15min @ 09:15:05 — 900s
2026-06-26 09:15:05  --- S15-GBPUSD iter 47 @ 09:15:05 ---
2026-06-26 09:15:05    Niciun semnal nou. Pendinge: 0
2026-06-26 09:15:05    Urmatoarea bara 15min @ 09:30:05 — 900s
2026-06-26 09:30:05  --- S15-GBPUSD iter 48 @ 09:30:05 ---
2026-06-26 09:30:05    Niciun semnal nou. Pendinge: 0
2026-06-26 09:30:05    Urmatoarea bara 15min @ 09:45:05 — 900s
2026-06-26 09:45:05  --- S15-GBPUSD iter 49 @ 09:45:05 ---
2026-06-26 09:45:05    Niciun semnal nou. Pendinge: 0
2026-06-26 09:45:05    Urmatoarea bara 15min @ 10:00:05 — 900s
2026-06-26 10:00:05  --- S15-GBPUSD iter 50 @ 10:00:05 ---
2026-06-26 10:00:05    Niciun semnal nou. Pendinge: 0
2026-06-26 10:00:05    Urmatoarea bara 15min @ 10:15:05 — 900s
2026-06-26 10:15:05  --- S15-GBPUSD iter 51 @ 10:15:05 ---
2026-06-26 10:15:05    Niciun semnal nou. Pendinge: 0
2026-06-26 10:15:05    Urmatoarea bara 15min @ 10:30:05 — 900s
2026-06-26 10:30:05  --- S15-GBPUSD iter 52 @ 10:30:05 ---
2026-06-26 10:30:05    Niciun semnal nou. Pendinge: 0
2026-06-26 10:30:05    Urmatoarea bara 15min @ 10:45:05 — 900s
2026-06-26 10:45:05  --- S15-GBPUSD iter 53 @ 10:45:05 ---
2026-06-26 10:45:05    Niciun semnal nou. Pendinge: 0
2026-06-26 10:45:05    Urmatoarea bara 15min @ 11:00:05 — 900s
2026-06-26 11:00:05  --- S15-GBPUSD iter 54 @ 11:00:05 ---
2026-06-26 11:00:05    Niciun semnal nou. Pendinge: 0
2026-06-26 11:00:05    Urmatoarea bara 15min @ 11:15:05 — 900s
2026-06-26 11:15:05  --- S15-GBPUSD iter 55 @ 11:15:05 ---
2026-06-26 11:15:05    *** SEMNAL [INSIDE_BAR]: S15-GBPUSD-IB0001 GBPUSD LONG entry=1.32159 sl=1.31985 tp=1.32507 (2.0R) RSI=61
2026-06-26 11:15:05    [EXEC] *** ORDIN: S15-GBPUSD-IB0001 GBPUSD LONG 0.01lot @ 1.32159  SL=1.31985  TP=1.32507  ticket=#1730520946
2026-06-26 11:15:06    Urmatoarea bara 15min @ 11:30:05 — 899s
2026-06-26 11:28:29    [PROFIL] Profil 'Standard Profile' aplicat pe session15.
2026-06-26 11:28:29  =================================================================
2026-06-26 11:28:29    S15-GBPUSD — GBPUSD M15+M30 LONG pw=8 pullback | test +0.083R DD -48.2%
2026-06-26 11:28:29    Piete: ['GBPUSD']
2026-06-26 11:28:29    TF: M15 (trend M30) | PW=6 | LONG
2026-06-26 11:28:29    Output: C:\Dev\trading-bot\data\live_signals\session15
2026-06-26 11:28:29  =================================================================
2026-06-26 11:28:29  MT5: 52906593 @ ICMarketsEU-Demo (DEMO)
2026-06-26 11:28:29  Simboluri active: ['GBPUSD']
2026-06-26 11:28:29  Pornit. Ctrl+C pentru oprire.

2026-06-26 11:28:29  --- S15-GBPUSD iter 1 @ 11:28:29 ---
2026-06-26 11:28:31    Niciun semnal nou. Pendinge: 1
2026-06-26 11:28:31    Urmatoarea bara 15min @ 11:30:05 — 93s
2026-06-26 11:30:05  --- S15-GBPUSD iter 2 @ 11:30:05 ---
2026-06-26 11:30:05    *** SEMNAL [PULLBACK]: S15-GBPUSD-SIG0001 GBPUSD LONG entry=1.32162 sl=1.31889 tp=1.33390 (4.5R) RSI=64
2026-06-26 11:30:05    [EXEC] *** ORDIN: S15-GBPUSD-SIG0001 GBPUSD LONG 0.01lot @ 1.32162  SL=1.31889  TP=1.33390  ticket=#1730547491
2026-06-26 11:30:05    Urmatoarea bara 15min @ 11:45:05 — 899s
2026-06-26 11:45:05  --- S15-GBPUSD iter 3 @ 11:45:05 ---
2026-06-26 11:45:05    TRIGGERAT: S15-GBPUSD-IB0001 GBPUSD LONG @ 1.32159
2026-06-26 11:45:05    TRIGGERAT: S15-GBPUSD-SIG0001 GBPUSD LONG @ 1.32162
2026-06-26 11:45:05    Niciun semnal nou. Pendinge: 2
2026-06-26 11:45:05    Urmatoarea bara 15min @ 12:00:05 — 900s
2026-06-26 12:00:05  --- S15-GBPUSD iter 4 @ 12:00:05 ---
2026-06-26 12:00:06    Niciun semnal nou. Pendinge: 2
2026-06-26 12:00:06    Urmatoarea bara 15min @ 12:15:05 — 899s
2026-06-26 12:15:05  --- S15-GBPUSD iter 5 @ 12:15:05 ---
2026-06-26 12:15:05    Niciun semnal nou. Pendinge: 2
2026-06-26 12:15:05    Urmatoarea bara 15min @ 12:30:05 — 900s
2026-06-26 12:30:05  --- S15-GBPUSD iter 6 @ 12:30:05 ---
2026-06-26 12:30:05    Niciun semnal nou. Pendinge: 2
2026-06-26 12:30:05    Urmatoarea bara 15min @ 12:45:05 — 900s
2026-06-26 12:45:05  --- S15-GBPUSD iter 7 @ 12:45:05 ---
2026-06-26 12:45:05    Niciun semnal nou. Pendinge: 2
2026-06-26 12:45:05    Urmatoarea bara 15min @ 13:00:05 — 900s
2026-06-26 13:00:05  --- S15-GBPUSD iter 8 @ 13:00:05 ---
2026-06-26 13:00:05    Niciun semnal nou. Pendinge: 2
2026-06-26 13:00:05    Urmatoarea bara 15min @ 13:15:05 — 900s
2026-06-26 13:15:05  --- S15-GBPUSD iter 9 @ 13:15:05 ---
2026-06-26 13:15:05    Niciun semnal nou. Pendinge: 2
2026-06-26 13:15:05    Urmatoarea bara 15min @ 13:30:05 — 900s
2026-06-26 13:30:05  --- S15-GBPUSD iter 10 @ 13:30:05 ---
2026-06-26 13:30:05    Niciun semnal nou. Pendinge: 2
2026-06-26 13:30:05    Urmatoarea bara 15min @ 13:45:05 — 900s
2026-06-26 13:45:05  --- S15-GBPUSD iter 11 @ 13:45:05 ---
2026-06-26 13:45:05    Niciun semnal nou. Pendinge: 2
2026-06-26 13:45:05    Urmatoarea bara 15min @ 14:00:05 — 900s
2026-06-26 14:00:05  --- S15-GBPUSD iter 12 @ 14:00:05 ---
2026-06-26 14:00:05    Niciun semnal nou. Pendinge: 2
2026-06-26 14:00:05    Urmatoarea bara 15min @ 14:15:05 — 899s
2026-06-26 14:15:05  --- S15-GBPUSD iter 13 @ 14:15:05 ---
2026-06-26 14:15:05    Niciun semnal nou. Pendinge: 2
2026-06-26 14:15:05    Urmatoarea bara 15min @ 14:30:05 — 900s
2026-06-26 14:19:33    [PROFIL] Profil 'Standard Profile' aplicat pe session15.
2026-06-26 14:19:33  =================================================================
2026-06-26 14:19:33    S15-GBPUSD — GBPUSD M15+M30 LONG pw=8 pullback | test +0.083R DD -48.2%
2026-06-26 14:19:33    Piete: ['GBPUSD']
2026-06-26 14:19:33    TF: M15 (trend M30) | PW=6 | LONG
2026-06-26 14:19:33    Output: C:\Dev\trading-bot\data\live_signals\session15
2026-06-26 14:19:33  =================================================================
2026-06-26 14:19:34  MT5: 52906593 @ ICMarketsEU-Demo (DEMO)
2026-06-26 14:19:34  Simboluri active: ['GBPUSD']
2026-06-26 14:19:34  Pornit. Ctrl+C pentru oprire.

2026-06-26 14:19:34  --- S15-GBPUSD iter 1 @ 14:19:34 ---
2026-06-26 14:19:34    Niciun semnal nou. Pendinge: 2
2026-06-26 14:19:34    Urmatoarea bara 15min @ 14:30:05 — 630s
2026-06-26 14:30:05  --- S15-GBPUSD iter 2 @ 14:30:05 ---
2026-06-26 14:30:05    Niciun semnal nou. Pendinge: 2
2026-06-26 14:30:05    Urmatoarea bara 15min @ 14:45:05 — 900s
2026-06-26 14:45:05  --- S15-GBPUSD iter 3 @ 14:45:05 ---
2026-06-26 14:45:05    Niciun semnal nou. Pendinge: 2
2026-06-26 14:45:05    Urmatoarea bara 15min @ 15:00:05 — 900s
2026-06-26 14:47:31    [PROFIL] Profil 'Standard Profile' aplicat pe session15.
2026-06-26 14:47:31  =================================================================
2026-06-26 14:47:31    S15-GBPUSD — GBPUSD M15+M30 LONG pw=8 pullback | test +0.083R DD -48.2%
2026-06-26 14:47:31    Piete: ['GBPUSD']
2026-06-26 14:47:31    TF: M15 (trend M30) | PW=6 | LONG
2026-06-26 14:47:31    Output: C:\Dev\trading-bot\data\live_signals\session15
2026-06-26 14:47:31  =================================================================
2026-06-26 14:47:31  MT5: 52906593 @ ICMarketsEU-Demo (DEMO)
2026-06-26 14:47:31  Simboluri active: ['GBPUSD']
2026-06-26 14:47:31  Pornit. Ctrl+C pentru oprire.

2026-06-26 14:47:31  --- S15-GBPUSD iter 1 @ 14:47:31 ---
2026-06-26 14:47:31    Niciun semnal nou. Pendinge: 2
2026-06-26 14:47:31    Urmatoarea bara 15min @ 15:00:05 — 753s
2026-06-26 15:00:05  --- S15-GBPUSD iter 2 @ 15:00:05 ---
2026-06-26 15:00:05    Niciun semnal nou. Pendinge: 2
2026-06-26 15:00:05    Urmatoarea bara 15min @ 15:15:05 — 900s
2026-06-26 15:12:17    [PROFIL] Profil 'Standard Profile' aplicat pe session15.
2026-06-26 15:12:17  =================================================================
2026-06-26 15:12:17    S15-GBPUSD — GBPUSD M15+M30 LONG pw=8 pullback | test +0.083R DD -48.2%
2026-06-26 15:12:17    Piete: ['GBPUSD']
2026-06-26 15:12:17    TF: M15 (trend M30) | PW=6 | LONG
2026-06-26 15:12:17    Output: C:\Dev\trading-bot\data\live_signals\session15
2026-06-26 15:12:17  =================================================================
2026-06-26 15:12:17  MT5: 52906593 @ ICMarketsEU-Demo (DEMO)
2026-06-26 15:12:17  Simboluri active: ['GBPUSD']
2026-06-26 15:12:17  Pornit. Ctrl+C pentru oprire.

2026-06-26 15:12:17  --- S15-GBPUSD iter 1 @ 15:12:17 ---
2026-06-26 15:12:17    Niciun semnal nou. Pendinge: 2
2026-06-26 15:12:17    Urmatoarea bara 15min @ 15:15:05 — 167s
2026-06-26 15:15:05  --- S15-GBPUSD iter 2 @ 15:15:05 ---
2026-06-26 15:15:05    Niciun semnal nou. Pendinge: 2
2026-06-26 15:15:05    Urmatoarea bara 15min @ 15:30:05 — 900s
2026-06-26 15:30:05  --- S15-GBPUSD iter 3 @ 15:30:05 ---
2026-06-26 15:30:05    Niciun semnal nou. Pendinge: 2
2026-06-26 15:30:05    Urmatoarea bara 15min @ 15:45:05 — 900s
2026-06-26 15:45:05  --- S15-GBPUSD iter 4 @ 15:45:05 ---
2026-06-26 15:45:05    Niciun semnal nou. Pendinge: 2
2026-06-26 15:45:05    Urmatoarea bara 15min @ 16:00:05 — 900s
2026-06-26 16:00:05  --- S15-GBPUSD iter 5 @ 16:00:05 ---
2026-06-26 16:00:05    Niciun semnal nou. Pendinge: 2
2026-06-26 16:00:05    Urmatoarea bara 15min @ 16:15:05 — 900s
2026-06-26 16:15:05  --- S15-GBPUSD iter 6 @ 16:15:05 ---
2026-06-26 16:15:05    Niciun semnal nou. Pendinge: 2
2026-06-26 16:15:05    Urmatoarea bara 15min @ 16:30:05 — 900s
2026-06-26 16:30:05  --- S15-GBPUSD iter 7 @ 16:30:05 ---
2026-06-26 16:30:05    Niciun semnal nou. Pendinge: 2
2026-06-26 16:30:05    Urmatoarea bara 15min @ 16:45:05 — 900s
2026-06-26 16:32:25    [PROFIL] Profil 'Standard Profile' aplicat pe session15.
2026-06-26 16:32:25  =================================================================
2026-06-26 16:32:25    S15-GBPUSD — GBPUSD M15+M30 LONG pw=8 pullback | test +0.083R DD -48.2%
2026-06-26 16:32:25    Piete: ['GBPUSD']
2026-06-26 16:32:25    TF: M15 (trend M30) | PW=6 | LONG
2026-06-26 16:32:25    Output: C:\Dev\trading-bot\data\live_signals\session15
2026-06-26 16:32:25  =================================================================
2026-06-26 16:32:26  MT5: 52906593 @ ICMarketsEU-Demo (DEMO)
2026-06-26 16:32:59  Simboluri active: ['GBPUSD']
2026-06-26 16:32:59  Pornit. Ctrl+C pentru oprire.

2026-06-26 16:32:59  --- S15-GBPUSD iter 1 @ 16:32:59 ---
2026-06-26 16:34:51    Niciun semnal nou. Pendinge: 2
2026-06-26 16:34:51    Urmatoarea bara 15min @ 16:45:05 — 613s
2026-06-26 16:45:05  --- S15-GBPUSD iter 2 @ 16:45:05 ---
2026-06-26 16:45:05    Niciun semnal nou. Pendinge: 2
2026-06-26 16:45:05    Urmatoarea bara 15min @ 17:00:05 — 900s
2026-06-26 17:00:05  --- S15-GBPUSD iter 3 @ 17:00:05 ---
2026-06-26 17:03:05    Niciun semnal nou. Pendinge: 2
2026-06-26 17:03:05    Urmatoarea bara 15min @ 17:15:05 — 720s
2026-06-26 17:15:05  --- S15-GBPUSD iter 4 @ 17:15:05 ---
2026-06-26 17:15:05    Niciun semnal nou. Pendinge: 2
2026-06-26 17:15:05    Urmatoarea bara 15min @ 17:30:05 — 900s
2026-06-26 17:30:05  --- S15-GBPUSD iter 5 @ 17:30:05 ---
2026-06-26 17:30:05    Niciun semnal nou. Pendinge: 2
2026-06-26 17:30:05    Urmatoarea bara 15min @ 17:45:05 — 900s
2026-06-26 17:45:05  --- S15-GBPUSD iter 6 @ 17:45:05 ---
2026-06-26 17:45:05    Niciun semnal nou. Pendinge: 2
2026-06-26 17:45:05    Urmatoarea bara 15min @ 18:00:05 — 900s
2026-06-26 18:00:05  --- S15-GBPUSD iter 7 @ 18:00:05 ---
2026-06-26 18:00:05    [MT5] Pozitie #1730520946 inchisa: exit=1.31995  result=-0.943R  pnl=-1.65USD  [SL]
2026-06-26 18:00:05    PIERDERE (MT5): S15-GBPUSD-IB0001 SL -0.943R
2026-06-26 18:00:05    Niciun semnal nou. Pendinge: 1
2026-06-26 18:00:05    Urmatoarea bara 15min @ 18:15:05 — 900s
2026-06-26 18:15:05  --- S15-GBPUSD iter 8 @ 18:15:05 ---
2026-06-26 18:15:05    Niciun semnal nou. Pendinge: 1
2026-06-26 18:15:05    Urmatoarea bara 15min @ 18:30:05 — 900s
2026-06-26 18:30:05  --- S15-GBPUSD iter 9 @ 18:30:05 ---
2026-06-26 18:30:05    *** SEMNAL [INSIDE_BAR]: S15-GBPUSD-IB0002 GBPUSD LONG entry=1.32190 sl=1.31953 tp=1.32664 (2.0R) RSI=51
2026-06-26 18:30:05    [EXEC] *** ORDIN: S15-GBPUSD-IB0002 GBPUSD LONG 0.01lot @ 1.32190  SL=1.31953  TP=1.32664  ticket=#1731391842
2026-06-26 18:30:05    Urmatoarea bara 15min @ 18:45:05 — 899s
2026-06-26 18:45:05  --- S15-GBPUSD iter 10 @ 18:45:05 ---
2026-06-26 18:45:05    TRIGGERAT: S15-GBPUSD-IB0002 GBPUSD LONG @ 1.32190
2026-06-26 18:45:05    Niciun semnal nou. Pendinge: 2
2026-06-26 18:45:05    Urmatoarea bara 15min @ 19:00:05 — 900s
2026-06-26 19:00:05  --- S15-GBPUSD iter 11 @ 19:00:05 ---
2026-06-26 19:00:05    Niciun semnal nou. Pendinge: 2
2026-06-26 19:00:05    Urmatoarea bara 15min @ 19:15:05 — 899s
2026-06-26 19:15:05  --- S15-GBPUSD iter 12 @ 19:15:05 ---
2026-06-26 19:15:05    Niciun semnal nou. Pendinge: 2
2026-06-26 19:15:05    Urmatoarea bara 15min @ 19:30:05 — 900s
2026-06-26 19:30:05  --- S15-GBPUSD iter 13 @ 19:30:05 ---
2026-06-26 19:30:05    Niciun semnal nou. Pendinge: 2
2026-06-26 19:30:05    Urmatoarea bara 15min @ 19:45:05 — 900s
2026-06-26 19:45:05  --- S15-GBPUSD iter 14 @ 19:45:05 ---
2026-06-26 19:45:05    Niciun semnal nou. Pendinge: 2
2026-06-26 19:45:05    Urmatoarea bara 15min @ 20:00:05 — 900s
2026-06-26 20:00:05  --- S15-GBPUSD iter 15 @ 20:00:05 ---
2026-06-26 20:00:33    [VINERI] Ora 20:00 >= 20:00 — inchid pozitii deschise.
2026-06-26 20:01:00    [VINERI] S15-GBPUSD-SIG0001 GBPUSD LONG inchis: exit=1.320520  result=-0.403R
2026-06-26 20:01:07    [VINERI] S15-GBPUSD-IB0002 GBPUSD LONG inchis: exit=1.320570  result=-0.561R
2026-06-26 20:01:07    Niciun semnal nou. Pendinge: 0
2026-06-26 20:01:07    Urmatoarea bara 15min @ 20:15:05 — 838s
2026-06-26 20:15:05  --- S15-GBPUSD iter 16 @ 20:15:05 ---
2026-06-26 20:15:05    *** SEMNAL [INSIDE_BAR]: S15-GBPUSD-IB0003 GBPUSD LONG entry=1.32117 sl=1.32025 tp=1.32301 (2.0R) RSI=45
2026-06-26 20:15:05    [EXEC] *** ORDIN: S15-GBPUSD-IB0003 GBPUSD LONG 0.02lot @ 1.32117  SL=1.32025  TP=1.32301  ticket=#1731562484
2026-06-26 20:15:05    Urmatoarea bara 15min @ 20:30:05 — 899s
2026-06-26 20:30:05  --- S15-GBPUSD iter 17 @ 20:30:05 ---
2026-06-26 20:30:05    Niciun semnal nou. Pendinge: 1
2026-06-26 20:30:05    Urmatoarea bara 15min @ 20:45:05 — 900s
2026-06-26 20:45:05  --- S15-GBPUSD iter 18 @ 20:45:05 ---
2026-06-26 20:45:05    [EXEC] S15-GBPUSD-IB0003: ordin MT5 #1731562484 anulat (invalidat)
2026-06-26 20:45:05    Niciun semnal nou. Pendinge: 0
2026-06-26 20:45:05    Urmatoarea bara 15min @ 21:00:05 — 899s
2026-06-26 21:00:05  --- S15-GBPUSD iter 19 @ 21:00:05 ---
2026-06-26 21:00:05    Niciun semnal nou. Pendinge: 0
2026-06-26 21:00:05    Urmatoarea bara 15min @ 21:15:05 — 900s
2026-06-26 21:03:07    [PROFIL] Profil 'Standard Profile' aplicat pe session15.
2026-06-26 21:03:07  =================================================================
2026-06-26 21:03:07    S15-GBPUSD — GBPUSD M15+M30 LONG pw=8 pullback | test +0.083R DD -48.2%
2026-06-26 21:03:07    Piete: ['GBPUSD']
2026-06-26 21:03:07    TF: M15 (trend M30) | PW=6 | LONG
2026-06-26 21:03:07    Output: C:\Dev\trading-bot\data\live_signals\session15
2026-06-26 21:03:07  =================================================================
2026-06-26 21:03:07  MT5: 52906593 @ ICMarketsEU-Demo (DEMO)
2026-06-26 21:03:07  Simboluri active: ['GBPUSD']
2026-06-26 21:03:07  Pornit. Ctrl+C pentru oprire.

2026-06-26 21:03:07  --- S15-GBPUSD iter 1 @ 21:03:07 ---
2026-06-26 21:03:08    Niciun semnal nou. Pendinge: 0
2026-06-26 21:03:08    Urmatoarea bara 15min @ 21:15:05 — 717s
2026-06-26 21:15:05  --- S15-GBPUSD iter 2 @ 21:15:05 ---
2026-06-26 21:15:05    Niciun semnal nou. Pendinge: 0
2026-06-26 21:15:05    Urmatoarea bara 15min @ 21:30:05 — 900s
2026-06-26 21:30:05  --- S15-GBPUSD iter 3 @ 21:30:05 ---
2026-06-26 21:30:05    Niciun semnal nou. Pendinge: 0
2026-06-26 21:30:05    Urmatoarea bara 15min @ 21:45:05 — 900s
2026-06-26 21:32:14    [PROFIL] Profil 'Standard Profile' aplicat pe session15.
2026-06-26 21:32:14  =================================================================
2026-06-26 21:32:14    S15-GBPUSD — GBPUSD M15+M30 LONG pw=8 pullback | test +0.083R DD -48.2%
2026-06-26 21:32:14    Piete: ['GBPUSD']
2026-06-26 21:32:14    TF: M15 (trend M30) | PW=6 | LONG
2026-06-26 21:32:14    Output: C:\Dev\trading-bot\data\live_signals\session15
2026-06-26 21:32:14  =================================================================
2026-06-26 21:32:14  MT5: 52906593 @ ICMarketsEU-Demo (DEMO)
2026-06-26 21:32:14  Simboluri active: ['GBPUSD']
2026-06-26 21:32:14  Pornit. Ctrl+C pentru oprire.

2026-06-26 21:32:14  --- S15-GBPUSD iter 1 @ 21:32:14 ---
2026-06-26 21:32:14    Niciun semnal nou. Pendinge: 0
2026-06-26 21:32:14    Urmatoarea bara 15min @ 21:45:05 — 770s
2026-06-26 21:45:05  --- S15-GBPUSD iter 2 @ 21:45:05 ---
2026-06-26 21:45:05    Niciun semnal nou. Pendinge: 0
2026-06-26 21:45:05    Urmatoarea bara 15min @ 22:00:05 — 900s
2026-06-26 22:00:05  --- S15-GBPUSD iter 3 @ 22:00:05 ---
2026-06-26 22:00:05    Niciun semnal nou. Pendinge: 0
2026-06-26 22:00:05    Urmatoarea bara 15min @ 22:15:05 — 900s
2026-06-26 22:15:05  --- S15-GBPUSD iter 4 @ 22:15:05 ---
2026-06-26 22:15:05    Niciun semnal nou. Pendinge: 0
2026-06-26 22:15:05    Urmatoarea bara 15min @ 22:30:05 — 900s
2026-06-26 22:30:05  --- S15-GBPUSD iter 5 @ 22:30:05 ---
2026-06-26 22:30:05    Niciun semnal nou. Pendinge: 0
2026-06-26 22:30:05    Urmatoarea bara 15min @ 22:45:05 — 900s
2026-06-26 22:45:05  --- S15-GBPUSD iter 6 @ 22:45:05 ---
2026-06-26 22:45:05    Niciun semnal nou. Pendinge: 0
2026-06-26 22:45:05    Urmatoarea bara 15min @ 23:00:05 — 900s
2026-06-26 23:00:05  --- S15-GBPUSD iter 7 @ 23:00:05 ---
2026-06-26 23:00:05    Niciun semnal nou. Pendinge: 0
2026-06-26 23:00:05    Urmatoarea bara 15min @ 23:15:05 — 900s
2026-06-26 23:15:05  --- S15-GBPUSD iter 8 @ 23:15:05 ---
2026-06-26 23:15:05    Niciun semnal nou. Pendinge: 0
2026-06-26 23:15:05    Urmatoarea bara 15min @ 23:30:05 — 900s
2026-06-26 23:30:05  --- S15-GBPUSD iter 9 @ 23:30:05 ---
2026-06-26 23:30:05    Niciun semnal nou. Pendinge: 0
2026-06-26 23:30:05    Urmatoarea bara 15min @ 23:45:05 — 900s
2026-06-26 23:45:05  --- S15-GBPUSD iter 10 @ 23:45:05 ---
2026-06-26 23:45:05    Niciun semnal nou. Pendinge: 0
2026-06-26 23:45:05    Urmatoarea bara 15min @ 00:00:05 — 900s
2026-06-27 00:00:05  --- S15-GBPUSD iter 11 @ 00:00:05 ---
2026-06-27 00:00:05    Niciun semnal nou. Pendinge: 0
2026-06-27 00:00:05    Urmatoarea bara 15min @ 00:15:05 — 899s
2026-06-27 00:15:05  --- S15-GBPUSD iter 12 @ 00:15:05 ---
2026-06-27 00:15:05    Niciun semnal nou. Pendinge: 0
2026-06-27 00:15:05    Urmatoarea bara 15min @ 00:30:05 — 900s
2026-06-27 00:30:05  --- S15-GBPUSD iter 13 @ 00:30:05 ---
2026-06-27 00:30:05    Niciun semnal nou. Pendinge: 0
2026-06-27 00:30:05    Urmatoarea bara 15min @ 00:45:05 — 900s
2026-06-27 00:45:05  --- S15-GBPUSD iter 14 @ 00:45:05 ---
2026-06-27 00:45:05    Niciun semnal nou. Pendinge: 0
2026-06-27 00:45:05    Urmatoarea bara 15min @ 01:00:05 — 900s
2026-06-27 01:00:05  --- S15-GBPUSD iter 15 @ 01:00:05 ---
2026-06-27 01:00:05    Niciun semnal nou. Pendinge: 0
2026-06-27 01:00:05    Urmatoarea bara 15min @ 01:15:05 — 900s
2026-06-27 01:15:05  --- S15-GBPUSD iter 16 @ 01:15:05 ---
2026-06-27 01:15:05    Niciun semnal nou. Pendinge: 0
2026-06-27 01:15:05    Urmatoarea bara 15min @ 01:30:05 — 900s
2026-06-27 01:30:05  --- S15-GBPUSD iter 17 @ 01:30:05 ---
2026-06-27 01:30:05    Niciun semnal nou. Pendinge: 0
2026-06-27 01:30:05    Urmatoarea bara 15min @ 01:45:05 — 900s
2026-06-27 01:45:05  --- S15-GBPUSD iter 18 @ 01:45:05 ---
2026-06-27 01:45:05    Niciun semnal nou. Pendinge: 0
2026-06-27 01:45:05    Urmatoarea bara 15min @ 02:00:05 — 900s
2026-06-27 02:00:05  --- S15-GBPUSD iter 19 @ 02:00:05 ---
2026-06-27 02:00:05    Niciun semnal nou. Pendinge: 0
2026-06-27 02:00:05    Urmatoarea bara 15min @ 02:15:05 — 900s
2026-06-27 02:15:05  --- S15-GBPUSD iter 20 @ 02:15:05 ---
2026-06-27 02:15:05    Niciun semnal nou. Pendinge: 0
2026-06-27 02:15:05    Urmatoarea bara 15min @ 02:30:05 — 900s
2026-06-27 02:30:05  --- S15-GBPUSD iter 21 @ 02:30:05 ---
2026-06-27 02:30:05    Niciun semnal nou. Pendinge: 0
2026-06-27 02:30:05    Urmatoarea bara 15min @ 02:45:05 — 900s
2026-06-27 02:45:05  --- S15-GBPUSD iter 22 @ 02:45:05 ---
2026-06-27 02:45:05    Niciun semnal nou. Pendinge: 0
2026-06-27 02:45:05    Urmatoarea bara 15min @ 03:00:05 — 900s
2026-06-27 03:00:05  --- S15-GBPUSD iter 23 @ 03:00:05 ---
2026-06-27 03:00:05    Niciun semnal nou. Pendinge: 0
2026-06-27 03:00:05    Urmatoarea bara 15min @ 03:15:05 — 900s
2026-06-27 03:15:05  --- S15-GBPUSD iter 24 @ 03:15:05 ---
2026-06-27 03:15:05    Niciun semnal nou. Pendinge: 0
2026-06-27 03:15:05    Urmatoarea bara 15min @ 03:30:05 — 900s
2026-06-27 03:30:05  --- S15-GBPUSD iter 25 @ 03:30:05 ---
2026-06-27 03:30:05    Niciun semnal nou. Pendinge: 0
2026-06-27 03:30:05    Urmatoarea bara 15min @ 03:45:05 — 900s
2026-06-27 03:45:05  --- S15-GBPUSD iter 26 @ 03:45:05 ---
2026-06-27 03:45:05    Niciun semnal nou. Pendinge: 0
2026-06-27 03:45:05    Urmatoarea bara 15min @ 04:00:05 — 900s
2026-06-27 04:00:05  --- S15-GBPUSD iter 27 @ 04:00:05 ---
2026-06-27 04:00:05    Niciun semnal nou. Pendinge: 0
2026-06-27 04:00:05    Urmatoarea bara 15min @ 04:15:05 — 900s
2026-06-27 04:15:05  --- S15-GBPUSD iter 28 @ 04:15:05 ---
2026-06-27 04:15:05    Niciun semnal nou. Pendinge: 0
2026-06-27 04:15:05    Urmatoarea bara 15min @ 04:30:05 — 900s
2026-06-27 04:30:05  --- S15-GBPUSD iter 29 @ 04:30:05 ---
2026-06-27 04:30:05    Niciun semnal nou. Pendinge: 0
2026-06-27 04:30:05    Urmatoarea bara 15min @ 04:45:05 — 900s
2026-06-27 04:45:05  --- S15-GBPUSD iter 30 @ 04:45:05 ---
2026-06-27 04:45:05    Niciun semnal nou. Pendinge: 0
2026-06-27 04:45:05    Urmatoarea bara 15min @ 05:00:05 — 900s
2026-06-27 05:00:05  --- S15-GBPUSD iter 31 @ 05:00:05 ---
2026-06-27 05:00:05    Niciun semnal nou. Pendinge: 0
2026-06-27 05:00:05    Urmatoarea bara 15min @ 05:15:05 — 900s
2026-06-27 05:15:05  --- S15-GBPUSD iter 32 @ 05:15:05 ---
2026-06-27 05:15:05    Niciun semnal nou. Pendinge: 0
2026-06-27 05:15:05    Urmatoarea bara 15min @ 05:30:05 — 900s
2026-06-27 05:30:05  --- S15-GBPUSD iter 33 @ 05:30:05 ---
2026-06-27 05:30:05    Niciun semnal nou. Pendinge: 0
2026-06-27 05:30:05    Urmatoarea bara 15min @ 05:45:05 — 900s
2026-06-27 05:45:05  --- S15-GBPUSD iter 34 @ 05:45:05 ---
2026-06-27 05:45:05    Niciun semnal nou. Pendinge: 0
2026-06-27 05:45:05    Urmatoarea bara 15min @ 06:00:05 — 900s
2026-06-27 06:00:05  --- S15-GBPUSD iter 35 @ 06:00:05 ---
2026-06-27 06:00:05    Niciun semnal nou. Pendinge: 0
2026-06-27 06:00:05    Urmatoarea bara 15min @ 06:15:05 — 900s
2026-06-27 06:15:05  --- S15-GBPUSD iter 36 @ 06:15:05 ---
2026-06-27 06:15:05    Niciun semnal nou. Pendinge: 0
2026-06-27 06:15:05    Urmatoarea bara 15min @ 06:30:05 — 900s
2026-06-27 06:30:05  --- S15-GBPUSD iter 37 @ 06:30:05 ---
2026-06-27 06:30:05    Niciun semnal nou. Pendinge: 0
2026-06-27 06:30:05    Urmatoarea bara 15min @ 06:45:05 — 900s
2026-06-27 06:45:05  --- S15-GBPUSD iter 38 @ 06:45:05 ---
2026-06-27 06:45:05    Niciun semnal nou. Pendinge: 0
2026-06-27 06:45:05    Urmatoarea bara 15min @ 07:00:05 — 900s
2026-06-27 07:00:05  --- S15-GBPUSD iter 39 @ 07:00:05 ---
2026-06-27 07:00:05    Niciun semnal nou. Pendinge: 0
2026-06-27 07:00:05    Urmatoarea bara 15min @ 07:15:05 — 900s
2026-06-27 07:15:05  --- S15-GBPUSD iter 40 @ 07:15:05 ---
2026-06-27 07:15:05    Niciun semnal nou. Pendinge: 0
2026-06-27 07:15:05    Urmatoarea bara 15min @ 07:30:05 — 900s
2026-06-27 07:30:05  --- S15-GBPUSD iter 41 @ 07:30:05 ---
2026-06-27 07:30:05    Niciun semnal nou. Pendinge: 0
2026-06-27 07:30:05    Urmatoarea bara 15min @ 07:45:05 — 900s
2026-06-27 07:45:05  --- S15-GBPUSD iter 42 @ 07:45:05 ---
2026-06-27 07:45:05    Niciun semnal nou. Pendinge: 0
2026-06-27 07:45:05    Urmatoarea bara 15min @ 08:00:05 — 900s
2026-06-27 08:00:05  --- S15-GBPUSD iter 43 @ 08:00:05 ---
2026-06-27 08:00:05    Niciun semnal nou. Pendinge: 0
2026-06-27 08:00:05    Urmatoarea bara 15min @ 08:15:05 — 900s
2026-06-27 08:15:05  --- S15-GBPUSD iter 44 @ 08:15:05 ---
2026-06-27 08:15:05    Niciun semnal nou. Pendinge: 0
2026-06-27 08:15:05    Urmatoarea bara 15min @ 08:30:05 — 900s
2026-06-27 08:30:05  --- S15-GBPUSD iter 45 @ 08:30:05 ---
2026-06-27 08:30:05    Niciun semnal nou. Pendinge: 0
2026-06-27 08:30:05    Urmatoarea bara 15min @ 08:45:05 — 900s
2026-06-27 08:45:05  --- S15-GBPUSD iter 46 @ 08:45:05 ---
2026-06-27 08:45:05    Niciun semnal nou. Pendinge: 0
2026-06-27 08:45:05    Urmatoarea bara 15min @ 09:00:05 — 900s
2026-06-27 09:00:05  --- S15-GBPUSD iter 47 @ 09:00:05 ---
2026-06-27 09:00:05    Niciun semnal nou. Pendinge: 0
2026-06-27 09:00:05    Urmatoarea bara 15min @ 09:15:05 — 900s
2026-06-27 09:15:05  --- S15-GBPUSD iter 48 @ 09:15:05 ---
2026-06-27 09:15:05    Niciun semnal nou. Pendinge: 0
2026-06-27 09:15:05    Urmatoarea bara 15min @ 09:30:05 — 900s
2026-06-27 09:30:05  --- S15-GBPUSD iter 49 @ 09:30:05 ---
2026-06-27 09:30:05    Niciun semnal nou. Pendinge: 0
2026-06-27 09:30:05    Urmatoarea bara 15min @ 09:45:05 — 900s
2026-06-28 21:29:40    [PROFIL] Profil 'Standard Profile' aplicat pe session15.
2026-06-28 21:29:40  =================================================================
2026-06-28 21:29:40    S15-GBPUSD — GBPUSD M15+M30 LONG pw=8 pullback | test +0.083R DD -48.2%
2026-06-28 21:29:40    Piete: ['GBPUSD']
2026-06-28 21:29:40    TF: M15 (trend M30) | PW=6 | LONG
2026-06-28 21:29:40    Output: C:\Dev\trading-bot\data\live_signals\session15
2026-06-28 21:29:40  =================================================================
2026-06-28 21:29:42  MT5: 52906593 @ ICMarketsEU-Demo (DEMO)
2026-06-28 21:29:52  Simboluri active: ['GBPUSD']
2026-06-28 21:29:52  Pornit. Ctrl+C pentru oprire.

2026-06-28 21:29:52  --- S15-GBPUSD iter 1 @ 21:29:52 ---
2026-06-28 21:29:55    Niciun semnal nou. Pendinge: 0
2026-06-28 21:29:55    Urmatoarea bara 15min @ 21:30:05 — 10s
2026-06-28 21:30:05  --- S15-GBPUSD iter 2 @ 21:30:05 ---
2026-06-28 21:30:05    Niciun semnal nou. Pendinge: 0
2026-06-28 21:30:05    Urmatoarea bara 15min @ 21:45:05 — 900s
2026-06-28 21:45:05  --- S15-GBPUSD iter 3 @ 21:45:05 ---
2026-06-28 21:45:05    Niciun semnal nou. Pendinge: 0
2026-06-28 21:45:05    Urmatoarea bara 15min @ 22:00:05 — 900s
2026-06-28 22:00:05  --- S15-GBPUSD iter 4 @ 22:00:05 ---
2026-06-28 22:00:06    Niciun semnal nou. Pendinge: 0
2026-06-28 22:00:06    Urmatoarea bara 15min @ 22:15:05 — 899s
2026-06-28 22:15:05  --- S15-GBPUSD iter 5 @ 22:15:05 ---
2026-06-28 22:15:05    Niciun semnal nou. Pendinge: 0
2026-06-28 22:15:05    Urmatoarea bara 15min @ 22:30:05 — 900s
2026-06-28 22:30:05  --- S15-GBPUSD iter 6 @ 22:30:05 ---
2026-06-28 22:30:05    Niciun semnal nou. Pendinge: 0
2026-06-28 22:30:05    Urmatoarea bara 15min @ 22:45:05 — 900s
2026-06-28 22:44:35    [PROFIL] Profil 'Standard Profile' aplicat pe session15.
2026-06-28 22:44:35  =================================================================
2026-06-28 22:44:35    S15-GBPUSD — GBPUSD M15+M30 LONG pw=8 pullback | test +0.083R DD -48.2%
2026-06-28 22:44:35    Piete: ['GBPUSD']
2026-06-28 22:44:35    TF: M15 (trend M30) | PW=6 | LONG
2026-06-28 22:44:35    Output: C:\Dev\trading-bot\data\live_signals\session15
2026-06-28 22:44:35  =================================================================
2026-06-28 22:44:35  MT5 nu e disponibil: mt5.initialize() a esuat: (-6, 'Terminal: Authorization failed')
2026-06-29 06:54:54    [PROFIL] Profil 'Standard Profile' aplicat pe session15.
2026-06-29 06:54:54  =================================================================
2026-06-29 06:54:54    S15-GBPUSD — GBPUSD M15+M30 LONG pw=8 pullback | test +0.083R DD -48.2%
2026-06-29 06:54:54    Piete: ['GBPUSD']
2026-06-29 06:54:54    TF: M15 (trend M30) | PW=6 | LONG
2026-06-29 06:54:54    Output: C:\Dev\trading-bot\data\live_signals\session15
2026-06-29 06:54:54  =================================================================
2026-06-29 06:54:55  MT5: 52906593 @ ICMarketsEU-Demo (DEMO)
2026-06-29 06:54:59  Simboluri active: ['GBPUSD']
2026-06-29 06:54:59  Pornit. Ctrl+C pentru oprire.

2026-06-29 06:54:59  --- S15-GBPUSD iter 1 @ 06:54:59 ---
2026-06-29 06:55:00    Niciun semnal nou. Pendinge: 0
2026-06-29 06:55:00    Urmatoarea bara 15min @ 07:00:05 — 305s
2026-06-29 07:00:05  --- S15-GBPUSD iter 2 @ 07:00:05 ---
2026-06-29 07:00:05    Niciun semnal nou. Pendinge: 0
2026-06-29 07:00:05    Urmatoarea bara 15min @ 07:15:05 — 900s
2026-06-29 07:15:04  --- S15-GBPUSD iter 3 @ 07:15:04 ---
2026-06-29 07:15:05    Niciun semnal nou. Pendinge: 0
2026-06-29 07:15:05    Urmatoarea bara 15min @ 07:30:05 — 900s
2026-06-29 07:30:04  --- S15-GBPUSD iter 4 @ 07:30:04 ---
2026-06-29 07:30:04    Niciun semnal nou. Pendinge: 0
2026-06-29 07:30:04    Urmatoarea bara 15min @ 07:45:05 — 900s
2026-06-29 07:45:04  --- S15-GBPUSD iter 5 @ 07:45:04 ---
2026-06-29 07:45:04    Niciun semnal nou. Pendinge: 0
2026-06-29 07:45:04    Urmatoarea bara 15min @ 08:00:05 — 900s
2026-06-29 08:00:04  --- S15-GBPUSD iter 6 @ 08:00:04 ---
2026-06-29 08:00:05    Niciun semnal nou. Pendinge: 0
2026-06-29 08:00:05    Urmatoarea bara 15min @ 08:15:05 — 900s
2026-06-29 08:15:04  --- S15-GBPUSD iter 7 @ 08:15:04 ---
2026-06-29 08:15:05    Niciun semnal nou. Pendinge: 0
2026-06-29 08:15:05    Urmatoarea bara 15min @ 08:30:05 — 900s
2026-06-29 08:30:04  --- S15-GBPUSD iter 8 @ 08:30:04 ---
2026-06-29 08:30:05    Niciun semnal nou. Pendinge: 0
2026-06-29 08:30:05    Urmatoarea bara 15min @ 08:45:05 — 900s
2026-06-29 08:45:04  --- S15-GBPUSD iter 9 @ 08:45:04 ---
2026-06-29 08:48:05    Niciun semnal nou. Pendinge: 0
2026-06-29 08:48:05    Urmatoarea bara 15min @ 09:00:05 — 720s
2026-06-29 09:00:04  --- S15-GBPUSD iter 10 @ 09:00:04 ---
2026-06-29 09:00:05    Niciun semnal nou. Pendinge: 0
2026-06-29 09:00:05    Urmatoarea bara 15min @ 09:15:05 — 900s
2026-06-29 22:42:55    [PROFIL] Profil 'Standard Profile' aplicat pe session15.
2026-06-29 22:42:55  =================================================================
2026-06-29 22:42:55    S15-GBPUSD — GBPUSD M15+M30 LONG pw=8 pullback | test +0.083R DD -48.2%
2026-06-29 22:42:55    Piete: ['GBPUSD']
2026-06-29 22:42:55    TF: M15 (trend M30) | PW=6 | LONG
2026-06-29 22:42:55    Output: C:\Dev\trading-bot\data\live_signals\session15
2026-06-29 22:42:55  =================================================================
2026-06-29 22:42:55  MT5: 52906593 @ ICMarketsEU-Demo (DEMO)
2026-06-29 22:42:57  Simboluri active: ['GBPUSD']
2026-06-29 22:42:57  Pornit. Ctrl+C pentru oprire.

2026-06-29 22:42:57  --- S15-GBPUSD iter 1 @ 22:42:57 ---
2026-06-29 22:43:09    Niciun semnal nou. Pendinge: 0
2026-06-29 22:43:09    Urmatoarea bara 15min @ 22:45:05 — 115s
2026-06-29 22:45:05  --- S15-GBPUSD iter 2 @ 22:45:05 ---
2026-06-29 22:45:05    Niciun semnal nou. Pendinge: 0
2026-06-29 22:45:05    Urmatoarea bara 15min @ 23:00:05 — 900s
2026-06-29 23:00:05  --- S15-GBPUSD iter 3 @ 23:00:05 ---
2026-06-29 23:00:05    Niciun semnal nou. Pendinge: 0
2026-06-29 23:00:05    Urmatoarea bara 15min @ 23:15:05 — 900s
2026-06-29 23:15:05  --- S15-GBPUSD iter 4 @ 23:15:05 ---
2026-06-29 23:16:40    Niciun semnal nou. Pendinge: 0
2026-06-29 23:16:40    Urmatoarea bara 15min @ 23:30:05 — 804s
2026-06-29 23:30:05  --- S15-GBPUSD iter 5 @ 23:30:05 ---
2026-06-29 23:30:22    Niciun semnal nou. Pendinge: 0
2026-06-29 23:30:22    Urmatoarea bara 15min @ 23:45:05 — 883s
2026-06-29 23:45:05  --- S15-GBPUSD iter 6 @ 23:45:05 ---
2026-06-29 23:45:05    Niciun semnal nou. Pendinge: 0
2026-06-29 23:45:05    Urmatoarea bara 15min @ 00:00:05 — 900s
2026-06-30 00:00:05  --- S15-GBPUSD iter 7 @ 00:00:05 ---
2026-06-30 00:00:05    Niciun semnal nou. Pendinge: 0
2026-06-30 00:00:05    Urmatoarea bara 15min @ 00:15:05 — 899s
2026-06-30 00:15:05  --- S15-GBPUSD iter 8 @ 00:15:05 ---
2026-06-30 00:15:05    Niciun semnal nou. Pendinge: 0
2026-06-30 00:15:05    Urmatoarea bara 15min @ 00:30:05 — 900s
2026-06-30 00:30:05  --- S15-GBPUSD iter 9 @ 00:30:05 ---
2026-06-30 00:30:05    Niciun semnal nou. Pendinge: 0
2026-06-30 00:30:05    Urmatoarea bara 15min @ 00:45:05 — 900s
2026-06-30 00:45:05  --- S15-GBPUSD iter 10 @ 00:45:05 ---
2026-06-30 00:45:05    Niciun semnal nou. Pendinge: 0
2026-06-30 00:45:05    Urmatoarea bara 15min @ 01:00:05 — 900s
2026-06-30 01:00:05  --- S15-GBPUSD iter 11 @ 01:00:05 ---
2026-06-30 01:00:05    Niciun semnal nou. Pendinge: 0
2026-06-30 01:00:05    Urmatoarea bara 15min @ 01:15:05 — 900s
2026-06-30 01:15:05  --- S15-GBPUSD iter 12 @ 01:15:05 ---
2026-06-30 01:15:05    Niciun semnal nou. Pendinge: 0
2026-06-30 01:15:05    Urmatoarea bara 15min @ 01:30:05 — 899s
2026-06-30 01:30:05  --- S15-GBPUSD iter 13 @ 01:30:05 ---
2026-06-30 01:30:05    Niciun semnal nou. Pendinge: 0
2026-06-30 01:30:05    Urmatoarea bara 15min @ 01:45:05 — 900s
2026-06-30 01:45:05  --- S15-GBPUSD iter 14 @ 01:45:05 ---
2026-06-30 01:45:05    Niciun semnal nou. Pendinge: 0
2026-06-30 01:45:05    Urmatoarea bara 15min @ 02:00:05 — 900s
2026-06-30 02:00:05  --- S15-GBPUSD iter 15 @ 02:00:05 ---
2026-06-30 02:00:05    Niciun semnal nou. Pendinge: 0
2026-06-30 02:00:05    Urmatoarea bara 15min @ 02:15:05 — 900s
2026-06-30 02:15:05  --- S15-GBPUSD iter 16 @ 02:15:05 ---
2026-06-30 02:15:05    Niciun semnal nou. Pendinge: 0
2026-06-30 02:15:05    Urmatoarea bara 15min @ 02:30:05 — 900s
2026-06-30 02:30:05  --- S15-GBPUSD iter 17 @ 02:30:05 ---
2026-06-30 02:30:05    Niciun semnal nou. Pendinge: 0
2026-06-30 02:30:05    Urmatoarea bara 15min @ 02:45:05 — 900s
2026-06-30 02:45:05  --- S15-GBPUSD iter 18 @ 02:45:05 ---
2026-06-30 02:45:05    Niciun semnal nou. Pendinge: 0
2026-06-30 02:45:05    Urmatoarea bara 15min @ 03:00:05 — 900s
2026-06-30 03:00:05  --- S15-GBPUSD iter 19 @ 03:00:05 ---
2026-06-30 03:00:05    Niciun semnal nou. Pendinge: 0
2026-06-30 03:00:05    Urmatoarea bara 15min @ 03:15:05 — 900s
2026-06-30 03:15:05  --- S15-GBPUSD iter 20 @ 03:15:05 ---
2026-06-30 03:15:05    Niciun semnal nou. Pendinge: 0
2026-06-30 03:15:05    Urmatoarea bara 15min @ 03:30:05 — 900s
2026-06-30 03:30:05  --- S15-GBPUSD iter 21 @ 03:30:05 ---
2026-06-30 03:30:05    Niciun semnal nou. Pendinge: 0
2026-06-30 03:30:05    Urmatoarea bara 15min @ 03:45:05 — 900s
2026-06-30 03:45:05  --- S15-GBPUSD iter 22 @ 03:45:05 ---
2026-06-30 03:45:05    Niciun semnal nou. Pendinge: 0
2026-06-30 03:45:05    Urmatoarea bara 15min @ 04:00:05 — 900s
2026-06-30 04:00:05  --- S15-GBPUSD iter 23 @ 04:00:05 ---
2026-06-30 04:00:05    Niciun semnal nou. Pendinge: 0
2026-06-30 04:00:05    Urmatoarea bara 15min @ 04:15:05 — 900s
2026-06-30 04:15:05  --- S15-GBPUSD iter 24 @ 04:15:05 ---
2026-06-30 04:15:05    Niciun semnal nou. Pendinge: 0
2026-06-30 04:15:05    Urmatoarea bara 15min @ 04:30:05 — 900s
2026-06-30 04:30:05  --- S15-GBPUSD iter 25 @ 04:30:05 ---
2026-06-30 04:30:05    Niciun semnal nou. Pendinge: 0
2026-06-30 04:30:05    Urmatoarea bara 15min @ 04:45:05 — 900s
2026-06-30 04:45:05  --- S15-GBPUSD iter 26 @ 04:45:05 ---
2026-06-30 04:45:05    Niciun semnal nou. Pendinge: 0
2026-06-30 04:45:05    Urmatoarea bara 15min @ 05:00:05 — 900s
2026-06-30 05:00:05  --- S15-GBPUSD iter 27 @ 05:00:05 ---
2026-06-30 05:00:05    Niciun semnal nou. Pendinge: 0
2026-06-30 05:00:05    Urmatoarea bara 15min @ 05:15:05 — 900s
2026-06-30 05:15:05  --- S15-GBPUSD iter 28 @ 05:15:05 ---
2026-06-30 05:15:05    Niciun semnal nou. Pendinge: 0
2026-06-30 05:15:05    Urmatoarea bara 15min @ 05:30:05 — 900s
2026-06-30 05:30:05  --- S15-GBPUSD iter 29 @ 05:30:05 ---
2026-06-30 05:30:05    Niciun semnal nou. Pendinge: 0
2026-06-30 05:30:05    Urmatoarea bara 15min @ 05:45:05 — 900s
2026-06-30 05:45:05  --- S15-GBPUSD iter 30 @ 05:45:05 ---
2026-06-30 05:45:05    Niciun semnal nou. Pendinge: 0
2026-06-30 05:45:05    Urmatoarea bara 15min @ 06:00:05 — 900s
2026-06-30 06:00:05  --- S15-GBPUSD iter 31 @ 06:00:05 ---
2026-06-30 06:00:05    Niciun semnal nou. Pendinge: 0
2026-06-30 06:00:05    Urmatoarea bara 15min @ 06:15:05 — 900s
2026-06-30 06:15:05  --- S15-GBPUSD iter 32 @ 06:15:05 ---
2026-06-30 06:15:05    Niciun semnal nou. Pendinge: 0
2026-06-30 06:15:05    Urmatoarea bara 15min @ 06:30:05 — 900s
2026-06-30 06:30:05  --- S15-GBPUSD iter 33 @ 06:30:05 ---
2026-06-30 06:31:03    Niciun semnal nou. Pendinge: 0
2026-06-30 06:31:03    Urmatoarea bara 15min @ 06:45:05 — 841s
2026-06-30 06:45:05  --- S15-GBPUSD iter 34 @ 06:45:05 ---
2026-06-30 06:45:05    Niciun semnal nou. Pendinge: 0
2026-06-30 06:45:05    Urmatoarea bara 15min @ 07:00:05 — 900s
2026-06-30 07:00:05  --- S15-GBPUSD iter 35 @ 07:00:05 ---
2026-06-30 07:00:05    Niciun semnal nou. Pendinge: 0
2026-06-30 07:00:05    Urmatoarea bara 15min @ 07:15:05 — 900s
2026-06-30 07:15:05  --- S15-GBPUSD iter 36 @ 07:15:05 ---
2026-06-30 07:15:05    Niciun semnal nou. Pendinge: 0
2026-06-30 07:15:05    Urmatoarea bara 15min @ 07:30:05 — 900s
2026-06-30 07:30:05  --- S15-GBPUSD iter 37 @ 07:30:05 ---
2026-06-30 07:30:05    Niciun semnal nou. Pendinge: 0
2026-06-30 07:30:05    Urmatoarea bara 15min @ 07:45:05 — 900s
2026-06-30 07:45:05  --- S15-GBPUSD iter 38 @ 07:45:05 ---
2026-06-30 07:45:05    Niciun semnal nou. Pendinge: 0
2026-06-30 07:45:05    Urmatoarea bara 15min @ 08:00:05 — 900s
2026-06-30 08:00:05  --- S15-GBPUSD iter 39 @ 08:00:05 ---
2026-06-30 08:00:05    Niciun semnal nou. Pendinge: 0
2026-06-30 08:00:06    Urmatoarea bara 15min @ 08:15:05 — 899s
2026-06-30 08:15:05  --- S15-GBPUSD iter 40 @ 08:15:05 ---
2026-06-30 08:15:05    Niciun semnal nou. Pendinge: 0
2026-06-30 08:15:05    Urmatoarea bara 15min @ 08:30:05 — 900s
2026-06-30 08:30:05  --- S15-GBPUSD iter 41 @ 08:30:05 ---
2026-06-30 08:30:05    Niciun semnal nou. Pendinge: 0
2026-06-30 08:30:05    Urmatoarea bara 15min @ 08:45:05 — 900s
2026-06-30 08:45:05  --- S15-GBPUSD iter 42 @ 08:45:05 ---
2026-06-30 08:45:05    Niciun semnal nou. Pendinge: 0
2026-06-30 08:45:05    Urmatoarea bara 15min @ 09:00:05 — 900s
2026-06-30 09:00:05  --- S15-GBPUSD iter 43 @ 09:00:05 ---
2026-06-30 09:00:05    Niciun semnal nou. Pendinge: 0
2026-06-30 09:00:05    Urmatoarea bara 15min @ 09:15:05 — 900s
2026-06-30 09:15:05  --- S15-GBPUSD iter 44 @ 09:15:05 ---
2026-06-30 09:15:05    Niciun semnal nou. Pendinge: 0
2026-06-30 09:15:05    Urmatoarea bara 15min @ 09:30:05 — 900s
2026-06-30 09:18:47    [PROFIL] Profil 'Standard Profile' aplicat pe session15.
2026-06-30 09:18:47  =================================================================
2026-06-30 09:18:47    S15-GBPUSD — GBPUSD M15+M30 LONG pw=8 pullback | test +0.083R DD -48.2%
2026-06-30 09:18:47    Piete: ['GBPUSD']
2026-06-30 09:18:47    TF: M15 (trend M30) | PW=6 | LONG
2026-06-30 09:18:47    Output: C:\Dev\trading-bot\data\live_signals\session15
2026-06-30 09:18:47  =================================================================
2026-06-30 09:18:47  MT5: 52906593 @ ICMarketsEU-Demo (DEMO)
2026-06-30 09:18:47  Simboluri active: ['GBPUSD']
2026-06-30 09:18:47  Pornit. Ctrl+C pentru oprire.

2026-06-30 09:18:47  --- S15-GBPUSD iter 1 @ 09:18:47 ---
2026-06-30 09:18:48    Niciun semnal nou. Pendinge: 0
2026-06-30 09:18:48    Urmatoarea bara 15min @ 09:30:05 — 677s
2026-07-01 22:59:00    ib_signal_counter sincronizat la 4 din signals.csv
2026-07-01 22:59:00    [PROFIL] Profil 'Standard Profile' aplicat pe session15.
2026-07-01 22:59:00  =================================================================
2026-07-01 22:59:00    S15-GBPUSD — GBPUSD M15+M30 LONG pw=8 pullback | test +0.083R DD -48.2%
2026-07-01 22:59:00    Piete: ['GBPUSD']
2026-07-01 22:59:00    TF: M15 (trend M30) | PW=6 | LONG
2026-07-01 22:59:00    Output: C:\Dev\trading-bot\data\live_signals\session15
2026-07-01 22:59:00  =================================================================
2026-07-01 22:59:01  MT5: 52906593 @ ICMarketsEU-Demo (DEMO)
2026-07-01 22:59:01    [MIGRATE] Cheie goala stearsa din pending: 'GBPUSD'
2026-07-01 22:59:01    [MIGRATE] Migrare pending: 0 semnale migrate, 1 chei goale sterse.
2026-07-01 22:59:02    [ORPHAN] Nicio pozitie MT5 fara corespondent — state consistent cu MT5.
2026-07-01 22:59:02  Simboluri active: ['GBPUSD']
2026-07-01 22:59:02  Pornit. Ctrl+C pentru oprire.

2026-07-01 22:59:02  --- S15-GBPUSD iter 1 @ 22:59:02 ---
2026-07-01 22:59:03    Niciun semnal nou. Pendinge: 0
2026-07-01 22:59:03    Urmatoarea bara 15min @ 23:00:05 — 61s
2026-07-01 23:00:05  --- S15-GBPUSD iter 2 @ 23:00:05 ---
2026-07-01 23:00:05    Niciun semnal nou. Pendinge: 0
2026-07-01 23:00:05    Urmatoarea bara 15min @ 23:15:05 — 900s
2026-07-01 23:14:36    [PROFIL] Profil 'Standard Profile' aplicat pe session15.
2026-07-01 23:14:36  =================================================================
2026-07-01 23:14:36    S15-GBPUSD — GBPUSD M15+M30 LONG pw=8 pullback | test +0.083R DD -48.2%
2026-07-01 23:14:36    Piete: ['GBPUSD']
2026-07-01 23:14:36    TF: M15 (trend M30) | PW=6 | LONG
2026-07-01 23:14:36    Output: C:\Dev\trading-bot\data\live_signals\session15
2026-07-01 23:14:36  =================================================================
2026-07-01 23:14:36  MT5: 52906593 @ ICMarketsEU-Demo (DEMO)
2026-07-01 23:14:36    [ORPHAN] Nicio pozitie MT5 fara corespondent — state consistent cu MT5.
2026-07-01 23:14:37  Simboluri active: ['GBPUSD']
2026-07-01 23:14:37  Pornit. Ctrl+C pentru oprire.

2026-07-01 23:14:37  --- S15-GBPUSD iter 1 @ 23:14:37 ---
2026-07-01 23:14:37    Niciun semnal nou. Pendinge: 0
2026-07-01 23:14:37    Urmatoarea bara 15min @ 23:15:05 — 27s
2026-07-01 23:15:05  --- S15-GBPUSD iter 2 @ 23:15:05 ---
2026-07-01 23:15:05    Niciun semnal nou. Pendinge: 0
2026-07-01 23:15:05    Urmatoarea bara 15min @ 23:30:05 — 900s
2026-07-01 23:21:39    [PROFIL] Profil 'Standard Profile' aplicat pe session15.
2026-07-01 23:21:39  =================================================================
2026-07-01 23:21:39    S15-GBPUSD — GBPUSD M15+M30 LONG pw=8 pullback | test +0.083R DD -48.2%
2026-07-01 23:21:39    Piete: ['GBPUSD']
2026-07-01 23:21:39    TF: M15 (trend M30) | PW=6 | LONG
2026-07-01 23:21:39    Output: C:\Dev\trading-bot\data\live_signals\session15
2026-07-01 23:21:39  =================================================================
2026-07-01 23:21:40  MT5: 52906593 @ ICMarketsEU-Demo (DEMO)
2026-07-01 23:21:40    [ORPHAN] Nicio pozitie MT5 fara corespondent — state consistent cu MT5.
2026-07-01 23:21:40  Simboluri active: ['GBPUSD']
2026-07-01 23:21:40  Pornit. Ctrl+C pentru oprire.

2026-07-01 23:21:40  --- S15-GBPUSD iter 1 @ 23:21:40 ---
2026-07-01 23:21:40    Niciun semnal nou. Pendinge: 0
2026-07-01 23:21:40    Urmatoarea bara 15min @ 23:30:05 — 504s
2026-07-01 23:30:05  --- S15-GBPUSD iter 2 @ 23:30:05 ---
2026-07-01 23:30:05    Niciun semnal nou. Pendinge: 0
2026-07-01 23:30:05    Urmatoarea bara 15min @ 23:45:05 — 900s
2026-07-01 23:33:51    [PROFIL] Profil 'Standard Profile' aplicat pe session15.
2026-07-01 23:33:51  =================================================================
2026-07-01 23:33:51    S15-GBPUSD — GBPUSD M15+M30 LONG pw=8 pullback | test +0.083R DD -48.2%
2026-07-01 23:33:51    Piete: ['GBPUSD']
2026-07-01 23:33:51    TF: M15 (trend M30) | PW=6 | LONG
2026-07-01 23:33:51    Output: C:\Dev\trading-bot\data\live_signals\session15
2026-07-01 23:33:51  =================================================================
2026-07-01 23:33:51  MT5: 52906593 @ ICMarketsEU-Demo (DEMO)
2026-07-01 23:33:52    [ORPHAN] Nicio pozitie MT5 fara corespondent — state consistent cu MT5.
2026-07-01 23:33:52  Simboluri active: ['GBPUSD']
2026-07-01 23:33:52  Pornit. Ctrl+C pentru oprire.

2026-07-01 23:33:52  --- S15-GBPUSD iter 1 @ 23:33:52 ---
2026-07-01 23:33:52    Niciun semnal nou. Pendinge: 0
2026-07-01 23:33:52    Urmatoarea bara 15min @ 23:45:05 — 673s
2026-07-01 23:45:05  --- S15-GBPUSD iter 2 @ 23:45:05 ---
2026-07-01 23:45:05    Niciun semnal nou. Pendinge: 0
2026-07-01 23:45:05    Urmatoarea bara 15min @ 00:00:05 — 900s
2026-07-02 00:00:05  --- S15-GBPUSD iter 3 @ 00:00:05 ---
2026-07-02 00:00:05    Niciun semnal nou. Pendinge: 0
2026-07-02 00:00:05    Urmatoarea bara 15min @ 00:15:05 — 900s
2026-07-02 00:15:05  --- S15-GBPUSD iter 4 @ 00:15:05 ---
2026-07-02 00:15:05    Niciun semnal nou. Pendinge: 0
2026-07-02 00:15:05    Urmatoarea bara 15min @ 00:30:05 — 900s
2026-07-02 00:30:05  --- S15-GBPUSD iter 5 @ 00:30:05 ---
2026-07-02 00:30:05    Niciun semnal nou. Pendinge: 0
2026-07-02 00:30:05    Urmatoarea bara 15min @ 00:45:05 — 900s
2026-07-02 00:45:05  --- S15-GBPUSD iter 6 @ 00:45:05 ---
2026-07-02 00:45:05    Niciun semnal nou. Pendinge: 0
2026-07-02 00:45:05    Urmatoarea bara 15min @ 01:00:05 — 900s
2026-07-02 01:00:05  --- S15-GBPUSD iter 7 @ 01:00:05 ---
2026-07-02 01:00:05    Niciun semnal nou. Pendinge: 0
2026-07-02 01:00:05    Urmatoarea bara 15min @ 01:15:05 — 899s
2026-07-02 01:15:05  --- S15-GBPUSD iter 8 @ 01:15:05 ---
2026-07-02 01:15:05    Niciun semnal nou. Pendinge: 0
2026-07-02 01:15:05    Urmatoarea bara 15min @ 01:30:05 — 899s
2026-07-02 01:30:05  --- S15-GBPUSD iter 9 @ 01:30:05 ---
2026-07-02 01:30:05    Niciun semnal nou. Pendinge: 0
2026-07-02 01:30:05    Urmatoarea bara 15min @ 01:45:05 — 900s
2026-07-02 01:45:05  --- S15-GBPUSD iter 10 @ 01:45:05 ---
2026-07-02 01:45:05    Niciun semnal nou. Pendinge: 0
2026-07-02 01:45:05    Urmatoarea bara 15min @ 02:00:05 — 900s
2026-07-02 02:00:05  --- S15-GBPUSD iter 11 @ 02:00:05 ---
2026-07-02 02:00:05    Niciun semnal nou. Pendinge: 0
2026-07-02 02:00:05    Urmatoarea bara 15min @ 02:15:05 — 900s
2026-07-02 02:15:05  --- S15-GBPUSD iter 12 @ 02:15:05 ---
2026-07-02 02:15:05    Niciun semnal nou. Pendinge: 0
2026-07-02 02:15:05    Urmatoarea bara 15min @ 02:30:05 — 900s
2026-07-02 02:30:05  --- S15-GBPUSD iter 13 @ 02:30:05 ---
2026-07-02 02:30:05    Niciun semnal nou. Pendinge: 0
2026-07-02 02:30:05    Urmatoarea bara 15min @ 02:45:05 — 900s
2026-07-02 02:45:05  --- S15-GBPUSD iter 14 @ 02:45:05 ---
2026-07-02 02:45:05    Niciun semnal nou. Pendinge: 0
2026-07-02 02:45:05    Urmatoarea bara 15min @ 03:00:05 — 900s
2026-07-02 03:00:05  --- S15-GBPUSD iter 15 @ 03:00:05 ---
2026-07-02 03:00:05    Niciun semnal nou. Pendinge: 0
2026-07-02 03:00:08    Urmatoarea bara 15min @ 03:15:05 — 896s
2026-07-02 03:15:05  --- S15-GBPUSD iter 16 @ 03:15:05 ---
2026-07-02 03:15:05    Niciun semnal nou. Pendinge: 0
2026-07-02 03:15:05    Urmatoarea bara 15min @ 03:30:05 — 900s
2026-07-02 03:30:05  --- S15-GBPUSD iter 17 @ 03:30:05 ---
2026-07-02 03:30:05    Niciun semnal nou. Pendinge: 0
2026-07-02 03:30:05    Urmatoarea bara 15min @ 03:45:05 — 900s
2026-07-02 03:45:05  --- S15-GBPUSD iter 18 @ 03:45:05 ---
2026-07-02 03:45:05    Niciun semnal nou. Pendinge: 0
2026-07-02 03:45:05    Urmatoarea bara 15min @ 04:00:05 — 900s
2026-07-02 04:00:05  --- S15-GBPUSD iter 19 @ 04:00:05 ---
2026-07-02 04:00:05    Niciun semnal nou. Pendinge: 0
2026-07-02 04:00:05    Urmatoarea bara 15min @ 04:15:05 — 900s
2026-07-02 04:15:05  --- S15-GBPUSD iter 20 @ 04:15:05 ---
2026-07-02 04:15:05    Niciun semnal nou. Pendinge: 0
2026-07-02 04:15:05    Urmatoarea bara 15min @ 04:30:05 — 900s
2026-07-02 04:30:05  --- S15-GBPUSD iter 21 @ 04:30:05 ---
2026-07-02 04:30:05    Niciun semnal nou. Pendinge: 0
2026-07-02 04:30:05    Urmatoarea bara 15min @ 04:45:05 — 900s
2026-07-02 04:45:05  --- S15-GBPUSD iter 22 @ 04:45:05 ---
2026-07-02 04:45:05    Niciun semnal nou. Pendinge: 0
2026-07-02 04:45:05    Urmatoarea bara 15min @ 05:00:05 — 900s
2026-07-02 05:00:05  --- S15-GBPUSD iter 23 @ 05:00:05 ---
2026-07-02 05:00:05    Niciun semnal nou. Pendinge: 0
2026-07-02 05:00:05    Urmatoarea bara 15min @ 05:15:05 — 900s
2026-07-02 05:15:05  --- S15-GBPUSD iter 24 @ 05:15:05 ---
2026-07-02 05:15:05    Niciun semnal nou. Pendinge: 0
2026-07-02 05:15:05    Urmatoarea bara 15min @ 05:30:05 — 900s
2026-07-02 05:30:05  --- S15-GBPUSD iter 25 @ 05:30:05 ---
2026-07-02 05:30:05    Niciun semnal nou. Pendinge: 0
2026-07-02 05:30:05    Urmatoarea bara 15min @ 05:45:05 — 900s
2026-07-02 05:45:05  --- S15-GBPUSD iter 26 @ 05:45:05 ---
2026-07-02 05:45:05    Niciun semnal nou. Pendinge: 0
2026-07-02 05:45:05    Urmatoarea bara 15min @ 06:00:05 — 900s
2026-07-02 06:00:05  --- S15-GBPUSD iter 27 @ 06:00:05 ---
2026-07-02 06:00:05    Niciun semnal nou. Pendinge: 0
2026-07-02 06:00:05    Urmatoarea bara 15min @ 06:15:05 — 899s
2026-07-02 06:15:05  --- S15-GBPUSD iter 28 @ 06:15:05 ---
2026-07-02 06:15:05    Niciun semnal nou. Pendinge: 0
2026-07-02 06:15:05    Urmatoarea bara 15min @ 06:30:05 — 900s
2026-07-02 06:30:05  --- S15-GBPUSD iter 29 @ 06:30:05 ---
2026-07-02 06:30:05    Niciun semnal nou. Pendinge: 0
2026-07-02 06:30:05    Urmatoarea bara 15min @ 06:45:05 — 900s
2026-07-02 06:45:05  --- S15-GBPUSD iter 30 @ 06:45:05 ---
2026-07-02 06:45:05    Niciun semnal nou. Pendinge: 0
2026-07-02 06:45:05    Urmatoarea bara 15min @ 07:00:05 — 900s
2026-07-02 07:00:05  --- S15-GBPUSD iter 31 @ 07:00:05 ---
2026-07-02 07:00:05    Niciun semnal nou. Pendinge: 0
2026-07-02 07:00:05    Urmatoarea bara 15min @ 07:15:05 — 900s
2026-07-02 07:15:05  --- S15-GBPUSD iter 32 @ 07:15:05 ---
2026-07-02 07:15:05    Niciun semnal nou. Pendinge: 0
2026-07-02 07:15:05    Urmatoarea bara 15min @ 07:30:05 — 900s
2026-07-02 07:30:05  --- S15-GBPUSD iter 33 @ 07:30:05 ---
2026-07-02 07:30:05    Niciun semnal nou. Pendinge: 0
2026-07-02 07:30:05    Urmatoarea bara 15min @ 07:45:05 — 900s
2026-07-02 07:45:05  --- S15-GBPUSD iter 34 @ 07:45:05 ---
2026-07-02 07:45:05    Niciun semnal nou. Pendinge: 0
2026-07-02 07:45:05    Urmatoarea bara 15min @ 08:00:05 — 900s
2026-07-02 08:00:05  --- S15-GBPUSD iter 35 @ 08:00:05 ---
2026-07-02 08:00:05    Niciun semnal nou. Pendinge: 0
2026-07-02 08:00:05    Urmatoarea bara 15min @ 08:15:05 — 900s
2026-07-02 08:15:05  --- S15-GBPUSD iter 36 @ 08:15:05 ---
2026-07-02 08:15:05    Niciun semnal nou. Pendinge: 0
2026-07-02 08:15:05    Urmatoarea bara 15min @ 08:30:05 — 900s
2026-07-02 08:30:05  --- S15-GBPUSD iter 37 @ 08:30:05 ---
2026-07-02 08:30:05    Niciun semnal nou. Pendinge: 0
2026-07-02 08:30:05    Urmatoarea bara 15min @ 08:45:05 — 900s
2026-07-02 08:45:05  --- S15-GBPUSD iter 38 @ 08:45:05 ---
2026-07-02 08:45:05    Niciun semnal nou. Pendinge: 0
2026-07-02 08:45:05    Urmatoarea bara 15min @ 09:00:05 — 900s
2026-07-02 09:00:05  --- S15-GBPUSD iter 39 @ 09:00:05 ---
2026-07-02 09:00:05    Niciun semnal nou. Pendinge: 0
2026-07-02 09:00:05    Urmatoarea bara 15min @ 09:15:05 — 900s
2026-07-02 09:15:05  --- S15-GBPUSD iter 40 @ 09:15:05 ---
2026-07-02 09:15:05    Niciun semnal nou. Pendinge: 0
2026-07-02 09:15:05    Urmatoarea bara 15min @ 09:30:05 — 900s
2026-07-02 09:30:05  --- S15-GBPUSD iter 41 @ 09:30:05 ---
2026-07-02 09:30:05    Niciun semnal nou. Pendinge: 0
2026-07-02 09:30:05    Urmatoarea bara 15min @ 09:45:05 — 900s
2026-07-02 09:45:05  --- S15-GBPUSD iter 42 @ 09:45:05 ---
2026-07-02 09:45:05    Niciun semnal nou. Pendinge: 0
2026-07-02 09:45:05    Urmatoarea bara 15min @ 10:00:05 — 900s
2026-07-02 10:00:05  --- S15-GBPUSD iter 43 @ 10:00:05 ---
2026-07-02 10:00:05    Niciun semnal nou. Pendinge: 0
2026-07-02 10:00:05    Urmatoarea bara 15min @ 10:15:05 — 900s
2026-07-02 10:15:05  --- S15-GBPUSD iter 44 @ 10:15:05 ---
2026-07-02 10:15:05    Niciun semnal nou. Pendinge: 0
2026-07-02 10:15:05    Urmatoarea bara 15min @ 10:30:05 — 900s
2026-07-02 10:30:05  --- S15-GBPUSD iter 45 @ 10:30:05 ---
2026-07-02 10:30:05    *** SEMNAL [INSIDE_BAR]: S15-GBPUSD-IB0005 GBPUSD LONG entry=1.33248 sl=1.32961 tp=1.33822 (2.0R) RSI=84
2026-07-02 10:30:05    [EXEC] *** ORDIN: S15-GBPUSD-IB0005 GBPUSD LONG 0.01lot @ 1.33248  SL=1.32961  TP=1.33822  ticket=#1786421406
2026-07-02 10:30:05    Urmatoarea bara 15min @ 10:45:05 — 899s
2026-07-02 10:45:05  --- S15-GBPUSD iter 46 @ 10:45:05 ---
2026-07-02 10:45:05    TRIGGERAT: S15-GBPUSD-IB0005 GBPUSD LONG @ 1.33248
2026-07-02 10:45:05    Niciun semnal nou. Pendinge: 1
2026-07-02 10:45:05    Urmatoarea bara 15min @ 11:00:05 — 899s
2026-07-02 11:00:05  --- S15-GBPUSD iter 47 @ 11:00:05 ---
2026-07-02 11:00:05    Niciun semnal nou. Pendinge: 1
2026-07-02 11:00:05    Urmatoarea bara 15min @ 11:15:05 — 900s
2026-07-02 11:15:05  --- S15-GBPUSD iter 48 @ 11:15:05 ---
2026-07-02 11:15:05    Niciun semnal nou. Pendinge: 1
2026-07-02 11:15:05    Urmatoarea bara 15min @ 11:30:05 — 900s
2026-07-02 11:30:05  --- S15-GBPUSD iter 49 @ 11:30:05 ---
2026-07-02 11:30:05    Niciun semnal nou. Pendinge: 1
2026-07-02 11:30:05    Urmatoarea bara 15min @ 11:45:05 — 900s
2026-07-02 11:45:05  --- S15-GBPUSD iter 50 @ 11:45:05 ---
2026-07-02 11:45:05    Niciun semnal nou. Pendinge: 1
2026-07-02 11:45:05    Urmatoarea bara 15min @ 12:00:05 — 900s
2026-07-02 12:00:05  --- S15-GBPUSD iter 51 @ 12:00:05 ---
2026-07-02 12:00:05    Niciun semnal nou. Pendinge: 1
2026-07-02 12:00:05    Urmatoarea bara 15min @ 12:15:05 — 900s
2026-07-02 12:15:05  --- S15-GBPUSD iter 52 @ 12:15:05 ---
2026-07-02 12:15:05    Niciun semnal nou. Pendinge: 1
2026-07-02 12:15:05    Urmatoarea bara 15min @ 12:30:05 — 900s
2026-07-02 12:30:05  --- S15-GBPUSD iter 53 @ 12:30:05 ---
2026-07-02 12:30:05    Niciun semnal nou. Pendinge: 1
2026-07-02 12:30:05    Urmatoarea bara 15min @ 12:45:05 — 900s
2026-07-02 12:45:05  --- S15-GBPUSD iter 54 @ 12:45:05 ---
2026-07-02 12:45:05    Niciun semnal nou. Pendinge: 1
2026-07-02 12:45:05    Urmatoarea bara 15min @ 13:00:05 — 900s
2026-07-02 13:00:05  --- S15-GBPUSD iter 55 @ 13:00:05 ---
2026-07-02 13:00:05    Niciun semnal nou. Pendinge: 1
2026-07-02 13:00:05    Urmatoarea bara 15min @ 13:15:05 — 899s
2026-07-02 13:15:05  --- S15-GBPUSD iter 56 @ 13:15:05 ---
2026-07-02 13:15:05    Niciun semnal nou. Pendinge: 1
2026-07-02 13:15:05    Urmatoarea bara 15min @ 13:30:05 — 900s
2026-07-02 13:30:05  --- S15-GBPUSD iter 57 @ 13:30:05 ---
2026-07-02 13:30:05    Niciun semnal nou. Pendinge: 1
2026-07-02 13:30:05    Urmatoarea bara 15min @ 13:45:05 — 900s
2026-07-02 13:45:05  --- S15-GBPUSD iter 58 @ 13:45:05 ---
2026-07-02 13:45:05    Niciun semnal nou. Pendinge: 1
2026-07-02 13:45:05    Urmatoarea bara 15min @ 14:00:05 — 900s
2026-07-02 14:00:05  --- S15-GBPUSD iter 59 @ 14:00:05 ---
2026-07-02 14:00:05    Niciun semnal nou. Pendinge: 1
2026-07-02 14:00:05    Urmatoarea bara 15min @ 14:15:05 — 900s
2026-07-02 14:15:05  --- S15-GBPUSD iter 60 @ 14:15:05 ---
2026-07-02 14:15:05    Niciun semnal nou. Pendinge: 1
2026-07-02 14:15:05    Urmatoarea bara 15min @ 14:30:05 — 900s
2026-07-02 14:30:05  --- S15-GBPUSD iter 61 @ 14:30:05 ---
2026-07-02 14:30:05    Niciun semnal nou. Pendinge: 1
2026-07-02 14:30:05    Urmatoarea bara 15min @ 14:45:05 — 900s
2026-07-02 14:33:03    [PROFIL] Profil 'Standard Profile' aplicat pe session15.
2026-07-02 14:33:03  =================================================================
2026-07-02 14:33:03    S15-GBPUSD — GBPUSD M15+M30 LONG pw=8 pullback | test +0.083R DD -48.2%
2026-07-02 14:33:03    Piete: ['GBPUSD']
2026-07-02 14:33:03    TF: M15 (trend M30) | PW=6 | LONG
2026-07-02 14:33:03    Output: C:\Dev\trading-bot\data\live_signals\session15
2026-07-02 14:33:03  =================================================================
2026-07-02 14:33:04  MT5: 52906593 @ ICMarketsEU-Demo (DEMO)
2026-07-02 14:33:04    [SCAN-RECOVER] Comentariu trunchiat 'S15-GBPUSD-IB000' → comment_map arata spre S15-GBPUSD-IB0005 care are ticket activ — ordin vechi ignorat, se foloseste ID ticket-based
2026-07-02 14:33:04    [SCAN-RECOVER] Comentariu trunchiat 'S15-GBPUSD-IB000' → comment_map arata spre S15-GBPUSD-IB0005 care are ticket activ — ordin vechi ignorat, se foloseste ID ticket-based
2026-07-02 14:33:04    [SCAN-RECOVER] Comentariu trunchiat 'S15-GBPUSD-IB000' → comment_map arata spre S15-GBPUSD-IB0005 care are ticket activ — ordin vechi ignorat, se foloseste ID ticket-based
2026-07-02 14:33:04    [ORPHAN] Nicio pozitie MT5 fara corespondent — state consistent cu MT5.
2026-07-02 14:33:04  Simboluri active: ['GBPUSD']
2026-07-02 14:33:04  Pornit. Ctrl+C pentru oprire.

2026-07-02 14:33:04  --- S15-GBPUSD iter 1 @ 14:33:04 ---
2026-07-02 14:33:05    Niciun semnal nou. Pendinge: 1
2026-07-02 14:33:05    Urmatoarea bara 15min @ 14:45:05 — 720s
2026-07-02 14:39:34    [PROFIL] Profil 'Standard Profile' aplicat pe session15.
2026-07-02 14:39:34  =================================================================
2026-07-02 14:39:34    S15-GBPUSD — GBPUSD M15+M30 LONG pw=8 pullback | test +0.083R DD -48.2%
2026-07-02 14:39:34    Piete: ['GBPUSD']
2026-07-02 14:39:34    TF: M15 (trend M30) | PW=6 | LONG
2026-07-02 14:39:34    Output: C:\Dev\trading-bot\data\live_signals\session15
2026-07-02 14:39:34  =================================================================
2026-07-02 14:39:34  MT5: 52906593 @ ICMarketsEU-Demo (DEMO)
2026-07-02 14:39:34    [SCAN-RECOVER] Comentariu trunchiat 'S15-GBPUSD-IB000' → comment_map arata spre S15-GBPUSD-IB0005 care are ticket activ — ordin vechi ignorat, se foloseste ID ticket-based
2026-07-02 14:39:34    [SCAN-RECOVER] Comentariu trunchiat 'S15-GBPUSD-IB000' → comment_map arata spre S15-GBPUSD-IB0005 care are ticket activ — ordin vechi ignorat, se foloseste ID ticket-based
2026-07-02 14:39:34    [SCAN-RECOVER] Comentariu trunchiat 'S15-GBPUSD-IB000' → comment_map arata spre S15-GBPUSD-IB0005 care are ticket activ — ordin vechi ignorat, se foloseste ID ticket-based
2026-07-02 14:39:34    [ORPHAN] Nicio pozitie MT5 fara corespondent — state consistent cu MT5.
2026-07-02 14:39:34  Simboluri active: ['GBPUSD']
2026-07-02 14:39:34  Pornit. Ctrl+C pentru oprire.

2026-07-02 14:39:34  --- S15-GBPUSD iter 1 @ 14:39:34 ---
2026-07-02 14:39:34    Niciun semnal nou. Pendinge: 1
2026-07-02 14:39:34    Urmatoarea bara 15min @ 14:45:05 — 330s
2026-07-02 14:45:05  --- S15-GBPUSD iter 2 @ 14:45:05 ---
2026-07-02 14:45:05    Niciun semnal nou. Pendinge: 1
2026-07-02 14:45:05    Urmatoarea bara 15min @ 15:00:05 — 900s
2026-07-02 14:49:40    [PROFIL] Profil 'Standard Profile' aplicat pe session15.
2026-07-02 14:49:40  =================================================================
2026-07-02 14:49:40    S15-GBPUSD — GBPUSD M15+M30 LONG pw=8 pullback | test +0.083R DD -48.2%
2026-07-02 14:49:40    Piete: ['GBPUSD']
2026-07-02 14:49:40    TF: M15 (trend M30) | PW=6 | LONG
2026-07-02 14:49:40    Output: C:\Dev\trading-bot\data\live_signals\session15
2026-07-02 14:49:40  =================================================================
2026-07-02 14:49:40  MT5: 52906593 @ ICMarketsEU-Demo (DEMO)
2026-07-02 14:49:40    [SCAN-RECOVER] Comentariu trunchiat 'S15-GBPUSD-IB000' → comment_map arata spre S15-GBPUSD-IB0005 care are ticket activ — ordin vechi ignorat, se foloseste ID ticket-based
2026-07-02 14:49:40    [SCAN-RECOVER] Comentariu trunchiat 'S15-GBPUSD-IB000' → comment_map arata spre S15-GBPUSD-IB0005 care are ticket activ — ordin vechi ignorat, se foloseste ID ticket-based
2026-07-02 14:49:40    [SCAN-RECOVER] Comentariu trunchiat 'S15-GBPUSD-IB000' → comment_map arata spre S15-GBPUSD-IB0005 care are ticket activ — ordin vechi ignorat, se foloseste ID ticket-based
2026-07-02 14:49:40    [ORPHAN] Nicio pozitie MT5 fara corespondent — state consistent cu MT5.
2026-07-02 14:49:40  Simboluri active: ['GBPUSD']
2026-07-02 14:49:40  Pornit. Ctrl+C pentru oprire.

2026-07-02 14:49:40  --- S15-GBPUSD iter 1 @ 14:49:40 ---
2026-07-02 14:49:40    Niciun semnal nou. Pendinge: 1
2026-07-02 14:49:40    Urmatoarea bara 15min @ 15:00:05 — 624s
2026-07-02 15:00:05  --- S15-GBPUSD iter 2 @ 15:00:05 ---
2026-07-02 15:00:05    Niciun semnal nou. Pendinge: 1
2026-07-02 15:00:05    Urmatoarea bara 15min @ 15:15:05 — 900s
2026-07-02 15:15:05  --- S15-GBPUSD iter 3 @ 15:15:05 ---
2026-07-02 15:15:05    Niciun semnal nou. Pendinge: 1
2026-07-02 15:15:05    Urmatoarea bara 15min @ 15:30:05 — 900s
2026-07-02 15:30:05  --- S15-GBPUSD iter 4 @ 15:30:05 ---
2026-07-02 15:30:05    [STIRI] Pauza automata — Average Hourly Earnings m/m (USD, High, 0 min)
2026-07-02 15:30:05    [STIRI] Tranzitie → pauza: inchid ordine/pozitii active.
2026-07-02 15:30:20    [STIRI] S15-GBPUSD-IB0005 GBPUSD LONG inchis la stire: exit=1.333040  result=+0.195R
2026-07-02 15:30:21    Niciun semnal nou. Pendinge: 0
2026-07-02 15:30:21    Urmatoarea bara 15min @ 15:45:05 — 884s
2026-07-02 15:45:05  --- S15-GBPUSD iter 5 @ 15:45:05 ---
2026-07-02 15:45:05    [STIRI] Pauza automata — Average Hourly Earnings m/m (USD, High, -15 min)
2026-07-02 15:45:05    Niciun semnal nou. Pendinge: 0
2026-07-02 15:45:05    Urmatoarea bara 15min @ 16:00:05 — 900s
2026-07-02 16:00:05  --- S15-GBPUSD iter 6 @ 16:00:05 ---
2026-07-02 16:00:05    Niciun semnal nou. Pendinge: 0
2026-07-02 16:00:05    Urmatoarea bara 15min @ 16:15:05 — 899s
2026-07-02 16:15:05  --- S15-GBPUSD iter 7 @ 16:15:05 ---
2026-07-02 16:15:05    Niciun semnal nou. Pendinge: 0
2026-07-02 16:15:05    Urmatoarea bara 15min @ 16:30:05 — 900s
2026-07-02 16:30:05  --- S15-GBPUSD iter 8 @ 16:30:05 ---
2026-07-02 16:30:05    Niciun semnal nou. Pendinge: 0
2026-07-02 16:30:05    Urmatoarea bara 15min @ 16:45:05 — 900s
2026-07-02 16:45:05  --- S15-GBPUSD iter 9 @ 16:45:05 ---
2026-07-02 16:45:05    Niciun semnal nou. Pendinge: 0
2026-07-02 16:45:05    Urmatoarea bara 15min @ 17:00:05 — 900s
2026-07-02 17:00:05  --- S15-GBPUSD iter 10 @ 17:00:05 ---
2026-07-02 17:00:05    Niciun semnal nou. Pendinge: 0
2026-07-02 17:00:05    Urmatoarea bara 15min @ 17:15:05 — 900s
2026-07-02 17:02:02    [PROFIL] Profil 'Standard Profile' aplicat pe session15.
2026-07-02 17:02:02  =================================================================
2026-07-02 17:02:02    S15-GBPUSD — GBPUSD M15+M30 LONG pw=8 pullback | test +0.083R DD -48.2%
2026-07-02 17:02:02    Piete: ['GBPUSD']
2026-07-02 17:02:02    TF: M15 (trend M30) | PW=6 | LONG
2026-07-02 17:02:02    Output: C:\Dev\trading-bot\data\live_signals\session15
2026-07-02 17:02:02  =================================================================
2026-07-02 17:02:02  MT5: 52906593 @ ICMarketsEU-Demo (DEMO)
2026-07-02 17:02:02    [MIGRATE] Cheie goala stearsa din pending: 'GBPUSD'
2026-07-02 17:02:02    [MIGRATE] Migrare pending: 0 semnale migrate, 1 chei goale sterse.
2026-07-02 17:02:02    [ORPHAN] Nicio pozitie MT5 fara corespondent — state consistent cu MT5.
2026-07-02 17:02:02  Simboluri active: ['GBPUSD']
2026-07-02 17:02:02  Pornit. Ctrl+C pentru oprire.

2026-07-02 17:02:02  --- S15-GBPUSD iter 1 @ 17:02:02 ---
2026-07-02 17:02:03    Niciun semnal nou. Pendinge: 0
2026-07-02 17:02:03    Urmatoarea bara 15min @ 17:15:05 — 782s
2026-07-02 17:15:05  --- S15-GBPUSD iter 2 @ 17:15:05 ---
2026-07-02 17:15:05    Niciun semnal nou. Pendinge: 0
2026-07-02 17:15:05    Urmatoarea bara 15min @ 17:30:05 — 900s
2026-07-02 17:30:05  --- S15-GBPUSD iter 3 @ 17:30:05 ---
2026-07-02 17:30:05    Niciun semnal nou. Pendinge: 0
2026-07-02 17:30:05    Urmatoarea bara 15min @ 17:45:05 — 900s
2026-07-02 17:45:05  --- S15-GBPUSD iter 4 @ 17:45:05 ---
2026-07-02 17:45:05    Niciun semnal nou. Pendinge: 0
2026-07-02 17:45:05    Urmatoarea bara 15min @ 18:00:05 — 900s
2026-07-02 18:00:05  --- S15-GBPUSD iter 5 @ 18:00:05 ---
2026-07-02 18:00:05    Niciun semnal nou. Pendinge: 0
2026-07-02 18:00:06    Urmatoarea bara 15min @ 18:15:05 — 899s
2026-07-02 18:15:05  --- S15-GBPUSD iter 6 @ 18:15:05 ---
2026-07-02 18:15:05    Niciun semnal nou. Pendinge: 0
2026-07-02 18:15:05    Urmatoarea bara 15min @ 18:30:05 — 900s
2026-07-02 18:30:05  --- S15-GBPUSD iter 7 @ 18:30:05 ---
2026-07-02 18:30:05    Niciun semnal nou. Pendinge: 0
2026-07-02 18:30:05    Urmatoarea bara 15min @ 18:45:05 — 900s
2026-07-02 18:45:05  --- S15-GBPUSD iter 8 @ 18:45:05 ---
2026-07-02 18:45:05    Niciun semnal nou. Pendinge: 0
2026-07-02 18:45:05    Urmatoarea bara 15min @ 19:00:05 — 900s
2026-07-02 19:00:05  --- S15-GBPUSD iter 9 @ 19:00:05 ---
2026-07-02 19:00:05    Niciun semnal nou. Pendinge: 0
2026-07-02 19:00:05    Urmatoarea bara 15min @ 19:15:05 — 899s
2026-07-02 19:15:05  --- S15-GBPUSD iter 10 @ 19:15:05 ---
2026-07-02 19:15:05    Niciun semnal nou. Pendinge: 0
2026-07-02 19:15:05    Urmatoarea bara 15min @ 19:30:05 — 900s
2026-07-02 19:30:05  --- S15-GBPUSD iter 11 @ 19:30:05 ---
2026-07-02 19:30:05    Niciun semnal nou. Pendinge: 0
2026-07-02 19:30:05    Urmatoarea bara 15min @ 19:45:05 — 900s
2026-07-02 19:45:05  --- S15-GBPUSD iter 12 @ 19:45:05 ---
2026-07-02 19:45:05    Niciun semnal nou. Pendinge: 0
2026-07-02 19:45:05    Urmatoarea bara 15min @ 20:00:05 — 900s
2026-07-02 20:00:05  --- S15-GBPUSD iter 13 @ 20:00:05 ---
2026-07-02 20:00:05    Niciun semnal nou. Pendinge: 0
2026-07-02 20:00:05    Urmatoarea bara 15min @ 20:15:05 — 900s
2026-07-02 20:15:05  --- S15-GBPUSD iter 14 @ 20:15:05 ---
2026-07-02 20:15:05    Niciun semnal nou. Pendinge: 0
2026-07-02 20:15:05    Urmatoarea bara 15min @ 20:30:05 — 900s
2026-07-02 20:30:05  --- S15-GBPUSD iter 15 @ 20:30:05 ---
2026-07-02 20:30:05    Niciun semnal nou. Pendinge: 0
2026-07-02 20:30:05    Urmatoarea bara 15min @ 20:45:05 — 900s
2026-07-02 20:45:05  --- S15-GBPUSD iter 16 @ 20:45:05 ---
2026-07-02 20:45:05    Niciun semnal nou. Pendinge: 0
2026-07-02 20:45:05    Urmatoarea bara 15min @ 21:00:05 — 900s
2026-07-02 21:00:05  --- S15-GBPUSD iter 17 @ 21:00:05 ---
2026-07-02 21:00:05    Niciun semnal nou. Pendinge: 0
2026-07-02 21:00:05    Urmatoarea bara 15min @ 21:15:05 — 900s
2026-07-02 21:15:05  --- S15-GBPUSD iter 18 @ 21:15:05 ---
2026-07-02 21:15:05    Niciun semnal nou. Pendinge: 0
2026-07-02 21:15:05    Urmatoarea bara 15min @ 21:30:05 — 900s
2026-07-02 21:30:05  --- S15-GBPUSD iter 19 @ 21:30:05 ---
2026-07-02 21:30:05    Niciun semnal nou. Pendinge: 0
2026-07-02 21:30:05    Urmatoarea bara 15min @ 21:45:05 — 900s
2026-07-02 21:45:05  --- S15-GBPUSD iter 20 @ 21:45:05 ---
2026-07-02 21:45:05    Niciun semnal nou. Pendinge: 0
2026-07-02 21:45:05    Urmatoarea bara 15min @ 22:00:05 — 900s
2026-07-02 22:00:05  --- S15-GBPUSD iter 21 @ 22:00:05 ---
2026-07-02 22:00:05    Niciun semnal nou. Pendinge: 0
2026-07-02 22:00:05    Urmatoarea bara 15min @ 22:15:05 — 899s
2026-07-02 22:15:05  --- S15-GBPUSD iter 22 @ 22:15:05 ---
2026-07-02 22:15:05    Niciun semnal nou. Pendinge: 0
2026-07-02 22:15:05    Urmatoarea bara 15min @ 22:30:05 — 900s
2026-07-02 22:30:05  --- S15-GBPUSD iter 23 @ 22:30:05 ---
2026-07-02 22:30:05    Niciun semnal nou. Pendinge: 0
2026-07-02 22:30:05    Urmatoarea bara 15min @ 22:45:05 — 900s
2026-07-02 22:45:05  --- S15-GBPUSD iter 24 @ 22:45:05 ---
2026-07-02 22:45:05    Niciun semnal nou. Pendinge: 0
2026-07-02 22:45:05    Urmatoarea bara 15min @ 23:00:05 — 900s
2026-07-02 23:00:05  --- S15-GBPUSD iter 25 @ 23:00:05 ---
2026-07-02 23:00:05    Niciun semnal nou. Pendinge: 0
2026-07-02 23:00:05    Urmatoarea bara 15min @ 23:15:05 — 899s
2026-07-02 23:15:05  --- S15-GBPUSD iter 26 @ 23:15:05 ---
2026-07-02 23:15:05    Niciun semnal nou. Pendinge: 0
2026-07-02 23:15:05    Urmatoarea bara 15min @ 23:30:05 — 900s
2026-07-02 23:30:05  --- S15-GBPUSD iter 27 @ 23:30:05 ---
2026-07-02 23:30:05    Niciun semnal nou. Pendinge: 0
2026-07-02 23:30:05    Urmatoarea bara 15min @ 23:45:05 — 900s
2026-07-02 23:45:05  --- S15-GBPUSD iter 28 @ 23:45:05 ---
2026-07-02 23:45:05    Niciun semnal nou. Pendinge: 0
2026-07-02 23:45:05    Urmatoarea bara 15min @ 00:00:05 — 900s
2026-07-03 00:00:05  --- S15-GBPUSD iter 29 @ 00:00:05 ---
2026-07-03 00:00:05    Niciun semnal nou. Pendinge: 0
2026-07-03 00:00:05    Urmatoarea bara 15min @ 00:15:05 — 900s
2026-07-03 00:15:05  --- S15-GBPUSD iter 30 @ 00:15:05 ---
2026-07-03 00:15:05    Niciun semnal nou. Pendinge: 0
2026-07-03 00:15:05    Urmatoarea bara 15min @ 00:30:05 — 900s
2026-07-03 00:30:05  --- S15-GBPUSD iter 31 @ 00:30:05 ---
2026-07-03 00:30:05    Niciun semnal nou. Pendinge: 0
2026-07-03 00:30:05    Urmatoarea bara 15min @ 00:45:05 — 900s
2026-07-03 00:45:05  --- S15-GBPUSD iter 32 @ 00:45:05 ---
2026-07-03 00:45:05    Niciun semnal nou. Pendinge: 0
2026-07-03 00:45:05    Urmatoarea bara 15min @ 01:00:05 — 900s
2026-07-03 01:00:05  --- S15-GBPUSD iter 33 @ 01:00:05 ---
2026-07-03 01:00:05    Niciun semnal nou. Pendinge: 0
2026-07-03 01:00:05    Urmatoarea bara 15min @ 01:15:05 — 900s
2026-07-03 01:15:05  --- S15-GBPUSD iter 34 @ 01:15:05 ---
2026-07-03 01:15:05    Niciun semnal nou. Pendinge: 0
2026-07-03 01:15:05    Urmatoarea bara 15min @ 01:30:05 — 900s
2026-07-03 01:30:05  --- S15-GBPUSD iter 35 @ 01:30:05 ---
2026-07-03 01:30:05    Niciun semnal nou. Pendinge: 0
2026-07-03 01:30:05    Urmatoarea bara 15min @ 01:45:05 — 900s
2026-07-03 01:45:05  --- S15-GBPUSD iter 36 @ 01:45:05 ---
2026-07-03 01:45:05    Niciun semnal nou. Pendinge: 0
2026-07-03 01:45:05    Urmatoarea bara 15min @ 02:00:05 — 900s
2026-07-03 02:00:05  --- S15-GBPUSD iter 37 @ 02:00:05 ---
2026-07-03 02:00:05    Niciun semnal nou. Pendinge: 0
2026-07-03 02:00:05    Urmatoarea bara 15min @ 02:15:05 — 900s
2026-07-03 02:15:05  --- S15-GBPUSD iter 38 @ 02:15:05 ---
2026-07-03 02:15:05    Niciun semnal nou. Pendinge: 0
2026-07-03 02:15:05    Urmatoarea bara 15min @ 02:30:05 — 900s
2026-07-03 02:30:05  --- S15-GBPUSD iter 39 @ 02:30:05 ---
2026-07-03 02:30:05    Niciun semnal nou. Pendinge: 0
2026-07-03 02:30:05    Urmatoarea bara 15min @ 02:45:05 — 900s
2026-07-03 02:45:05  --- S15-GBPUSD iter 40 @ 02:45:05 ---
2026-07-03 02:45:05    Niciun semnal nou. Pendinge: 0
2026-07-03 02:45:05    Urmatoarea bara 15min @ 03:00:05 — 900s
2026-07-03 03:00:05  --- S15-GBPUSD iter 41 @ 03:00:05 ---
2026-07-03 03:00:05    Niciun semnal nou. Pendinge: 0
2026-07-03 03:00:05    Urmatoarea bara 15min @ 03:15:05 — 900s
2026-07-03 03:15:05  --- S15-GBPUSD iter 42 @ 03:15:05 ---
2026-07-03 03:15:05    Niciun semnal nou. Pendinge: 0
2026-07-03 03:15:05    Urmatoarea bara 15min @ 03:30:05 — 900s
2026-07-03 03:30:05  --- S15-GBPUSD iter 43 @ 03:30:05 ---
2026-07-03 03:30:05    Niciun semnal nou. Pendinge: 0
2026-07-03 03:30:05    Urmatoarea bara 15min @ 03:45:05 — 900s
2026-07-03 03:45:05  --- S15-GBPUSD iter 44 @ 03:45:05 ---
2026-07-03 03:45:05    Niciun semnal nou. Pendinge: 0
2026-07-03 03:45:05    Urmatoarea bara 15min @ 04:00:05 — 900s
2026-07-03 04:00:05  --- S15-GBPUSD iter 45 @ 04:00:05 ---
2026-07-03 04:00:05    Niciun semnal nou. Pendinge: 0
2026-07-03 04:00:05    Urmatoarea bara 15min @ 04:15:05 — 900s
2026-07-03 04:15:05  --- S15-GBPUSD iter 46 @ 04:15:05 ---
2026-07-03 04:15:05    Niciun semnal nou. Pendinge: 0
2026-07-03 04:15:05    Urmatoarea bara 15min @ 04:30:05 — 900s
2026-07-03 04:30:05  --- S15-GBPUSD iter 47 @ 04:30:05 ---
2026-07-03 04:30:05    Niciun semnal nou. Pendinge: 0
2026-07-03 04:30:05    Urmatoarea bara 15min @ 04:45:05 — 900s
2026-07-03 04:45:05  --- S15-GBPUSD iter 48 @ 04:45:05 ---
2026-07-03 04:45:05    Niciun semnal nou. Pendinge: 0
2026-07-03 04:45:05    Urmatoarea bara 15min @ 05:00:05 — 900s
2026-07-03 05:00:05  --- S15-GBPUSD iter 49 @ 05:00:05 ---
2026-07-03 05:00:05    Niciun semnal nou. Pendinge: 0
2026-07-03 05:00:05    Urmatoarea bara 15min @ 05:15:05 — 899s
2026-07-03 05:15:05  --- S15-GBPUSD iter 50 @ 05:15:05 ---
2026-07-03 05:15:05    Niciun semnal nou. Pendinge: 0
2026-07-03 05:15:05    Urmatoarea bara 15min @ 05:30:05 — 900s
2026-07-03 05:30:05  --- S15-GBPUSD iter 51 @ 05:30:05 ---
2026-07-03 05:30:05    Niciun semnal nou. Pendinge: 0
2026-07-03 05:30:05    Urmatoarea bara 15min @ 05:45:05 — 900s
2026-07-03 05:45:05  --- S15-GBPUSD iter 52 @ 05:45:05 ---
2026-07-03 05:45:05    Niciun semnal nou. Pendinge: 0
2026-07-03 05:45:05    Urmatoarea bara 15min @ 06:00:05 — 900s
2026-07-03 06:00:05  --- S15-GBPUSD iter 53 @ 06:00:05 ---
2026-07-03 06:00:05    Niciun semnal nou. Pendinge: 0
2026-07-03 06:00:05    Urmatoarea bara 15min @ 06:15:05 — 900s
2026-07-03 06:15:05  --- S15-GBPUSD iter 54 @ 06:15:05 ---
2026-07-03 06:15:05    Niciun semnal nou. Pendinge: 0
2026-07-03 06:15:05    Urmatoarea bara 15min @ 06:30:05 — 900s
2026-07-03 06:30:05  --- S15-GBPUSD iter 55 @ 06:30:05 ---
2026-07-03 06:30:05    Niciun semnal nou. Pendinge: 0
2026-07-03 06:30:05    Urmatoarea bara 15min @ 06:45:05 — 900s
2026-07-03 06:45:05  --- S15-GBPUSD iter 56 @ 06:45:05 ---
2026-07-03 06:45:05    Niciun semnal nou. Pendinge: 0
2026-07-03 06:45:05    Urmatoarea bara 15min @ 07:00:05 — 900s
2026-07-03 07:00:05  --- S15-GBPUSD iter 57 @ 07:00:05 ---
2026-07-03 07:00:05    Niciun semnal nou. Pendinge: 0
2026-07-03 07:00:05    Urmatoarea bara 15min @ 07:15:05 — 900s
2026-07-03 07:15:05  --- S15-GBPUSD iter 58 @ 07:15:05 ---
2026-07-03 07:15:05    Niciun semnal nou. Pendinge: 0
2026-07-03 07:15:05    Urmatoarea bara 15min @ 07:30:05 — 900s
2026-07-03 07:30:05  --- S15-GBPUSD iter 59 @ 07:30:05 ---
2026-07-03 07:30:05    Niciun semnal nou. Pendinge: 0
2026-07-03 07:30:05    Urmatoarea bara 15min @ 07:45:05 — 900s
2026-07-03 07:45:05  --- S15-GBPUSD iter 60 @ 07:45:05 ---
2026-07-03 07:45:05    Niciun semnal nou. Pendinge: 0
2026-07-03 07:45:05    Urmatoarea bara 15min @ 08:00:05 — 900s
2026-07-03 08:00:05  --- S15-GBPUSD iter 61 @ 08:00:05 ---
2026-07-03 08:00:05    Niciun semnal nou. Pendinge: 0
2026-07-03 08:00:05    Urmatoarea bara 15min @ 08:15:05 — 899s
2026-07-03 14:37:29    [PROFIL] Profil 'Standard Profile' aplicat pe session15.
2026-07-03 14:37:29  =================================================================
2026-07-03 14:37:29    S15-GBPUSD — GBPUSD M15+M30 LONG pw=8 pullback | test +0.083R DD -48.2%
2026-07-03 14:37:29    Piete: ['GBPUSD']
2026-07-03 14:37:29    TF: M15 (trend M30) | PW=6 | BOTH
2026-07-03 14:37:29    Output: C:\Dev\trading-bot\data\live_signals\session15
2026-07-03 14:37:29  =================================================================
2026-07-03 14:37:29  MT5: 52906593 @ ICMarketsEU-Demo (DEMO)
2026-07-03 14:37:29    [ORPHAN] Nicio pozitie MT5 fara corespondent — state consistent cu MT5.
2026-07-03 14:37:29  Simboluri active: ['GBPUSD']
2026-07-03 14:37:29  Pornit. Ctrl+C pentru oprire.

2026-07-03 14:37:29  --- S15-GBPUSD iter 1 @ 14:37:29 ---
2026-07-03 14:37:31    Niciun semnal nou. Pendinge: 0
2026-07-03 14:37:31    Urmatoarea bara 15min @ 14:45:05 — 453s
2026-07-03 14:45:05  --- S15-GBPUSD iter 2 @ 14:45:05 ---
2026-07-03 14:45:05    Niciun semnal nou. Pendinge: 0
2026-07-03 14:45:05    Urmatoarea bara 15min @ 15:00:05 — 900s
2026-07-03 15:00:05  --- S15-GBPUSD iter 3 @ 15:00:05 ---
2026-07-03 15:00:05    Niciun semnal nou. Pendinge: 0
2026-07-03 15:00:05    Urmatoarea bara 15min @ 15:15:05 — 900s
2026-07-03 15:15:05  --- S15-GBPUSD iter 4 @ 15:15:05 ---
2026-07-03 15:15:05    Niciun semnal nou. Pendinge: 0
2026-07-03 15:15:05    Urmatoarea bara 15min @ 15:30:05 — 900s
2026-07-03 15:30:05  --- S15-GBPUSD iter 5 @ 15:30:05 ---
2026-07-03 15:30:05    Niciun semnal nou. Pendinge: 0
2026-07-03 15:30:05    Urmatoarea bara 15min @ 15:45:05 — 900s
2026-07-03 15:45:05  --- S15-GBPUSD iter 6 @ 15:45:05 ---
2026-07-03 15:45:05    Niciun semnal nou. Pendinge: 0
2026-07-03 15:45:05    Urmatoarea bara 15min @ 16:00:05 — 900s
2026-07-03 16:00:05  --- S15-GBPUSD iter 7 @ 16:00:05 ---
2026-07-03 16:00:05    Niciun semnal nou. Pendinge: 0
2026-07-03 16:00:05    Urmatoarea bara 15min @ 16:15:05 — 899s
2026-07-03 16:15:05  --- S15-GBPUSD iter 8 @ 16:15:05 ---
2026-07-03 16:15:05    Niciun semnal nou. Pendinge: 0
2026-07-03 16:15:05    Urmatoarea bara 15min @ 16:30:05 — 900s
2026-07-03 16:30:05  --- S15-GBPUSD iter 9 @ 16:30:05 ---
2026-07-03 16:30:05    Niciun semnal nou. Pendinge: 0
2026-07-03 16:30:05    Urmatoarea bara 15min @ 16:45:05 — 900s
2026-07-03 16:45:05  --- S15-GBPUSD iter 10 @ 16:45:05 ---
2026-07-03 16:45:05    Niciun semnal nou. Pendinge: 0
2026-07-03 16:45:05    Urmatoarea bara 15min @ 17:00:05 — 900s
2026-07-03 17:00:05  --- S15-GBPUSD iter 11 @ 17:00:05 ---
2026-07-03 17:00:05    Niciun semnal nou. Pendinge: 0
2026-07-03 17:00:05    Urmatoarea bara 15min @ 17:15:05 — 899s
2026-07-03 17:15:05  --- S15-GBPUSD iter 12 @ 17:15:05 ---
2026-07-03 17:15:05    Niciun semnal nou. Pendinge: 0
2026-07-03 17:15:05    Urmatoarea bara 15min @ 17:30:05 — 900s
2026-07-03 17:30:05  --- S15-GBPUSD iter 13 @ 17:30:05 ---
2026-07-03 17:30:05    Niciun semnal nou. Pendinge: 0
2026-07-03 17:30:05    Urmatoarea bara 15min @ 17:45:05 — 900s
2026-07-03 17:45:05  --- S15-GBPUSD iter 14 @ 17:45:05 ---
2026-07-03 17:45:05    Niciun semnal nou. Pendinge: 0
2026-07-03 17:45:05    Urmatoarea bara 15min @ 18:00:05 — 900s
2026-07-03 18:00:05  --- S15-GBPUSD iter 15 @ 18:00:05 ---
2026-07-03 18:00:05    Niciun semnal nou. Pendinge: 0
2026-07-03 18:00:05    Urmatoarea bara 15min @ 18:15:05 — 899s
2026-07-03 18:15:05  --- S15-GBPUSD iter 16 @ 18:15:05 ---
2026-07-03 18:15:05    Niciun semnal nou. Pendinge: 0
2026-07-03 18:15:05    Urmatoarea bara 15min @ 18:30:05 — 900s
2026-07-03 18:30:05  --- S15-GBPUSD iter 17 @ 18:30:05 ---
2026-07-03 18:30:05    Niciun semnal nou. Pendinge: 0
2026-07-03 18:30:05    Urmatoarea bara 15min @ 18:45:05 — 900s
2026-07-03 18:45:05  --- S15-GBPUSD iter 18 @ 18:45:05 ---
2026-07-03 18:45:05    Niciun semnal nou. Pendinge: 0
2026-07-03 18:45:05    Urmatoarea bara 15min @ 19:00:05 — 900s
2026-07-03 19:00:05  --- S15-GBPUSD iter 19 @ 19:00:05 ---
2026-07-03 19:00:05    Niciun semnal nou. Pendinge: 0
2026-07-03 19:00:06    Urmatoarea bara 15min @ 19:15:05 — 899s
2026-07-03 19:15:05  --- S15-GBPUSD iter 20 @ 19:15:05 ---
2026-07-03 19:15:05    Niciun semnal nou. Pendinge: 0
2026-07-03 19:15:05    Urmatoarea bara 15min @ 19:30:05 — 900s
2026-07-03 19:30:05  --- S15-GBPUSD iter 21 @ 19:30:05 ---
2026-07-03 19:30:05    Niciun semnal nou. Pendinge: 0
2026-07-03 19:30:05    Urmatoarea bara 15min @ 19:45:05 — 900s
2026-07-03 19:45:05  --- S15-GBPUSD iter 22 @ 19:45:05 ---
2026-07-03 19:45:05    Niciun semnal nou. Pendinge: 0
2026-07-03 19:45:05    Urmatoarea bara 15min @ 20:00:05 — 900s
2026-07-03 20:00:05  --- S15-GBPUSD iter 23 @ 20:00:05 ---
2026-07-03 20:00:05    [VINERI] Ora 20:00 >= 20:00 — inchid pozitii deschise.
2026-07-03 20:00:05    Niciun semnal nou. Pendinge: 0
2026-07-03 20:00:05    Urmatoarea bara 15min @ 20:15:05 — 900s
2026-07-03 20:15:05  --- S15-GBPUSD iter 24 @ 20:15:05 ---
2026-07-03 20:15:05    Niciun semnal nou. Pendinge: 0
2026-07-03 20:15:05    Urmatoarea bara 15min @ 20:30:05 — 900s
2026-07-03 20:30:05  --- S15-GBPUSD iter 25 @ 20:30:05 ---
2026-07-03 20:30:05    Niciun semnal nou. Pendinge: 0
2026-07-03 20:30:05    Urmatoarea bara 15min @ 20:45:05 — 900s
2026-07-03 20:45:05  --- S15-GBPUSD iter 26 @ 20:45:05 ---
2026-07-03 20:45:05    Niciun semnal nou. Pendinge: 0
2026-07-03 20:45:05    Urmatoarea bara 15min @ 21:00:05 — 900s
2026-07-03 21:00:05  --- S15-GBPUSD iter 27 @ 21:00:05 ---
2026-07-03 21:00:05    Niciun semnal nou. Pendinge: 0
2026-07-03 21:00:05    Urmatoarea bara 15min @ 21:15:05 — 900s
2026-07-03 21:15:05  --- S15-GBPUSD iter 28 @ 21:15:05 ---
2026-07-03 21:15:05    Niciun semnal nou. Pendinge: 0
2026-07-03 21:15:05    Urmatoarea bara 15min @ 21:30:05 — 900s
2026-07-03 21:30:05  --- S15-GBPUSD iter 29 @ 21:30:05 ---
2026-07-03 21:30:05    Niciun semnal nou. Pendinge: 0
2026-07-03 21:30:05    Urmatoarea bara 15min @ 21:45:05 — 900s
2026-07-03 21:45:05  --- S15-GBPUSD iter 30 @ 21:45:05 ---
2026-07-03 21:45:05    Niciun semnal nou. Pendinge: 0
2026-07-03 21:45:05    Urmatoarea bara 15min @ 22:00:05 — 900s
2026-07-03 22:00:05  --- S15-GBPUSD iter 31 @ 22:00:05 ---
2026-07-03 22:00:05    Niciun semnal nou. Pendinge: 0
2026-07-03 22:00:05    Urmatoarea bara 15min @ 22:15:05 — 900s
2026-07-03 22:15:05  --- S15-GBPUSD iter 32 @ 22:15:05 ---
2026-07-03 22:15:05    Niciun semnal nou. Pendinge: 0
2026-07-03 22:15:05    Urmatoarea bara 15min @ 22:30:05 — 899s
2026-07-03 22:30:05  --- S15-GBPUSD iter 33 @ 22:30:05 ---
2026-07-03 22:30:05    Niciun semnal nou. Pendinge: 0
2026-07-03 22:30:05    Urmatoarea bara 15min @ 22:45:05 — 900s
2026-07-03 22:45:05  --- S15-GBPUSD iter 34 @ 22:45:05 ---
2026-07-03 22:45:05    Niciun semnal nou. Pendinge: 0
2026-07-03 22:45:05    Urmatoarea bara 15min @ 23:00:05 — 900s
2026-07-03 23:00:05  --- S15-GBPUSD iter 35 @ 23:00:05 ---
2026-07-03 23:00:05    Niciun semnal nou. Pendinge: 0
2026-07-03 23:00:05    Urmatoarea bara 15min @ 23:15:05 — 899s
2026-07-03 23:15:05  --- S15-GBPUSD iter 36 @ 23:15:05 ---
2026-07-03 23:15:05    Niciun semnal nou. Pendinge: 0
2026-07-03 23:15:05    Urmatoarea bara 15min @ 23:30:05 — 900s
2026-07-03 23:30:05  --- S15-GBPUSD iter 37 @ 23:30:05 ---
2026-07-03 23:30:05    Niciun semnal nou. Pendinge: 0
2026-07-03 23:30:05    Urmatoarea bara 15min @ 23:45:05 — 900s
2026-07-03 23:45:05  --- S15-GBPUSD iter 38 @ 23:45:05 ---
2026-07-03 23:45:05    Niciun semnal nou. Pendinge: 0
2026-07-03 23:45:05    Urmatoarea bara 15min @ 00:00:05 — 900s
2026-07-04 00:00:05  --- S15-GBPUSD iter 39 @ 00:00:05 ---
2026-07-04 00:00:05    Niciun semnal nou. Pendinge: 0
2026-07-04 00:00:05    Urmatoarea bara 15min @ 00:15:05 — 899s
2026-07-04 00:15:05  --- S15-GBPUSD iter 40 @ 00:15:05 ---
2026-07-04 00:15:05    Niciun semnal nou. Pendinge: 0
2026-07-04 00:15:05    Urmatoarea bara 15min @ 00:30:05 — 899s
2026-07-04 00:30:05  --- S15-GBPUSD iter 41 @ 00:30:05 ---
2026-07-04 00:30:05    Niciun semnal nou. Pendinge: 0
2026-07-04 00:30:05    Urmatoarea bara 15min @ 00:45:05 — 900s
2026-07-04 00:45:05  --- S15-GBPUSD iter 42 @ 00:45:05 ---
2026-07-04 00:45:05    Niciun semnal nou. Pendinge: 0
2026-07-04 00:45:05    Urmatoarea bara 15min @ 01:00:05 — 900s
2026-07-04 01:00:05  --- S15-GBPUSD iter 43 @ 01:00:05 ---
2026-07-04 01:00:05    Niciun semnal nou. Pendinge: 0
2026-07-04 01:00:05    Urmatoarea bara 15min @ 01:15:05 — 899s
2026-07-05 13:12:55    [PROFIL] Profil 'Standard Profile' aplicat pe session15.
2026-07-05 13:12:55  =================================================================
2026-07-05 13:12:55    S15-GBPUSD — GBPUSD M15+M30 LONG pw=8 pullback | test +0.083R DD -48.2%
2026-07-05 13:12:55    Piete: ['GBPUSD']
2026-07-05 13:12:55    TF: M15 (trend M30) | PW=6 | BOTH
2026-07-05 13:12:55    Output: C:\Dev\trading-bot\data\live_signals\session15
2026-07-05 13:12:55  =================================================================
2026-07-05 13:12:55  MT5: 52906593 @ ICMarketsEU-Demo (DEMO)
2026-07-05 13:12:58    [ORPHAN] Nicio pozitie MT5 fara corespondent — state consistent cu MT5.
2026-07-05 13:13:03  Simboluri active: ['GBPUSD']
2026-07-05 13:13:03  Pornit. Ctrl+C pentru oprire.

2026-07-05 13:13:03  --- S15-GBPUSD iter 1 @ 13:13:03 ---
2026-07-05 13:13:06    Niciun semnal nou. Pendinge: 0
2026-07-05 13:13:07    Urmatoarea bara 15min @ 13:15:05 — 118s
2026-07-05 13:15:05  --- S15-GBPUSD iter 2 @ 13:15:05 ---
2026-07-05 13:15:05    Niciun semnal nou. Pendinge: 0
2026-07-05 13:15:05    Urmatoarea bara 15min @ 13:30:05 — 900s
2026-07-05 20:28:47    [PROFIL] Profil 'Standard Profile' aplicat pe session15.
2026-07-05 20:28:47  =================================================================
2026-07-05 20:28:47    S15-GBPUSD — GBPUSD M15+M30 LONG pw=8 pullback | test +0.083R DD -48.2%
2026-07-05 20:28:47    Piete: ['GBPUSD']
2026-07-05 20:28:47    TF: M15 (trend M30) | PW=6 | BOTH
2026-07-05 20:28:47    Output: C:\Dev\trading-bot\data\live_signals\session15
2026-07-05 20:28:47  =================================================================
2026-07-05 20:28:47  MT5: 52906593 @ ICMarketsEU-Demo (DEMO)
2026-07-05 20:28:49    [ORPHAN] Nicio pozitie MT5 fara corespondent — state consistent cu MT5.
2026-07-05 20:28:50  Simboluri active: ['GBPUSD']
2026-07-05 20:28:50  Pornit. Ctrl+C pentru oprire.

2026-07-05 20:28:50  --- S15-GBPUSD iter 1 @ 20:28:50 ---
2026-07-05 20:28:50    Niciun semnal nou. Pendinge: 0
2026-07-05 20:28:50    Urmatoarea bara 15min @ 20:30:05 — 74s
2026-07-05 20:30:05  --- S15-GBPUSD iter 2 @ 20:30:05 ---
2026-07-05 20:30:05    Niciun semnal nou. Pendinge: 0
2026-07-05 20:30:05    Urmatoarea bara 15min @ 20:45:05 — 900s
2026-07-05 20:45:05  --- S15-GBPUSD iter 3 @ 20:45:05 ---
2026-07-05 20:45:05    Niciun semnal nou. Pendinge: 0
2026-07-05 20:45:05    Urmatoarea bara 15min @ 21:00:05 — 900s
2026-07-05 21:00:05  --- S15-GBPUSD iter 4 @ 21:00:05 ---
2026-07-05 21:00:05    Niciun semnal nou. Pendinge: 0
2026-07-05 21:00:05    Urmatoarea bara 15min @ 21:15:05 — 900s
2026-07-05 21:15:05  --- S15-GBPUSD iter 5 @ 21:15:05 ---
2026-07-05 21:15:05    Niciun semnal nou. Pendinge: 0
2026-07-05 21:15:05    Urmatoarea bara 15min @ 21:30:05 — 900s
2026-07-05 21:30:05  --- S15-GBPUSD iter 6 @ 21:30:05 ---
2026-07-05 21:30:05    Niciun semnal nou. Pendinge: 0
2026-07-05 21:30:05    Urmatoarea bara 15min @ 21:45:05 — 900s
2026-07-05 21:45:05  --- S15-GBPUSD iter 7 @ 21:45:05 ---
2026-07-05 21:45:05    Niciun semnal nou. Pendinge: 0
2026-07-05 21:45:05    Urmatoarea bara 15min @ 22:00:05 — 900s
2026-07-05 22:00:05  --- S15-GBPUSD iter 8 @ 22:00:05 ---
2026-07-05 22:00:05    Niciun semnal nou. Pendinge: 0
2026-07-05 22:00:05    Urmatoarea bara 15min @ 22:15:05 — 900s
2026-07-05 22:15:05  --- S15-GBPUSD iter 9 @ 22:15:05 ---
2026-07-05 22:15:05    Niciun semnal nou. Pendinge: 0
2026-07-05 22:15:05    Urmatoarea bara 15min @ 22:30:05 — 900s
2026-07-05 22:30:05  --- S15-GBPUSD iter 10 @ 22:30:05 ---
2026-07-05 22:30:05    Niciun semnal nou. Pendinge: 0
2026-07-05 22:30:05    Urmatoarea bara 15min @ 22:45:05 — 900s
2026-07-05 22:45:05  --- S15-GBPUSD iter 11 @ 22:45:05 ---
2026-07-05 22:45:05    Niciun semnal nou. Pendinge: 0
2026-07-05 22:45:05    Urmatoarea bara 15min @ 23:00:05 — 900s
2026-07-05 23:00:05  --- S15-GBPUSD iter 12 @ 23:00:05 ---
2026-07-05 23:00:05    Niciun semnal nou. Pendinge: 0
2026-07-05 23:00:05    Urmatoarea bara 15min @ 23:15:05 — 900s
2026-07-05 23:15:05  --- S15-GBPUSD iter 13 @ 23:15:05 ---
2026-07-05 23:15:05    Niciun semnal nou. Pendinge: 0
2026-07-05 23:15:05    Urmatoarea bara 15min @ 23:30:05 — 900s
2026-07-05 23:30:05  --- S15-GBPUSD iter 14 @ 23:30:05 ---
2026-07-05 23:30:05    Niciun semnal nou. Pendinge: 0
2026-07-05 23:30:05    Urmatoarea bara 15min @ 23:45:05 — 900s
2026-07-05 23:45:05  --- S15-GBPUSD iter 15 @ 23:45:05 ---
2026-07-05 23:45:05    Niciun semnal nou. Pendinge: 0
2026-07-05 23:45:05    Urmatoarea bara 15min @ 00:00:05 — 900s
2026-07-06 00:00:05  --- S15-GBPUSD iter 16 @ 00:00:05 ---
2026-07-06 00:00:05    Niciun semnal nou. Pendinge: 0
2026-07-06 00:00:05    Urmatoarea bara 15min @ 00:15:05 — 900s
2026-07-06 00:15:05  --- S15-GBPUSD iter 17 @ 00:15:05 ---
2026-07-06 00:15:05    Niciun semnal nou. Pendinge: 0
2026-07-06 00:15:05    Urmatoarea bara 15min @ 00:30:05 — 900s
2026-07-06 00:30:05  --- S15-GBPUSD iter 18 @ 00:30:05 ---
2026-07-06 00:30:05    Niciun semnal nou. Pendinge: 0
2026-07-06 00:30:05    Urmatoarea bara 15min @ 00:45:05 — 900s
2026-07-06 00:45:05  --- S15-GBPUSD iter 19 @ 00:45:05 ---
2026-07-06 00:45:05    Niciun semnal nou. Pendinge: 0
2026-07-06 00:45:05    Urmatoarea bara 15min @ 01:00:05 — 900s
2026-07-06 01:00:05  --- S15-GBPUSD iter 20 @ 01:00:05 ---
2026-07-06 01:00:05    Niciun semnal nou. Pendinge: 0
2026-07-06 01:00:05    Urmatoarea bara 15min @ 01:15:05 — 900s
2026-07-06 01:15:05  --- S15-GBPUSD iter 21 @ 01:15:05 ---
2026-07-06 01:15:05    Niciun semnal nou. Pendinge: 0
2026-07-06 01:15:05    Urmatoarea bara 15min @ 01:30:05 — 900s
2026-07-06 01:30:05  --- S15-GBPUSD iter 22 @ 01:30:05 ---
2026-07-06 01:30:05    Niciun semnal nou. Pendinge: 0
2026-07-06 01:30:05    Urmatoarea bara 15min @ 01:45:05 — 900s
2026-07-06 01:45:05  --- S15-GBPUSD iter 23 @ 01:45:05 ---
2026-07-06 01:45:05    Niciun semnal nou. Pendinge: 0
2026-07-06 01:45:05    Urmatoarea bara 15min @ 02:00:05 — 900s
2026-07-06 02:00:05  --- S15-GBPUSD iter 24 @ 02:00:05 ---
2026-07-06 02:00:05    Niciun semnal nou. Pendinge: 0
2026-07-06 02:00:05    Urmatoarea bara 15min @ 02:15:05 — 900s
2026-07-06 02:15:05  --- S15-GBPUSD iter 25 @ 02:15:05 ---
2026-07-06 02:15:05    Niciun semnal nou. Pendinge: 0
2026-07-06 02:15:05    Urmatoarea bara 15min @ 02:30:05 — 900s
2026-07-06 02:30:05  --- S15-GBPUSD iter 26 @ 02:30:05 ---
2026-07-06 02:30:05    Niciun semnal nou. Pendinge: 0
2026-07-06 02:30:05    Urmatoarea bara 15min @ 02:45:05 — 900s
2026-07-06 02:45:05  --- S15-GBPUSD iter 27 @ 02:45:05 ---
2026-07-06 02:45:05    Niciun semnal nou. Pendinge: 0
2026-07-06 02:45:05    Urmatoarea bara 15min @ 03:00:05 — 900s
2026-07-06 03:00:05  --- S15-GBPUSD iter 28 @ 03:00:05 ---
2026-07-06 03:00:05    Niciun semnal nou. Pendinge: 0
2026-07-06 03:00:05    Urmatoarea bara 15min @ 03:15:05 — 900s
2026-07-06 03:15:05  --- S15-GBPUSD iter 29 @ 03:15:05 ---
2026-07-06 03:15:05    Niciun semnal nou. Pendinge: 0
2026-07-06 03:15:05    Urmatoarea bara 15min @ 03:30:05 — 900s
2026-07-06 03:30:05  --- S15-GBPUSD iter 30 @ 03:30:05 ---
2026-07-06 03:30:05    Niciun semnal nou. Pendinge: 0
2026-07-06 03:30:05    Urmatoarea bara 15min @ 03:45:05 — 900s
2026-07-06 03:45:05  --- S15-GBPUSD iter 31 @ 03:45:05 ---
2026-07-06 03:45:05    Niciun semnal nou. Pendinge: 0
2026-07-06 03:45:05    Urmatoarea bara 15min @ 04:00:05 — 900s
2026-07-06 04:00:05  --- S15-GBPUSD iter 32 @ 04:00:05 ---
2026-07-06 04:00:05    Niciun semnal nou. Pendinge: 0
2026-07-06 04:00:05    Urmatoarea bara 15min @ 04:15:05 — 899s
2026-07-06 04:15:05  --- S15-GBPUSD iter 33 @ 04:15:05 ---
2026-07-06 04:15:05    Niciun semnal nou. Pendinge: 0
2026-07-06 04:15:05    Urmatoarea bara 15min @ 04:30:05 — 900s
2026-07-06 04:30:05  --- S15-GBPUSD iter 34 @ 04:30:05 ---
2026-07-06 04:30:05    Niciun semnal nou. Pendinge: 0
2026-07-06 04:30:05    Urmatoarea bara 15min @ 04:45:05 — 900s
2026-07-06 04:45:05  --- S15-GBPUSD iter 35 @ 04:45:05 ---
2026-07-06 04:45:05    Niciun semnal nou. Pendinge: 0
2026-07-06 04:45:05    Urmatoarea bara 15min @ 05:00:05 — 900s
2026-07-06 05:00:05  --- S15-GBPUSD iter 36 @ 05:00:05 ---
2026-07-06 05:00:05    Niciun semnal nou. Pendinge: 0
2026-07-06 05:00:05    Urmatoarea bara 15min @ 05:15:05 — 900s
2026-07-06 05:15:05  --- S15-GBPUSD iter 37 @ 05:15:05 ---
2026-07-06 05:15:05    Niciun semnal nou. Pendinge: 0
2026-07-06 05:15:05    Urmatoarea bara 15min @ 05:30:05 — 899s
2026-07-06 05:30:05  --- S15-GBPUSD iter 38 @ 05:30:05 ---
2026-07-06 05:30:05    Niciun semnal nou. Pendinge: 0
2026-07-06 05:30:05    Urmatoarea bara 15min @ 05:45:05 — 900s
2026-07-06 05:45:05  --- S15-GBPUSD iter 39 @ 05:45:05 ---
2026-07-06 05:45:05    Niciun semnal nou. Pendinge: 0
2026-07-06 05:45:05    Urmatoarea bara 15min @ 06:00:05 — 900s
2026-07-06 09:02:13    [PROFIL] Profil 'Standard Profile' aplicat pe session15.
2026-07-06 09:02:13  =================================================================
2026-07-06 09:02:13    S15-GBPUSD — GBPUSD M15+M30 LONG pw=8 pullback | test +0.083R DD -48.2%
2026-07-06 09:02:13    Piete: ['GBPUSD']
2026-07-06 09:02:13    TF: M15 (trend M30) | PW=6 | BOTH
2026-07-06 09:02:13    Output: C:\Dev\trading-bot\data\live_signals\session15
2026-07-06 09:02:13  =================================================================
2026-07-06 09:02:13  MT5: 52906593 @ ICMarketsEU-Demo (DEMO)
2026-07-06 09:02:13    [ORPHAN] Nicio pozitie MT5 fara corespondent — state consistent cu MT5.
2026-07-06 09:02:13  Simboluri active: ['GBPUSD']
2026-07-06 09:02:13  Pornit. Ctrl+C pentru oprire.

2026-07-06 09:02:13  --- S15-GBPUSD iter 1 @ 09:02:13 ---
2026-07-06 09:02:14    Niciun semnal nou. Pendinge: 0
2026-07-06 09:02:14    Urmatoarea bara 15min @ 09:15:05 — 771s
2026-07-06 09:15:05  --- S15-GBPUSD iter 2 @ 09:15:05 ---
2026-07-06 09:15:05    Niciun semnal nou. Pendinge: 0
2026-07-06 09:15:05    Urmatoarea bara 15min @ 09:30:05 — 900s
2026-07-06 09:30:05  --- S15-GBPUSD iter 3 @ 09:30:05 ---
2026-07-06 09:30:05    Niciun semnal nou. Pendinge: 0
2026-07-06 09:30:05    Urmatoarea bara 15min @ 09:45:05 — 900s
2026-07-06 09:45:05  --- S15-GBPUSD iter 4 @ 09:45:05 ---
2026-07-06 09:45:05    Niciun semnal nou. Pendinge: 0
2026-07-06 09:45:05    Urmatoarea bara 15min @ 10:00:05 — 900s
2026-07-06 10:00:05  --- S15-GBPUSD iter 5 @ 10:00:05 ---
2026-07-06 10:00:05    Niciun semnal nou. Pendinge: 0
2026-07-06 10:00:28    Urmatoarea bara 15min @ 10:15:05 — 876s
2026-07-06 10:15:05  --- S15-GBPUSD iter 6 @ 10:15:05 ---
2026-07-06 10:15:05    Niciun semnal nou. Pendinge: 0
2026-07-06 10:15:05    Urmatoarea bara 15min @ 10:30:05 — 900s
2026-07-06 10:30:05  --- S15-GBPUSD iter 7 @ 10:30:05 ---
2026-07-06 10:30:05    Niciun semnal nou. Pendinge: 0
2026-07-06 10:30:05    Urmatoarea bara 15min @ 10:45:05 — 900s
2026-07-06 10:45:05  --- S15-GBPUSD iter 8 @ 10:45:05 ---
2026-07-06 10:45:05    Niciun semnal nou. Pendinge: 0
2026-07-06 10:45:05    Urmatoarea bara 15min @ 11:00:05 — 900s
2026-07-06 11:00:05  --- S15-GBPUSD iter 9 @ 11:00:05 ---
2026-07-06 11:00:05    Niciun semnal nou. Pendinge: 0
2026-07-06 11:00:05    Urmatoarea bara 15min @ 11:15:05 — 900s
2026-07-06 11:15:05  --- S15-GBPUSD iter 10 @ 11:15:05 ---
2026-07-06 11:15:05    Niciun semnal nou. Pendinge: 0
2026-07-06 11:15:05    Urmatoarea bara 15min @ 11:30:05 — 900s
2026-07-06 11:24:58    [PROFIL] Profil 'Standard Profile' aplicat pe session15.
2026-07-06 11:24:58  =================================================================
2026-07-06 11:24:58    S15-GBPUSD — GBPUSD M15+M30 LONG pw=8 pullback | test +0.083R DD -48.2%
2026-07-06 11:24:58    Piete: ['GBPUSD']
2026-07-06 11:24:58    TF: M15 (trend M30) | PW=6 | BOTH
2026-07-06 11:24:58    Output: C:\Dev\trading-bot\data\live_signals\session15
2026-07-06 11:24:58  =================================================================
2026-07-06 11:24:58  MT5: 52906593 @ ICMarketsEU-Demo (DEMO)
2026-07-06 11:24:58    [ORPHAN] Nicio pozitie MT5 fara corespondent — state consistent cu MT5.
2026-07-06 11:24:58  Simboluri active: ['GBPUSD']
2026-07-06 11:24:58  Pornit. Ctrl+C pentru oprire.

2026-07-06 11:24:58  --- S15-GBPUSD iter 1 @ 11:24:58 ---
2026-07-06 11:24:58    Niciun semnal nou. Pendinge: 0
2026-07-06 11:24:58    Urmatoarea bara 15min @ 11:30:05 — 306s
2026-07-06 11:30:05  --- S15-GBPUSD iter 2 @ 11:30:05 ---
2026-07-06 11:30:05    Niciun semnal nou. Pendinge: 0
2026-07-06 11:30:05    Urmatoarea bara 15min @ 11:45:05 — 900s
2026-07-06 11:45:05  --- S15-GBPUSD iter 3 @ 11:45:05 ---
2026-07-06 11:45:05    Niciun semnal nou. Pendinge: 0
2026-07-06 11:45:05    Urmatoarea bara 15min @ 12:00:05 — 900s
2026-07-06 12:00:05  --- S15-GBPUSD iter 4 @ 12:00:05 ---
2026-07-06 12:00:05    Niciun semnal nou. Pendinge: 0
2026-07-06 12:00:05    Urmatoarea bara 15min @ 12:15:05 — 899s
2026-07-06 12:15:05  --- S15-GBPUSD iter 5 @ 12:15:05 ---
2026-07-06 12:15:05    Niciun semnal nou. Pendinge: 0
2026-07-06 12:15:05    Urmatoarea bara 15min @ 12:30:05 — 900s
2026-07-06 12:30:05  --- S15-GBPUSD iter 6 @ 12:30:05 ---
2026-07-06 12:30:05    Niciun semnal nou. Pendinge: 0
2026-07-06 12:30:05    Urmatoarea bara 15min @ 12:45:05 — 900s
2026-07-06 12:45:05  --- S15-GBPUSD iter 7 @ 12:45:05 ---
2026-07-06 12:45:05    Niciun semnal nou. Pendinge: 0
2026-07-06 12:45:05    Urmatoarea bara 15min @ 13:00:05 — 900s
2026-07-06 12:57:13    [PROFIL] Profil 'Standard Profile' aplicat pe session15.
2026-07-06 12:57:13  =================================================================
2026-07-06 12:57:13    S15-GBPUSD — GBPUSD M15+M30 LONG pw=8 pullback | test +0.083R DD -48.2%
2026-07-06 12:57:13    Piete: ['GBPUSD']
2026-07-06 12:57:13    TF: M15 (trend M30) | PW=6 | BOTH
2026-07-06 12:57:13    Output: C:\Dev\trading-bot\data\live_signals\session15
2026-07-06 12:57:13  =================================================================
2026-07-06 12:57:13  MT5: 52906593 @ ICMarketsEU-Demo (DEMO)
2026-07-06 12:57:13    [ORPHAN] Nicio pozitie MT5 fara corespondent — state consistent cu MT5.
2026-07-06 12:57:13  Simboluri active: ['GBPUSD']
2026-07-06 12:57:13  Pornit. Ctrl+C pentru oprire.

2026-07-06 12:57:13  --- S15-GBPUSD iter 1 @ 12:57:13 ---
2026-07-06 12:57:13    Niciun semnal nou. Pendinge: 0
2026-07-06 12:57:13    Urmatoarea bara 15min @ 13:00:05 — 171s
2026-07-06 13:00:05  --- S15-GBPUSD iter 2 @ 13:00:05 ---
2026-07-06 13:00:22    Niciun semnal nou. Pendinge: 0
2026-07-06 13:00:22    Urmatoarea bara 15min @ 13:15:05 — 883s
2026-07-06 13:15:05  --- S15-GBPUSD iter 3 @ 13:15:05 ---
2026-07-06 13:15:05    Niciun semnal nou. Pendinge: 0
2026-07-06 13:15:05    Urmatoarea bara 15min @ 13:30:05 — 900s
2026-07-06 13:30:05  --- S15-GBPUSD iter 4 @ 13:30:05 ---
2026-07-06 13:30:05    Niciun semnal nou. Pendinge: 0
2026-07-06 13:30:05    Urmatoarea bara 15min @ 13:45:05 — 900s
2026-07-06 13:45:05  --- S15-GBPUSD iter 5 @ 13:45:05 ---
2026-07-06 13:45:05    Niciun semnal nou. Pendinge: 0
2026-07-06 13:45:05    Urmatoarea bara 15min @ 14:00:05 — 900s
2026-07-06 14:00:05  --- S15-GBPUSD iter 6 @ 14:00:05 ---
2026-07-06 14:00:08    Niciun semnal nou. Pendinge: 0
2026-07-06 14:00:08    Urmatoarea bara 15min @ 14:15:05 — 896s
2026-07-06 14:15:05  --- S15-GBPUSD iter 7 @ 14:15:05 ---
2026-07-06 14:15:05    Niciun semnal nou. Pendinge: 0
2026-07-06 14:15:05    Urmatoarea bara 15min @ 14:30:05 — 900s
2026-07-06 14:30:05  --- S15-GBPUSD iter 8 @ 14:30:05 ---
2026-07-06 14:30:05    Niciun semnal nou. Pendinge: 0
2026-07-06 14:30:05    Urmatoarea bara 15min @ 14:45:05 — 900s
2026-07-06 14:45:05  --- S15-GBPUSD iter 9 @ 14:45:05 ---
2026-07-06 14:45:27    Niciun semnal nou. Pendinge: 0
2026-07-06 14:45:27    Urmatoarea bara 15min @ 15:00:05 — 877s
2026-07-06 15:00:05  --- S15-GBPUSD iter 10 @ 15:00:05 ---
2026-07-06 15:00:05    Niciun semnal nou. Pendinge: 0
2026-07-06 15:00:05    Urmatoarea bara 15min @ 15:15:05 — 900s
2026-07-06 15:15:05  --- S15-GBPUSD iter 11 @ 15:15:05 ---
2026-07-06 15:15:05    Niciun semnal nou. Pendinge: 0
2026-07-06 15:15:05    Urmatoarea bara 15min @ 15:30:05 — 900s
2026-07-06 15:30:05  --- S15-GBPUSD iter 12 @ 15:30:05 ---
2026-07-06 15:30:05    Niciun semnal nou. Pendinge: 0
2026-07-06 15:30:05    Urmatoarea bara 15min @ 15:45:05 — 900s
2026-07-06 15:45:05  --- S15-GBPUSD iter 13 @ 15:45:05 ---
2026-07-06 15:45:05    Niciun semnal nou. Pendinge: 0
2026-07-06 15:45:05    Urmatoarea bara 15min @ 16:00:05 — 900s
2026-07-06 16:00:05  --- S15-GBPUSD iter 14 @ 16:00:05 ---
2026-07-06 16:00:05    Niciun semnal nou. Pendinge: 0
2026-07-06 16:00:05    Urmatoarea bara 15min @ 16:15:05 — 899s
2026-07-06 16:15:05  --- S15-GBPUSD iter 15 @ 16:15:05 ---
2026-07-06 16:15:05    Niciun semnal nou. Pendinge: 0
2026-07-06 16:15:05    Urmatoarea bara 15min @ 16:30:05 — 900s
2026-07-06 16:30:05  --- S15-GBPUSD iter 16 @ 16:30:05 ---
2026-07-06 16:30:05    Niciun semnal nou. Pendinge: 0
2026-07-06 16:30:05    Urmatoarea bara 15min @ 16:45:05 — 900s
2026-07-06 16:45:05  --- S15-GBPUSD iter 17 @ 16:45:05 ---
2026-07-06 16:45:05    Niciun semnal nou. Pendinge: 0
2026-07-06 16:45:05    Urmatoarea bara 15min @ 17:00:05 — 900s
2026-07-06 17:00:05  --- S15-GBPUSD iter 18 @ 17:00:05 ---
2026-07-06 17:00:05    [STIRI] Pauza automata — ISM Services PMI (USD, High, 2 min)
2026-07-06 17:00:05    [STIRI] Tranzitie → pauza: inchid ordine/pozitii active.
2026-07-06 17:00:05    [STIRI] Nicio pozitie/ordin activ — nimic de inchis.
2026-07-06 17:00:06    Niciun semnal nou. Pendinge: 0
2026-07-06 17:00:06    Urmatoarea bara 15min @ 17:15:05 — 899s
2026-07-06 17:15:05  --- S15-GBPUSD iter 19 @ 17:15:05 ---
2026-07-06 17:15:05    [STIRI] Pauza automata — ISM Services PMI (USD, High, -13 min)
2026-07-06 17:15:05    Niciun semnal nou. Pendinge: 0
2026-07-06 17:15:05    Urmatoarea bara 15min @ 17:30:05 — 900s
2026-07-06 17:30:05  --- S15-GBPUSD iter 20 @ 17:30:05 ---
2026-07-06 17:30:05    Niciun semnal nou. Pendinge: 0
2026-07-06 17:30:05    Urmatoarea bara 15min @ 17:45:05 — 900s
2026-07-06 17:45:05  --- S15-GBPUSD iter 21 @ 17:45:05 ---
2026-07-06 17:45:05    Niciun semnal nou. Pendinge: 0
2026-07-06 17:45:05    Urmatoarea bara 15min @ 18:00:05 — 900s
2026-07-06 18:00:05  --- S15-GBPUSD iter 22 @ 18:00:05 ---
2026-07-06 18:00:05    Niciun semnal nou. Pendinge: 0
2026-07-06 18:00:05    Urmatoarea bara 15min @ 18:15:05 — 900s
2026-07-06 18:15:05  --- S15-GBPUSD iter 23 @ 18:15:05 ---
2026-07-06 18:15:05    Niciun semnal nou. Pendinge: 0
2026-07-06 18:15:05    Urmatoarea bara 15min @ 18:30:05 — 900s
2026-07-06 18:30:05  --- S15-GBPUSD iter 24 @ 18:30:05 ---
2026-07-06 18:30:05    Niciun semnal nou. Pendinge: 0
2026-07-06 18:30:05    Urmatoarea bara 15min @ 18:45:05 — 900s
2026-07-06 18:45:05  --- S15-GBPUSD iter 25 @ 18:45:05 ---
2026-07-06 18:45:12    Niciun semnal nou. Pendinge: 0
2026-07-06 18:45:12    Urmatoarea bara 15min @ 19:00:05 — 892s
2026-07-06 19:00:05  --- S15-GBPUSD iter 26 @ 19:00:05 ---
2026-07-06 19:00:05    Niciun semnal nou. Pendinge: 0
2026-07-06 19:00:05    Urmatoarea bara 15min @ 19:15:05 — 900s
2026-07-06 19:15:05  --- S15-GBPUSD iter 27 @ 19:15:05 ---
2026-07-06 19:15:05    Niciun semnal nou. Pendinge: 0
2026-07-06 19:15:05    Urmatoarea bara 15min @ 19:30:05 — 900s
2026-07-06 19:30:05  --- S15-GBPUSD iter 28 @ 19:30:05 ---
2026-07-06 19:30:05    Niciun semnal nou. Pendinge: 0
2026-07-06 19:30:05    Urmatoarea bara 15min @ 19:45:05 — 900s
2026-07-06 19:45:05  --- S15-GBPUSD iter 29 @ 19:45:05 ---
2026-07-06 19:45:05    Niciun semnal nou. Pendinge: 0
2026-07-06 19:45:05    Urmatoarea bara 15min @ 20:00:05 — 900s
2026-07-06 20:00:05  --- S15-GBPUSD iter 30 @ 20:00:05 ---
2026-07-06 20:00:05    Niciun semnal nou. Pendinge: 0
2026-07-06 20:00:05    Urmatoarea bara 15min @ 20:15:05 — 900s
2026-07-06 20:15:05  --- S15-GBPUSD iter 31 @ 20:15:05 ---
2026-07-06 20:15:05    Niciun semnal nou. Pendinge: 0
2026-07-06 20:15:05    Urmatoarea bara 15min @ 20:30:05 — 900s
2026-07-06 20:30:05  --- S15-GBPUSD iter 32 @ 20:30:05 ---
2026-07-06 20:30:05    Niciun semnal nou. Pendinge: 0
2026-07-06 20:30:05    Urmatoarea bara 15min @ 20:45:05 — 900s
2026-07-06 20:45:05  --- S15-GBPUSD iter 33 @ 20:45:05 ---
2026-07-06 20:45:05    Niciun semnal nou. Pendinge: 0
2026-07-06 20:45:05    Urmatoarea bara 15min @ 21:00:05 — 900s
2026-07-06 21:00:05  --- S15-GBPUSD iter 34 @ 21:00:05 ---
2026-07-06 21:00:05    Niciun semnal nou. Pendinge: 0
2026-07-06 21:00:05    Urmatoarea bara 15min @ 21:15:05 — 900s
2026-07-06 21:15:05  --- S15-GBPUSD iter 35 @ 21:15:05 ---
2026-07-06 21:15:05    Niciun semnal nou. Pendinge: 0
2026-07-06 21:15:05    Urmatoarea bara 15min @ 21:30:05 — 900s
2026-07-06 21:30:05  --- S15-GBPUSD iter 36 @ 21:30:05 ---
2026-07-06 21:30:05    Niciun semnal nou. Pendinge: 0
2026-07-06 21:30:05    Urmatoarea bara 15min @ 21:45:05 — 900s
2026-07-06 21:45:05  --- S15-GBPUSD iter 37 @ 21:45:05 ---
2026-07-06 21:45:05    Niciun semnal nou. Pendinge: 0
2026-07-06 21:45:05    Urmatoarea bara 15min @ 22:00:05 — 900s
2026-07-06 22:00:05  --- S15-GBPUSD iter 38 @ 22:00:05 ---
2026-07-06 22:00:05    Niciun semnal nou. Pendinge: 0
2026-07-06 22:00:05    Urmatoarea bara 15min @ 22:15:05 — 900s
2026-07-06 22:15:05  --- S15-GBPUSD iter 39 @ 22:15:05 ---
2026-07-06 22:15:05    Niciun semnal nou. Pendinge: 0
2026-07-06 22:15:05    Urmatoarea bara 15min @ 22:30:05 — 900s
2026-07-06 22:30:05  --- S15-GBPUSD iter 40 @ 22:30:05 ---
2026-07-06 22:30:05    Niciun semnal nou. Pendinge: 0
2026-07-06 22:30:05    Urmatoarea bara 15min @ 22:45:05 — 900s
2026-07-06 22:45:05  --- S15-GBPUSD iter 41 @ 22:45:05 ---
2026-07-06 22:45:05    Niciun semnal nou. Pendinge: 0
2026-07-06 22:45:05    Urmatoarea bara 15min @ 23:00:05 — 900s
2026-07-06 23:00:05  --- S15-GBPUSD iter 42 @ 23:00:05 ---
2026-07-06 23:00:05    Niciun semnal nou. Pendinge: 0
2026-07-06 23:00:05    Urmatoarea bara 15min @ 23:15:05 — 900s
2026-07-06 23:15:05  --- S15-GBPUSD iter 43 @ 23:15:05 ---
2026-07-06 23:15:05    Niciun semnal nou. Pendinge: 0
2026-07-06 23:15:05    Urmatoarea bara 15min @ 23:30:05 — 900s
2026-07-06 23:30:05  --- S15-GBPUSD iter 44 @ 23:30:05 ---
2026-07-06 23:30:05    Niciun semnal nou. Pendinge: 0
2026-07-06 23:30:05    Urmatoarea bara 15min @ 23:45:05 — 900s
2026-07-06 23:45:05  --- S15-GBPUSD iter 45 @ 23:45:05 ---
2026-07-06 23:45:05    Niciun semnal nou. Pendinge: 0
2026-07-06 23:45:05    Urmatoarea bara 15min @ 00:00:05 — 900s
2026-07-07 00:00:05  --- S15-GBPUSD iter 46 @ 00:00:05 ---
2026-07-07 00:00:05    Niciun semnal nou. Pendinge: 0
2026-07-07 00:00:05    Urmatoarea bara 15min @ 00:15:05 — 900s
2026-07-07 00:15:05  --- S15-GBPUSD iter 47 @ 00:15:05 ---
2026-07-07 00:15:05    Niciun semnal nou. Pendinge: 0
2026-07-07 00:15:05    Urmatoarea bara 15min @ 00:30:05 — 900s
2026-07-07 00:30:05  --- S15-GBPUSD iter 48 @ 00:30:05 ---
2026-07-07 00:30:05    Niciun semnal nou. Pendinge: 0
2026-07-07 00:30:05    Urmatoarea bara 15min @ 00:45:05 — 900s
2026-07-07 00:45:05  --- S15-GBPUSD iter 49 @ 00:45:05 ---
2026-07-07 00:45:05    Niciun semnal nou. Pendinge: 0
2026-07-07 00:45:05    Urmatoarea bara 15min @ 01:00:05 — 900s
2026-07-07 01:00:05  --- S15-GBPUSD iter 50 @ 01:00:05 ---
2026-07-07 01:00:05    Niciun semnal nou. Pendinge: 0
2026-07-07 01:00:05    Urmatoarea bara 15min @ 01:15:05 — 900s
2026-07-07 01:15:05  --- S15-GBPUSD iter 51 @ 01:15:05 ---
2026-07-07 01:15:05    Niciun semnal nou. Pendinge: 0
2026-07-07 01:15:05    Urmatoarea bara 15min @ 01:30:05 — 900s
2026-07-07 01:30:05  --- S15-GBPUSD iter 52 @ 01:30:05 ---
2026-07-07 01:30:05    Niciun semnal nou. Pendinge: 0
2026-07-07 01:30:05    Urmatoarea bara 15min @ 01:45:05 — 900s
2026-07-07 01:45:05  --- S15-GBPUSD iter 53 @ 01:45:05 ---
2026-07-07 01:45:05    Niciun semnal nou. Pendinge: 0
2026-07-07 01:45:05    Urmatoarea bara 15min @ 02:00:05 — 900s
2026-07-07 02:00:05  --- S15-GBPUSD iter 54 @ 02:00:05 ---
2026-07-07 02:00:05    Niciun semnal nou. Pendinge: 0
2026-07-07 02:00:05    Urmatoarea bara 15min @ 02:15:05 — 900s
2026-07-07 02:15:05  --- S15-GBPUSD iter 55 @ 02:15:05 ---
2026-07-07 02:15:05    Niciun semnal nou. Pendinge: 0
2026-07-07 02:15:05    Urmatoarea bara 15min @ 02:30:05 — 900s
2026-07-07 02:30:05  --- S15-GBPUSD iter 56 @ 02:30:05 ---
2026-07-07 02:30:05    Niciun semnal nou. Pendinge: 0
2026-07-07 02:30:05    Urmatoarea bara 15min @ 02:45:05 — 900s
2026-07-07 02:45:05  --- S15-GBPUSD iter 57 @ 02:45:05 ---
2026-07-07 02:45:05    Niciun semnal nou. Pendinge: 0
2026-07-07 02:45:05    Urmatoarea bara 15min @ 03:00:05 — 900s
2026-07-07 03:00:05  --- S15-GBPUSD iter 58 @ 03:00:05 ---
2026-07-07 03:00:05    Niciun semnal nou. Pendinge: 0
2026-07-07 03:00:05    Urmatoarea bara 15min @ 03:15:05 — 900s
2026-07-07 03:15:05  --- S15-GBPUSD iter 59 @ 03:15:05 ---
2026-07-07 03:15:05    Niciun semnal nou. Pendinge: 0
2026-07-07 03:15:05    Urmatoarea bara 15min @ 03:30:05 — 900s
2026-07-07 03:30:05  --- S15-GBPUSD iter 60 @ 03:30:05 ---
2026-07-07 03:30:05    Niciun semnal nou. Pendinge: 0
2026-07-07 03:30:05    Urmatoarea bara 15min @ 03:45:05 — 900s
2026-07-07 03:45:05  --- S15-GBPUSD iter 61 @ 03:45:05 ---
2026-07-07 03:45:05    Niciun semnal nou. Pendinge: 0
2026-07-07 03:45:05    Urmatoarea bara 15min @ 04:00:05 — 900s
2026-07-07 04:00:05  --- S15-GBPUSD iter 62 @ 04:00:05 ---
2026-07-07 04:00:05    Niciun semnal nou. Pendinge: 0
2026-07-07 04:00:05    Urmatoarea bara 15min @ 04:15:05 — 899s
2026-07-07 04:15:05  --- S15-GBPUSD iter 63 @ 04:15:05 ---
2026-07-07 04:15:05    Niciun semnal nou. Pendinge: 0
2026-07-07 04:15:05    Urmatoarea bara 15min @ 04:30:05 — 900s
2026-07-07 04:30:05  --- S15-GBPUSD iter 64 @ 04:30:05 ---
2026-07-07 04:30:05    Niciun semnal nou. Pendinge: 0
2026-07-07 04:30:05    Urmatoarea bara 15min @ 04:45:05 — 900s
2026-07-07 04:45:05  --- S15-GBPUSD iter 65 @ 04:45:05 ---
2026-07-07 04:45:05    Niciun semnal nou. Pendinge: 0
2026-07-07 04:45:05    Urmatoarea bara 15min @ 05:00:05 — 900s
2026-07-07 05:00:05  --- S15-GBPUSD iter 66 @ 05:00:05 ---
2026-07-07 05:00:05    Niciun semnal nou. Pendinge: 0
2026-07-07 05:00:05    Urmatoarea bara 15min @ 05:15:05 — 900s
2026-07-07 05:15:05  --- S15-GBPUSD iter 67 @ 05:15:05 ---
2026-07-07 05:15:05    Niciun semnal nou. Pendinge: 0
2026-07-07 05:15:05    Urmatoarea bara 15min @ 05:30:05 — 900s
2026-07-07 05:30:05  --- S15-GBPUSD iter 68 @ 05:30:05 ---
2026-07-07 05:30:05    Niciun semnal nou. Pendinge: 0
2026-07-07 05:30:05    Urmatoarea bara 15min @ 05:45:05 — 900s
2026-07-07 05:45:05  --- S15-GBPUSD iter 69 @ 05:45:05 ---
2026-07-07 05:45:05    Niciun semnal nou. Pendinge: 0
2026-07-07 05:45:05    Urmatoarea bara 15min @ 06:00:05 — 900s
2026-07-07 06:00:05  --- S15-GBPUSD iter 70 @ 06:00:05 ---
2026-07-07 06:00:05    Niciun semnal nou. Pendinge: 0
2026-07-07 06:00:05    Urmatoarea bara 15min @ 06:15:05 — 900s
2026-07-07 06:15:05  --- S15-GBPUSD iter 71 @ 06:15:05 ---
2026-07-07 06:15:05    Niciun semnal nou. Pendinge: 0
2026-07-07 06:15:05    Urmatoarea bara 15min @ 06:30:05 — 900s
2026-07-07 06:30:05  --- S15-GBPUSD iter 72 @ 06:30:05 ---
2026-07-07 06:30:05    Niciun semnal nou. Pendinge: 0
2026-07-07 06:30:05    Urmatoarea bara 15min @ 06:45:05 — 900s
2026-07-07 06:45:05  --- S15-GBPUSD iter 73 @ 06:45:05 ---
2026-07-07 06:45:05    Niciun semnal nou. Pendinge: 0
2026-07-07 06:45:05    Urmatoarea bara 15min @ 07:00:05 — 900s
2026-07-07 07:00:05  --- S15-GBPUSD iter 74 @ 07:00:05 ---
2026-07-07 07:00:05    Niciun semnal nou. Pendinge: 0
2026-07-07 07:00:05    Urmatoarea bara 15min @ 07:15:05 — 900s
2026-07-07 07:15:05  --- S15-GBPUSD iter 75 @ 07:15:05 ---
2026-07-07 07:15:05    Niciun semnal nou. Pendinge: 0
2026-07-07 07:15:05    Urmatoarea bara 15min @ 07:30:05 — 900s
2026-07-07 07:30:05  --- S15-GBPUSD iter 76 @ 07:30:05 ---
2026-07-07 07:30:05    Niciun semnal nou. Pendinge: 0
2026-07-07 07:30:05    Urmatoarea bara 15min @ 07:45:05 — 900s
2026-07-07 07:45:05  --- S15-GBPUSD iter 77 @ 07:45:05 ---
2026-07-07 07:45:05    Niciun semnal nou. Pendinge: 0
2026-07-07 07:45:05    Urmatoarea bara 15min @ 08:00:05 — 900s
2026-07-07 08:00:05  --- S15-GBPUSD iter 78 @ 08:00:05 ---
2026-07-07 08:00:05    Niciun semnal nou. Pendinge: 0
2026-07-07 08:00:05    Urmatoarea bara 15min @ 08:15:05 — 900s
2026-07-07 08:15:05  --- S15-GBPUSD iter 79 @ 08:15:05 ---
2026-07-07 08:15:05    Niciun semnal nou. Pendinge: 0
2026-07-07 08:15:05    Urmatoarea bara 15min @ 08:30:05 — 900s
2026-07-07 08:30:05  --- S15-GBPUSD iter 80 @ 08:30:05 ---
2026-07-07 08:30:05    Niciun semnal nou. Pendinge: 0
2026-07-07 08:30:05    Urmatoarea bara 15min @ 08:45:05 — 900s
2026-07-07 08:45:05  --- S15-GBPUSD iter 81 @ 08:45:05 ---
2026-07-07 08:45:05    Niciun semnal nou. Pendinge: 0
2026-07-07 08:45:05    Urmatoarea bara 15min @ 09:00:05 — 900s
2026-07-07 08:57:55    [PROFIL] Profil 'Standard Profile' aplicat pe session15.
2026-07-07 08:57:55  =================================================================
2026-07-07 08:57:55    S15-GBPUSD — GBPUSD M15+M30 LONG pw=8 pullback | test +0.083R DD -48.2%
2026-07-07 08:57:55    Piete: ['GBPUSD']
2026-07-07 08:57:55    TF: M15 (trend M30) | PW=6 | BOTH
2026-07-07 08:57:55    Output: C:\Dev\trading-bot\data\live_signals\session15
2026-07-07 08:57:55  =================================================================
2026-07-07 08:57:55  MT5: 52906593 @ ICMarketsEU-Demo (DEMO)
2026-07-07 08:57:55    [ORPHAN] Nicio pozitie MT5 fara corespondent — state consistent cu MT5.
2026-07-07 08:57:56  Simboluri active: ['GBPUSD']
2026-07-07 08:57:56  Pornit. Ctrl+C pentru oprire.

2026-07-07 08:57:56  --- S15-GBPUSD iter 1 @ 08:57:56 ---
2026-07-07 08:57:56    Niciun semnal nou. Pendinge: 0
2026-07-07 08:57:56    Urmatoarea bara 15min @ 09:00:05 — 129s
2026-07-07 09:00:05  --- S15-GBPUSD iter 2 @ 09:00:05 ---
2026-07-07 09:00:05    Niciun semnal nou. Pendinge: 0
2026-07-07 09:00:05    Urmatoarea bara 15min @ 09:15:05 — 900s
2026-07-07 09:15:05  --- S15-GBPUSD iter 3 @ 09:15:05 ---
2026-07-07 09:15:05    Niciun semnal nou. Pendinge: 0
2026-07-07 09:15:05    Urmatoarea bara 15min @ 09:30:05 — 900s
2026-07-07 09:30:05  --- S15-GBPUSD iter 4 @ 09:30:05 ---
2026-07-07 09:30:05    Niciun semnal nou. Pendinge: 0
2026-07-07 09:30:05    Urmatoarea bara 15min @ 09:45:05 — 900s
2026-07-07 09:45:05  --- S15-GBPUSD iter 5 @ 09:45:05 ---
2026-07-07 09:45:05    *** SEMNAL [INSIDE_BAR]: S15-GBPUSD-IB0006 GBPUSD LONG entry=1.33854 sl=1.33751 tp=1.34060 (2.0R) RSI=42
2026-07-07 09:45:06    [EXEC] *** ORDIN: S15-GBPUSD-IB0006 GBPUSD LONG 0.02lot @ 1.33854  SL=1.33751  TP=1.34060  ticket=#1793372047
2026-07-07 09:45:06    Urmatoarea bara 15min @ 10:00:05 — 899s
2026-07-07 10:00:05  --- S15-GBPUSD iter 6 @ 10:00:05 ---
2026-07-07 10:00:05    Niciun semnal nou. Pendinge: 1
2026-07-07 10:00:05    Urmatoarea bara 15min @ 10:15:05 — 900s
2026-07-07 10:15:05  --- S15-GBPUSD iter 7 @ 10:15:05 ---
2026-07-07 10:15:05    Niciun semnal nou. Pendinge: 1
2026-07-07 10:15:05    Urmatoarea bara 15min @ 10:30:05 — 900s
2026-07-07 10:30:05  --- S15-GBPUSD iter 8 @ 10:30:05 ---
2026-07-07 10:30:05    TRIGGERAT: S15-GBPUSD-IB0006 GBPUSD LONG @ 1.33854
2026-07-07 10:30:05    Niciun semnal nou. Pendinge: 1
2026-07-07 10:30:05    Urmatoarea bara 15min @ 10:45:05 — 900s
2026-07-07 10:45:05  --- S15-GBPUSD iter 9 @ 10:45:05 ---
2026-07-07 10:45:05    Niciun semnal nou. Pendinge: 1
2026-07-07 10:45:05    Urmatoarea bara 15min @ 11:00:05 — 900s
2026-07-07 11:00:05  --- S15-GBPUSD iter 10 @ 11:00:05 ---
2026-07-07 11:00:05    Niciun semnal nou. Pendinge: 1
2026-07-07 11:00:05    Urmatoarea bara 15min @ 11:15:05 — 900s
2026-07-07 11:15:05  --- S15-GBPUSD iter 11 @ 11:15:05 ---
2026-07-07 11:15:05    Niciun semnal nou. Pendinge: 1
2026-07-07 11:15:05    Urmatoarea bara 15min @ 11:30:05 — 900s
2026-07-07 11:30:05  --- S15-GBPUSD iter 12 @ 11:30:05 ---
2026-07-07 11:30:05    Niciun semnal nou. Pendinge: 1
2026-07-07 11:30:05    Urmatoarea bara 15min @ 11:45:05 — 900s
2026-07-07 11:45:05  --- S15-GBPUSD iter 13 @ 11:45:05 ---
2026-07-07 11:45:05    Niciun semnal nou. Pendinge: 1
2026-07-07 11:45:05    Urmatoarea bara 15min @ 12:00:05 — 900s
2026-07-07 12:00:05  --- S15-GBPUSD iter 14 @ 12:00:05 ---
2026-07-07 12:00:05    Niciun semnal nou. Pendinge: 1
2026-07-07 12:00:05    Urmatoarea bara 15min @ 12:15:05 — 899s
2026-07-07 12:15:05  --- S15-GBPUSD iter 15 @ 12:15:05 ---
2026-07-07 12:15:05    Niciun semnal nou. Pendinge: 1
2026-07-07 12:15:05    Urmatoarea bara 15min @ 12:30:05 — 900s
2026-07-07 12:30:05  --- S15-GBPUSD iter 16 @ 12:30:05 ---
2026-07-07 12:30:05    Niciun semnal nou. Pendinge: 1
2026-07-07 12:30:05    Urmatoarea bara 15min @ 12:45:05 — 900s
2026-07-07 12:45:05  --- S15-GBPUSD iter 17 @ 12:45:05 ---
2026-07-07 12:45:05    Niciun semnal nou. Pendinge: 1
2026-07-07 12:45:05    Urmatoarea bara 15min @ 13:00:05 — 900s
2026-07-07 13:00:05  --- S15-GBPUSD iter 18 @ 13:00:05 ---
2026-07-07 13:00:05    Niciun semnal nou. Pendinge: 1
2026-07-07 13:00:05    Urmatoarea bara 15min @ 13:15:05 — 900s
2026-07-07 13:15:05  --- S15-GBPUSD iter 19 @ 13:15:05 ---
2026-07-07 13:15:05    [MT5] Pozitie #1793372047 inchisa: exit=1.33751  result=-1.000R  pnl=-2.06USD  comm=-0.14  swap=+0.00  [SL]
2026-07-07 13:15:05    PIERDERE (MT5): S15-GBPUSD-IB0006 SL -1.000R
2026-07-07 13:15:05    Niciun semnal nou. Pendinge: 0
2026-07-07 13:15:05    Urmatoarea bara 15min @ 13:30:05 — 900s
2026-07-07 13:30:05  --- S15-GBPUSD iter 20 @ 13:30:05 ---
2026-07-07 13:30:05    Niciun semnal nou. Pendinge: 0
2026-07-07 13:30:05    Urmatoarea bara 15min @ 13:45:05 — 900s
2026-07-07 13:45:05  --- S15-GBPUSD iter 21 @ 13:45:05 ---
2026-07-07 13:45:05    Niciun semnal nou. Pendinge: 0
2026-07-07 13:45:05    Urmatoarea bara 15min @ 14:00:05 — 900s
2026-07-07 14:00:05  --- S15-GBPUSD iter 22 @ 14:00:05 ---
2026-07-07 14:00:05    Niciun semnal nou. Pendinge: 0
2026-07-07 14:00:05    Urmatoarea bara 15min @ 14:15:05 — 900s
2026-07-07 14:15:05  --- S15-GBPUSD iter 23 @ 14:15:05 ---
2026-07-07 14:15:05    Niciun semnal nou. Pendinge: 0
2026-07-07 14:15:05    Urmatoarea bara 15min @ 14:30:05 — 900s
2026-07-07 14:30:05  --- S15-GBPUSD iter 24 @ 14:30:05 ---
2026-07-07 14:30:05    Niciun semnal nou. Pendinge: 0
2026-07-07 14:30:05    Urmatoarea bara 15min @ 14:45:05 — 900s
2026-07-07 14:45:05  --- S15-GBPUSD iter 25 @ 14:45:05 ---
2026-07-07 14:45:05    Niciun semnal nou. Pendinge: 0
2026-07-07 14:45:05    Urmatoarea bara 15min @ 15:00:05 — 900s
2026-07-07 15:00:05  --- S15-GBPUSD iter 26 @ 15:00:05 ---
2026-07-07 15:00:05    Niciun semnal nou. Pendinge: 0
2026-07-07 15:00:05    Urmatoarea bara 15min @ 15:15:05 — 899s
2026-07-07 15:15:05  --- S15-GBPUSD iter 27 @ 15:15:05 ---
2026-07-07 15:15:05    Niciun semnal nou. Pendinge: 0
2026-07-07 15:15:05    Urmatoarea bara 15min @ 15:30:05 — 900s
2026-07-07 15:30:05  --- S15-GBPUSD iter 28 @ 15:30:05 ---
2026-07-07 15:30:05    Niciun semnal nou. Pendinge: 0
2026-07-07 15:30:05    Urmatoarea bara 15min @ 15:45:05 — 900s
2026-07-07 15:45:05  --- S15-GBPUSD iter 29 @ 15:45:05 ---
2026-07-07 15:45:05    Niciun semnal nou. Pendinge: 0
2026-07-07 15:45:05    Urmatoarea bara 15min @ 16:00:05 — 900s
2026-07-07 16:00:05  --- S15-GBPUSD iter 30 @ 16:00:05 ---
2026-07-07 16:00:05    Niciun semnal nou. Pendinge: 0
2026-07-07 16:00:05    Urmatoarea bara 15min @ 16:15:05 — 899s
2026-07-07 16:15:05  --- S15-GBPUSD iter 31 @ 16:15:05 ---
2026-07-07 16:15:05    Niciun semnal nou. Pendinge: 0
2026-07-07 16:15:05    Urmatoarea bara 15min @ 16:30:05 — 900s
2026-07-07 16:30:05  --- S15-GBPUSD iter 32 @ 16:30:05 ---
2026-07-07 16:30:05    Niciun semnal nou. Pendinge: 0
2026-07-07 16:30:05    Urmatoarea bara 15min @ 16:45:05 — 900s
2026-07-07 16:45:05  --- S15-GBPUSD iter 33 @ 16:45:05 ---
2026-07-07 16:45:05    Niciun semnal nou. Pendinge: 0
2026-07-07 16:45:05    Urmatoarea bara 15min @ 17:00:05 — 900s
2026-07-07 17:00:05  --- S15-GBPUSD iter 34 @ 17:00:05 ---
2026-07-07 17:00:05    Niciun semnal nou. Pendinge: 0
2026-07-07 17:00:05    Urmatoarea bara 15min @ 17:15:05 — 900s
2026-07-07 17:15:05  --- S15-GBPUSD iter 35 @ 17:15:05 ---
2026-07-07 17:15:05    Niciun semnal nou. Pendinge: 0
2026-07-07 17:15:05    Urmatoarea bara 15min @ 17:30:05 — 900s
2026-07-07 17:30:05  --- S15-GBPUSD iter 36 @ 17:30:05 ---
2026-07-07 17:30:05    Niciun semnal nou. Pendinge: 0
2026-07-07 17:30:05    Urmatoarea bara 15min @ 17:45:05 — 900s
2026-07-07 17:45:05  --- S15-GBPUSD iter 37 @ 17:45:05 ---
2026-07-07 17:45:05    Niciun semnal nou. Pendinge: 0
2026-07-07 17:45:05    Urmatoarea bara 15min @ 18:00:05 — 900s
2026-07-07 18:00:05  --- S15-GBPUSD iter 38 @ 18:00:05 ---
2026-07-07 18:00:05    Niciun semnal nou. Pendinge: 0
2026-07-07 18:00:05    Urmatoarea bara 15min @ 18:15:05 — 900s
2026-07-07 18:15:05  --- S15-GBPUSD iter 39 @ 18:15:05 ---
2026-07-07 18:15:05    Niciun semnal nou. Pendinge: 0
2026-07-07 18:15:05    Urmatoarea bara 15min @ 18:30:05 — 900s
2026-07-07 18:30:05  --- S15-GBPUSD iter 40 @ 18:30:05 ---
2026-07-07 18:30:05    Niciun semnal nou. Pendinge: 0
2026-07-07 18:30:05    Urmatoarea bara 15min @ 18:45:05 — 900s
2026-07-07 18:45:05  --- S15-GBPUSD iter 41 @ 18:45:05 ---
2026-07-07 18:45:05    Niciun semnal nou. Pendinge: 0
2026-07-07 18:45:05    Urmatoarea bara 15min @ 19:00:05 — 900s
2026-07-07 19:00:05  --- S15-GBPUSD iter 42 @ 19:00:05 ---
2026-07-07 19:00:05    Niciun semnal nou. Pendinge: 0
2026-07-07 19:00:05    Urmatoarea bara 15min @ 19:15:05 — 900s
2026-07-07 19:15:05  --- S15-GBPUSD iter 43 @ 19:15:05 ---
2026-07-07 19:15:05    Niciun semnal nou. Pendinge: 0
2026-07-07 19:15:05    Urmatoarea bara 15min @ 19:30:05 — 900s
2026-07-07 19:30:05  --- S15-GBPUSD iter 44 @ 19:30:05 ---
2026-07-07 19:30:05    Niciun semnal nou. Pendinge: 0
2026-07-07 19:30:05    Urmatoarea bara 15min @ 19:45:05 — 900s
2026-07-07 19:45:05  --- S15-GBPUSD iter 45 @ 19:45:05 ---
2026-07-07 19:45:05    Niciun semnal nou. Pendinge: 0
2026-07-07 19:45:05    Urmatoarea bara 15min @ 20:00:05 — 900s
2026-07-07 20:00:05  --- S15-GBPUSD iter 46 @ 20:00:05 ---
2026-07-07 20:00:05    Niciun semnal nou. Pendinge: 0
2026-07-07 20:00:05    Urmatoarea bara 15min @ 20:15:05 — 899s
2026-07-07 20:15:05  --- S15-GBPUSD iter 47 @ 20:15:05 ---
2026-07-07 20:15:05    Niciun semnal nou. Pendinge: 0
2026-07-07 20:15:05    Urmatoarea bara 15min @ 20:30:05 — 900s
2026-07-07 20:30:05  --- S15-GBPUSD iter 48 @ 20:30:05 ---
2026-07-07 20:30:05    Niciun semnal nou. Pendinge: 0
2026-07-07 20:30:05    Urmatoarea bara 15min @ 20:45:05 — 900s
2026-07-07 20:45:05  --- S15-GBPUSD iter 49 @ 20:45:05 ---
2026-07-07 20:45:05    Niciun semnal nou. Pendinge: 0
2026-07-07 20:45:05    Urmatoarea bara 15min @ 21:00:05 — 900s
2026-07-07 21:00:05  --- S15-GBPUSD iter 50 @ 21:00:05 ---
2026-07-07 21:00:05    Niciun semnal nou. Pendinge: 0
2026-07-07 21:00:05    Urmatoarea bara 15min @ 21:15:05 — 900s
2026-07-07 21:15:05  --- S15-GBPUSD iter 51 @ 21:15:05 ---
2026-07-07 21:15:05    Niciun semnal nou. Pendinge: 0
2026-07-07 21:15:05    Urmatoarea bara 15min @ 21:30:05 — 900s
2026-07-07 21:30:05  --- S15-GBPUSD iter 52 @ 21:30:05 ---
2026-07-07 21:30:05    Niciun semnal nou. Pendinge: 0
2026-07-07 21:30:05    Urmatoarea bara 15min @ 21:45:05 — 900s
2026-07-07 21:45:05  --- S15-GBPUSD iter 53 @ 21:45:05 ---
2026-07-07 21:45:05    Niciun semnal nou. Pendinge: 0
2026-07-07 21:45:05    Urmatoarea bara 15min @ 22:00:05 — 900s
2026-07-07 22:00:05  --- S15-GBPUSD iter 54 @ 22:00:05 ---
2026-07-07 22:00:05    Niciun semnal nou. Pendinge: 0
2026-07-07 22:00:05    Urmatoarea bara 15min @ 22:15:05 — 900s
2026-07-07 22:15:05  --- S15-GBPUSD iter 55 @ 22:15:05 ---
2026-07-07 22:15:05    Niciun semnal nou. Pendinge: 0
2026-07-07 22:15:05    Urmatoarea bara 15min @ 22:30:05 — 900s
2026-07-07 22:30:05  --- S15-GBPUSD iter 56 @ 22:30:05 ---
2026-07-07 22:30:05    Niciun semnal nou. Pendinge: 0
2026-07-07 22:30:05    Urmatoarea bara 15min @ 22:45:05 — 900s
2026-07-07 22:45:05  --- S15-GBPUSD iter 57 @ 22:45:05 ---
2026-07-07 22:45:05    Niciun semnal nou. Pendinge: 0
2026-07-07 22:45:05    Urmatoarea bara 15min @ 23:00:05 — 900s
2026-07-07 23:00:05  --- S15-GBPUSD iter 58 @ 23:00:05 ---
2026-07-07 23:00:05    Niciun semnal nou. Pendinge: 0
2026-07-07 23:00:05    Urmatoarea bara 15min @ 23:15:05 — 899s
2026-07-07 23:15:05  --- S15-GBPUSD iter 59 @ 23:15:05 ---
2026-07-07 23:15:05    Niciun semnal nou. Pendinge: 0
2026-07-07 23:15:05    Urmatoarea bara 15min @ 23:30:05 — 900s
2026-07-07 23:30:05  --- S15-GBPUSD iter 60 @ 23:30:05 ---
2026-07-07 23:30:05    Niciun semnal nou. Pendinge: 0
2026-07-07 23:30:05    Urmatoarea bara 15min @ 23:45:05 — 900s
2026-07-07 23:45:05  --- S15-GBPUSD iter 61 @ 23:45:05 ---
2026-07-07 23:45:05    Niciun semnal nou. Pendinge: 0
2026-07-07 23:45:05    Urmatoarea bara 15min @ 00:00:05 — 900s
2026-07-08 00:00:05  --- S15-GBPUSD iter 62 @ 00:00:05 ---
2026-07-08 00:00:05    Niciun semnal nou. Pendinge: 0
2026-07-08 00:00:05    Urmatoarea bara 15min @ 00:15:05 — 899s
2026-07-08 00:15:05  --- S15-GBPUSD iter 63 @ 00:15:05 ---
2026-07-08 00:15:05    Niciun semnal nou. Pendinge: 0
2026-07-08 00:15:05    Urmatoarea bara 15min @ 00:30:05 — 900s
2026-07-08 00:30:05  --- S15-GBPUSD iter 64 @ 00:30:05 ---
2026-07-08 00:30:05    Niciun semnal nou. Pendinge: 0
2026-07-08 00:30:05    Urmatoarea bara 15min @ 00:45:05 — 900s
2026-07-08 00:45:05  --- S15-GBPUSD iter 65 @ 00:45:05 ---
2026-07-08 00:45:05    Niciun semnal nou. Pendinge: 0
2026-07-08 00:45:05    Urmatoarea bara 15min @ 01:00:05 — 900s
2026-07-08 01:00:05  --- S15-GBPUSD iter 66 @ 01:00:05 ---
2026-07-08 01:00:05    Niciun semnal nou. Pendinge: 0
2026-07-08 01:00:05    Urmatoarea bara 15min @ 01:15:05 — 900s
2026-07-08 01:15:05  --- S15-GBPUSD iter 67 @ 01:15:05 ---
2026-07-08 01:15:05    Niciun semnal nou. Pendinge: 0
2026-07-08 01:15:05    Urmatoarea bara 15min @ 01:30:05 — 900s
2026-07-08 01:30:05  --- S15-GBPUSD iter 68 @ 01:30:05 ---
2026-07-08 01:30:05    Niciun semnal nou. Pendinge: 0
2026-07-08 01:30:05    Urmatoarea bara 15min @ 01:45:05 — 900s
2026-07-08 01:45:05  --- S15-GBPUSD iter 69 @ 01:45:05 ---
2026-07-08 01:45:05    Niciun semnal nou. Pendinge: 0
2026-07-08 01:45:05    Urmatoarea bara 15min @ 02:00:05 — 900s
2026-07-08 02:00:05  --- S15-GBPUSD iter 70 @ 02:00:05 ---
2026-07-08 02:00:05    Niciun semnal nou. Pendinge: 0
2026-07-08 02:00:05    Urmatoarea bara 15min @ 02:15:05 — 900s
2026-07-08 02:15:05  --- S15-GBPUSD iter 71 @ 02:15:05 ---
2026-07-08 02:15:05    Niciun semnal nou. Pendinge: 0
2026-07-08 02:15:05    Urmatoarea bara 15min @ 02:30:05 — 900s
2026-07-08 02:30:05  --- S15-GBPUSD iter 72 @ 02:30:05 ---
2026-07-08 02:30:05    Niciun semnal nou. Pendinge: 0
2026-07-08 02:30:05    Urmatoarea bara 15min @ 02:45:05 — 900s
2026-07-08 02:45:05  --- S15-GBPUSD iter 73 @ 02:45:05 ---
2026-07-08 02:45:05    Niciun semnal nou. Pendinge: 0
2026-07-08 02:45:05    Urmatoarea bara 15min @ 03:00:05 — 900s
2026-07-08 03:00:05  --- S15-GBPUSD iter 74 @ 03:00:05 ---
2026-07-08 03:00:05    Niciun semnal nou. Pendinge: 0
2026-07-08 03:00:05    Urmatoarea bara 15min @ 03:15:05 — 900s
2026-07-08 03:15:05  --- S15-GBPUSD iter 75 @ 03:15:05 ---
2026-07-08 03:15:05    Niciun semnal nou. Pendinge: 0
2026-07-08 03:15:05    Urmatoarea bara 15min @ 03:30:05 — 900s
2026-07-08 03:30:05  --- S15-GBPUSD iter 76 @ 03:30:05 ---
2026-07-08 03:30:05    Niciun semnal nou. Pendinge: 0
2026-07-08 03:30:05    Urmatoarea bara 15min @ 03:45:05 — 900s
2026-07-08 03:45:05  --- S15-GBPUSD iter 77 @ 03:45:05 ---
2026-07-08 03:45:05    Niciun semnal nou. Pendinge: 0
2026-07-08 03:45:05    Urmatoarea bara 15min @ 04:00:05 — 900s
2026-07-08 04:00:05  --- S15-GBPUSD iter 78 @ 04:00:05 ---
2026-07-08 04:00:06    Niciun semnal nou. Pendinge: 0
2026-07-08 04:00:06    Urmatoarea bara 15min @ 04:15:05 — 899s
2026-07-08 04:15:05  --- S15-GBPUSD iter 79 @ 04:15:05 ---
2026-07-08 04:15:05    Niciun semnal nou. Pendinge: 0
2026-07-08 04:15:05    Urmatoarea bara 15min @ 04:30:05 — 900s
2026-07-08 04:30:05  --- S15-GBPUSD iter 80 @ 04:30:05 ---
2026-07-08 04:30:05    Niciun semnal nou. Pendinge: 0
2026-07-08 04:30:05    Urmatoarea bara 15min @ 04:45:05 — 900s
2026-07-08 04:45:05  --- S15-GBPUSD iter 81 @ 04:45:05 ---
2026-07-08 04:45:05    Niciun semnal nou. Pendinge: 0
2026-07-08 04:45:05    Urmatoarea bara 15min @ 05:00:05 — 900s
2026-07-08 05:00:05  --- S15-GBPUSD iter 82 @ 05:00:05 ---
2026-07-08 05:00:05    Niciun semnal nou. Pendinge: 0
2026-07-08 05:00:05    Urmatoarea bara 15min @ 05:15:05 — 899s
2026-07-08 05:15:05  --- S15-GBPUSD iter 83 @ 05:15:05 ---
2026-07-08 05:15:05    Niciun semnal nou. Pendinge: 0
2026-07-08 05:15:05    Urmatoarea bara 15min @ 05:30:05 — 900s
2026-07-08 05:30:05  --- S15-GBPUSD iter 84 @ 05:30:05 ---
2026-07-08 05:30:05    Niciun semnal nou. Pendinge: 0
2026-07-08 05:30:05    Urmatoarea bara 15min @ 05:45:05 — 900s
2026-07-08 05:45:05  --- S15-GBPUSD iter 85 @ 05:45:05 ---
2026-07-08 05:45:05    Niciun semnal nou. Pendinge: 0
2026-07-08 05:45:05    Urmatoarea bara 15min @ 06:00:05 — 900s
2026-07-08 06:00:05  --- S15-GBPUSD iter 86 @ 06:00:05 ---
2026-07-08 06:00:05    Niciun semnal nou. Pendinge: 0
2026-07-08 06:00:05    Urmatoarea bara 15min @ 06:15:05 — 899s
2026-07-08 06:15:05  --- S15-GBPUSD iter 87 @ 06:15:05 ---
2026-07-08 06:15:05    Niciun semnal nou. Pendinge: 0
2026-07-08 06:15:05    Urmatoarea bara 15min @ 06:30:05 — 900s
2026-07-08 06:30:05  --- S15-GBPUSD iter 88 @ 06:30:05 ---
2026-07-08 06:30:05    Niciun semnal nou. Pendinge: 0
2026-07-08 06:30:05    Urmatoarea bara 15min @ 06:45:05 — 900s
2026-07-08 06:45:05  --- S15-GBPUSD iter 89 @ 06:45:05 ---
2026-07-08 06:45:05    Niciun semnal nou. Pendinge: 0
2026-07-08 06:45:05    Urmatoarea bara 15min @ 07:00:05 — 900s
2026-07-08 07:00:05  --- S15-GBPUSD iter 90 @ 07:00:05 ---
2026-07-08 07:00:05    Niciun semnal nou. Pendinge: 0
2026-07-08 07:00:05    Urmatoarea bara 15min @ 07:15:05 — 899s
2026-07-08 07:15:05  --- S15-GBPUSD iter 91 @ 07:15:05 ---
2026-07-08 07:15:05    Niciun semnal nou. Pendinge: 0
2026-07-08 07:15:05    Urmatoarea bara 15min @ 07:30:05 — 900s
2026-07-08 07:30:05  --- S15-GBPUSD iter 92 @ 07:30:05 ---
2026-07-08 07:30:05    Niciun semnal nou. Pendinge: 0
2026-07-08 07:30:05    Urmatoarea bara 15min @ 07:45:05 — 900s
2026-07-08 07:45:05  --- S15-GBPUSD iter 93 @ 07:45:05 ---
2026-07-08 07:45:05    Niciun semnal nou. Pendinge: 0
2026-07-08 07:45:05    Urmatoarea bara 15min @ 08:00:05 — 900s
2026-07-08 08:00:05  --- S15-GBPUSD iter 94 @ 08:00:05 ---
2026-07-08 08:00:05    Niciun semnal nou. Pendinge: 0
2026-07-08 08:00:05    Urmatoarea bara 15min @ 08:15:05 — 900s
2026-07-08 08:15:05  --- S15-GBPUSD iter 95 @ 08:15:05 ---
2026-07-08 08:15:05    Niciun semnal nou. Pendinge: 0
2026-07-08 08:15:05    Urmatoarea bara 15min @ 08:30:05 — 900s
2026-07-08 08:30:05  --- S15-GBPUSD iter 96 @ 08:30:05 ---
2026-07-08 08:30:05    Niciun semnal nou. Pendinge: 0
2026-07-08 08:30:05    Urmatoarea bara 15min @ 08:45:05 — 900s
2026-07-08 08:41:53    [PROFIL] Profil 'Standard Profile' aplicat pe session15.
2026-07-08 08:41:53  =================================================================
2026-07-08 08:41:53    S15-GBPUSD — GBPUSD M15+M30 LONG pw=8 pullback | test +0.083R DD -48.2%
2026-07-08 08:41:53    Piete: ['GBPUSD']
2026-07-08 08:41:53    TF: M15 (trend M30) | PW=6 | BOTH
2026-07-08 08:41:53    Output: C:\Dev\trading-bot\data\live_signals\session15
2026-07-08 08:41:53  =================================================================
2026-07-08 08:41:53  MT5: 52906593 @ ICMarketsEU-Demo (DEMO)
2026-07-08 08:41:53    [MIGRATE] Cheie goala stearsa din pending: 'GBPUSD'
2026-07-08 08:41:53    [MIGRATE] Migrare pending: 0 semnale migrate, 1 chei goale sterse.
2026-07-08 08:41:53    [ORPHAN] Nicio pozitie MT5 fara corespondent — state consistent cu MT5.
2026-07-08 08:41:53  Simboluri active: ['GBPUSD']
2026-07-08 08:41:53  Pornit. Ctrl+C pentru oprire.

2026-07-08 08:41:53  --- S15-GBPUSD iter 1 @ 08:41:53 ---
2026-07-08 08:41:54    Niciun semnal nou. Pendinge: 0
2026-07-08 08:41:54    Urmatoarea bara 15min @ 08:45:05 — 191s
2026-07-08 08:45:05  --- S15-GBPUSD iter 2 @ 08:45:05 ---
2026-07-08 08:45:05    Niciun semnal nou. Pendinge: 0
2026-07-08 08:45:05    Urmatoarea bara 15min @ 09:00:05 — 900s
2026-07-08 09:00:05  --- S15-GBPUSD iter 3 @ 09:00:05 ---
2026-07-08 09:00:05    Niciun semnal nou. Pendinge: 0
2026-07-08 09:00:05    Urmatoarea bara 15min @ 09:15:05 — 900s
2026-07-08 09:15:05  --- S15-GBPUSD iter 4 @ 09:15:05 ---
2026-07-08 09:15:05    Niciun semnal nou. Pendinge: 0
2026-07-08 09:15:05    Urmatoarea bara 15min @ 09:30:05 — 900s
2026-07-08 09:30:05  --- S15-GBPUSD iter 5 @ 09:30:05 ---
2026-07-08 09:30:05    Niciun semnal nou. Pendinge: 0
2026-07-08 09:30:05    Urmatoarea bara 15min @ 09:45:05 — 900s
2026-07-08 09:45:05  --- S15-GBPUSD iter 6 @ 09:45:05 ---
2026-07-08 09:45:05    Niciun semnal nou. Pendinge: 0
2026-07-08 09:45:05    Urmatoarea bara 15min @ 10:00:05 — 900s
2026-07-08 10:00:05  --- S15-GBPUSD iter 7 @ 10:00:05 ---
2026-07-08 10:00:05    Niciun semnal nou. Pendinge: 0
2026-07-08 10:00:05    Urmatoarea bara 15min @ 10:15:05 — 900s
2026-07-08 10:15:05  --- S15-GBPUSD iter 8 @ 10:15:05 ---
2026-07-08 10:15:05    Niciun semnal nou. Pendinge: 0
2026-07-08 10:15:05    Urmatoarea bara 15min @ 10:30:05 — 900s
2026-07-08 10:30:05  --- S15-GBPUSD iter 9 @ 10:30:05 ---
2026-07-08 10:30:05    Niciun semnal nou. Pendinge: 0
2026-07-08 10:30:05    Urmatoarea bara 15min @ 10:45:05 — 900s
2026-07-08 10:45:05  --- S15-GBPUSD iter 10 @ 10:45:05 ---
2026-07-08 10:45:05    Niciun semnal nou. Pendinge: 0
2026-07-08 10:45:05    Urmatoarea bara 15min @ 11:00:05 — 900s
2026-07-08 11:00:05  --- S15-GBPUSD iter 11 @ 11:00:05 ---
2026-07-08 11:00:05    Niciun semnal nou. Pendinge: 0
2026-07-08 11:00:05    Urmatoarea bara 15min @ 11:15:05 — 900s
2026-07-08 11:15:05  --- S15-GBPUSD iter 12 @ 11:15:05 ---
2026-07-08 11:15:05    Niciun semnal nou. Pendinge: 0
2026-07-08 11:15:05    Urmatoarea bara 15min @ 11:30:05 — 900s
2026-07-08 11:30:05  --- S15-GBPUSD iter 13 @ 11:30:05 ---
2026-07-08 11:30:05    Niciun semnal nou. Pendinge: 0
2026-07-08 11:30:05    Urmatoarea bara 15min @ 11:45:05 — 900s
2026-07-08 11:45:05  --- S15-GBPUSD iter 14 @ 11:45:05 ---
2026-07-08 11:45:05    Niciun semnal nou. Pendinge: 0
2026-07-08 11:45:05    Urmatoarea bara 15min @ 12:00:05 — 900s
2026-07-08 12:00:05  --- S15-GBPUSD iter 15 @ 12:00:05 ---
2026-07-08 12:00:05    Niciun semnal nou. Pendinge: 0
2026-07-08 12:00:05    Urmatoarea bara 15min @ 12:15:05 — 900s
2026-07-08 12:15:05  --- S15-GBPUSD iter 16 @ 12:15:05 ---
2026-07-08 12:15:05    Niciun semnal nou. Pendinge: 0
2026-07-08 12:15:05    Urmatoarea bara 15min @ 12:30:05 — 900s
2026-07-08 12:30:05  --- S15-GBPUSD iter 17 @ 12:30:05 ---
2026-07-08 12:30:05    Niciun semnal nou. Pendinge: 0
2026-07-08 12:30:05    Urmatoarea bara 15min @ 12:45:05 — 900s
2026-07-08 12:45:05  --- S15-GBPUSD iter 18 @ 12:45:05 ---
2026-07-08 12:45:05    Niciun semnal nou. Pendinge: 0
2026-07-08 12:45:05    Urmatoarea bara 15min @ 13:00:05 — 900s
2026-07-08 13:00:05  --- S15-GBPUSD iter 19 @ 13:00:05 ---
2026-07-08 13:00:05    Niciun semnal nou. Pendinge: 0
2026-07-08 13:00:05    Urmatoarea bara 15min @ 13:15:05 — 900s
2026-07-08 13:15:05  --- S15-GBPUSD iter 20 @ 13:15:05 ---
2026-07-08 13:15:05    Niciun semnal nou. Pendinge: 0
2026-07-08 13:15:05    Urmatoarea bara 15min @ 13:30:05 — 900s
2026-07-08 13:30:05  --- S15-GBPUSD iter 21 @ 13:30:05 ---
2026-07-08 13:30:05    Niciun semnal nou. Pendinge: 0
2026-07-08 13:30:05    Urmatoarea bara 15min @ 13:45:05 — 900s
2026-07-08 13:45:05  --- S15-GBPUSD iter 22 @ 13:45:05 ---
2026-07-08 13:45:05    Niciun semnal nou. Pendinge: 0
2026-07-08 13:45:05    Urmatoarea bara 15min @ 14:00:05 — 900s
2026-07-08 13:49:04    [PROFIL] Profil 'Standard Profile' aplicat pe session15.
2026-07-08 13:49:04  =================================================================
2026-07-08 13:49:04    S15-GBPUSD — GBPUSD M15+M30 LONG pw=8 pullback | test +0.083R DD -48.2%
2026-07-08 13:49:04    Piete: ['GBPUSD']
2026-07-08 13:49:04    TF: M15 (trend M30) | PW=6 | BOTH
2026-07-08 13:49:04    Output: C:\Dev\trading-bot\data\live_signals\session15
2026-07-08 13:49:04  =================================================================
2026-07-08 13:49:05  MT5: 52906593 @ ICMarketsEU-Demo (DEMO)
2026-07-08 13:49:05    [ORPHAN] Nicio pozitie MT5 fara corespondent — state consistent cu MT5.
2026-07-08 13:49:05  Simboluri active: ['GBPUSD']
2026-07-08 13:49:05  Pornit. Ctrl+C pentru oprire.

2026-07-08 13:49:05  --- S15-GBPUSD iter 1 @ 13:49:05 ---
2026-07-08 13:49:05    Niciun semnal nou. Pendinge: 0
2026-07-08 13:49:05    Urmatoarea bara 15min @ 14:00:05 — 660s
2026-07-08 14:00:05  --- S15-GBPUSD iter 2 @ 14:00:05 ---
2026-07-08 14:00:05    Niciun semnal nou. Pendinge: 0
2026-07-08 14:00:05    Urmatoarea bara 15min @ 14:15:05 — 900s
2026-07-08 14:15:05  --- S15-GBPUSD iter 3 @ 14:15:05 ---
2026-07-08 14:15:05    Niciun semnal nou. Pendinge: 0
2026-07-08 14:15:05    Urmatoarea bara 15min @ 14:30:05 — 900s
2026-07-08 14:30:05  --- S15-GBPUSD iter 4 @ 14:30:05 ---
2026-07-08 14:30:05    Niciun semnal nou. Pendinge: 0
2026-07-08 14:30:05    Urmatoarea bara 15min @ 14:45:05 — 900s
2026-07-08 14:45:05  --- S15-GBPUSD iter 5 @ 14:45:05 ---
2026-07-08 14:45:05    Niciun semnal nou. Pendinge: 0
2026-07-08 14:45:05    Urmatoarea bara 15min @ 15:00:05 — 900s
2026-07-08 15:00:05  --- S15-GBPUSD iter 6 @ 15:00:05 ---
2026-07-08 15:00:05    Niciun semnal nou. Pendinge: 0
2026-07-08 15:00:05    Urmatoarea bara 15min @ 15:15:05 — 900s
2026-07-08 15:15:05  --- S15-GBPUSD iter 7 @ 15:15:05 ---
2026-07-08 15:15:05    Niciun semnal nou. Pendinge: 0
2026-07-08 15:15:05    Urmatoarea bara 15min @ 15:30:05 — 900s
2026-07-08 15:30:05  --- S15-GBPUSD iter 8 @ 15:30:05 ---
2026-07-08 15:30:05    Niciun semnal nou. Pendinge: 0
2026-07-08 15:30:05    Urmatoarea bara 15min @ 15:45:05 — 900s
2026-07-08 15:45:05  --- S15-GBPUSD iter 9 @ 15:45:05 ---
2026-07-08 15:45:05    Niciun semnal nou. Pendinge: 0
2026-07-08 15:45:05    Urmatoarea bara 15min @ 16:00:05 — 900s
2026-07-08 16:00:05  --- S15-GBPUSD iter 10 @ 16:00:05 ---
2026-07-08 16:00:06    Niciun semnal nou. Pendinge: 0
2026-07-08 16:00:06    Urmatoarea bara 15min @ 16:15:05 — 899s
2026-07-08 16:15:05  --- S15-GBPUSD iter 11 @ 16:15:05 ---
2026-07-08 16:15:05    Niciun semnal nou. Pendinge: 0
2026-07-08 16:15:05    Urmatoarea bara 15min @ 16:30:05 — 900s
2026-07-08 16:30:05  --- S15-GBPUSD iter 12 @ 16:30:05 ---
2026-07-08 16:30:05    Niciun semnal nou. Pendinge: 0
2026-07-08 16:30:05    Urmatoarea bara 15min @ 16:45:05 — 900s
2026-07-08 16:45:05  --- S15-GBPUSD iter 13 @ 16:45:05 ---
2026-07-08 16:45:05    Niciun semnal nou. Pendinge: 0
2026-07-08 16:45:05    Urmatoarea bara 15min @ 17:00:05 — 900s
2026-07-08 17:00:05  --- S15-GBPUSD iter 14 @ 17:00:05 ---
2026-07-08 17:00:05    Niciun semnal nou. Pendinge: 0
2026-07-08 17:00:05    Urmatoarea bara 15min @ 17:15:05 — 899s
2026-07-08 17:15:05  --- S15-GBPUSD iter 15 @ 17:15:05 ---
2026-07-08 17:15:05    Niciun semnal nou. Pendinge: 0
2026-07-08 17:15:05    Urmatoarea bara 15min @ 17:30:05 — 900s
2026-07-13 21:45:56    signal_counter sincronizat la 3 din signals.csv
2026-07-13 21:45:56    [PROFIL] Profil 'Standard Profile' aplicat pe session15.
2026-07-13 21:45:56  =================================================================
2026-07-13 21:45:56    S15-GBPUSD — GBPUSD M15+M30 LONG pw=8 pullback | test +0.083R DD -48.2%
2026-07-13 21:45:56    Piete: ['GBPUSD']
2026-07-13 21:45:56    TF: M15 (trend M30) | PW=6 | LONG
2026-07-13 21:45:56    Output: C:\Dev\trading-bot\data\live_signals\session15
2026-07-13 21:45:56  =================================================================
2026-07-13 21:45:56  MT5: 52906593 @ ICMarketsEU-Demo (DEMO)
2026-07-13 21:45:57    [ORPHAN] Nicio pozitie MT5 fara corespondent — state consistent cu MT5.
2026-07-13 21:45:57  Simboluri active: ['GBPUSD']
2026-07-13 21:45:57  Pornit. Ctrl+C pentru oprire.

2026-07-13 21:45:57  --- S15-GBPUSD iter 1 @ 21:45:57 ---
2026-07-13 21:45:57    Niciun semnal nou. Pendinge: 0
2026-07-13 21:45:57    Urmatoarea bara 15min @ 22:00:05 — 847s
2026-07-13 21:46:14    [PROFIL] Profil 'Standard Profile' aplicat pe session15.
2026-07-13 21:46:14  =================================================================
2026-07-13 21:46:14    S15-GBPUSD — GBPUSD M15+M30 LONG pw=8 pullback | test +0.083R DD -48.2%
2026-07-13 21:46:14    Piete: ['GBPUSD']
2026-07-13 21:46:14    TF: M15 (trend M30) | PW=6 | LONG
2026-07-13 21:46:14    Output: C:\Dev\trading-bot\data\live_signals\session15
2026-07-13 21:46:14  =================================================================
2026-07-13 21:46:14  MT5: 52906593 @ ICMarketsEU-Demo (DEMO)
2026-07-13 21:46:14    [ORPHAN] Nicio pozitie MT5 fara corespondent — state consistent cu MT5.
2026-07-13 21:46:15  Simboluri active: ['GBPUSD']
2026-07-13 21:46:15  Pornit. Ctrl+C pentru oprire.

2026-07-13 21:46:15  --- S15-GBPUSD iter 1 @ 21:46:15 ---
2026-07-13 21:46:15    Niciun semnal nou. Pendinge: 0
2026-07-13 21:46:15    Urmatoarea bara 15min @ 22:00:05 — 830s
2026-07-13 22:00:05  --- S15-GBPUSD iter 2 @ 22:00:05 ---
2026-07-13 22:00:06    Niciun semnal nou. Pendinge: 0
2026-07-13 22:00:06    Urmatoarea bara 15min @ 22:15:05 — 899s
2026-07-13 22:15:05  --- S15-GBPUSD iter 3 @ 22:15:05 ---
2026-07-13 22:15:05    Niciun semnal nou. Pendinge: 0
2026-07-13 22:15:05    Urmatoarea bara 15min @ 22:30:05 — 899s
2026-07-13 22:30:05  --- S15-GBPUSD iter 4 @ 22:30:05 ---
2026-07-13 22:30:05    Niciun semnal nou. Pendinge: 0
2026-07-13 22:30:05    Urmatoarea bara 15min @ 22:45:05 — 900s
2026-07-13 22:45:05  --- S15-GBPUSD iter 5 @ 22:45:05 ---
2026-07-13 22:45:05    Niciun semnal nou. Pendinge: 0
2026-07-13 22:45:05    Urmatoarea bara 15min @ 23:00:05 — 900s
2026-07-13 23:00:05  --- S15-GBPUSD iter 6 @ 23:00:05 ---
2026-07-13 23:00:05    Niciun semnal nou. Pendinge: 0
2026-07-13 23:00:05    Urmatoarea bara 15min @ 23:15:05 — 900s
2026-07-13 23:15:05  --- S15-GBPUSD iter 7 @ 23:15:05 ---
2026-07-13 23:15:05    Niciun semnal nou. Pendinge: 0
2026-07-13 23:15:05    Urmatoarea bara 15min @ 23:30:05 — 900s
2026-07-13 23:21:17    [PROFIL] Profil 'Standard Profile' aplicat pe session15.
2026-07-13 23:21:17  =================================================================
2026-07-13 23:21:17    S15-GBPUSD — GBPUSD M15+M30 LONG pw=8 pullback | test +0.083R DD -48.2%
2026-07-13 23:21:17    Piete: ['GBPUSD']
2026-07-13 23:21:17    TF: M15 (trend M30) | PW=6 | LONG
2026-07-13 23:21:17    Output: C:\Dev\trading-bot\data\live_signals\session15
2026-07-13 23:21:17  =================================================================
2026-07-13 23:21:17  MT5: 52906593 @ ICMarketsEU-Demo (DEMO)
2026-07-13 23:21:17    [ORPHAN] Nicio pozitie MT5 fara corespondent — state consistent cu MT5.
2026-07-13 23:21:17  Simboluri active: ['GBPUSD']
2026-07-13 23:21:17  Pornit. Ctrl+C pentru oprire.

2026-07-13 23:21:17  --- S15-GBPUSD iter 1 @ 23:21:17 ---
2026-07-13 23:21:17    Niciun semnal nou. Pendinge: 0
2026-07-13 23:21:17    Urmatoarea bara 15min @ 23:30:05 — 528s
2026-07-13 23:30:05  --- S15-GBPUSD iter 2 @ 23:30:05 ---
2026-07-13 23:30:05    Niciun semnal nou. Pendinge: 0
2026-07-13 23:30:05    Urmatoarea bara 15min @ 23:45:05 — 900s
2026-07-13 23:45:05  --- S15-GBPUSD iter 3 @ 23:45:05 ---
2026-07-13 23:45:05    Niciun semnal nou. Pendinge: 0
2026-07-13 23:45:05    Urmatoarea bara 15min @ 00:00:05 — 900s
2026-07-14 00:00:05  --- S15-GBPUSD iter 4 @ 00:00:05 ---
2026-07-14 00:00:05    Niciun semnal nou. Pendinge: 0
2026-07-14 00:00:05    Urmatoarea bara 15min @ 00:15:05 — 900s
2026-07-14 00:15:05  --- S15-GBPUSD iter 5 @ 00:15:05 ---
2026-07-14 00:15:05    Niciun semnal nou. Pendinge: 0
2026-07-14 00:15:05    Urmatoarea bara 15min @ 00:30:05 — 900s
2026-07-14 00:30:05  --- S15-GBPUSD iter 6 @ 00:30:05 ---
2026-07-14 00:30:05    Niciun semnal nou. Pendinge: 0
2026-07-14 00:30:05    Urmatoarea bara 15min @ 00:45:05 — 900s
2026-07-14 00:45:05  --- S15-GBPUSD iter 7 @ 00:45:05 ---
2026-07-14 00:45:05    Niciun semnal nou. Pendinge: 0
2026-07-14 00:45:05    Urmatoarea bara 15min @ 01:00:05 — 900s
2026-07-14 01:00:05  --- S15-GBPUSD iter 8 @ 01:00:05 ---
2026-07-14 01:00:05    Niciun semnal nou. Pendinge: 0
2026-07-14 01:00:05    Urmatoarea bara 15min @ 01:15:05 — 900s
2026-07-14 01:15:05  --- S15-GBPUSD iter 9 @ 01:15:05 ---
2026-07-14 01:15:05    Niciun semnal nou. Pendinge: 0
2026-07-14 01:15:05    Urmatoarea bara 15min @ 01:30:05 — 900s
2026-07-14 01:30:05  --- S15-GBPUSD iter 10 @ 01:30:05 ---
2026-07-14 01:30:05    Niciun semnal nou. Pendinge: 0
2026-07-14 01:30:05    Urmatoarea bara 15min @ 01:45:05 — 900s
2026-07-14 01:45:05  --- S15-GBPUSD iter 11 @ 01:45:05 ---
2026-07-14 01:45:05    Niciun semnal nou. Pendinge: 0
2026-07-14 01:45:05    Urmatoarea bara 15min @ 02:00:05 — 900s
2026-07-14 02:00:05  --- S15-GBPUSD iter 12 @ 02:00:05 ---
2026-07-14 02:00:05    Niciun semnal nou. Pendinge: 0
2026-07-14 02:00:05    Urmatoarea bara 15min @ 02:15:05 — 900s
2026-07-14 02:15:05  --- S15-GBPUSD iter 13 @ 02:15:05 ---
2026-07-14 02:15:05    Niciun semnal nou. Pendinge: 0
2026-07-14 02:15:05    Urmatoarea bara 15min @ 02:30:05 — 900s
2026-07-14 02:30:05  --- S15-GBPUSD iter 14 @ 02:30:05 ---
2026-07-14 02:30:05    Niciun semnal nou. Pendinge: 0
2026-07-14 02:30:05    Urmatoarea bara 15min @ 02:45:05 — 900s
2026-07-14 02:45:05  --- S15-GBPUSD iter 15 @ 02:45:05 ---
2026-07-14 02:45:05    Niciun semnal nou. Pendinge: 0
2026-07-14 02:45:05    Urmatoarea bara 15min @ 03:00:05 — 900s
2026-07-14 03:00:05  --- S15-GBPUSD iter 16 @ 03:00:05 ---
2026-07-14 03:00:05    Niciun semnal nou. Pendinge: 0
2026-07-14 03:00:05    Urmatoarea bara 15min @ 03:15:05 — 900s
2026-07-14 03:15:05  --- S15-GBPUSD iter 17 @ 03:15:05 ---
2026-07-14 03:15:05    Niciun semnal nou. Pendinge: 0
2026-07-14 03:15:05    Urmatoarea bara 15min @ 03:30:05 — 900s
2026-07-14 03:30:05  --- S15-GBPUSD iter 18 @ 03:30:05 ---
2026-07-14 03:30:05    Niciun semnal nou. Pendinge: 0
2026-07-14 03:30:05    Urmatoarea bara 15min @ 03:45:05 — 900s
2026-07-14 03:45:05  --- S15-GBPUSD iter 19 @ 03:45:05 ---
2026-07-14 03:45:05    Niciun semnal nou. Pendinge: 0
2026-07-14 03:45:05    Urmatoarea bara 15min @ 04:00:05 — 900s
2026-07-14 04:00:05  --- S15-GBPUSD iter 20 @ 04:00:05 ---
2026-07-14 04:00:05    Niciun semnal nou. Pendinge: 0
2026-07-14 04:00:05    Urmatoarea bara 15min @ 04:15:05 — 900s
2026-07-14 04:15:05  --- S15-GBPUSD iter 21 @ 04:15:05 ---
2026-07-14 04:15:05    Niciun semnal nou. Pendinge: 0
2026-07-14 04:15:05    Urmatoarea bara 15min @ 04:30:05 — 900s
2026-07-14 04:30:05  --- S15-GBPUSD iter 22 @ 04:30:05 ---
2026-07-14 04:30:05    Niciun semnal nou. Pendinge: 0
2026-07-14 04:30:05    Urmatoarea bara 15min @ 04:45:05 — 900s
2026-07-14 04:45:05  --- S15-GBPUSD iter 23 @ 04:45:05 ---
2026-07-14 04:45:05    Niciun semnal nou. Pendinge: 0
2026-07-14 04:45:05    Urmatoarea bara 15min @ 05:00:05 — 900s
2026-07-14 05:00:05  --- S15-GBPUSD iter 24 @ 05:00:05 ---
2026-07-14 05:00:05    Niciun semnal nou. Pendinge: 0
2026-07-14 05:00:05    Urmatoarea bara 15min @ 05:15:05 — 900s
2026-07-14 05:15:05  --- S15-GBPUSD iter 25 @ 05:15:05 ---
2026-07-14 05:15:05    Niciun semnal nou. Pendinge: 0
2026-07-14 05:15:05    Urmatoarea bara 15min @ 05:30:05 — 900s
2026-07-14 05:30:05  --- S15-GBPUSD iter 26 @ 05:30:05 ---
2026-07-14 05:30:05    Niciun semnal nou. Pendinge: 0
2026-07-14 05:30:05    Urmatoarea bara 15min @ 05:45:05 — 900s
2026-07-14 05:45:05  --- S15-GBPUSD iter 27 @ 05:45:05 ---
2026-07-14 05:45:05    Niciun semnal nou. Pendinge: 0
2026-07-14 05:45:05    Urmatoarea bara 15min @ 06:00:05 — 900s
2026-07-14 06:00:05  --- S15-GBPUSD iter 28 @ 06:00:05 ---
2026-07-14 06:00:05    Niciun semnal nou. Pendinge: 0
2026-07-14 06:00:05    Urmatoarea bara 15min @ 06:15:05 — 899s
2026-07-14 06:15:05  --- S15-GBPUSD iter 29 @ 06:15:05 ---
2026-07-14 06:15:05    Niciun semnal nou. Pendinge: 0
2026-07-14 06:15:05    Urmatoarea bara 15min @ 06:30:05 — 900s
2026-07-14 06:30:05  --- S15-GBPUSD iter 30 @ 06:30:05 ---
2026-07-14 06:30:05    Niciun semnal nou. Pendinge: 0
2026-07-14 06:30:05    Urmatoarea bara 15min @ 06:45:05 — 900s
2026-07-14 06:45:05  --- S15-GBPUSD iter 31 @ 06:45:05 ---
2026-07-14 06:45:05    Niciun semnal nou. Pendinge: 0
2026-07-14 06:45:05    Urmatoarea bara 15min @ 07:00:05 — 900s
2026-07-14 07:00:05  --- S15-GBPUSD iter 32 @ 07:00:05 ---
2026-07-14 07:00:05    Niciun semnal nou. Pendinge: 0
2026-07-14 07:00:05    Urmatoarea bara 15min @ 07:15:05 — 900s
2026-07-14 07:15:05  --- S15-GBPUSD iter 33 @ 07:15:05 ---
2026-07-14 07:15:05    Niciun semnal nou. Pendinge: 0
2026-07-14 07:15:05    Urmatoarea bara 15min @ 07:30:05 — 900s
2026-07-14 07:30:05  --- S15-GBPUSD iter 34 @ 07:30:05 ---
2026-07-14 07:30:05    Niciun semnal nou. Pendinge: 0
2026-07-14 07:30:05    Urmatoarea bara 15min @ 07:45:05 — 900s
2026-07-14 07:45:05  --- S15-GBPUSD iter 35 @ 07:45:05 ---
2026-07-14 07:45:05    Niciun semnal nou. Pendinge: 0
2026-07-14 07:45:05    Urmatoarea bara 15min @ 08:00:05 — 900s
2026-07-14 08:00:05  --- S15-GBPUSD iter 36 @ 08:00:05 ---
2026-07-14 08:00:05    Niciun semnal nou. Pendinge: 0
2026-07-14 08:00:05    Urmatoarea bara 15min @ 08:15:05 — 900s
2026-07-14 08:15:05  --- S15-GBPUSD iter 37 @ 08:15:05 ---
2026-07-14 08:15:05    Niciun semnal nou. Pendinge: 0
2026-07-14 08:15:05    Urmatoarea bara 15min @ 08:30:05 — 900s
2026-07-14 08:30:05  --- S15-GBPUSD iter 38 @ 08:30:05 ---
2026-07-14 08:30:05    Niciun semnal nou. Pendinge: 0
2026-07-14 08:30:05    Urmatoarea bara 15min @ 08:45:05 — 900s
2026-07-14 08:30:59    [PROFIL] Profil 'Standard Profile' aplicat pe session15.
2026-07-14 08:30:59  =================================================================
2026-07-14 08:30:59    S15-GBPUSD — GBPUSD M15+M30 LONG pw=8 pullback | test +0.083R DD -48.2%
2026-07-14 08:30:59    Piete: ['GBPUSD']
2026-07-14 08:30:59    TF: M15 (trend M30) | PW=6 | LONG
2026-07-14 08:30:59    Output: C:\Dev\trading-bot\data\live_signals\session15
2026-07-14 08:30:59  =================================================================
2026-07-14 08:30:59  MT5: 52906593 @ ICMarketsEU-Demo (DEMO)
2026-07-14 08:30:59    [ORPHAN] Nicio pozitie MT5 fara corespondent — state consistent cu MT5.
2026-07-14 08:31:00  Simboluri active: ['GBPUSD']
2026-07-14 08:31:00  Pornit. Ctrl+C pentru oprire.

2026-07-14 08:31:00  --- S15-GBPUSD iter 1 @ 08:31:00 ---
2026-07-14 08:31:01    Niciun semnal nou. Pendinge: 0
2026-07-14 08:31:01    Urmatoarea bara 15min @ 08:45:05 — 843s
2026-07-14 08:45:05  --- S15-GBPUSD iter 2 @ 08:45:05 ---
2026-07-14 08:45:05    Niciun semnal nou. Pendinge: 0
2026-07-14 08:45:05    Urmatoarea bara 15min @ 09:00:05 — 900s
2026-07-14 09:00:05  --- S15-GBPUSD iter 3 @ 09:00:05 ---
2026-07-14 09:00:05    Niciun semnal nou. Pendinge: 0
2026-07-14 09:00:05    Urmatoarea bara 15min @ 09:15:05 — 900s
2026-07-14 09:15:05  --- S15-GBPUSD iter 4 @ 09:15:05 ---
2026-07-14 09:15:05    Niciun semnal nou. Pendinge: 0
2026-07-14 09:15:05    Urmatoarea bara 15min @ 09:30:05 — 900s
2026-07-14 09:30:05  --- S15-GBPUSD iter 5 @ 09:30:05 ---
2026-07-14 09:30:05    Niciun semnal nou. Pendinge: 0
2026-07-14 09:30:05    Urmatoarea bara 15min @ 09:45:05 — 900s
2026-07-14 09:45:05  --- S15-GBPUSD iter 6 @ 09:45:05 ---
2026-07-14 09:45:05    Niciun semnal nou. Pendinge: 0
2026-07-14 09:45:05    Urmatoarea bara 15min @ 10:00:05 — 900s
2026-07-14 10:00:05  --- S15-GBPUSD iter 7 @ 10:00:05 ---
2026-07-14 10:00:06    Niciun semnal nou. Pendinge: 0
2026-07-14 10:00:06    Urmatoarea bara 15min @ 10:15:05 — 898s
2026-07-14 10:15:05  --- S15-GBPUSD iter 8 @ 10:15:05 ---
2026-07-14 10:15:05    Niciun semnal nou. Pendinge: 0
2026-07-14 10:15:05    Urmatoarea bara 15min @ 10:30:05 — 900s
2026-07-14 10:30:05  --- S15-GBPUSD iter 9 @ 10:30:05 ---
2026-07-14 10:30:05    Niciun semnal nou. Pendinge: 0
2026-07-14 10:30:05    Urmatoarea bara 15min @ 10:45:05 — 900s
2026-07-14 10:45:05  --- S15-GBPUSD iter 10 @ 10:45:05 ---
2026-07-14 10:45:05    Niciun semnal nou. Pendinge: 0
2026-07-14 10:45:05    Urmatoarea bara 15min @ 11:00:05 — 900s
2026-07-14 11:00:05  --- S15-GBPUSD iter 11 @ 11:00:05 ---
2026-07-14 11:00:11    Niciun semnal nou. Pendinge: 0
2026-07-14 11:00:11    Urmatoarea bara 15min @ 11:15:05 — 894s
2026-07-14 11:15:05  --- S15-GBPUSD iter 12 @ 11:15:05 ---
2026-07-14 11:15:30    Niciun semnal nou. Pendinge: 0
2026-07-14 11:15:30    Urmatoarea bara 15min @ 11:30:05 — 875s
2026-07-14 11:30:05  --- S15-GBPUSD iter 13 @ 11:30:05 ---
2026-07-14 11:30:05    Niciun semnal nou. Pendinge: 0
2026-07-14 11:30:05    Urmatoarea bara 15min @ 11:45:05 — 900s
2026-07-14 11:45:05  --- S15-GBPUSD iter 14 @ 11:45:05 ---
2026-07-14 11:45:05    Niciun semnal nou. Pendinge: 0
2026-07-14 11:45:05    Urmatoarea bara 15min @ 12:00:05 — 900s
2026-07-14 12:00:05  --- S15-GBPUSD iter 15 @ 12:00:05 ---
2026-07-14 12:00:05    Niciun semnal nou. Pendinge: 0
2026-07-14 12:00:05    Urmatoarea bara 15min @ 12:15:05 — 899s
2026-07-14 12:15:05  --- S15-GBPUSD iter 16 @ 12:15:05 ---
2026-07-14 12:15:05    Niciun semnal nou. Pendinge: 0
2026-07-14 12:15:05    Urmatoarea bara 15min @ 12:30:05 — 900s
2026-07-14 12:30:05  --- S15-GBPUSD iter 17 @ 12:30:05 ---
2026-07-14 12:30:05    Niciun semnal nou. Pendinge: 0
2026-07-14 12:30:05    Urmatoarea bara 15min @ 12:45:05 — 900s
2026-07-14 12:45:05  --- S15-GBPUSD iter 18 @ 12:45:05 ---
2026-07-14 12:45:05    Niciun semnal nou. Pendinge: 0
2026-07-14 12:45:05    Urmatoarea bara 15min @ 13:00:05 — 900s
2026-07-14 13:00:05  --- S15-GBPUSD iter 19 @ 13:00:05 ---
2026-07-14 13:00:05    Niciun semnal nou. Pendinge: 0
2026-07-14 13:00:05    Urmatoarea bara 15min @ 13:15:05 — 900s
2026-07-14 13:15:05  --- S15-GBPUSD iter 20 @ 13:15:05 ---
2026-07-14 13:15:05    Niciun semnal nou. Pendinge: 0
2026-07-14 13:15:05    Urmatoarea bara 15min @ 13:30:05 — 900s
2026-07-14 13:30:05  --- S15-GBPUSD iter 21 @ 13:30:05 ---
2026-07-14 13:30:05    Niciun semnal nou. Pendinge: 0
2026-07-14 13:30:05    Urmatoarea bara 15min @ 13:45:05 — 900s
2026-07-14 13:45:05  --- S15-GBPUSD iter 22 @ 13:45:05 ---
2026-07-14 13:45:05    Niciun semnal nou. Pendinge: 0
2026-07-14 13:45:05    Urmatoarea bara 15min @ 14:00:05 — 900s
2026-07-14 14:00:05  --- S15-GBPUSD iter 23 @ 14:00:05 ---
2026-07-14 14:00:05    Niciun semnal nou. Pendinge: 0
2026-07-14 14:00:05    Urmatoarea bara 15min @ 14:15:05 — 899s
2026-07-14 14:15:05  --- S15-GBPUSD iter 24 @ 14:15:05 ---
2026-07-14 14:15:05    Niciun semnal nou. Pendinge: 0
2026-07-14 14:15:05    Urmatoarea bara 15min @ 14:30:05 — 900s
2026-07-14 14:30:05  --- S15-GBPUSD iter 25 @ 14:30:05 ---
2026-07-14 14:30:51    Niciun semnal nou. Pendinge: 0
2026-07-14 14:30:51    Urmatoarea bara 15min @ 14:45:05 — 853s
2026-07-14 14:39:14    [PROFIL] Profil 'Standard Profile' aplicat pe session15.
2026-07-14 14:39:14  =================================================================
2026-07-14 14:39:14    S15-GBPUSD — GBPUSD M15+M30 LONG pw=8 pullback | test +0.083R DD -48.2%
2026-07-14 14:39:14    Piete: ['GBPUSD']
2026-07-14 14:39:14    TF: M15 (trend M30) | PW=6 | LONG
2026-07-14 14:39:14    Output: C:\Dev\trading-bot\data\live_signals\session15
2026-07-14 14:39:14  =================================================================
2026-07-14 14:39:14  MT5: 52906593 @ ICMarketsEU-Demo (DEMO)
2026-07-14 14:39:14    [ORPHAN] Nicio pozitie MT5 fara corespondent — state consistent cu MT5.
2026-07-14 14:39:14  Simboluri active: ['GBPUSD']
2026-07-14 14:39:14  Pornit. Ctrl+C pentru oprire.

2026-07-14 14:39:14  --- S15-GBPUSD iter 1 @ 14:39:14 ---
2026-07-14 14:39:15    Niciun semnal nou. Pendinge: 0
2026-07-14 14:39:15    Urmatoarea bara 15min @ 14:45:05 — 350s
2026-07-14 14:45:05  --- S15-GBPUSD iter 2 @ 14:45:05 ---
2026-07-14 14:45:05    Niciun semnal nou. Pendinge: 0
2026-07-14 14:45:05    Urmatoarea bara 15min @ 15:00:05 — 900s
2026-07-14 15:00:05  --- S15-GBPUSD iter 3 @ 15:00:05 ---
2026-07-14 15:00:05    Niciun semnal nou. Pendinge: 0
2026-07-14 15:00:05    Urmatoarea bara 15min @ 15:15:05 — 900s
2026-07-14 15:15:05  --- S15-GBPUSD iter 4 @ 15:15:05 ---
2026-07-14 15:15:05    Niciun semnal nou. Pendinge: 0
2026-07-14 15:15:05    Urmatoarea bara 15min @ 15:30:05 — 900s
2026-07-14 15:30:05  --- S15-GBPUSD iter 5 @ 15:30:05 ---
2026-07-14 15:30:05    [STIRI] Pauza automata — Core CPI m/m (USD, High, 1 min)
2026-07-14 15:30:05    [STIRI] Tranzitie → pauza: inchid ordine/pozitii active.
2026-07-14 15:30:05    [STIRI] Nicio pozitie/ordin activ — nimic de inchis.
2026-07-14 15:30:05    Niciun semnal nou. Pendinge: 0
2026-07-14 15:30:05    Urmatoarea bara 15min @ 15:45:05 — 900s
2026-07-14 15:45:05  --- S15-GBPUSD iter 6 @ 15:45:05 ---
2026-07-14 15:45:05    [STIRI] Pauza automata — Core CPI m/m (USD, High, -14 min)
2026-07-14 15:45:05    Niciun semnal nou. Pendinge: 0
2026-07-14 15:45:05    Urmatoarea bara 15min @ 16:00:05 — 900s
2026-07-14 16:00:05  --- S15-GBPUSD iter 7 @ 16:00:05 ---
2026-07-14 16:00:05    Niciun semnal nou. Pendinge: 0
2026-07-14 16:00:05    Urmatoarea bara 15min @ 16:15:05 — 900s
2026-07-14 16:15:05  --- S15-GBPUSD iter 8 @ 16:15:05 ---
2026-07-14 16:15:06    Niciun semnal nou. Pendinge: 0
2026-07-14 16:15:06    Urmatoarea bara 15min @ 16:30:05 — 898s
2026-07-14 16:30:05  --- S15-GBPUSD iter 9 @ 16:30:05 ---
2026-07-14 16:30:05    Niciun semnal nou. Pendinge: 0
2026-07-14 16:30:05    Urmatoarea bara 15min @ 16:45:05 — 900s
2026-07-14 16:45:05  --- S15-GBPUSD iter 10 @ 16:45:05 ---
2026-07-14 16:45:05    *** SEMNAL [INSIDE_BAR]: S15-GBPUSD-IB0007 GBPUSD LONG entry=1.34171 sl=1.33973 tp=1.34567 (2.0R) RSI=65
2026-07-14 16:45:12    [EXEC] *** ORDIN: S15-GBPUSD-IB0007 GBPUSD LONG 0.01lot @ 1.34171  SL=1.33973  TP=1.34567  ticket=#1807516852
2026-07-14 16:45:12    Urmatoarea bara 15min @ 17:00:05 — 893s
2026-07-14 17:00:05  --- S15-GBPUSD iter 11 @ 17:00:05 ---
2026-07-14 17:00:05    [STIRI] Pauza automata — Fed Chairman Warsh Testifies (USD, High, 1 min)
2026-07-14 17:00:05    [STIRI] Tranzitie → pauza: inchid ordine/pozitii active.
2026-07-14 17:00:05    [STIRI] S15-GBPUSD-IB0007: anulare #1807516852 esuata ((1, 'Success'))
2026-07-14 17:00:05    Niciun semnal nou. Pendinge: 0
2026-07-14 17:00:05    Urmatoarea bara 15min @ 17:15:05 — 899s
2026-07-14 17:15:05  --- S15-GBPUSD iter 12 @ 17:15:05 ---
2026-07-14 17:15:05    [STIRI] Pauza automata — Fed Chairman Warsh Testifies (USD, High, -14 min)
2026-07-14 17:15:05    Niciun semnal nou. Pendinge: 0
2026-07-14 17:15:05    Urmatoarea bara 15min @ 17:30:05 — 900s
2026-07-14 17:30:05  --- S15-GBPUSD iter 13 @ 17:30:05 ---
2026-07-14 17:30:05    Niciun semnal nou. Pendinge: 0
2026-07-14 17:30:05    Urmatoarea bara 15min @ 17:45:05 — 900s
2026-07-14 17:45:05  --- S15-GBPUSD iter 14 @ 17:45:05 ---
2026-07-14 17:45:05    Niciun semnal nou. Pendinge: 0
2026-07-14 17:45:05    Urmatoarea bara 15min @ 18:00:05 — 900s
2026-07-14 18:00:05  --- S15-GBPUSD iter 15 @ 18:00:05 ---
2026-07-14 18:00:05    Niciun semnal nou. Pendinge: 0
2026-07-14 18:00:05    Urmatoarea bara 15min @ 18:15:05 — 899s
2026-07-14 18:15:05  --- S15-GBPUSD iter 16 @ 18:15:05 ---
2026-07-14 18:15:05    Niciun semnal nou. Pendinge: 0
2026-07-14 18:15:05    Urmatoarea bara 15min @ 18:30:05 — 900s
2026-07-14 18:30:05  --- S15-GBPUSD iter 17 @ 18:30:05 ---
2026-07-14 18:30:05    Niciun semnal nou. Pendinge: 0
2026-07-14 18:30:05    Urmatoarea bara 15min @ 18:45:05 — 900s
2026-07-14 18:45:05  --- S15-GBPUSD iter 18 @ 18:45:05 ---
2026-07-14 18:45:05    Niciun semnal nou. Pendinge: 0
2026-07-14 18:45:05    Urmatoarea bara 15min @ 19:00:05 — 900s
2026-07-14 18:45:59    [PROFIL] Profil 'Standard Profile' aplicat pe session15.
2026-07-14 18:45:59  =================================================================
2026-07-14 18:45:59    S15-GBPUSD — GBPUSD M15+M30 LONG pw=8 pullback | test +0.083R DD -48.2%
2026-07-14 18:45:59    Piete: ['GBPUSD']
2026-07-14 18:45:59    TF: M15 (trend M30) | PW=6 | LONG
2026-07-14 18:45:59    Output: C:\Dev\trading-bot\data\live_signals\session15
2026-07-14 18:45:59  =================================================================
2026-07-14 18:45:59  MT5: 52906593 @ ICMarketsEU-Demo (DEMO)
2026-07-14 18:45:59    [MIGRATE] Cheie goala stearsa din pending: 'GBPUSD'
2026-07-14 18:45:59    [MIGRATE] Migrare pending: 0 semnale migrate, 1 chei goale sterse.
2026-07-14 18:45:59    [ORPHAN] Nicio pozitie MT5 fara corespondent — state consistent cu MT5.
2026-07-14 18:45:59  Simboluri active: ['GBPUSD']
2026-07-14 18:45:59  Pornit. Ctrl+C pentru oprire.

2026-07-14 18:45:59  --- S15-GBPUSD iter 1 @ 18:45:59 ---
2026-07-14 18:46:00    Niciun semnal nou. Pendinge: 0
2026-07-14 18:46:00    Urmatoarea bara 15min @ 19:00:05 — 845s
2026-07-14 19:00:05  --- S15-GBPUSD iter 2 @ 19:00:05 ---
2026-07-14 19:00:05    Niciun semnal nou. Pendinge: 0
2026-07-14 19:00:05    Urmatoarea bara 15min @ 19:15:05 — 900s
2026-07-14 19:15:05  --- S15-GBPUSD iter 3 @ 19:15:05 ---
2026-07-14 19:15:05    Niciun semnal nou. Pendinge: 0
2026-07-14 19:15:05    Urmatoarea bara 15min @ 19:30:05 — 900s
2026-07-14 19:30:05  --- S15-GBPUSD iter 4 @ 19:30:05 ---
2026-07-14 19:30:05    Niciun semnal nou. Pendinge: 0
2026-07-14 19:30:05    Urmatoarea bara 15min @ 19:45:05 — 899s
2026-07-14 19:45:05  --- S15-GBPUSD iter 5 @ 19:45:05 ---
2026-07-14 19:45:05    Niciun semnal nou. Pendinge: 0
2026-07-14 19:45:05    Urmatoarea bara 15min @ 20:00:05 — 900s
2026-07-14 20:00:05  --- S15-GBPUSD iter 6 @ 20:00:05 ---
2026-07-14 20:00:05    GBPUSD: eroare M15 — Simbolul 'GBPUSD' nu este disponibil in MT5: (-10001, 'IPC send failed')
2026-07-14 20:00:05    Niciun semnal nou. Pendinge: 0
2026-07-14 20:00:05  [MT5-HEALTH] terminal_info() = None — IPC pierdut
2026-07-14 20:00:05    Urmatoarea bara 15min @ 20:15:05 — 900s
2026-07-14 20:15:05  --- S15-GBPUSD iter 7 @ 20:15:05 ---
2026-07-14 20:15:05    GBPUSD: eroare M15 — Simbolul 'GBPUSD' nu este disponibil in MT5: (-10001, 'IPC send failed')
2026-07-14 20:15:05    Niciun semnal nou. Pendinge: 0
2026-07-14 20:15:05  [MT5-HEALTH] terminal_info() = None — IPC pierdut
2026-07-14 20:15:05    Urmatoarea bara 15min @ 20:30:05 — 900s
2026-07-14 20:30:05  --- S15-GBPUSD iter 8 @ 20:30:05 ---
2026-07-14 20:30:05    GBPUSD: eroare M15 — Simbolul 'GBPUSD' nu este disponibil in MT5: (-10001, 'IPC send failed')
2026-07-14 20:30:05    Niciun semnal nou. Pendinge: 0
2026-07-14 20:30:05  [MT5-HEALTH] terminal_info() = None — IPC pierdut
2026-07-14 20:30:05    Urmatoarea bara 15min @ 20:45:05 — 900s
2026-07-14 20:44:32    [PROFIL] Profil 'Standard Profile' aplicat pe session15.
2026-07-14 20:44:32  =================================================================
2026-07-14 20:44:32    S15-GBPUSD — GBPUSD M15+M30 LONG pw=8 pullback | test +0.083R DD -48.2%
2026-07-14 20:44:32    Piete: ['GBPUSD']
2026-07-14 20:44:32    TF: M15 (trend M30) | PW=6 | LONG
2026-07-14 20:44:32    Output: C:\Dev\trading-bot\data\live_signals\session15
2026-07-14 20:44:32  =================================================================
2026-07-14 20:44:32  MT5: 52906593 @ ICMarketsEU-Demo (DEMO)
2026-07-14 20:44:32    [SCAN-RECOVER] S15-GBPUSD-IB000_1807516852: SL -1.010R -2.01USD recuperat din scanare history MT5
2026-07-14 20:44:32    [SCAN-RECOVER] 1 outcome(uri) recuperate din scanare history MT5
2026-07-14 20:44:32    [ORPHAN] Nicio pozitie MT5 fara corespondent — state consistent cu MT5.
2026-07-14 20:44:32  Simboluri active: ['GBPUSD']
2026-07-14 20:44:32  Pornit. Ctrl+C pentru oprire.

2026-07-14 20:44:32  --- S15-GBPUSD iter 1 @ 20:44:32 ---
2026-07-14 20:44:32    Niciun semnal nou. Pendinge: 0
2026-07-14 20:44:32    Urmatoarea bara 15min @ 20:45:05 — 32s
2026-07-14 20:45:05  --- S15-GBPUSD iter 2 @ 20:45:05 ---
2026-07-14 20:45:06    Niciun semnal nou. Pendinge: 0
2026-07-14 20:45:06    Urmatoarea bara 15min @ 21:00:05 — 899s
2026-07-14 21:00:05  --- S15-GBPUSD iter 3 @ 21:00:05 ---
2026-07-14 21:00:05    Niciun semnal nou. Pendinge: 0
2026-07-14 21:00:05    Urmatoarea bara 15min @ 21:15:05 — 900s
2026-07-14 21:15:05  --- S15-GBPUSD iter 4 @ 21:15:05 ---
2026-07-14 21:15:05    Niciun semnal nou. Pendinge: 0
2026-07-14 21:15:05    Urmatoarea bara 15min @ 21:30:05 — 900s
2026-07-14 21:30:05  --- S15-GBPUSD iter 5 @ 21:30:05 ---
2026-07-14 21:30:05    Niciun semnal nou. Pendinge: 0
2026-07-14 21:30:05    Urmatoarea bara 15min @ 21:45:05 — 900s
2026-07-14 21:45:05  --- S15-GBPUSD iter 6 @ 21:45:05 ---
2026-07-14 21:45:05    Niciun semnal nou. Pendinge: 0
2026-07-14 21:45:05    Urmatoarea bara 15min @ 22:00:05 — 900s
2026-07-14 22:00:05  --- S15-GBPUSD iter 7 @ 22:00:05 ---
2026-07-14 22:00:05    Niciun semnal nou. Pendinge: 0
2026-07-14 22:00:05    Urmatoarea bara 15min @ 22:15:05 — 900s
2026-07-14 22:15:05  --- S15-GBPUSD iter 8 @ 22:15:05 ---
2026-07-14 22:15:05    Niciun semnal nou. Pendinge: 0
2026-07-14 22:15:05    Urmatoarea bara 15min @ 22:30:05 — 900s
2026-07-14 22:30:05  --- S15-GBPUSD iter 9 @ 22:30:05 ---
2026-07-14 22:30:05    Niciun semnal nou. Pendinge: 0
2026-07-14 22:30:05    Urmatoarea bara 15min @ 22:45:05 — 900s
2026-07-14 22:45:05  --- S15-GBPUSD iter 10 @ 22:45:05 ---
2026-07-14 22:45:05    Niciun semnal nou. Pendinge: 0
2026-07-14 22:45:05    Urmatoarea bara 15min @ 23:00:05 — 900s
2026-07-14 23:00:05  --- S15-GBPUSD iter 11 @ 23:00:05 ---
2026-07-14 23:00:05    [STIRI] Pauza automata — BOE Gov Bailey Speaks (GBP, High, 0 min)
2026-07-14 23:00:05    [STIRI] Tranzitie → pauza: inchid ordine/pozitii active.
2026-07-14 23:00:05    [STIRI] Nicio pozitie/ordin activ — nimic de inchis.
2026-07-14 23:00:05    Niciun semnal nou. Pendinge: 0
2026-07-14 23:00:05    Urmatoarea bara 15min @ 23:15:05 — 900s
2026-07-14 23:15:05  --- S15-GBPUSD iter 12 @ 23:15:05 ---
2026-07-14 23:15:05    [STIRI] Pauza automata — BOE Gov Bailey Speaks (GBP, High, -15 min)
2026-07-14 23:15:05    Niciun semnal nou. Pendinge: 0
2026-07-14 23:15:05    Urmatoarea bara 15min @ 23:30:05 — 900s
2026-07-14 23:30:05  --- S15-GBPUSD iter 13 @ 23:30:05 ---
2026-07-14 23:30:05    Niciun semnal nou. Pendinge: 0
2026-07-14 23:30:05    Urmatoarea bara 15min @ 23:45:05 — 900s
2026-07-14 23:45:05  --- S15-GBPUSD iter 14 @ 23:45:05 ---
2026-07-14 23:45:05    Niciun semnal nou. Pendinge: 0
2026-07-14 23:45:05    Urmatoarea bara 15min @ 00:00:05 — 900s
2026-07-15 00:00:05  --- S15-GBPUSD iter 15 @ 00:00:05 ---
2026-07-15 00:00:05    Niciun semnal nou. Pendinge: 0
2026-07-15 00:00:05    Urmatoarea bara 15min @ 00:15:05 — 899s
2026-07-15 00:15:05  --- S15-GBPUSD iter 16 @ 00:15:05 ---
2026-07-15 00:15:05    GBPUSD: eroare M15 — Simbolul 'GBPUSD' nu este disponibil in MT5: (-10001, 'IPC send failed')
2026-07-15 00:15:05    Niciun semnal nou. Pendinge: 0
2026-07-15 00:15:05  [MT5-HEALTH] terminal_info() = None — IPC pierdut
2026-07-15 00:15:05    Urmatoarea bara 15min @ 00:30:05 — 900s
2026-07-15 00:30:05  --- S15-GBPUSD iter 17 @ 00:30:05 ---
2026-07-15 00:30:05    GBPUSD: eroare M15 — Simbolul 'GBPUSD' nu este disponibil in MT5: (-10001, 'IPC send failed')
2026-07-15 00:30:05    Niciun semnal nou. Pendinge: 0
2026-07-15 00:30:05  [MT5-HEALTH] terminal_info() = None — IPC pierdut
2026-07-15 00:30:05    Urmatoarea bara 15min @ 00:45:05 — 900s
2026-07-15 00:45:05  --- S15-GBPUSD iter 18 @ 00:45:05 ---
2026-07-15 00:45:05    GBPUSD: eroare M15 — Simbolul 'GBPUSD' nu este disponibil in MT5: (-10001, 'IPC send failed')
2026-07-15 00:45:05    Niciun semnal nou. Pendinge: 0
2026-07-15 00:45:05  [MT5-HEALTH] terminal_info() = None — IPC pierdut
2026-07-15 00:45:05    Urmatoarea bara 15min @ 01:00:05 — 900s
2026-07-15 01:00:05  --- S15-GBPUSD iter 19 @ 01:00:05 ---
2026-07-15 01:00:05    GBPUSD: eroare M15 — Simbolul 'GBPUSD' nu este disponibil in MT5: (-10001, 'IPC send failed')
2026-07-15 01:00:05    Niciun semnal nou. Pendinge: 0
2026-07-15 01:00:05  [MT5-HEALTH] terminal_info() = None — IPC pierdut
2026-07-15 01:00:05    Urmatoarea bara 15min @ 01:15:05 — 900s
2026-07-15 01:15:05  --- S15-GBPUSD iter 20 @ 01:15:05 ---
2026-07-15 01:15:05    GBPUSD: eroare M15 — Simbolul 'GBPUSD' nu este disponibil in MT5: (-10001, 'IPC send failed')
2026-07-15 01:15:05    Niciun semnal nou. Pendinge: 0
2026-07-15 01:15:05  [MT5-HEALTH] terminal_info() = None — IPC pierdut
2026-07-15 01:15:05    Urmatoarea bara 15min @ 01:30:05 — 900s
2026-07-15 01:30:05  --- S15-GBPUSD iter 21 @ 01:30:05 ---
2026-07-15 01:30:05    GBPUSD: eroare M15 — Simbolul 'GBPUSD' nu este disponibil in MT5: (-10001, 'IPC send failed')
2026-07-15 01:30:05    Niciun semnal nou. Pendinge: 0
2026-07-15 01:30:05  [MT5-HEALTH] terminal_info() = None — IPC pierdut
2026-07-15 01:30:05    Urmatoarea bara 15min @ 01:45:05 — 900s
2026-07-15 01:45:05  --- S15-GBPUSD iter 22 @ 01:45:05 ---
2026-07-15 01:45:05    GBPUSD: eroare M15 — Simbolul 'GBPUSD' nu este disponibil in MT5: (-10001, 'IPC send failed')
2026-07-15 01:45:05    Niciun semnal nou. Pendinge: 0
2026-07-15 01:45:05  [MT5-HEALTH] terminal_info() = None — IPC pierdut
2026-07-15 01:45:05    Urmatoarea bara 15min @ 02:00:05 — 900s
2026-07-15 02:00:05  --- S15-GBPUSD iter 23 @ 02:00:05 ---
2026-07-15 02:00:05    GBPUSD: eroare M15 — Simbolul 'GBPUSD' nu este disponibil in MT5: (-10001, 'IPC send failed')
2026-07-15 02:00:05    Niciun semnal nou. Pendinge: 0
2026-07-15 02:00:05  [MT5-HEALTH] terminal_info() = None — IPC pierdut
2026-07-15 02:00:05    Urmatoarea bara 15min @ 02:15:05 — 900s
2026-07-15 02:15:05  --- S15-GBPUSD iter 24 @ 02:15:05 ---
2026-07-15 02:15:05    GBPUSD: eroare M15 — Simbolul 'GBPUSD' nu este disponibil in MT5: (-10001, 'IPC send failed')
2026-07-15 02:15:05    Niciun semnal nou. Pendinge: 0
2026-07-15 02:15:05  [MT5-HEALTH] terminal_info() = None — IPC pierdut
2026-07-15 02:15:05    Urmatoarea bara 15min @ 02:30:05 — 900s
2026-07-15 02:30:05  --- S15-GBPUSD iter 25 @ 02:30:05 ---
2026-07-15 02:30:05    GBPUSD: eroare M15 — Simbolul 'GBPUSD' nu este disponibil in MT5: (-10001, 'IPC send failed')
2026-07-15 02:30:05    Niciun semnal nou. Pendinge: 0
2026-07-15 02:30:05  [MT5-HEALTH] terminal_info() = None — IPC pierdut
2026-07-15 02:30:05    Urmatoarea bara 15min @ 02:45:05 — 900s
2026-07-15 02:45:05  --- S15-GBPUSD iter 26 @ 02:45:05 ---
2026-07-15 02:45:05    GBPUSD: eroare M15 — Simbolul 'GBPUSD' nu este disponibil in MT5: (-10001, 'IPC send failed')
2026-07-15 02:45:05    Niciun semnal nou. Pendinge: 0
2026-07-15 02:45:05  [MT5-HEALTH] terminal_info() = None — IPC pierdut
2026-07-15 02:45:05    Urmatoarea bara 15min @ 03:00:05 — 900s
2026-07-15 03:00:05  --- S15-GBPUSD iter 27 @ 03:00:05 ---
2026-07-15 03:00:05    GBPUSD: eroare M15 — Simbolul 'GBPUSD' nu este disponibil in MT5: (-10001, 'IPC send failed')
2026-07-15 03:00:05    Niciun semnal nou. Pendinge: 0
2026-07-15 03:00:05  [MT5-HEALTH] terminal_info() = None — IPC pierdut
2026-07-15 03:00:05    Urmatoarea bara 15min @ 03:15:05 — 900s
2026-07-15 03:15:05  --- S15-GBPUSD iter 28 @ 03:15:05 ---
2026-07-15 03:15:05    GBPUSD: eroare M15 — Simbolul 'GBPUSD' nu este disponibil in MT5: (-10001, 'IPC send failed')
2026-07-15 03:15:05    Niciun semnal nou. Pendinge: 0
2026-07-15 03:15:05  [MT5-HEALTH] terminal_info() = None — IPC pierdut
2026-07-15 03:15:05    Urmatoarea bara 15min @ 03:30:05 — 900s
2026-07-15 03:30:05  --- S15-GBPUSD iter 29 @ 03:30:05 ---
2026-07-15 03:30:05    GBPUSD: eroare M15 — Simbolul 'GBPUSD' nu este disponibil in MT5: (-10001, 'IPC send failed')
2026-07-15 03:30:05    Niciun semnal nou. Pendinge: 0
2026-07-15 03:30:05  [MT5-HEALTH] terminal_info() = None — IPC pierdut
2026-07-15 03:30:05    Urmatoarea bara 15min @ 03:45:05 — 900s
2026-07-15 03:45:05  --- S15-GBPUSD iter 30 @ 03:45:05 ---
2026-07-15 03:45:05    GBPUSD: eroare M15 — Simbolul 'GBPUSD' nu este disponibil in MT5: (-10001, 'IPC send failed')
2026-07-15 03:45:05    Niciun semnal nou. Pendinge: 0
2026-07-15 03:45:05  [MT5-HEALTH] terminal_info() = None — IPC pierdut
2026-07-15 03:45:05    Urmatoarea bara 15min @ 04:00:05 — 900s
2026-07-15 04:00:05  --- S15-GBPUSD iter 31 @ 04:00:05 ---
2026-07-15 04:00:05    GBPUSD: eroare M15 — Simbolul 'GBPUSD' nu este disponibil in MT5: (-10001, 'IPC send failed')
2026-07-15 04:00:05    Niciun semnal nou. Pendinge: 0
2026-07-15 04:00:05  [MT5-HEALTH] terminal_info() = None — IPC pierdut
2026-07-15 04:00:05    Urmatoarea bara 15min @ 04:15:05 — 900s
2026-07-15 04:15:05  --- S15-GBPUSD iter 32 @ 04:15:05 ---
2026-07-15 04:15:05    GBPUSD: eroare M15 — Simbolul 'GBPUSD' nu este disponibil in MT5: (-10001, 'IPC send failed')
2026-07-15 04:15:05    Niciun semnal nou. Pendinge: 0
2026-07-15 04:15:05  [MT5-HEALTH] terminal_info() = None — IPC pierdut
2026-07-15 04:15:05    Urmatoarea bara 15min @ 04:30:05 — 900s
2026-07-15 04:30:05  --- S15-GBPUSD iter 33 @ 04:30:05 ---
2026-07-15 04:30:05    GBPUSD: eroare M15 — Simbolul 'GBPUSD' nu este disponibil in MT5: (-10001, 'IPC send failed')
2026-07-15 04:30:05    Niciun semnal nou. Pendinge: 0
2026-07-15 04:30:05  [MT5-HEALTH] terminal_info() = None — IPC pierdut
2026-07-15 04:30:05    Urmatoarea bara 15min @ 04:45:05 — 900s
2026-07-15 04:45:05  --- S15-GBPUSD iter 34 @ 04:45:05 ---
2026-07-15 04:45:05    GBPUSD: eroare M15 — Simbolul 'GBPUSD' nu este disponibil in MT5: (-10001, 'IPC send failed')
2026-07-15 04:45:05    Niciun semnal nou. Pendinge: 0
2026-07-15 04:45:05  [MT5-HEALTH] terminal_info() = None — IPC pierdut
2026-07-15 04:45:05    Urmatoarea bara 15min @ 05:00:05 — 900s
2026-07-15 05:00:05  --- S15-GBPUSD iter 35 @ 05:00:05 ---
2026-07-15 05:00:05    GBPUSD: eroare M15 — Simbolul 'GBPUSD' nu este disponibil in MT5: (-10001, 'IPC send failed')
2026-07-15 05:00:05    Niciun semnal nou. Pendinge: 0
2026-07-15 05:00:05  [MT5-HEALTH] terminal_info() = None — IPC pierdut
2026-07-15 05:00:05    Urmatoarea bara 15min @ 05:15:05 — 900s
2026-07-15 05:15:05  --- S15-GBPUSD iter 36 @ 05:15:05 ---
2026-07-15 05:15:05    GBPUSD: eroare M15 — Simbolul 'GBPUSD' nu este disponibil in MT5: (-10001, 'IPC send failed')
2026-07-15 05:15:05    Niciun semnal nou. Pendinge: 0
2026-07-15 05:15:05  [MT5-HEALTH] terminal_info() = None — IPC pierdut
2026-07-15 05:15:05    Urmatoarea bara 15min @ 05:30:05 — 900s
2026-07-15 05:30:05  --- S15-GBPUSD iter 37 @ 05:30:05 ---
2026-07-15 05:30:05    GBPUSD: eroare M15 — Simbolul 'GBPUSD' nu este disponibil in MT5: (-10001, 'IPC send failed')
2026-07-15 05:30:05    Niciun semnal nou. Pendinge: 0
2026-07-15 05:30:05  [MT5-HEALTH] terminal_info() = None — IPC pierdut
2026-07-15 05:30:05    Urmatoarea bara 15min @ 05:45:05 — 900s
2026-07-15 05:45:05  --- S15-GBPUSD iter 38 @ 05:45:05 ---
2026-07-15 05:45:05    GBPUSD: eroare M15 — Simbolul 'GBPUSD' nu este disponibil in MT5: (-10001, 'IPC send failed')
2026-07-15 05:45:05    Niciun semnal nou. Pendinge: 0
2026-07-15 05:45:05  [MT5-HEALTH] terminal_info() = None — IPC pierdut
2026-07-15 05:45:05    Urmatoarea bara 15min @ 06:00:05 — 900s
2026-07-15 06:00:05  --- S15-GBPUSD iter 39 @ 06:00:05 ---
2026-07-15 06:00:05    GBPUSD: eroare M15 — Simbolul 'GBPUSD' nu este disponibil in MT5: (-10001, 'IPC send failed')
2026-07-15 06:00:05    Niciun semnal nou. Pendinge: 0
2026-07-15 06:00:05  [MT5-HEALTH] terminal_info() = None — IPC pierdut
2026-07-15 06:00:05    Urmatoarea bara 15min @ 06:15:05 — 900s
2026-07-15 06:15:05  --- S15-GBPUSD iter 40 @ 06:15:05 ---
2026-07-15 06:15:05    GBPUSD: eroare M15 — Simbolul 'GBPUSD' nu este disponibil in MT5: (-10001, 'IPC send failed')
2026-07-15 06:15:05    Niciun semnal nou. Pendinge: 0
2026-07-15 06:15:05  [MT5-HEALTH] terminal_info() = None — IPC pierdut
2026-07-15 06:15:05    Urmatoarea bara 15min @ 06:30:05 — 900s
2026-07-15 06:30:05  --- S15-GBPUSD iter 41 @ 06:30:05 ---
2026-07-15 06:30:05    GBPUSD: eroare M15 — Simbolul 'GBPUSD' nu este disponibil in MT5: (-10001, 'IPC send failed')
2026-07-15 06:30:05    Niciun semnal nou. Pendinge: 0
2026-07-15 06:30:05  [MT5-HEALTH] terminal_info() = None — IPC pierdut
2026-07-15 06:30:05    Urmatoarea bara 15min @ 06:45:05 — 900s
2026-07-15 06:45:05  --- S15-GBPUSD iter 42 @ 06:45:05 ---
2026-07-15 06:45:05    GBPUSD: eroare M15 — Simbolul 'GBPUSD' nu este disponibil in MT5: (-10001, 'IPC send failed')
2026-07-15 06:45:05    Niciun semnal nou. Pendinge: 0
2026-07-15 06:45:05  [MT5-HEALTH] terminal_info() = None — IPC pierdut
2026-07-15 06:45:05    Urmatoarea bara 15min @ 07:00:05 — 900s
2026-07-15 07:00:05  --- S15-GBPUSD iter 43 @ 07:00:05 ---
2026-07-15 07:00:05    GBPUSD: eroare M15 — Simbolul 'GBPUSD' nu este disponibil in MT5: (-10001, 'IPC send failed')
2026-07-15 07:00:05    Niciun semnal nou. Pendinge: 0
2026-07-15 07:00:05  [MT5-HEALTH] terminal_info() = None — IPC pierdut
2026-07-15 07:00:05    Urmatoarea bara 15min @ 07:15:05 — 900s
2026-07-15 07:15:05  --- S15-GBPUSD iter 44 @ 07:15:05 ---
2026-07-15 07:15:05    GBPUSD: eroare M15 — Simbolul 'GBPUSD' nu este disponibil in MT5: (-10001, 'IPC send failed')
2026-07-15 07:15:05    Niciun semnal nou. Pendinge: 0
2026-07-15 07:15:05  [MT5-HEALTH] terminal_info() = None — IPC pierdut
2026-07-15 07:15:05    Urmatoarea bara 15min @ 07:30:05 — 900s
2026-07-15 07:30:05  --- S15-GBPUSD iter 45 @ 07:30:05 ---
2026-07-15 07:30:05    GBPUSD: eroare M15 — Simbolul 'GBPUSD' nu este disponibil in MT5: (-10001, 'IPC send failed')
2026-07-15 07:30:05    Niciun semnal nou. Pendinge: 0
2026-07-15 07:30:05  [MT5-HEALTH] terminal_info() = None — IPC pierdut
2026-07-15 07:30:05    Urmatoarea bara 15min @ 07:45:05 — 900s
2026-07-15 07:45:05  --- S15-GBPUSD iter 46 @ 07:45:05 ---
2026-07-15 07:45:05    GBPUSD: eroare M15 — Simbolul 'GBPUSD' nu este disponibil in MT5: (-10001, 'IPC send failed')
2026-07-15 07:45:05    Niciun semnal nou. Pendinge: 0
2026-07-15 07:45:05  [MT5-HEALTH] terminal_info() = None — IPC pierdut
2026-07-15 07:45:05    Urmatoarea bara 15min @ 08:00:05 — 900s
2026-07-15 08:00:05  --- S15-GBPUSD iter 47 @ 08:00:05 ---
2026-07-15 08:00:05    GBPUSD: eroare M15 — Simbolul 'GBPUSD' nu este disponibil in MT5: (-10001, 'IPC send failed')
2026-07-15 08:00:05    Niciun semnal nou. Pendinge: 0
2026-07-15 08:00:05  [MT5-HEALTH] terminal_info() = None — IPC pierdut
2026-07-15 08:00:05    Urmatoarea bara 15min @ 08:15:05 — 900s
2026-07-15 08:15:05  --- S15-GBPUSD iter 48 @ 08:15:05 ---
2026-07-15 08:15:05    GBPUSD: eroare M15 — Simbolul 'GBPUSD' nu este disponibil in MT5: (-10001, 'IPC send failed')
2026-07-15 08:15:05    Niciun semnal nou. Pendinge: 0
2026-07-15 08:15:05  [MT5-HEALTH] terminal_info() = None — IPC pierdut
2026-07-15 08:15:05    Urmatoarea bara 15min @ 08:30:05 — 900s
2026-07-15 08:30:05  --- S15-GBPUSD iter 49 @ 08:30:05 ---
2026-07-15 08:30:05    GBPUSD: eroare M15 — Simbolul 'GBPUSD' nu este disponibil in MT5: (-10001, 'IPC send failed')
2026-07-15 08:30:05    Niciun semnal nou. Pendinge: 0
2026-07-15 08:30:05  [MT5-HEALTH] terminal_info() = None — IPC pierdut
2026-07-15 08:30:05    Urmatoarea bara 15min @ 08:45:05 — 900s
2026-07-15 08:45:05  --- S15-GBPUSD iter 50 @ 08:45:05 ---
2026-07-15 08:45:05    GBPUSD: eroare M15 — Simbolul 'GBPUSD' nu este disponibil in MT5: (-10001, 'IPC send failed')
2026-07-15 08:45:05    Niciun semnal nou. Pendinge: 0
2026-07-15 08:45:05  [MT5-HEALTH] terminal_info() = None — IPC pierdut
2026-07-15 08:45:05    Urmatoarea bara 15min @ 09:00:05 — 900s
2026-07-15 09:21:10    [PROFIL] Profil 'Standard Profile' aplicat pe session15.
2026-07-15 09:21:10  =================================================================
2026-07-15 09:21:10    S15-GBPUSD — GBPUSD M15+M30 LONG pw=8 pullback | test +0.083R DD -48.2%
2026-07-15 09:21:10    Piete: ['GBPUSD']
2026-07-15 09:21:10    TF: M15 (trend M30) | PW=6 | LONG
2026-07-15 09:21:10    Output: C:\Dev\trading-bot\data\live_signals\session15
2026-07-15 09:21:10  =================================================================
2026-07-15 09:21:10  MT5: 52906593 @ ICMarketsEU-Demo (DEMO)
2026-07-15 09:21:10    [ORPHAN] Nicio pozitie MT5 fara corespondent — state consistent cu MT5.
2026-07-15 09:21:10  Simboluri active: ['GBPUSD']
2026-07-15 09:21:10  Pornit. Ctrl+C pentru oprire.

2026-07-15 09:21:10  --- S15-GBPUSD iter 1 @ 09:21:10 ---
2026-07-15 09:21:11    Niciun semnal nou. Pendinge: 0
2026-07-15 09:21:11    Urmatoarea bara 15min @ 09:30:05 — 534s
2026-07-15 09:21:55    [PROFIL] Profil 'Standard Profile' aplicat pe session15.
2026-07-15 09:21:55  =================================================================
2026-07-15 09:21:55    S15-GBPUSD — GBPUSD M15+M30 LONG pw=8 pullback | test +0.083R DD -48.2%
2026-07-15 09:21:55    Piete: ['GBPUSD']
2026-07-15 09:21:55    TF: M15 (trend M30) | PW=6 | LONG
2026-07-15 09:21:55    Output: C:\Dev\trading-bot\data\live_signals\session15
2026-07-15 09:21:55  =================================================================
2026-07-15 09:21:55  MT5: 52906593 @ ICMarketsEU-Demo (DEMO)
2026-07-15 09:21:56    [ORPHAN] Nicio pozitie MT5 fara corespondent — state consistent cu MT5.
2026-07-15 09:21:56  Simboluri active: ['GBPUSD']
2026-07-15 09:21:56  Pornit. Ctrl+C pentru oprire.

2026-07-15 09:21:56  --- S15-GBPUSD iter 1 @ 09:21:56 ---
2026-07-15 09:21:56    Niciun semnal nou. Pendinge: 0
2026-07-15 09:21:56    Urmatoarea bara 15min @ 09:30:05 — 489s
2026-07-15 09:30:05  --- S15-GBPUSD iter 2 @ 09:30:05 ---
2026-07-15 09:30:05    Niciun semnal nou. Pendinge: 0
2026-07-15 09:30:05    Urmatoarea bara 15min @ 09:45:05 — 900s
2026-07-15 09:45:04  --- S15-GBPUSD iter 3 @ 09:45:04 ---
2026-07-15 09:45:05    Niciun semnal nou. Pendinge: 0
2026-07-15 09:45:05    Urmatoarea bara 15min @ 10:00:05 — 900s
2026-07-15 10:00:04  --- S15-GBPUSD iter 4 @ 10:00:04 ---
2026-07-15 10:00:05    Niciun semnal nou. Pendinge: 0
2026-07-15 10:00:05    Urmatoarea bara 15min @ 10:15:05 — 900s
2026-07-15 10:15:04  --- S15-GBPUSD iter 5 @ 10:15:04 ---
2026-07-15 10:15:05    Niciun semnal nou. Pendinge: 0
2026-07-15 10:15:05    Urmatoarea bara 15min @ 10:30:05 — 900s
2026-07-15 10:30:04  --- S15-GBPUSD iter 6 @ 10:30:04 ---
2026-07-15 10:30:05    Niciun semnal nou. Pendinge: 0
2026-07-15 10:30:05    Urmatoarea bara 15min @ 10:45:05 — 900s
2026-07-15 10:45:04  --- S15-GBPUSD iter 7 @ 10:45:04 ---
2026-07-15 10:45:05    Niciun semnal nou. Pendinge: 0
2026-07-15 10:45:05    Urmatoarea bara 15min @ 11:00:05 — 900s
2026-07-15 11:00:04  --- S15-GBPUSD iter 8 @ 11:00:04 ---
2026-07-15 11:00:05    Niciun semnal nou. Pendinge: 0
2026-07-15 11:00:05    Urmatoarea bara 15min @ 11:15:05 — 900s
2026-07-15 11:15:04  --- S15-GBPUSD iter 9 @ 11:15:04 ---
2026-07-15 11:15:05    Niciun semnal nou. Pendinge: 0
2026-07-15 11:15:05    Urmatoarea bara 15min @ 11:30:05 — 900s
2026-07-15 11:30:04  --- S15-GBPUSD iter 10 @ 11:30:04 ---
2026-07-15 11:30:05    Niciun semnal nou. Pendinge: 0
2026-07-15 11:30:05    Urmatoarea bara 15min @ 11:45:05 — 900s
2026-07-15 11:45:04  --- S15-GBPUSD iter 11 @ 11:45:04 ---
2026-07-15 11:45:05    Niciun semnal nou. Pendinge: 0
2026-07-15 11:45:05    Urmatoarea bara 15min @ 12:00:05 — 900s
2026-07-15 12:00:04  --- S15-GBPUSD iter 12 @ 12:00:04 ---
2026-07-15 12:00:05    Niciun semnal nou. Pendinge: 0
2026-07-15 12:00:05    Urmatoarea bara 15min @ 12:15:05 — 899s
2026-07-15 12:15:05  --- S15-GBPUSD iter 13 @ 12:15:05 ---
2026-07-15 12:15:05    Niciun semnal nou. Pendinge: 0
2026-07-15 12:15:05    Urmatoarea bara 15min @ 12:30:05 — 900s
2026-07-15 12:30:04  --- S15-GBPUSD iter 14 @ 12:30:04 ---
2026-07-15 12:30:05    Niciun semnal nou. Pendinge: 0
2026-07-15 12:30:05    Urmatoarea bara 15min @ 12:45:05 — 900s
2026-07-15 12:45:05  --- S15-GBPUSD iter 15 @ 12:45:05 ---
2026-07-15 12:45:05    Niciun semnal nou. Pendinge: 0
2026-07-15 12:45:05    Urmatoarea bara 15min @ 13:00:05 — 900s
2026-07-15 13:00:04  --- S15-GBPUSD iter 16 @ 13:00:04 ---
2026-07-15 13:00:05    Niciun semnal nou. Pendinge: 0
2026-07-15 13:00:05    Urmatoarea bara 15min @ 13:15:05 — 900s
2026-07-15 13:15:05  --- S15-GBPUSD iter 17 @ 13:15:05 ---
2026-07-15 13:15:05    Niciun semnal nou. Pendinge: 0
2026-07-15 13:15:05    Urmatoarea bara 15min @ 13:30:05 — 900s
2026-07-15 13:30:05  --- S15-GBPUSD iter 18 @ 13:30:05 ---
2026-07-15 13:30:05    Niciun semnal nou. Pendinge: 0
2026-07-15 13:30:05    Urmatoarea bara 15min @ 13:45:05 — 900s
2026-07-15 13:45:05  --- S15-GBPUSD iter 19 @ 13:45:05 ---
2026-07-15 13:45:05    Niciun semnal nou. Pendinge: 0
2026-07-15 13:45:05    Urmatoarea bara 15min @ 14:00:05 — 900s
2026-07-15 14:00:05  --- S15-GBPUSD iter 20 @ 14:00:05 ---
2026-07-15 14:00:05    *** SEMNAL [INSIDE_BAR]: S15-GBPUSD-IB0008 GBPUSD LONG entry=1.34017 sl=1.33799 tp=1.34453 (2.0R) RSI=52
2026-07-15 14:00:06    [EXEC] *** ORDIN: S15-GBPUSD-IB0008 GBPUSD LONG 0.01lot @ 1.34017  SL=1.33799  TP=1.34453  ticket=#1809403272
2026-07-15 14:00:06    Urmatoarea bara 15min @ 14:15:05 — 898s
2026-07-15 14:15:05  --- S15-GBPUSD iter 21 @ 14:15:05 ---
2026-07-15 14:15:05    TRIGGERAT: S15-GBPUSD-IB0008 GBPUSD LONG @ 1.34017
2026-07-15 14:15:05    Niciun semnal nou. Pendinge: 1
2026-07-15 14:15:05    Urmatoarea bara 15min @ 14:30:05 — 900s
2026-07-15 14:30:05  --- S15-GBPUSD iter 22 @ 14:30:05 ---
2026-07-15 14:30:05    Niciun semnal nou. Pendinge: 1
2026-07-15 14:30:05    Urmatoarea bara 15min @ 14:45:05 — 900s
2026-07-15 14:45:05  --- S15-GBPUSD iter 23 @ 14:45:05 ---
2026-07-15 14:45:05    Niciun semnal nou. Pendinge: 1
2026-07-15 14:45:05    Urmatoarea bara 15min @ 15:00:05 — 900s
2026-07-15 15:00:05  --- S15-GBPUSD iter 24 @ 15:00:05 ---
2026-07-15 15:00:05    Niciun semnal nou. Pendinge: 1
2026-07-15 15:00:05    Urmatoarea bara 15min @ 15:15:05 — 899s
2026-07-15 15:15:05  --- S15-GBPUSD iter 25 @ 15:15:05 ---
2026-07-15 15:15:05    Niciun semnal nou. Pendinge: 1
2026-07-15 15:15:05    Urmatoarea bara 15min @ 15:30:05 — 900s
2026-07-15 15:30:05  --- S15-GBPUSD iter 26 @ 15:30:05 ---
2026-07-15 15:30:05    [STIRI] Pauza automata — Core PPI m/m (USD, High, 1 min)
2026-07-15 15:30:05    [STIRI] Tranzitie → pauza: inchid ordine/pozitii active.
2026-07-15 15:30:39    [STIRI] S15-GBPUSD-IB0008 GBPUSD LONG inchis la stire: exit=1.341390  result=+0.560R
2026-07-15 15:30:39    Niciun semnal nou. Pendinge: 0
2026-07-15 15:30:39    Urmatoarea bara 15min @ 15:45:05 — 865s
2026-07-15 15:45:05  --- S15-GBPUSD iter 27 @ 15:45:05 ---
2026-07-15 15:45:05    [STIRI] Pauza automata — Core PPI m/m (USD, High, -14 min)
2026-07-15 15:45:05    Niciun semnal nou. Pendinge: 0
2026-07-15 15:45:05    Urmatoarea bara 15min @ 16:00:05 — 900s
2026-07-15 16:00:05  --- S15-GBPUSD iter 28 @ 16:00:05 ---
2026-07-15 16:00:05    Niciun semnal nou. Pendinge: 0
2026-07-15 16:00:05    Urmatoarea bara 15min @ 16:15:05 — 899s
2026-07-15 16:15:05  --- S15-GBPUSD iter 29 @ 16:15:05 ---
2026-07-15 16:15:05    Niciun semnal nou. Pendinge: 0
2026-07-15 16:15:05    Urmatoarea bara 15min @ 16:30:05 — 900s
2026-07-15 16:30:05  --- S15-GBPUSD iter 30 @ 16:30:05 ---
2026-07-15 16:30:05    Niciun semnal nou. Pendinge: 0
2026-07-15 16:30:05    Urmatoarea bara 15min @ 16:45:05 — 900s
2026-07-15 16:45:05  --- S15-GBPUSD iter 31 @ 16:45:05 ---
2026-07-15 16:45:05    Niciun semnal nou. Pendinge: 0
2026-07-15 16:45:05    Urmatoarea bara 15min @ 17:00:05 — 900s
2026-07-15 17:00:05  --- S15-GBPUSD iter 32 @ 17:00:05 ---
2026-07-15 17:00:05    [STIRI] Pauza automata — Fed Chairman Warsh Testifies (USD, High, 1 min)
2026-07-15 17:00:05    [STIRI] Tranzitie → pauza: inchid ordine/pozitii active.
2026-07-15 17:00:05    [STIRI] Nicio pozitie/ordin activ — nimic de inchis.
2026-07-15 17:00:05    Niciun semnal nou. Pendinge: 0
2026-07-15 17:00:05    Urmatoarea bara 15min @ 17:15:05 — 900s
2026-07-15 17:15:05  --- S15-GBPUSD iter 33 @ 17:15:05 ---
2026-07-15 17:15:05    [STIRI] Pauza automata — Fed Chairman Warsh Testifies (USD, High, -14 min)
2026-07-15 17:15:05    Niciun semnal nou. Pendinge: 0
2026-07-15 17:15:05    Urmatoarea bara 15min @ 17:30:05 — 900s
2026-07-15 17:30:05  --- S15-GBPUSD iter 34 @ 17:30:05 ---
2026-07-15 17:30:05    Niciun semnal nou. Pendinge: 0
2026-07-15 17:30:05    Urmatoarea bara 15min @ 17:45:05 — 900s
2026-07-15 17:45:05  --- S15-GBPUSD iter 35 @ 17:45:05 ---
2026-07-15 17:45:05    Niciun semnal nou. Pendinge: 0
2026-07-15 17:45:05    Urmatoarea bara 15min @ 18:00:05 — 900s
2026-07-15 18:00:05  --- S15-GBPUSD iter 36 @ 18:00:05 ---
2026-07-15 18:00:05    Niciun semnal nou. Pendinge: 0
2026-07-15 18:00:05    Urmatoarea bara 15min @ 18:15:05 — 900s
2026-07-15 18:15:05  --- S15-GBPUSD iter 37 @ 18:15:05 ---
2026-07-15 18:15:05    Niciun semnal nou. Pendinge: 0
2026-07-15 18:15:05    Urmatoarea bara 15min @ 18:30:05 — 900s
2026-07-15 18:30:05  --- S15-GBPUSD iter 38 @ 18:30:05 ---
2026-07-15 18:30:05    Niciun semnal nou. Pendinge: 0
2026-07-15 18:30:05    Urmatoarea bara 15min @ 18:45:05 — 900s
2026-07-15 18:45:05  --- S15-GBPUSD iter 39 @ 18:45:05 ---
2026-07-15 18:45:05    Niciun semnal nou. Pendinge: 0
2026-07-15 18:45:05    Urmatoarea bara 15min @ 19:00:05 — 900s
2026-07-15 19:00:05  --- S15-GBPUSD iter 40 @ 19:00:05 ---
2026-07-15 19:00:05    Niciun semnal nou. Pendinge: 0
2026-07-15 19:00:05    Urmatoarea bara 15min @ 19:15:05 — 899s
2026-07-15 19:15:05  --- S15-GBPUSD iter 41 @ 19:15:05 ---
2026-07-15 19:15:05    Niciun semnal nou. Pendinge: 0
2026-07-15 19:15:05    Urmatoarea bara 15min @ 19:30:05 — 900s
2026-07-15 19:30:05  --- S15-GBPUSD iter 42 @ 19:30:05 ---
2026-07-15 19:30:05    Niciun semnal nou. Pendinge: 0
2026-07-15 19:30:05    Urmatoarea bara 15min @ 19:45:05 — 900s
2026-07-15 19:45:05  --- S15-GBPUSD iter 43 @ 19:45:05 ---
2026-07-15 19:45:05    Niciun semnal nou. Pendinge: 0
2026-07-15 19:45:05    Urmatoarea bara 15min @ 20:00:05 — 900s
2026-07-15 20:00:05  --- S15-GBPUSD iter 44 @ 20:00:05 ---
2026-07-15 20:00:05    Niciun semnal nou. Pendinge: 0
2026-07-15 20:00:05    Urmatoarea bara 15min @ 20:15:05 — 900s
2026-07-15 20:15:05  --- S15-GBPUSD iter 45 @ 20:15:05 ---
2026-07-15 20:15:05    Niciun semnal nou. Pendinge: 0
2026-07-15 20:15:05    Urmatoarea bara 15min @ 20:30:05 — 900s
2026-07-15 20:30:05  --- S15-GBPUSD iter 46 @ 20:30:05 ---
2026-07-15 20:30:05    Niciun semnal nou. Pendinge: 0
2026-07-15 20:30:05    Urmatoarea bara 15min @ 20:45:05 — 900s
2026-07-15 20:45:05  --- S15-GBPUSD iter 47 @ 20:45:05 ---
2026-07-15 20:45:05    Niciun semnal nou. Pendinge: 0
2026-07-15 20:45:05    Urmatoarea bara 15min @ 21:00:05 — 900s
2026-07-15 21:00:05  --- S15-GBPUSD iter 48 @ 21:00:05 ---
2026-07-15 21:00:05    Niciun semnal nou. Pendinge: 0
2026-07-15 21:00:05    Urmatoarea bara 15min @ 21:15:05 — 899s
2026-07-15 21:15:05  --- S15-GBPUSD iter 49 @ 21:15:05 ---
2026-07-15 21:15:05    Niciun semnal nou. Pendinge: 0
2026-07-15 21:15:05    Urmatoarea bara 15min @ 21:30:05 — 900s
2026-07-15 21:30:05  --- S15-GBPUSD iter 50 @ 21:30:05 ---
2026-07-15 21:30:05    Niciun semnal nou. Pendinge: 0
2026-07-15 21:30:05    Urmatoarea bara 15min @ 21:45:05 — 900s
2026-07-15 21:45:05  --- S15-GBPUSD iter 51 @ 21:45:05 ---
2026-07-15 21:45:05    Niciun semnal nou. Pendinge: 0
2026-07-15 21:45:05    Urmatoarea bara 15min @ 22:00:05 — 900s
2026-07-15 22:00:05  --- S15-GBPUSD iter 52 @ 22:00:05 ---
2026-07-15 22:00:05    Niciun semnal nou. Pendinge: 0
2026-07-15 22:00:05    Urmatoarea bara 15min @ 22:15:05 — 899s
2026-07-15 22:15:05  --- S15-GBPUSD iter 53 @ 22:15:05 ---
2026-07-15 22:15:05    Niciun semnal nou. Pendinge: 0
2026-07-15 22:15:05    Urmatoarea bara 15min @ 22:30:05 — 900s
2026-07-15 22:30:05  --- S15-GBPUSD iter 54 @ 22:30:05 ---
2026-07-15 22:30:05    Niciun semnal nou. Pendinge: 0
2026-07-15 22:30:05    Urmatoarea bara 15min @ 22:45:05 — 900s
2026-07-15 22:45:05  --- S15-GBPUSD iter 55 @ 22:45:05 ---
2026-07-15 22:45:05    Niciun semnal nou. Pendinge: 0
2026-07-15 22:45:05    Urmatoarea bara 15min @ 23:00:05 — 900s
2026-07-15 23:00:05  --- S15-GBPUSD iter 56 @ 23:00:05 ---
2026-07-15 23:00:06    Niciun semnal nou. Pendinge: 0
2026-07-15 23:00:06    Urmatoarea bara 15min @ 23:15:05 — 899s
2026-07-15 23:15:05  --- S15-GBPUSD iter 57 @ 23:15:05 ---
2026-07-15 23:15:05    Niciun semnal nou. Pendinge: 0
2026-07-15 23:15:05    Urmatoarea bara 15min @ 23:30:05 — 900s
2026-07-15 23:30:05  --- S15-GBPUSD iter 58 @ 23:30:05 ---
2026-07-15 23:30:05    Niciun semnal nou. Pendinge: 0
2026-07-15 23:30:05    Urmatoarea bara 15min @ 23:45:05 — 900s
2026-07-15 23:45:05  --- S15-GBPUSD iter 59 @ 23:45:05 ---
2026-07-15 23:45:05    Niciun semnal nou. Pendinge: 0
2026-07-15 23:45:05    Urmatoarea bara 15min @ 00:00:05 — 900s
2026-07-16 00:00:05  --- S15-GBPUSD iter 60 @ 00:00:05 ---
2026-07-16 00:00:05    Niciun semnal nou. Pendinge: 0
2026-07-16 00:00:05    Urmatoarea bara 15min @ 00:15:05 — 899s
2026-07-16 00:15:05  --- S15-GBPUSD iter 61 @ 00:15:05 ---
2026-07-16 00:15:05    Niciun semnal nou. Pendinge: 0
2026-07-16 00:15:05    Urmatoarea bara 15min @ 00:30:05 — 900s
2026-07-16 00:30:05  --- S15-GBPUSD iter 62 @ 00:30:05 ---
2026-07-16 00:30:05    Niciun semnal nou. Pendinge: 0
2026-07-16 00:30:05    Urmatoarea bara 15min @ 00:45:05 — 900s
2026-07-16 00:45:05  --- S15-GBPUSD iter 63 @ 00:45:05 ---
2026-07-16 00:45:05    Niciun semnal nou. Pendinge: 0
2026-07-16 00:45:05    Urmatoarea bara 15min @ 01:00:05 — 900s
2026-07-16 01:00:05  --- S15-GBPUSD iter 64 @ 01:00:05 ---
2026-07-16 01:00:08    Niciun semnal nou. Pendinge: 0
2026-07-16 01:00:08    Urmatoarea bara 15min @ 01:15:05 — 896s
2026-07-16 01:15:05  --- S15-GBPUSD iter 65 @ 01:15:05 ---
2026-07-16 01:15:05    Niciun semnal nou. Pendinge: 0
2026-07-16 01:15:05    Urmatoarea bara 15min @ 01:30:05 — 900s
2026-07-16 01:30:05  --- S15-GBPUSD iter 66 @ 01:30:05 ---
2026-07-16 01:30:05    Niciun semnal nou. Pendinge: 0
2026-07-16 01:30:05    Urmatoarea bara 15min @ 01:45:05 — 900s
2026-07-16 01:45:05  --- S15-GBPUSD iter 67 @ 01:45:05 ---
2026-07-16 01:45:05    Niciun semnal nou. Pendinge: 0
2026-07-16 01:45:05    Urmatoarea bara 15min @ 02:00:05 — 900s
2026-07-16 02:00:05  --- S15-GBPUSD iter 68 @ 02:00:05 ---
2026-07-16 02:00:05    Niciun semnal nou. Pendinge: 0
2026-07-16 02:00:05    Urmatoarea bara 15min @ 02:15:05 — 900s
2026-07-16 02:15:05  --- S15-GBPUSD iter 69 @ 02:15:05 ---
2026-07-16 02:15:05    Niciun semnal nou. Pendinge: 0
2026-07-16 02:15:05    Urmatoarea bara 15min @ 02:30:05 — 900s
2026-07-16 02:30:05  --- S15-GBPUSD iter 70 @ 02:30:05 ---
2026-07-16 02:30:05    Niciun semnal nou. Pendinge: 0
2026-07-16 02:30:05    Urmatoarea bara 15min @ 02:45:05 — 900s
2026-07-16 02:45:05  --- S15-GBPUSD iter 71 @ 02:45:05 ---
2026-07-16 02:45:05    Niciun semnal nou. Pendinge: 0
2026-07-16 02:45:05    Urmatoarea bara 15min @ 03:00:05 — 900s
2026-07-16 03:00:05  --- S15-GBPUSD iter 72 @ 03:00:05 ---
2026-07-16 03:00:05    Niciun semnal nou. Pendinge: 0
2026-07-16 03:00:05    Urmatoarea bara 15min @ 03:15:05 — 899s
2026-07-16 03:15:05  --- S15-GBPUSD iter 73 @ 03:15:05 ---
2026-07-16 03:15:05    Niciun semnal nou. Pendinge: 0
2026-07-16 03:15:05    Urmatoarea bara 15min @ 03:30:05 — 900s
2026-07-16 03:30:05  --- S15-GBPUSD iter 74 @ 03:30:05 ---
2026-07-16 03:30:05    Niciun semnal nou. Pendinge: 0
2026-07-16 03:30:05    Urmatoarea bara 15min @ 03:45:05 — 900s
2026-07-16 03:45:05  --- S15-GBPUSD iter 75 @ 03:45:05 ---
2026-07-16 03:45:05    Niciun semnal nou. Pendinge: 0
2026-07-16 03:45:05    Urmatoarea bara 15min @ 04:00:05 — 900s
2026-07-16 04:00:05  --- S15-GBPUSD iter 76 @ 04:00:05 ---
2026-07-16 04:00:05    Niciun semnal nou. Pendinge: 0
2026-07-16 04:00:05    Urmatoarea bara 15min @ 04:15:05 — 899s
2026-07-16 04:15:05  --- S15-GBPUSD iter 77 @ 04:15:05 ---
2026-07-16 04:15:05    Niciun semnal nou. Pendinge: 0
2026-07-16 04:15:05    Urmatoarea bara 15min @ 04:30:05 — 900s
2026-07-16 04:30:05  --- S15-GBPUSD iter 78 @ 04:30:05 ---
2026-07-16 04:30:05    Niciun semnal nou. Pendinge: 0
2026-07-16 04:30:05    Urmatoarea bara 15min @ 04:45:05 — 900s
2026-07-16 04:45:05  --- S15-GBPUSD iter 79 @ 04:45:05 ---
2026-07-16 04:45:05    Niciun semnal nou. Pendinge: 0
2026-07-16 04:45:05    Urmatoarea bara 15min @ 05:00:05 — 900s
2026-07-16 05:00:05  --- S15-GBPUSD iter 80 @ 05:00:05 ---
2026-07-16 05:00:05    Niciun semnal nou. Pendinge: 0
2026-07-16 05:00:05    Urmatoarea bara 15min @ 05:15:05 — 899s
2026-07-16 05:15:05  --- S15-GBPUSD iter 81 @ 05:15:05 ---
2026-07-16 05:15:05    Niciun semnal nou. Pendinge: 0
2026-07-16 05:15:05    Urmatoarea bara 15min @ 05:30:05 — 900s
2026-07-16 05:30:05  --- S15-GBPUSD iter 82 @ 05:30:05 ---
2026-07-16 05:30:05    Niciun semnal nou. Pendinge: 0
2026-07-16 05:30:05    Urmatoarea bara 15min @ 05:45:05 — 900s
2026-07-16 05:45:05  --- S15-GBPUSD iter 83 @ 05:45:05 ---
2026-07-16 05:45:05    Niciun semnal nou. Pendinge: 0
2026-07-16 05:45:05    Urmatoarea bara 15min @ 06:00:05 — 900s
2026-07-16 06:00:05  --- S15-GBPUSD iter 84 @ 06:00:05 ---
2026-07-16 06:00:05    Niciun semnal nou. Pendinge: 0
2026-07-16 06:00:05    Urmatoarea bara 15min @ 06:15:05 — 900s
2026-07-16 06:15:05  --- S15-GBPUSD iter 85 @ 06:15:05 ---
2026-07-16 06:15:05    Niciun semnal nou. Pendinge: 0
2026-07-16 06:15:05    Urmatoarea bara 15min @ 06:30:05 — 900s
2026-07-16 06:30:05  --- S15-GBPUSD iter 86 @ 06:30:05 ---
2026-07-16 06:30:05    Niciun semnal nou. Pendinge: 0
2026-07-16 06:30:05    Urmatoarea bara 15min @ 06:45:05 — 900s
2026-07-16 06:45:05  --- S15-GBPUSD iter 87 @ 06:45:05 ---
2026-07-16 06:45:05    Niciun semnal nou. Pendinge: 0
2026-07-16 06:45:05    Urmatoarea bara 15min @ 07:00:05 — 900s
2026-07-16 07:00:05  --- S15-GBPUSD iter 88 @ 07:00:05 ---
2026-07-16 07:00:05    Niciun semnal nou. Pendinge: 0
2026-07-16 07:00:05    Urmatoarea bara 15min @ 07:15:05 — 900s
2026-07-16 07:15:05  --- S15-GBPUSD iter 89 @ 07:15:05 ---
2026-07-16 07:15:05    Niciun semnal nou. Pendinge: 0
2026-07-16 07:15:05    Urmatoarea bara 15min @ 07:30:05 — 900s
2026-07-16 07:30:05  --- S15-GBPUSD iter 90 @ 07:30:05 ---
2026-07-16 07:30:05    Niciun semnal nou. Pendinge: 0
2026-07-16 07:30:05    Urmatoarea bara 15min @ 07:45:05 — 900s
2026-07-16 07:45:05  --- S15-GBPUSD iter 91 @ 07:45:05 ---
2026-07-16 07:45:05    Niciun semnal nou. Pendinge: 0
2026-07-16 07:45:05    Urmatoarea bara 15min @ 08:00:05 — 900s
2026-07-16 08:00:05  --- S15-GBPUSD iter 92 @ 08:00:05 ---
2026-07-16 08:00:05    Niciun semnal nou. Pendinge: 0
2026-07-16 08:00:05    Urmatoarea bara 15min @ 08:15:05 — 899s
2026-07-16 08:15:05  --- S15-GBPUSD iter 93 @ 08:15:05 ---
2026-07-16 08:15:05    Niciun semnal nou. Pendinge: 0
2026-07-16 08:15:05    Urmatoarea bara 15min @ 08:30:05 — 900s
2026-07-16 08:30:05  --- S15-GBPUSD iter 94 @ 08:30:05 ---
2026-07-16 08:30:05    Niciun semnal nou. Pendinge: 0
2026-07-16 08:30:05    Urmatoarea bara 15min @ 08:45:05 — 900s
2026-07-16 08:45:05  --- S15-GBPUSD iter 95 @ 08:45:05 ---
2026-07-16 08:45:05    Niciun semnal nou. Pendinge: 0
2026-07-16 08:45:05    Urmatoarea bara 15min @ 09:00:05 — 900s
2026-07-16 09:00:05  --- S15-GBPUSD iter 96 @ 09:00:05 ---
2026-07-16 09:00:05    [STIRI] Pauza automata — GDP m/m (GBP, High, 1 min)
2026-07-16 09:00:05    [STIRI] Tranzitie → pauza: inchid ordine/pozitii active.
2026-07-16 09:00:05    [STIRI] Nicio pozitie/ordin activ — nimic de inchis.
2026-07-16 09:00:05    Niciun semnal nou. Pendinge: 0
2026-07-16 09:00:05    Urmatoarea bara 15min @ 09:15:05 — 900s
2026-07-16 09:15:05  --- S15-GBPUSD iter 97 @ 09:15:05 ---
2026-07-16 09:15:05    [STIRI] Pauza automata — GDP m/m (GBP, High, -14 min)
2026-07-16 09:15:05    Niciun semnal nou. Pendinge: 0
2026-07-16 09:15:05    Urmatoarea bara 15min @ 09:30:05 — 900s
2026-07-16 09:30:05  --- S15-GBPUSD iter 98 @ 09:30:05 ---
2026-07-16 09:30:05    Niciun semnal nou. Pendinge: 0
2026-07-16 09:30:05    Urmatoarea bara 15min @ 09:45:05 — 900s
2026-07-16 09:45:05  --- S15-GBPUSD iter 99 @ 09:45:05 ---
2026-07-16 09:45:05    Niciun semnal nou. Pendinge: 0
2026-07-16 09:45:05    Urmatoarea bara 15min @ 10:00:05 — 900s
2026-07-16 10:00:05  --- S15-GBPUSD iter 100 @ 10:00:05 ---
2026-07-16 10:00:05    Niciun semnal nou. Pendinge: 0
2026-07-16 10:00:05    Urmatoarea bara 15min @ 10:15:05 — 900s
2026-07-16 10:15:05  --- S15-GBPUSD iter 101 @ 10:15:05 ---
2026-07-16 10:15:05    Niciun semnal nou. Pendinge: 0
2026-07-16 10:15:05    Urmatoarea bara 15min @ 10:30:05 — 900s
2026-07-16 10:30:05  --- S15-GBPUSD iter 102 @ 10:30:05 ---
2026-07-16 10:30:05    Niciun semnal nou. Pendinge: 0
2026-07-16 10:30:05    Urmatoarea bara 15min @ 10:45:05 — 900s
2026-07-16 10:45:05  --- S15-GBPUSD iter 103 @ 10:45:05 ---
2026-07-16 10:45:05    Niciun semnal nou. Pendinge: 0
2026-07-16 10:45:05    Urmatoarea bara 15min @ 11:00:05 — 900s
2026-07-16 11:00:05  --- S15-GBPUSD iter 104 @ 11:00:05 ---
2026-07-16 11:00:05    Niciun semnal nou. Pendinge: 0
2026-07-16 11:00:05    Urmatoarea bara 15min @ 11:15:05 — 899s
2026-07-16 11:15:05  --- S15-GBPUSD iter 105 @ 11:15:05 ---
2026-07-16 11:15:52    Niciun semnal nou. Pendinge: 0
2026-07-16 11:15:52    Urmatoarea bara 15min @ 11:30:05 — 852s
2026-07-16 11:30:05  --- S15-GBPUSD iter 106 @ 11:30:05 ---
2026-07-16 11:30:05    Niciun semnal nou. Pendinge: 0
2026-07-16 11:30:05    Urmatoarea bara 15min @ 11:45:05 — 900s
2026-07-16 11:45:05  --- S15-GBPUSD iter 107 @ 11:45:05 ---
2026-07-16 11:45:05    Niciun semnal nou. Pendinge: 0
2026-07-16 11:45:05    Urmatoarea bara 15min @ 12:00:05 — 900s
2026-07-16 12:00:05  --- S15-GBPUSD iter 108 @ 12:00:05 ---
2026-07-16 12:00:05    Niciun semnal nou. Pendinge: 0
2026-07-16 12:00:06    Urmatoarea bara 15min @ 12:15:05 — 899s
2026-07-16 12:15:05  --- S15-GBPUSD iter 109 @ 12:15:05 ---
2026-07-16 12:15:05    Niciun semnal nou. Pendinge: 0
2026-07-16 12:15:05    Urmatoarea bara 15min @ 12:30:05 — 900s
2026-07-16 12:30:05  --- S15-GBPUSD iter 110 @ 12:30:05 ---
2026-07-16 12:30:05    Niciun semnal nou. Pendinge: 0
2026-07-16 12:30:05    Urmatoarea bara 15min @ 12:45:05 — 900s
2026-07-16 12:45:05  --- S15-GBPUSD iter 111 @ 12:45:05 ---
2026-07-16 12:45:05    Niciun semnal nou. Pendinge: 0
2026-07-16 12:45:05    Urmatoarea bara 15min @ 13:00:05 — 900s
2026-07-16 13:00:05  --- S15-GBPUSD iter 112 @ 13:00:05 ---
2026-07-16 13:00:05    Niciun semnal nou. Pendinge: 0
2026-07-16 13:00:05    Urmatoarea bara 15min @ 13:15:05 — 899s
2026-07-16 13:15:05  --- S15-GBPUSD iter 113 @ 13:15:05 ---
2026-07-16 13:15:05    Niciun semnal nou. Pendinge: 0
2026-07-16 13:15:05    Urmatoarea bara 15min @ 13:30:05 — 900s
2026-07-16 13:30:05  --- S15-GBPUSD iter 114 @ 13:30:05 ---
2026-07-16 13:31:06    Niciun semnal nou. Pendinge: 0
2026-07-16 13:31:06    Urmatoarea bara 15min @ 13:45:05 — 838s
2026-07-16 13:45:05  --- S15-GBPUSD iter 115 @ 13:45:05 ---
2026-07-16 13:45:05    Niciun semnal nou. Pendinge: 0
2026-07-16 13:45:05    Urmatoarea bara 15min @ 14:00:05 — 900s
2026-07-16 14:00:05  --- S15-GBPUSD iter 116 @ 14:00:05 ---
2026-07-16 14:00:05    Niciun semnal nou. Pendinge: 0
2026-07-16 14:00:05    Urmatoarea bara 15min @ 14:15:05 — 899s
2026-07-16 14:15:05  --- S15-GBPUSD iter 117 @ 14:15:05 ---
2026-07-16 14:15:05    Niciun semnal nou. Pendinge: 0
2026-07-16 14:15:05    Urmatoarea bara 15min @ 14:30:05 — 900s
2026-07-16 14:30:05  --- S15-GBPUSD iter 118 @ 14:30:05 ---
2026-07-16 14:30:05    Niciun semnal nou. Pendinge: 0
2026-07-16 14:30:05    Urmatoarea bara 15min @ 14:45:05 — 900s
2026-07-16 14:45:05  --- S15-GBPUSD iter 119 @ 14:45:05 ---
2026-07-16 14:45:05    Niciun semnal nou. Pendinge: 0
2026-07-16 14:45:05    Urmatoarea bara 15min @ 15:00:05 — 900s
2026-07-16 15:00:05  --- S15-GBPUSD iter 120 @ 15:00:05 ---
2026-07-16 15:00:05    Niciun semnal nou. Pendinge: 0
2026-07-16 15:00:05    Urmatoarea bara 15min @ 15:15:05 — 899s
2026-07-16 15:15:05  --- S15-GBPUSD iter 121 @ 15:15:05 ---
2026-07-16 15:15:05    Niciun semnal nou. Pendinge: 0
2026-07-16 15:15:05    Urmatoarea bara 15min @ 15:30:05 — 900s
2026-07-16 15:30:05  --- S15-GBPUSD iter 122 @ 15:30:05 ---
2026-07-16 15:30:05    Niciun semnal nou. Pendinge: 0
2026-07-16 15:30:05    Urmatoarea bara 15min @ 15:45:05 — 900s
2026-07-16 15:45:05  --- S15-GBPUSD iter 123 @ 15:45:05 ---
2026-07-16 15:45:05    Niciun semnal nou. Pendinge: 0
2026-07-16 15:45:05    Urmatoarea bara 15min @ 16:00:05 — 900s
2026-07-16 16:00:05  --- S15-GBPUSD iter 124 @ 16:00:05 ---
2026-07-16 16:00:05    Niciun semnal nou. Pendinge: 0
2026-07-16 16:00:05    Urmatoarea bara 15min @ 16:15:05 — 899s
2026-07-16 16:15:05  --- S15-GBPUSD iter 125 @ 16:15:05 ---
2026-07-16 16:15:05    Niciun semnal nou. Pendinge: 0
2026-07-16 16:15:05    Urmatoarea bara 15min @ 16:30:05 — 900s
2026-07-16 16:30:05  --- S15-GBPUSD iter 126 @ 16:30:05 ---
2026-07-16 16:30:05    Niciun semnal nou. Pendinge: 0
2026-07-16 16:30:05    Urmatoarea bara 15min @ 16:45:05 — 900s
2026-07-16 16:45:05  --- S15-GBPUSD iter 127 @ 16:45:05 ---
2026-07-16 16:45:05    Niciun semnal nou. Pendinge: 0
2026-07-16 16:45:05    Urmatoarea bara 15min @ 17:00:05 — 900s
2026-07-16 17:00:05  --- S15-GBPUSD iter 128 @ 17:00:05 ---
2026-07-16 17:00:05    Niciun semnal nou. Pendinge: 0
2026-07-16 17:00:05    Urmatoarea bara 15min @ 17:15:05 — 899s
2026-07-16 17:15:05  --- S15-GBPUSD iter 129 @ 17:15:05 ---
2026-07-16 17:15:05    Niciun semnal nou. Pendinge: 0
2026-07-16 17:15:05    Urmatoarea bara 15min @ 17:30:05 — 900s
2026-07-16 17:30:05  --- S15-GBPUSD iter 130 @ 17:30:05 ---
2026-07-16 17:30:05    Niciun semnal nou. Pendinge: 0
2026-07-16 17:30:05    Urmatoarea bara 15min @ 17:45:05 — 900s
2026-07-16 17:45:05  --- S15-GBPUSD iter 131 @ 17:45:05 ---
2026-07-16 17:45:05    Niciun semnal nou. Pendinge: 0
2026-07-16 17:45:05    Urmatoarea bara 15min @ 18:00:05 — 900s
2026-07-16 18:00:05  --- S15-GBPUSD iter 132 @ 18:00:05 ---
2026-07-16 18:00:05    Niciun semnal nou. Pendinge: 0
2026-07-16 18:00:05    Urmatoarea bara 15min @ 18:15:05 — 899s
2026-07-16 18:15:05  --- S15-GBPUSD iter 133 @ 18:15:05 ---
2026-07-16 18:15:05    Niciun semnal nou. Pendinge: 0
2026-07-16 18:15:05    Urmatoarea bara 15min @ 18:30:05 — 900s
2026-07-16 18:30:05  --- S15-GBPUSD iter 134 @ 18:30:05 ---
2026-07-16 18:30:05    Niciun semnal nou. Pendinge: 0
2026-07-16 18:30:05    Urmatoarea bara 15min @ 18:45:05 — 900s
2026-07-16 18:45:05  --- S15-GBPUSD iter 135 @ 18:45:05 ---
2026-07-16 18:45:05    Niciun semnal nou. Pendinge: 0
2026-07-16 18:45:05    Urmatoarea bara 15min @ 19:00:05 — 900s
2026-07-16 19:00:05  --- S15-GBPUSD iter 136 @ 19:00:05 ---
2026-07-16 19:00:05    Niciun semnal nou. Pendinge: 0
2026-07-16 19:00:05    Urmatoarea bara 15min @ 19:15:05 — 900s
2026-07-16 19:15:05  --- S15-GBPUSD iter 137 @ 19:15:05 ---
2026-07-16 19:15:05    Niciun semnal nou. Pendinge: 0
2026-07-16 19:15:05    Urmatoarea bara 15min @ 19:30:05 — 900s
2026-07-16 19:30:05  --- S15-GBPUSD iter 138 @ 19:30:05 ---
2026-07-16 19:30:05    Niciun semnal nou. Pendinge: 0
2026-07-16 19:30:05    Urmatoarea bara 15min @ 19:45:05 — 900s
2026-07-16 19:45:05  --- S15-GBPUSD iter 139 @ 19:45:05 ---
2026-07-16 19:45:05    Niciun semnal nou. Pendinge: 0
2026-07-16 19:45:05    Urmatoarea bara 15min @ 20:00:05 — 900s
2026-07-16 20:00:05  --- S15-GBPUSD iter 140 @ 20:00:05 ---
2026-07-16 20:00:05    Niciun semnal nou. Pendinge: 0
2026-07-16 20:00:05    Urmatoarea bara 15min @ 20:15:05 — 900s
2026-07-16 20:15:05  --- S15-GBPUSD iter 141 @ 20:15:05 ---
2026-07-16 20:15:05    Niciun semnal nou. Pendinge: 0
2026-07-16 20:15:05    Urmatoarea bara 15min @ 20:30:05 — 900s
2026-07-16 20:30:05  --- S15-GBPUSD iter 142 @ 20:30:05 ---
2026-07-16 20:30:05    Niciun semnal nou. Pendinge: 0
2026-07-16 20:30:05    Urmatoarea bara 15min @ 20:45:05 — 900s
2026-07-16 20:45:05  --- S15-GBPUSD iter 143 @ 20:45:05 ---
2026-07-16 20:45:05    Niciun semnal nou. Pendinge: 0
2026-07-16 20:45:05    Urmatoarea bara 15min @ 21:00:05 — 900s
