2026-06-22 19:15:50    [PROFIL] Profil 'Standard Profile' aplicat pe session16.
2026-06-22 19:15:50  =================================================================
2026-06-22 19:15:50    S16-GBPAUD-H1 — GBPAUD H1+D1 BOTH pw=8 pullback+BE | test +0.054R DD -29.0%
2026-06-22 19:15:50    Piete: ['GBPAUD']
2026-06-22 19:15:50    TF: H1 (trend D1) | PW=8 | BOTH
2026-06-22 19:15:50    Output: C:\trading-bot\data\live_signals\session16
2026-06-22 19:15:50  =================================================================
2026-06-22 19:15:55  MT5: 52906593 @ ICMarketsEU-Demo (DEMO)
2026-06-22 19:16:00  Simboluri active: ['GBPAUD']
2026-06-22 19:16:00  Pornit. Ctrl+C pentru oprire.

2026-06-22 19:16:00  --- S16-GBPAUD-H1 iter 1 @ 19:16:00 ---
2026-06-22 19:16:10    Niciun semnal nou. Pendinge: 0
2026-06-22 19:16:10    Urmatoarea bara 60min @ 20:00:05 — 2634s
2026-06-22 20:00:05  --- S16-GBPAUD-H1 iter 2 @ 20:00:05 ---
2026-06-22 20:00:05    Niciun semnal nou. Pendinge: 0
2026-06-22 20:00:05    Urmatoarea bara 60min @ 21:00:05 — 3600s
2026-06-22 20:08:32    [PROFIL] Profil 'Standard Profile' aplicat pe session16.
2026-06-22 20:08:32  =================================================================
2026-06-22 20:08:32    S16-GBPAUD-H1 — GBPAUD H1+D1 BOTH pw=8 pullback+BE | test +0.054R DD -29.0%
2026-06-22 20:08:32    Piete: ['GBPAUD']
2026-06-22 20:08:32    TF: H1 (trend D1) | PW=8 | BOTH
2026-06-22 20:08:32    Output: C:\trading-bot\data\live_signals\session16
2026-06-22 20:08:32  =================================================================
2026-06-22 20:08:32  MT5: 52906593 @ ICMarketsEU-Demo (DEMO)
2026-06-22 20:08:32  Simboluri active: ['GBPAUD']
2026-06-22 20:08:32  Pornit. Ctrl+C pentru oprire.

2026-06-22 20:08:32  --- S16-GBPAUD-H1 iter 1 @ 20:08:32 ---
2026-06-22 20:08:33    Niciun semnal nou. Pendinge: 0
2026-06-22 20:08:33    Urmatoarea bara 60min @ 21:00:05 — 3092s
2026-06-22 20:18:04    [PROFIL] Profil 'Standard Profile' aplicat pe session16.
2026-06-22 20:18:04  =================================================================
2026-06-22 20:18:04    S16-GBPAUD-H1 — GBPAUD H1+D1 BOTH pw=8 pullback+BE | test +0.054R DD -29.0%
2026-06-22 20:18:04    Piete: ['GBPAUD']
2026-06-22 20:18:04    TF: H1 (trend D1) | PW=8 | BOTH
2026-06-22 20:18:04    Output: C:\trading-bot\data\live_signals\session16
2026-06-22 20:18:04  =================================================================
2026-06-22 20:18:04  MT5: 52906593 @ ICMarketsEU-Demo (DEMO)
2026-06-22 20:18:04  Simboluri active: ['GBPAUD']
2026-06-22 20:18:04  Pornit. Ctrl+C pentru oprire.

2026-06-22 20:18:04  --- S16-GBPAUD-H1 iter 1 @ 20:18:04 ---
2026-06-22 20:18:04    Niciun semnal nou. Pendinge: 0
2026-06-22 20:18:04    Urmatoarea bara 60min @ 21:00:05 — 2520s
2026-06-22 20:18:15    [PROFIL] Profil 'Standard Profile' aplicat pe session16.
2026-06-22 20:18:15  =================================================================
2026-06-22 20:18:15    S16-GBPAUD-H1 — GBPAUD H1+D1 BOTH pw=8 pullback+BE | test +0.054R DD -29.0%
2026-06-22 20:18:15    Piete: ['GBPAUD']
2026-06-22 20:18:15    TF: H1 (trend D1) | PW=8 | BOTH
2026-06-22 20:18:15    Output: C:\trading-bot\data\live_signals\session16
2026-06-22 20:18:15  =================================================================
2026-06-22 20:18:15  MT5: 52906593 @ ICMarketsEU-Demo (DEMO)
2026-06-22 20:18:15  Simboluri active: ['GBPAUD']
2026-06-22 20:18:15  Pornit. Ctrl+C pentru oprire.

2026-06-22 20:18:15  --- S16-GBPAUD-H1 iter 1 @ 20:18:15 ---
2026-06-22 20:18:15    Niciun semnal nou. Pendinge: 0
2026-06-22 20:18:15    Urmatoarea bara 60min @ 21:00:05 — 2509s
2026-06-22 20:54:34    [PROFIL] Profil 'Standard Profile' aplicat pe session16.
2026-06-22 20:54:34  =================================================================
2026-06-22 20:54:34    S16-GBPAUD-H1 — GBPAUD H1+D1 BOTH pw=8 pullback+BE | test +0.054R DD -29.0%
2026-06-22 20:54:34    Piete: ['GBPAUD']
2026-06-22 20:54:34    TF: H1 (trend D1) | PW=8 | BOTH
2026-06-22 20:54:34    Output: C:\trading-bot\data\live_signals\session16
2026-06-22 20:54:34  =================================================================
2026-06-22 20:54:34  MT5: 52906593 @ ICMarketsEU-Demo (DEMO)
2026-06-22 20:54:34  Simboluri active: ['GBPAUD']
2026-06-22 20:54:34  Pornit. Ctrl+C pentru oprire.

2026-06-22 20:54:34  --- S16-GBPAUD-H1 iter 1 @ 20:54:34 ---
2026-06-22 20:54:34    Niciun semnal nou. Pendinge: 0
2026-06-22 20:54:34    Urmatoarea bara 60min @ 21:00:05 — 331s
2026-06-22 21:00:05  --- S16-GBPAUD-H1 iter 2 @ 21:00:05 ---
2026-06-22 21:00:05    Niciun semnal nou. Pendinge: 0
2026-06-22 21:00:05    Urmatoarea bara 60min @ 22:00:05 — 3600s
2026-06-22 22:00:05  --- S16-GBPAUD-H1 iter 3 @ 22:00:05 ---
2026-06-22 22:00:05    Niciun semnal nou. Pendinge: 0
2026-06-22 22:00:05    Urmatoarea bara 60min @ 23:00:05 — 3600s
2026-06-22 23:00:05  --- S16-GBPAUD-H1 iter 4 @ 23:00:05 ---
2026-06-22 23:00:05    Niciun semnal nou. Pendinge: 0
2026-06-22 23:00:05    Urmatoarea bara 60min @ 00:00:05 — 3600s
2026-06-23 00:00:05  --- S16-GBPAUD-H1 iter 5 @ 00:00:05 ---
2026-06-23 00:00:10    Niciun semnal nou. Pendinge: 0
2026-06-23 00:00:10    Urmatoarea bara 60min @ 01:00:05 — 3594s
2026-06-23 01:00:05  --- S16-GBPAUD-H1 iter 6 @ 01:00:05 ---
2026-06-23 01:00:05    Niciun semnal nou. Pendinge: 0
2026-06-23 01:00:05    Urmatoarea bara 60min @ 02:00:05 — 3599s
2026-06-23 02:00:05  --- S16-GBPAUD-H1 iter 7 @ 02:00:05 ---
2026-06-23 02:00:06    Niciun semnal nou. Pendinge: 0
2026-06-23 02:00:06    Urmatoarea bara 60min @ 03:00:05 — 3598s
2026-06-23 03:00:05  --- S16-GBPAUD-H1 iter 8 @ 03:00:05 ---
2026-06-23 03:00:05    Niciun semnal nou. Pendinge: 0
2026-06-23 03:00:05    Urmatoarea bara 60min @ 04:00:05 — 3600s
2026-06-23 04:00:05  --- S16-GBPAUD-H1 iter 9 @ 04:00:05 ---
2026-06-23 04:00:05    Niciun semnal nou. Pendinge: 0
2026-06-23 04:00:05    Urmatoarea bara 60min @ 05:00:05 — 3600s
2026-06-23 05:00:05  --- S16-GBPAUD-H1 iter 10 @ 05:00:05 ---
2026-06-23 05:00:05    Niciun semnal nou. Pendinge: 0
2026-06-23 05:00:05    Urmatoarea bara 60min @ 06:00:05 — 3599s
2026-06-23 06:00:05  --- S16-GBPAUD-H1 iter 11 @ 06:00:05 ---
2026-06-23 06:00:05    Niciun semnal nou. Pendinge: 0
2026-06-23 06:00:05    Urmatoarea bara 60min @ 07:00:05 — 3600s
2026-06-23 07:00:05  --- S16-GBPAUD-H1 iter 12 @ 07:00:05 ---
2026-06-23 07:00:05    Niciun semnal nou. Pendinge: 0
2026-06-23 07:00:05    Urmatoarea bara 60min @ 08:00:05 — 3600s
2026-06-23 08:00:05  --- S16-GBPAUD-H1 iter 13 @ 08:00:05 ---
2026-06-23 08:00:05    Niciun semnal nou. Pendinge: 0
2026-06-23 08:00:05    Urmatoarea bara 60min @ 09:00:05 — 3600s
2026-06-23 09:00:05  --- S16-GBPAUD-H1 iter 14 @ 09:00:05 ---
2026-06-23 09:00:05    Niciun semnal nou. Pendinge: 0
2026-06-23 09:00:05    Urmatoarea bara 60min @ 10:00:05 — 3600s
2026-06-23 10:00:05  --- S16-GBPAUD-H1 iter 15 @ 10:00:05 ---
2026-06-23 10:00:05    Niciun semnal nou. Pendinge: 0
2026-06-23 10:00:05    Urmatoarea bara 60min @ 11:00:05 — 3600s
2026-06-23 10:36:41    [PROFIL] Profil 'Standard Profile' aplicat pe session16.
2026-06-23 10:36:41  =================================================================
2026-06-23 10:36:41    S16-GBPAUD-H1 — GBPAUD H1+D1 BOTH pw=8 pullback+BE | test +0.054R DD -29.0%
2026-06-23 10:36:41    Piete: ['GBPAUD']
2026-06-23 10:36:41    TF: H1 (trend D1) | PW=8 | BOTH
2026-06-23 10:36:41    Output: C:\trading-bot\data\live_signals\session16
2026-06-23 10:36:41  =================================================================
2026-06-23 10:36:41  MT5: 52906593 @ ICMarketsEU-Demo (DEMO)
2026-06-23 10:36:41  Simboluri active: ['GBPAUD']
2026-06-23 10:36:41  Pornit. Ctrl+C pentru oprire.

2026-06-23 10:36:41  --- S16-GBPAUD-H1 iter 1 @ 10:36:41 ---
2026-06-23 10:36:42    Niciun semnal nou. Pendinge: 0
2026-06-23 10:36:42    Urmatoarea bara 60min @ 11:00:05 — 1403s
2026-06-23 11:00:05  --- S16-GBPAUD-H1 iter 2 @ 11:00:05 ---
2026-06-23 11:00:05    Niciun semnal nou. Pendinge: 0
2026-06-23 11:00:05    Urmatoarea bara 60min @ 12:00:05 — 3600s
2026-06-23 12:00:05  --- S16-GBPAUD-H1 iter 3 @ 12:00:05 ---
2026-06-23 12:00:05    Niciun semnal nou. Pendinge: 0
2026-06-23 12:00:05    Urmatoarea bara 60min @ 13:00:05 — 3600s
2026-06-23 13:00:05  --- S16-GBPAUD-H1 iter 4 @ 13:00:05 ---
2026-06-23 13:00:05    Niciun semnal nou. Pendinge: 0
2026-06-23 13:00:05    Urmatoarea bara 60min @ 14:00:05 — 3599s
2026-06-23 14:00:05  --- S16-GBPAUD-H1 iter 5 @ 14:00:05 ---
2026-06-23 14:00:05    Niciun semnal nou. Pendinge: 0
2026-06-23 14:00:05    Urmatoarea bara 60min @ 15:00:05 — 3600s
2026-06-23 14:22:59    [PROFIL] Profil 'Standard Profile' aplicat pe session16.
2026-06-23 14:22:59  =================================================================
2026-06-23 14:22:59    S16-GBPAUD-H1 — GBPAUD H1+D1 BOTH pw=8 pullback+BE | test +0.054R DD -29.0%
2026-06-23 14:22:59    Piete: ['GBPAUD']
2026-06-23 14:22:59    TF: H1 (trend D1) | PW=8 | BOTH
2026-06-23 14:22:59    Output: C:\trading-bot\data\live_signals\session16
2026-06-23 14:22:59  =================================================================
2026-06-23 14:22:59  MT5: 52906593 @ ICMarketsEU-Demo (DEMO)
2026-06-23 14:22:59  Simboluri active: ['GBPAUD']
2026-06-23 14:22:59  Pornit. Ctrl+C pentru oprire.

2026-06-23 14:22:59  --- S16-GBPAUD-H1 iter 1 @ 14:22:59 ---
2026-06-23 14:22:59    Niciun semnal nou. Pendinge: 0
2026-06-23 14:22:59    Urmatoarea bara 60min @ 15:00:05 — 2226s
2026-06-23 14:40:31    [PROFIL] Profil 'Standard Profile' aplicat pe session16.
2026-06-23 14:40:31  =================================================================
2026-06-23 14:40:31    S16-GBPAUD-H1 — GBPAUD H1+D1 BOTH pw=8 pullback+BE | test +0.054R DD -29.0%
2026-06-23 14:40:31    Piete: ['GBPAUD']
2026-06-23 14:40:31    TF: H1 (trend D1) | PW=8 | BOTH
2026-06-23 14:40:31    Output: C:\trading-bot\data\live_signals\session16
2026-06-23 14:40:31  =================================================================
2026-06-23 14:40:31  MT5: 52906593 @ ICMarketsEU-Demo (DEMO)
2026-06-23 14:40:31  Simboluri active: ['GBPAUD']
2026-06-23 14:40:31  Pornit. Ctrl+C pentru oprire.

2026-06-23 14:40:31  --- S16-GBPAUD-H1 iter 1 @ 14:40:31 ---
2026-06-23 14:40:31    Niciun semnal nou. Pendinge: 0
2026-06-23 14:40:31    Urmatoarea bara 60min @ 15:00:05 — 1173s
2026-06-23 15:00:05  --- S16-GBPAUD-H1 iter 2 @ 15:00:05 ---
2026-06-23 15:00:05    Niciun semnal nou. Pendinge: 0
2026-06-23 15:00:05    Urmatoarea bara 60min @ 16:00:05 — 3600s
2026-06-23 16:00:05  --- S16-GBPAUD-H1 iter 3 @ 16:00:05 ---
2026-06-23 16:00:05    Niciun semnal nou. Pendinge: 0
2026-06-23 16:00:05    Urmatoarea bara 60min @ 17:00:05 — 3600s
2026-06-23 17:00:05  --- S16-GBPAUD-H1 iter 4 @ 17:00:05 ---
2026-06-23 17:00:06    Niciun semnal nou. Pendinge: 0
2026-06-23 17:00:06    Urmatoarea bara 60min @ 18:00:05 — 3599s
2026-06-23 18:00:05  --- S16-GBPAUD-H1 iter 5 @ 18:00:05 ---
2026-06-23 18:00:05    Niciun semnal nou. Pendinge: 0
2026-06-23 18:00:05    Urmatoarea bara 60min @ 19:00:05 — 3600s
2026-06-23 19:00:05  --- S16-GBPAUD-H1 iter 6 @ 19:00:05 ---
2026-06-23 19:00:05    Niciun semnal nou. Pendinge: 0
2026-06-23 19:00:05    Urmatoarea bara 60min @ 20:00:05 — 3600s
2026-06-23 20:00:05  --- S16-GBPAUD-H1 iter 7 @ 20:00:05 ---
2026-06-23 20:00:05    Niciun semnal nou. Pendinge: 0
2026-06-23 20:00:05    Urmatoarea bara 60min @ 21:00:05 — 3600s
2026-06-23 20:47:00    [PROFIL] Profil 'Standard Profile' aplicat pe session16.
2026-06-23 20:47:00  =================================================================
2026-06-23 20:47:00    S16-GBPAUD-H1 — GBPAUD H1+D1 BOTH pw=8 pullback+BE | test +0.054R DD -29.0%
2026-06-23 20:47:00    Piete: ['GBPAUD']
2026-06-23 20:47:00    TF: H1 (trend D1) | PW=8 | BOTH
2026-06-23 20:47:00    Output: C:\trading-bot\data\live_signals\session16
2026-06-23 20:47:00  =================================================================
2026-06-23 20:47:01  MT5: 52906593 @ ICMarketsEU-Demo (DEMO)
2026-06-23 20:47:01  Simboluri active: ['GBPAUD']
2026-06-23 20:47:01  Pornit. Ctrl+C pentru oprire.

2026-06-23 20:47:01  --- S16-GBPAUD-H1 iter 1 @ 20:47:01 ---
2026-06-23 20:47:01    Niciun semnal nou. Pendinge: 0
2026-06-23 20:47:01    Urmatoarea bara 60min @ 21:00:05 — 784s
2026-06-23 20:48:34    [PROFIL] Profil 'Standard Profile' aplicat pe session16.
2026-06-23 20:48:34  =================================================================
2026-06-23 20:48:34    S16-GBPAUD-H1 — GBPAUD H1+D1 BOTH pw=8 pullback+BE | test +0.054R DD -29.0%
2026-06-23 20:48:34    Piete: ['GBPAUD']
2026-06-23 20:48:34    TF: H1 (trend D1) | PW=8 | BOTH
2026-06-23 20:48:34    Output: C:\trading-bot\data\live_signals\session16
2026-06-23 20:48:34  =================================================================
2026-06-23 20:48:34  MT5: 52906593 @ ICMarketsEU-Demo (DEMO)
2026-06-23 20:48:34  Simboluri active: ['GBPAUD']
2026-06-23 20:48:34  Pornit. Ctrl+C pentru oprire.

2026-06-23 20:48:34  --- S16-GBPAUD-H1 iter 1 @ 20:48:34 ---
2026-06-23 20:48:34    Niciun semnal nou. Pendinge: 0
2026-06-23 20:48:34    Urmatoarea bara 60min @ 21:00:05 — 690s
2026-06-23 21:00:05  --- S16-GBPAUD-H1 iter 2 @ 21:00:05 ---
2026-06-23 21:00:05    Niciun semnal nou. Pendinge: 0
2026-06-23 21:00:05    Urmatoarea bara 60min @ 22:00:05 — 3600s
2026-06-23 22:00:05  --- S16-GBPAUD-H1 iter 3 @ 22:00:05 ---
2026-06-23 22:00:06    Niciun semnal nou. Pendinge: 0
2026-06-23 22:00:06    Urmatoarea bara 60min @ 23:00:05 — 3599s
2026-06-23 22:16:27    [PROFIL] Profil 'Standard Profile' aplicat pe session16.
2026-06-23 22:16:27  =================================================================
2026-06-23 22:16:27    S16-GBPAUD-H1 — GBPAUD H1+D1 BOTH pw=8 pullback+BE | test +0.054R DD -29.0%
2026-06-23 22:16:27    Piete: ['GBPAUD']
2026-06-23 22:16:27    TF: H1 (trend D1) | PW=8 | BOTH
2026-06-23 22:16:27    Output: C:\trading-bot\data\live_signals\session16
2026-06-23 22:16:27  =================================================================
2026-06-23 22:16:27  MT5: 52906593 @ ICMarketsEU-Demo (DEMO)
2026-06-23 22:16:27  Simboluri active: ['GBPAUD']
2026-06-23 22:16:27  Pornit. Ctrl+C pentru oprire.

2026-06-23 22:16:27  --- S16-GBPAUD-H1 iter 1 @ 22:16:27 ---
2026-06-23 22:16:27    Niciun semnal nou. Pendinge: 0
2026-06-23 22:16:27    Urmatoarea bara 60min @ 23:00:05 — 2617s
2026-06-23 22:48:10    [PROFIL] Profil 'Standard Profile' aplicat pe session16.
2026-06-23 22:48:10  =================================================================
2026-06-23 22:48:10    S16-GBPAUD-H1 — GBPAUD H1+D1 BOTH pw=8 pullback+BE | test +0.054R DD -29.0%
2026-06-23 22:48:10    Piete: ['GBPAUD']
2026-06-23 22:48:10    TF: H1 (trend D1) | PW=8 | BOTH
2026-06-23 22:48:10    Output: C:\trading-bot\data\live_signals\session16
2026-06-23 22:48:10  =================================================================
2026-06-23 22:48:10  MT5: 52906593 @ ICMarketsEU-Demo (DEMO)
2026-06-23 22:48:10  Simboluri active: ['GBPAUD']
2026-06-23 22:48:10  Pornit. Ctrl+C pentru oprire.

2026-06-23 22:48:10  --- S16-GBPAUD-H1 iter 1 @ 22:48:10 ---
2026-06-23 22:48:11    Niciun semnal nou. Pendinge: 0
2026-06-23 22:48:11    Urmatoarea bara 60min @ 23:00:05 — 714s
2026-06-23 23:00:05  --- S16-GBPAUD-H1 iter 2 @ 23:00:05 ---
2026-06-23 23:00:05    Niciun semnal nou. Pendinge: 0
2026-06-23 23:00:05    Urmatoarea bara 60min @ 00:00:05 — 3600s
2026-06-24 00:00:05  --- S16-GBPAUD-H1 iter 3 @ 00:00:05 ---
2026-06-24 00:00:12    Niciun semnal nou. Pendinge: 0
2026-06-24 00:00:12    Urmatoarea bara 60min @ 01:00:05 — 3593s
2026-06-24 01:00:05  --- S16-GBPAUD-H1 iter 4 @ 01:00:05 ---
2026-06-24 01:00:05    Niciun semnal nou. Pendinge: 0
2026-06-24 01:00:05    Urmatoarea bara 60min @ 02:00:05 — 3600s
2026-06-24 02:00:05  --- S16-GBPAUD-H1 iter 5 @ 02:00:05 ---
2026-06-24 02:00:05    Niciun semnal nou. Pendinge: 0
2026-06-24 02:00:05    Urmatoarea bara 60min @ 03:00:05 — 3600s
2026-06-24 03:00:05  --- S16-GBPAUD-H1 iter 6 @ 03:00:05 ---
2026-06-24 03:00:05    Niciun semnal nou. Pendinge: 0
2026-06-24 03:00:05    Urmatoarea bara 60min @ 04:00:05 — 3600s
2026-06-24 04:00:05  --- S16-GBPAUD-H1 iter 7 @ 04:00:05 ---
2026-06-24 04:00:05    Niciun semnal nou. Pendinge: 0
2026-06-24 04:00:05    Urmatoarea bara 60min @ 05:00:05 — 3600s
2026-06-24 05:00:05  --- S16-GBPAUD-H1 iter 8 @ 05:00:05 ---
2026-06-24 05:00:05    Niciun semnal nou. Pendinge: 0
2026-06-24 05:00:05    Urmatoarea bara 60min @ 06:00:05 — 3600s
2026-06-24 06:00:05  --- S16-GBPAUD-H1 iter 9 @ 06:00:05 ---
2026-06-24 06:00:05    Niciun semnal nou. Pendinge: 0
2026-06-24 06:00:05    Urmatoarea bara 60min @ 07:00:05 — 3600s
2026-06-24 07:00:05  --- S16-GBPAUD-H1 iter 10 @ 07:00:05 ---
2026-06-24 07:00:05    Niciun semnal nou. Pendinge: 0
2026-06-24 07:00:05    Urmatoarea bara 60min @ 08:00:05 — 3600s
2026-06-24 08:00:05  --- S16-GBPAUD-H1 iter 11 @ 08:00:05 ---
2026-06-24 08:00:05    Niciun semnal nou. Pendinge: 0
2026-06-24 08:00:05    Urmatoarea bara 60min @ 09:00:05 — 3600s
2026-06-24 08:24:31    [PROFIL] Profil 'Standard Profile' aplicat pe session16.
2026-06-24 08:24:31  =================================================================
2026-06-24 08:24:31    S16-GBPAUD-H1 — GBPAUD H1+D1 BOTH pw=8 pullback+BE | test +0.054R DD -29.0%
2026-06-24 08:24:31    Piete: ['GBPAUD']
2026-06-24 08:24:31    TF: H1 (trend D1) | PW=8 | BOTH
2026-06-24 08:24:31    Output: C:\trading-bot\data\live_signals\session16
2026-06-24 08:24:31  =================================================================
2026-06-24 08:24:31  MT5: 52906593 @ ICMarketsEU-Demo (DEMO)
2026-06-24 08:24:32  Simboluri active: ['GBPAUD']
2026-06-24 08:24:32  Pornit. Ctrl+C pentru oprire.

2026-06-24 08:24:32  --- S16-GBPAUD-H1 iter 1 @ 08:24:32 ---
2026-06-24 08:24:32    Niciun semnal nou. Pendinge: 0
2026-06-24 08:24:32    Urmatoarea bara 60min @ 09:00:05 — 2133s
2026-06-24 09:00:05  --- S16-GBPAUD-H1 iter 2 @ 09:00:05 ---
2026-06-24 09:00:06    Niciun semnal nou. Pendinge: 0
2026-06-24 09:00:06    Urmatoarea bara 60min @ 10:00:05 — 3599s
2026-06-24 09:25:17    [PROFIL] Profil 'Standard Profile' aplicat pe session16.
2026-06-24 09:25:17  =================================================================
2026-06-24 09:25:17    S16-GBPAUD-H1 — GBPAUD H1+D1 BOTH pw=8 pullback+BE | test +0.054R DD -29.0%
2026-06-24 09:25:17    Piete: ['GBPAUD']
2026-06-24 09:25:17    TF: H1 (trend D1) | PW=4 | BOTH
2026-06-24 09:25:17    Output: C:\trading-bot\data\live_signals\session16
2026-06-24 09:25:17  =================================================================
2026-06-24 09:25:17  MT5: 52906593 @ ICMarketsEU-Demo (DEMO)
2026-06-24 09:25:17  Simboluri active: ['GBPAUD']
2026-06-24 09:25:17  Pornit. Ctrl+C pentru oprire.

2026-06-24 09:25:17  --- S16-GBPAUD-H1 iter 1 @ 09:25:17 ---
2026-06-24 09:25:18    Niciun semnal nou. Pendinge: 0
2026-06-24 09:25:18    Urmatoarea bara 60min @ 10:00:05 — 2087s
2026-06-24 09:32:24    [PROFIL] Profil 'Standard Profile' aplicat pe session16.
2026-06-24 09:32:24  =================================================================
2026-06-24 09:32:24    S16-GBPAUD-H1 — GBPAUD H1+D1 BOTH pw=8 pullback+BE | test +0.054R DD -29.0%
2026-06-24 09:32:24    Piete: ['GBPAUD']
2026-06-24 09:32:24    TF: H1 (trend D1) | PW=4 | BOTH
2026-06-24 09:32:24    Output: C:\trading-bot\data\live_signals\session16
2026-06-24 09:32:24  =================================================================
2026-06-24 09:32:24  MT5: 52906593 @ ICMarketsEU-Demo (DEMO)
2026-06-24 09:32:24  Simboluri active: ['GBPAUD']
2026-06-24 09:32:24  Pornit. Ctrl+C pentru oprire.

2026-06-24 09:32:24  --- S16-GBPAUD-H1 iter 1 @ 09:32:24 ---
2026-06-24 09:32:24    Niciun semnal nou. Pendinge: 0
2026-06-24 09:32:24    Urmatoarea bara 60min @ 10:00:05 — 1660s
2026-06-24 09:38:24    [PROFIL] Profil 'Standard Profile' aplicat pe session16.
2026-06-24 09:38:24  =================================================================
2026-06-24 09:38:24    S16-GBPAUD-H1 — GBPAUD H1+D1 BOTH pw=8 pullback+BE | test +0.054R DD -29.0%
2026-06-24 09:38:24    Piete: ['GBPAUD']
2026-06-24 09:38:24    TF: H1 (trend D1) | PW=4 | BOTH
2026-06-24 09:38:24    Output: C:\trading-bot\data\live_signals\session16
2026-06-24 09:38:24  =================================================================
2026-06-24 09:38:24  MT5: 52906593 @ ICMarketsEU-Demo (DEMO)
2026-06-24 09:38:24  Simboluri active: ['GBPAUD']
2026-06-24 09:38:24  Pornit. Ctrl+C pentru oprire.

2026-06-24 09:38:24  --- S16-GBPAUD-H1 iter 1 @ 09:38:24 ---
2026-06-24 09:38:24    Niciun semnal nou. Pendinge: 0
2026-06-24 09:38:24    Urmatoarea bara 60min @ 10:00:05 — 1300s
2026-06-24 10:00:05  --- S16-GBPAUD-H1 iter 2 @ 10:00:05 ---
2026-06-24 10:00:05    Niciun semnal nou. Pendinge: 0
2026-06-24 10:00:05    Urmatoarea bara 60min @ 11:00:05 — 3600s
2026-06-24 10:13:03    [PROFIL] Profil 'Standard Profile' aplicat pe session16.
2026-06-24 10:13:03  =================================================================
2026-06-24 10:13:03    S16-GBPAUD-H1 — GBPAUD H1+D1 BOTH pw=8 pullback+BE | test +0.054R DD -29.0%
2026-06-24 10:13:03    Piete: ['GBPAUD']
2026-06-24 10:13:03    TF: H1 (trend D1) | PW=4 | BOTH
2026-06-24 10:13:03    Output: C:\trading-bot\data\live_signals\session16
2026-06-24 10:13:03  =================================================================
2026-06-24 10:13:03  MT5: 52906593 @ ICMarketsEU-Demo (DEMO)
2026-06-24 10:13:03  Simboluri active: ['GBPAUD']
2026-06-24 10:13:03  Pornit. Ctrl+C pentru oprire.

2026-06-24 10:13:03  --- S16-GBPAUD-H1 iter 1 @ 10:13:03 ---
2026-06-24 10:13:03    Niciun semnal nou. Pendinge: 0
2026-06-24 10:13:03    Urmatoarea bara 60min @ 11:00:05 — 2822s
2026-06-24 11:00:05  --- S16-GBPAUD-H1 iter 2 @ 11:00:05 ---
2026-06-24 11:00:05    Niciun semnal nou. Pendinge: 0
2026-06-24 11:00:05    Urmatoarea bara 60min @ 12:00:05 — 3600s
2026-06-24 12:00:05  --- S16-GBPAUD-H1 iter 3 @ 12:00:05 ---
2026-06-24 12:00:05    Niciun semnal nou. Pendinge: 0
2026-06-24 12:00:05    Urmatoarea bara 60min @ 13:00:05 — 3599s
2026-06-24 13:00:05  --- S16-GBPAUD-H1 iter 4 @ 13:00:05 ---
2026-06-24 13:00:05    Niciun semnal nou. Pendinge: 0
2026-06-24 13:00:05    Urmatoarea bara 60min @ 14:00:05 — 3599s
2026-06-24 14:00:05  --- S16-GBPAUD-H1 iter 5 @ 14:00:05 ---
2026-06-24 14:00:05    Niciun semnal nou. Pendinge: 0
2026-06-24 14:00:05    Urmatoarea bara 60min @ 15:00:05 — 3600s
2026-06-24 14:17:28    [PROFIL] Profil 'Standard Profile' aplicat pe session16.
2026-06-24 14:17:28  =================================================================
2026-06-24 14:17:28    S16-GBPAUD-H1 — GBPAUD H1+D1 BOTH pw=8 pullback+BE | test +0.054R DD -29.0%
2026-06-24 14:17:28    Piete: ['GBPAUD']
2026-06-24 14:17:28    TF: H1 (trend D1) | PW=4 | BOTH
2026-06-24 14:17:28    Output: C:\trading-bot\data\live_signals\session16
2026-06-24 14:17:28  =================================================================
2026-06-24 14:17:28  MT5: 52906593 @ ICMarketsEU-Demo (DEMO)
2026-06-24 14:17:29  Simboluri active: ['GBPAUD']
2026-06-24 14:17:29  Pornit. Ctrl+C pentru oprire.

2026-06-24 14:17:29  --- S16-GBPAUD-H1 iter 1 @ 14:17:29 ---
2026-06-24 14:17:29    Niciun semnal nou. Pendinge: 0
2026-06-24 14:17:29    Urmatoarea bara 60min @ 15:00:05 — 2556s
2026-06-24 14:40:23    [PROFIL] Profil 'Standard Profile' aplicat pe session16.
2026-06-24 14:40:23  =================================================================
2026-06-24 14:40:23    S16-GBPAUD-H1 — GBPAUD H1+D1 BOTH pw=8 pullback+BE | test +0.054R DD -29.0%
2026-06-24 14:40:23    Piete: ['GBPAUD']
2026-06-24 14:40:23    TF: H1 (trend D1) | PW=4 | BOTH
2026-06-24 14:40:23    Output: C:\trading-bot\data\live_signals\session16
2026-06-24 14:40:23  =================================================================
2026-06-24 14:40:23  MT5: 52906593 @ ICMarketsEU-Demo (DEMO)
2026-06-24 14:40:23  Simboluri active: ['GBPAUD']
2026-06-24 14:40:23  Pornit. Ctrl+C pentru oprire.

2026-06-24 14:40:23  --- S16-GBPAUD-H1 iter 1 @ 14:40:23 ---
2026-06-24 14:40:23    Niciun semnal nou. Pendinge: 0
2026-06-24 14:40:23    Urmatoarea bara 60min @ 15:00:05 — 1181s
2026-06-24 14:41:35    [PROFIL] Profil 'Standard Profile' aplicat pe session16.
2026-06-24 14:41:35  =================================================================
2026-06-24 14:41:35    S16-GBPAUD-H1 — GBPAUD H1+D1 BOTH pw=8 pullback+BE | test +0.054R DD -29.0%
2026-06-24 14:41:35    Piete: ['GBPAUD']
2026-06-24 14:41:35    TF: H1 (trend D1) | PW=4 | BOTH
2026-06-24 14:41:35    Output: C:\trading-bot\data\live_signals\session16
2026-06-24 14:41:35  =================================================================
2026-06-24 14:41:35  MT5: 52906593 @ ICMarketsEU-Demo (DEMO)
2026-06-24 14:41:35  Simboluri active: ['GBPAUD']
2026-06-24 14:41:35  Pornit. Ctrl+C pentru oprire.

2026-06-24 14:41:35  --- S16-GBPAUD-H1 iter 1 @ 14:41:35 ---
2026-06-24 14:41:35    Niciun semnal nou. Pendinge: 0
2026-06-24 14:41:35    Urmatoarea bara 60min @ 15:00:05 — 1109s
2026-06-24 14:50:27    [PROFIL] Profil 'Standard Profile' aplicat pe session16.
2026-06-24 14:50:27  =================================================================
2026-06-24 14:50:27    S16-GBPAUD-H1 — GBPAUD H1+D1 BOTH pw=8 pullback+BE | test +0.054R DD -29.0%
2026-06-24 14:50:27    Piete: ['GBPAUD']
2026-06-24 14:50:27    TF: H1 (trend D1) | PW=4 | BOTH
2026-06-24 14:50:27    Output: C:\trading-bot\data\live_signals\session16
2026-06-24 14:50:27  =================================================================
2026-06-24 14:50:27  MT5: 52906593 @ ICMarketsEU-Demo (DEMO)
2026-06-24 14:50:27  Simboluri active: ['GBPAUD']
2026-06-24 14:50:27  Pornit. Ctrl+C pentru oprire.

2026-06-24 14:50:27  --- S16-GBPAUD-H1 iter 1 @ 14:50:27 ---
2026-06-24 14:50:27    Niciun semnal nou. Pendinge: 0
2026-06-24 14:50:27    Urmatoarea bara 60min @ 15:00:05 — 577s
2026-06-24 15:00:05  --- S16-GBPAUD-H1 iter 2 @ 15:00:05 ---
2026-06-24 15:00:05    Niciun semnal nou. Pendinge: 0
2026-06-24 15:00:05    Urmatoarea bara 60min @ 16:00:05 — 3600s
2026-06-24 16:00:05  --- S16-GBPAUD-H1 iter 3 @ 16:00:05 ---
2026-06-24 16:00:05    Niciun semnal nou. Pendinge: 0
2026-06-24 16:00:05    Urmatoarea bara 60min @ 17:00:05 — 3600s
2026-06-24 17:00:05  --- S16-GBPAUD-H1 iter 4 @ 17:00:05 ---
2026-06-24 17:00:05    Niciun semnal nou. Pendinge: 0
2026-06-24 17:00:05    Urmatoarea bara 60min @ 18:00:05 — 3600s
2026-06-24 17:04:32    [PROFIL] Profil 'Standard Profile' aplicat pe session16.
2026-06-24 17:04:32  =================================================================
2026-06-24 17:04:32    S16-GBPAUD-H1 — GBPAUD H1+D1 BOTH pw=8 pullback+BE | test +0.054R DD -29.0%
2026-06-24 17:04:32    Piete: ['GBPAUD']
2026-06-24 17:04:32    TF: H1 (trend D1) | PW=4 | BOTH
2026-06-24 17:04:32    Output: C:\trading-bot\data\live_signals\session16
2026-06-24 17:04:32  =================================================================
2026-06-24 17:04:32  MT5: 52906593 @ ICMarketsEU-Demo (DEMO)
2026-06-24 17:04:32  Simboluri active: ['GBPAUD']
2026-06-24 17:04:32  Pornit. Ctrl+C pentru oprire.

2026-06-24 17:04:32  --- S16-GBPAUD-H1 iter 1 @ 17:04:32 ---
2026-06-24 17:04:32    Niciun semnal nou. Pendinge: 0
2026-06-24 17:04:32    Urmatoarea bara 60min @ 18:00:05 — 3332s
2026-06-24 18:00:05  --- S16-GBPAUD-H1 iter 2 @ 18:00:05 ---
2026-06-24 18:00:37    Niciun semnal nou. Pendinge: 0
2026-06-24 18:00:37    Urmatoarea bara 60min @ 19:00:05 — 3567s
2026-06-24 19:00:05  --- S16-GBPAUD-H1 iter 3 @ 19:00:05 ---
2026-06-24 19:00:05    Niciun semnal nou. Pendinge: 0
2026-06-24 19:00:05    Urmatoarea bara 60min @ 20:00:05 — 3600s
2026-06-24 19:23:19    [PROFIL] Profil 'Standard Profile' aplicat pe session16.
2026-06-24 19:23:19  =================================================================
2026-06-24 19:23:19    S16-GBPAUD-H1 — GBPAUD H1+D1 BOTH pw=8 pullback+BE | test +0.054R DD -29.0%
2026-06-24 19:23:19    Piete: ['GBPAUD']
2026-06-24 19:23:19    TF: H1 (trend D1) | PW=4 | BOTH
2026-06-24 19:23:19    Output: C:\trading-bot\data\live_signals\session16
2026-06-24 19:23:19  =================================================================
2026-06-24 19:23:19  MT5: 52906593 @ ICMarketsEU-Demo (DEMO)
2026-06-24 19:23:19  Simboluri active: ['GBPAUD']
2026-06-24 19:23:19  Pornit. Ctrl+C pentru oprire.

2026-06-24 19:23:19  --- S16-GBPAUD-H1 iter 1 @ 19:23:19 ---
2026-06-24 19:23:19    Niciun semnal nou. Pendinge: 0
2026-06-24 19:23:19    Urmatoarea bara 60min @ 20:00:05 — 2205s
2026-06-24 20:00:05  --- S16-GBPAUD-H1 iter 2 @ 20:00:05 ---
2026-06-24 20:00:05    Niciun semnal nou. Pendinge: 0
2026-06-24 20:00:05    Urmatoarea bara 60min @ 21:00:05 — 3600s
2026-06-24 21:00:05  --- S16-GBPAUD-H1 iter 3 @ 21:00:05 ---
2026-06-24 21:00:05    Niciun semnal nou. Pendinge: 0
2026-06-24 21:00:05    Urmatoarea bara 60min @ 22:00:05 — 3600s
2026-06-24 21:55:39    [PROFIL] Profil 'Standard Profile' aplicat pe session16.
2026-06-24 21:55:39  =================================================================
2026-06-24 21:55:39    S16-GBPAUD-H1 — GBPAUD H1+D1 BOTH pw=8 pullback+BE | test +0.054R DD -29.0%
2026-06-24 21:55:39    Piete: ['GBPAUD']
2026-06-24 21:55:39    TF: H1 (trend D1) | PW=4 | BOTH
2026-06-24 21:55:39    Output: C:\trading-bot\data\live_signals\session16
2026-06-24 21:55:39  =================================================================
2026-06-24 21:55:39  MT5: 52906593 @ ICMarketsEU-Demo (DEMO)
2026-06-24 21:55:40  Simboluri active: ['GBPAUD']
2026-06-24 21:55:40  Pornit. Ctrl+C pentru oprire.

2026-06-24 21:55:40  --- S16-GBPAUD-H1 iter 1 @ 21:55:40 ---
2026-06-24 21:55:41    Niciun semnal nou. Pendinge: 0
2026-06-24 21:55:41    Urmatoarea bara 60min @ 22:00:05 — 264s
2026-06-24 22:00:05  --- S16-GBPAUD-H1 iter 2 @ 22:00:05 ---
2026-06-24 22:00:05    Niciun semnal nou. Pendinge: 0
2026-06-24 22:00:05    Urmatoarea bara 60min @ 23:00:05 — 3600s
2026-06-24 22:14:04    [PROFIL] Profil 'Standard Profile' aplicat pe session16.
2026-06-24 22:14:04  =================================================================
2026-06-24 22:14:04    S16-GBPAUD-H1 — GBPAUD H1+D1 BOTH pw=8 pullback+BE | test +0.054R DD -29.0%
2026-06-24 22:14:04    Piete: ['GBPAUD']
2026-06-24 22:14:04    TF: H1 (trend D1) | PW=4 | BOTH
2026-06-24 22:14:04    Output: C:\trading-bot\data\live_signals\session16
2026-06-24 22:14:04  =================================================================
2026-06-24 22:14:04  MT5: 52906593 @ ICMarketsEU-Demo (DEMO)
2026-06-24 22:14:04  Simboluri active: ['GBPAUD']
2026-06-24 22:14:04  Pornit. Ctrl+C pentru oprire.

2026-06-24 22:14:04  --- S16-GBPAUD-H1 iter 1 @ 22:14:04 ---
2026-06-24 22:14:04    Niciun semnal nou. Pendinge: 0
2026-06-24 22:14:04    Urmatoarea bara 60min @ 23:00:05 — 2760s
2026-06-24 22:55:57    [PROFIL] Profil 'Standard Profile' aplicat pe session16.
2026-06-24 22:55:57  =================================================================
2026-06-24 22:55:57    S16-GBPAUD-H1 — GBPAUD H1+D1 BOTH pw=8 pullback+BE | test +0.054R DD -29.0%
2026-06-24 22:55:57    Piete: ['GBPAUD']
2026-06-24 22:55:57    TF: H1 (trend D1) | PW=4 | BOTH
2026-06-24 22:55:57    Output: C:\trading-bot\data\live_signals\session16
2026-06-24 22:55:57  =================================================================
2026-06-24 22:55:57  MT5: 52906593 @ ICMarketsEU-Demo (DEMO)
2026-06-24 22:55:58  Simboluri active: ['GBPAUD']
2026-06-24 22:55:58  Pornit. Ctrl+C pentru oprire.

2026-06-24 22:55:58  --- S16-GBPAUD-H1 iter 1 @ 22:55:58 ---
2026-06-24 22:55:58    Niciun semnal nou. Pendinge: 0
2026-06-24 22:55:58    Urmatoarea bara 60min @ 23:00:05 — 247s
2026-06-24 23:00:05  --- S16-GBPAUD-H1 iter 2 @ 23:00:05 ---
2026-06-24 23:00:05    Niciun semnal nou. Pendinge: 0
2026-06-24 23:00:05    Urmatoarea bara 60min @ 00:00:05 — 3600s
2026-06-25 00:00:05  --- S16-GBPAUD-H1 iter 3 @ 00:00:05 ---
2026-06-25 00:00:07    Niciun semnal nou. Pendinge: 0
2026-06-25 00:00:07    Urmatoarea bara 60min @ 01:00:05 — 3598s
2026-06-25 01:00:05  --- S16-GBPAUD-H1 iter 4 @ 01:00:05 ---
2026-06-25 01:00:05    Niciun semnal nou. Pendinge: 0
2026-06-25 01:00:05    Urmatoarea bara 60min @ 02:00:05 — 3599s
2026-06-25 02:00:05  --- S16-GBPAUD-H1 iter 5 @ 02:00:05 ---
2026-06-25 02:00:05    Niciun semnal nou. Pendinge: 0
2026-06-25 02:00:05    Urmatoarea bara 60min @ 03:00:05 — 3599s
2026-06-25 03:00:05  --- S16-GBPAUD-H1 iter 6 @ 03:00:05 ---
2026-06-25 03:00:05    Niciun semnal nou. Pendinge: 0
2026-06-25 03:00:05    Urmatoarea bara 60min @ 04:00:05 — 3600s
2026-06-25 04:00:05  --- S16-GBPAUD-H1 iter 7 @ 04:00:05 ---
2026-06-25 04:00:05    Niciun semnal nou. Pendinge: 0
2026-06-25 04:00:05    Urmatoarea bara 60min @ 05:00:05 — 3600s
2026-06-25 05:00:05  --- S16-GBPAUD-H1 iter 8 @ 05:00:05 ---
2026-06-25 05:00:05    Niciun semnal nou. Pendinge: 0
2026-06-25 05:00:05    Urmatoarea bara 60min @ 06:00:05 — 3600s
2026-06-25 06:00:05  --- S16-GBPAUD-H1 iter 9 @ 06:00:05 ---
2026-06-25 06:00:05    Niciun semnal nou. Pendinge: 0
2026-06-25 06:00:05    Urmatoarea bara 60min @ 07:00:05 — 3600s
2026-06-25 07:00:05  --- S16-GBPAUD-H1 iter 10 @ 07:00:05 ---
2026-06-25 07:00:05    Niciun semnal nou. Pendinge: 0
2026-06-25 07:00:05    Urmatoarea bara 60min @ 08:00:05 — 3600s
2026-06-25 08:00:05  --- S16-GBPAUD-H1 iter 11 @ 08:00:05 ---
2026-06-25 08:00:05    Niciun semnal nou. Pendinge: 0
2026-06-25 08:00:05    Urmatoarea bara 60min @ 09:00:05 — 3600s
2026-06-25 08:35:01    [PROFIL] Profil 'Standard Profile' aplicat pe session16.
2026-06-25 08:35:01  =================================================================
2026-06-25 08:35:01    S16-GBPAUD-H1 — GBPAUD H1+D1 BOTH pw=8 pullback+BE | test +0.054R DD -29.0%
2026-06-25 08:35:01    Piete: ['GBPAUD']
2026-06-25 08:35:01    TF: H1 (trend D1) | PW=4 | BOTH
2026-06-25 08:35:01    Output: C:\trading-bot\data\live_signals\session16
2026-06-25 08:35:01  =================================================================
2026-06-25 08:35:01  MT5: 52906593 @ ICMarketsEU-Demo (DEMO)
2026-06-25 08:35:01  Simboluri active: ['GBPAUD']
2026-06-25 08:35:01  Pornit. Ctrl+C pentru oprire.

2026-06-25 08:35:01  --- S16-GBPAUD-H1 iter 1 @ 08:35:01 ---
2026-06-25 08:35:01    *** SEMNAL [INSIDE_BAR]: S16-GBPAUD-H1-IB0001 GBPAUD SHORT entry=1.90963 sl=1.91241 tp=1.90407 (2.0R) RSI=54
2026-06-25 08:35:01    [EXEC] *** ORDIN: S16-GBPAUD-H1-IB0001 GBPAUD SHORT 0.01lot @ 1.90963  SL=1.91241  TP=1.90407  ticket=#1727556629
2026-06-25 08:35:01    Urmatoarea bara 60min @ 09:00:05 — 1503s
2026-06-25 09:00:05  --- S16-GBPAUD-H1 iter 2 @ 09:00:05 ---
2026-06-25 09:00:05    TRIGGERAT: S16-GBPAUD-H1-IB0001 GBPAUD SHORT @ 1.90963
2026-06-25 09:00:05    Niciun semnal nou. Pendinge: 1
2026-06-25 09:00:05    Urmatoarea bara 60min @ 10:00:05 — 3600s
2026-06-25 10:00:05  --- S16-GBPAUD-H1 iter 3 @ 10:00:05 ---
2026-06-25 10:00:05    Niciun semnal nou. Pendinge: 1
2026-06-25 10:00:05    Urmatoarea bara 60min @ 11:00:05 — 3600s
2026-06-25 11:00:05  --- S16-GBPAUD-H1 iter 4 @ 11:00:05 ---
2026-06-25 11:00:05    Niciun semnal nou. Pendinge: 1
2026-06-25 11:00:05    Urmatoarea bara 60min @ 12:00:05 — 3600s
2026-06-25 12:00:05  --- S16-GBPAUD-H1 iter 5 @ 12:00:05 ---
2026-06-25 12:00:44    Niciun semnal nou. Pendinge: 1
2026-06-25 12:00:44    Urmatoarea bara 60min @ 13:00:05 — 3560s
2026-06-25 13:00:05  --- S16-GBPAUD-H1 iter 6 @ 13:00:05 ---
2026-06-25 13:00:05    Niciun semnal nou. Pendinge: 1
2026-06-25 13:00:05    Urmatoarea bara 60min @ 14:00:05 — 3600s
2026-06-25 14:00:05  --- S16-GBPAUD-H1 iter 7 @ 14:00:05 ---
2026-06-25 14:00:05    Niciun semnal nou. Pendinge: 1
2026-06-25 14:00:05    Urmatoarea bara 60min @ 15:00:05 — 3600s
2026-06-25 15:00:05  --- S16-GBPAUD-H1 iter 8 @ 15:00:05 ---
2026-06-25 15:00:05    Niciun semnal nou. Pendinge: 1
2026-06-25 15:00:05    Urmatoarea bara 60min @ 16:00:05 — 3599s
2026-06-25 16:00:05  --- S16-GBPAUD-H1 iter 9 @ 16:00:05 ---
2026-06-25 16:00:05    Niciun semnal nou. Pendinge: 1
2026-06-25 16:00:05    Urmatoarea bara 60min @ 17:00:05 — 3600s
2026-06-25 17:00:05  --- S16-GBPAUD-H1 iter 10 @ 17:00:05 ---
2026-06-25 17:00:05    [MT5] Pozitie #1727556629 inchisa: exit=1.9124400000000001  result=-1.011R  pnl=-1.95USD  [SL]
2026-06-25 17:00:05    PIERDERE (MT5): S16-GBPAUD-H1-IB0001 SL -1.011R
2026-06-25 17:00:06    Niciun semnal nou. Pendinge: 0
2026-06-25 17:00:06    Urmatoarea bara 60min @ 18:00:05 — 3598s
2026-06-25 17:06:57    [PROFIL] Profil 'Standard Profile' aplicat pe session16.
2026-06-25 17:06:57  =================================================================
2026-06-25 17:06:57    S16-GBPAUD-H1 — GBPAUD H1+D1 BOTH pw=8 pullback+BE | test +0.054R DD -29.0%
2026-06-25 17:06:57    Piete: ['GBPAUD']
2026-06-25 17:06:57    TF: H1 (trend D1) | PW=4 | BOTH
2026-06-25 17:06:57    Output: C:\trading-bot\data\live_signals\session16
2026-06-25 17:06:57  =================================================================
2026-06-25 17:06:57  MT5: 52906593 @ ICMarketsEU-Demo (DEMO)
2026-06-25 17:06:57  Simboluri active: ['GBPAUD']
2026-06-25 17:06:57  Pornit. Ctrl+C pentru oprire.

2026-06-25 17:06:57  --- S16-GBPAUD-H1 iter 1 @ 17:06:57 ---
2026-06-25 17:07:02    Niciun semnal nou. Pendinge: 0
2026-06-25 17:07:02    Urmatoarea bara 60min @ 18:00:05 — 3183s
2026-06-25 17:12:18    [PROFIL] Profil 'Standard Profile' aplicat pe session16.
2026-06-25 17:12:18  =================================================================
2026-06-25 17:12:18    S16-GBPAUD-H1 — GBPAUD H1+D1 BOTH pw=8 pullback+BE | test +0.054R DD -29.0%
2026-06-25 17:12:18    Piete: ['GBPAUD']
2026-06-25 17:12:18    TF: H1 (trend D1) | PW=4 | BOTH
2026-06-25 17:12:18    Output: C:\trading-bot\data\live_signals\session16
2026-06-25 17:12:18  =================================================================
2026-06-25 17:12:18  MT5: 52906593 @ ICMarketsEU-Demo (DEMO)
2026-06-25 17:12:18  Simboluri active: ['GBPAUD']
2026-06-25 17:12:18  Pornit. Ctrl+C pentru oprire.

2026-06-25 17:12:18  --- S16-GBPAUD-H1 iter 1 @ 17:12:18 ---
2026-06-25 17:12:18    Niciun semnal nou. Pendinge: 0
2026-06-25 17:12:18    Urmatoarea bara 60min @ 18:00:05 — 2867s
2026-06-25 18:00:05  --- S16-GBPAUD-H1 iter 2 @ 18:00:05 ---
2026-06-25 18:00:05    Niciun semnal nou. Pendinge: 0
2026-06-25 18:00:05    Urmatoarea bara 60min @ 19:00:05 — 3600s
2026-06-25 18:19:11    [PROFIL] Profil 'Standard Profile' aplicat pe session16.
2026-06-25 18:19:11  =================================================================
2026-06-25 18:19:11    S16-GBPAUD-H1 — GBPAUD H1+D1 BOTH pw=8 pullback+BE | test +0.054R DD -29.0%
2026-06-25 18:19:11    Piete: ['GBPAUD']
2026-06-25 18:19:11    TF: H1 (trend D1) | PW=4 | BOTH
2026-06-25 18:19:11    Output: C:\trading-bot\data\live_signals\session16
2026-06-25 18:19:11  =================================================================
2026-06-25 18:19:11  MT5: 52906593 @ ICMarketsEU-Demo (DEMO)
2026-06-25 18:19:11  Simboluri active: ['GBPAUD']
2026-06-25 18:19:11  Pornit. Ctrl+C pentru oprire.

2026-06-25 18:19:11  --- S16-GBPAUD-H1 iter 1 @ 18:19:11 ---
2026-06-25 18:19:11    Niciun semnal nou. Pendinge: 0
2026-06-25 18:19:11    Urmatoarea bara 60min @ 19:00:05 — 2453s
2026-06-25 19:00:05  --- S16-GBPAUD-H1 iter 2 @ 19:00:05 ---
2026-06-25 19:00:05    Niciun semnal nou. Pendinge: 0
2026-06-25 19:00:05    Urmatoarea bara 60min @ 20:00:05 — 3600s
2026-06-25 22:13:41  =================================================================
2026-06-25 22:13:41    S16-GBPAUD-H1 — GBPAUD H1+D1 BOTH pw=8 pullback+BE | test +0.054R DD -29.0%
2026-06-25 22:13:41    Piete: ['GBPAUD']
2026-06-25 22:13:41    TF: H1 (trend D1) | PW=8 | BOTH
2026-06-25 22:13:41    Output: c:\trading-bot\data\live_signals\session16
2026-06-25 22:13:41  =================================================================
2026-06-26 20:42:13  =================================================================
2026-06-26 20:42:13    S16-GBPAUD-H1 — GBPAUD H1+D1 BOTH pw=8 pullback+BE | test +0.054R DD -29.0%
2026-06-26 20:42:13    Piete: ['GBPAUD']
2026-06-26 20:42:13    TF: H1 (trend D1) | PW=8 | BOTH
2026-06-26 20:42:13    Output: c:\trading-bot\data\live_signals\session16
2026-06-26 20:42:13  =================================================================
2026-06-26 20:42:19  MT5: 52906593 @ ICMarketsEU-Demo (DEMO)
2026-06-26 20:42:21  Simboluri active: ['GBPAUD']
2026-06-26 20:42:21  Pornit. Ctrl+C pentru oprire.

2026-06-26 20:42:21  --- S16-GBPAUD-H1 iter 1 @ 20:42:21 ---
2026-06-26 20:42:22    [VINERI] Ora 20:42 >= 20:00 — inchid pozitii deschise.
2026-06-26 20:42:22    Niciun semnal nou. Pendinge: 0
2026-06-26 20:42:22    Urmatoarea bara 60min @ 21:00:05 — 1063s
2026-06-27 09:42:29  =================================================================
2026-06-27 09:42:29    S16-GBPAUD-H1 — GBPAUD H1+D1 BOTH pw=8 pullback+BE | test +0.054R DD -29.0%
2026-06-27 09:42:29    Piete: ['GBPAUD']
2026-06-27 09:42:29    TF: H1 (trend D1) | PW=8 | BOTH
2026-06-27 09:42:29    Output: c:\trading-bot\data\live_signals\session16
2026-06-27 09:42:29  =================================================================
2026-06-27 09:42:34  MT5: 52906593 @ ICMarketsEU-Demo (DEMO)
2026-06-27 09:42:43  Simboluri active: ['GBPAUD']
2026-06-27 09:42:43  Pornit. Ctrl+C pentru oprire.

2026-06-27 09:42:43  --- S16-GBPAUD-H1 iter 1 @ 09:42:43 ---
2026-06-27 09:42:53    Niciun semnal nou. Pendinge: 0
2026-06-27 09:42:53    Urmatoarea bara 60min @ 10:00:05 — 1031s
2026-06-27 10:00:05  --- S16-GBPAUD-H1 iter 2 @ 10:00:05 ---
2026-06-27 10:00:05    Niciun semnal nou. Pendinge: 0
2026-06-27 10:00:05    Urmatoarea bara 60min @ 11:00:05 — 3600s
2026-06-27 11:00:05  --- S16-GBPAUD-H1 iter 3 @ 11:00:05 ---
2026-06-27 11:00:05    Niciun semnal nou. Pendinge: 0
2026-06-27 11:00:05    Urmatoarea bara 60min @ 12:00:05 — 3599s
2026-06-27 12:00:05  --- S16-GBPAUD-H1 iter 4 @ 12:00:05 ---
2026-06-27 12:00:05    Niciun semnal nou. Pendinge: 0
2026-06-27 12:00:05    Urmatoarea bara 60min @ 13:00:05 — 3600s
2026-06-27 13:00:05  --- S16-GBPAUD-H1 iter 5 @ 13:00:05 ---
2026-06-27 13:00:05    Niciun semnal nou. Pendinge: 0
2026-06-27 13:00:05    Urmatoarea bara 60min @ 14:00:05 — 3600s
2026-06-27 14:00:05  --- S16-GBPAUD-H1 iter 6 @ 14:00:05 ---
2026-06-27 14:00:05    Niciun semnal nou. Pendinge: 0
2026-06-27 14:00:05    Urmatoarea bara 60min @ 15:00:05 — 3599s
2026-06-27 15:00:03  --- S16-GBPAUD-H1 iter 7 @ 15:00:03 ---
2026-06-27 15:00:04    Niciun semnal nou. Pendinge: 0
2026-06-27 15:00:04    Urmatoarea bara 60min @ 16:00:05 — 3601s
2026-06-27 16:00:05  --- S16-GBPAUD-H1 iter 8 @ 16:00:05 ---
2026-06-27 16:00:05    GBPAUD: eroare H1 — Simbolul 'GBPAUD' nu este disponibil in MT5: (-10001, 'IPC send failed')
2026-06-27 16:00:05    Niciun semnal nou. Pendinge: 0
2026-06-27 16:00:05    Urmatoarea bara 60min @ 17:00:05 — 3600s
2026-06-28 11:45:52  =================================================================
2026-06-28 11:45:52    S16-GBPAUD-H1 — GBPAUD H1+D1 BOTH pw=8 pullback+BE | test +0.054R DD -29.0%
2026-06-28 11:45:52    Piete: ['GBPAUD']
2026-06-28 11:45:52    TF: H1 (trend D1) | PW=8 | BOTH
2026-06-28 11:45:52    Output: c:\trading-bot\data\live_signals\session16
2026-06-28 11:45:52  =================================================================
2026-06-28 11:45:59  MT5: 52906593 @ ICMarketsEU-Demo (DEMO)
2026-06-28 11:46:05  Simboluri active: ['GBPAUD']
2026-06-28 11:46:05  Pornit. Ctrl+C pentru oprire.

2026-06-28 11:46:05  --- S16-GBPAUD-H1 iter 1 @ 11:46:05 ---
2026-06-28 11:46:06    Niciun semnal nou. Pendinge: 0
2026-06-28 11:46:06    Urmatoarea bara 60min @ 12:00:05 — 839s
2026-06-28 12:00:05  --- S16-GBPAUD-H1 iter 2 @ 12:00:05 ---
2026-06-28 12:00:05    Niciun semnal nou. Pendinge: 0
2026-06-28 12:00:05    Urmatoarea bara 60min @ 13:00:05 — 3599s
2026-06-28 12:21:08    [PROFIL] Profil 'Standard Profile' aplicat pe session16.
2026-06-28 12:21:08  =================================================================
2026-06-28 12:21:08    S16-GBPAUD-H1 — GBPAUD H1+D1 BOTH pw=8 pullback+BE | test +0.054R DD -29.0%
2026-06-28 12:21:08    Piete: ['GBPAUD']
2026-06-28 12:21:08    TF: H1 (trend D1) | PW=4 | BOTH
2026-06-28 12:21:08    Output: C:\trading-bot\data\live_signals\session16
2026-06-28 12:21:08  =================================================================
2026-06-28 12:21:08  MT5: 52906593 @ ICMarketsEU-Demo (DEMO)
2026-06-28 12:21:18  Simboluri active: ['GBPAUD']
2026-06-28 12:21:18  Pornit. Ctrl+C pentru oprire.

2026-06-28 12:21:18  --- S16-GBPAUD-H1 iter 1 @ 12:21:18 ---
2026-06-28 12:21:24    Niciun semnal nou. Pendinge: 0
2026-06-28 12:21:24    Urmatoarea bara 60min @ 13:00:05 — 2321s
2026-06-28 12:28:12    [PROFIL] Profil 'Standard Profile' aplicat pe session16.
2026-06-28 12:28:12  =================================================================
2026-06-28 12:28:12    S16-GBPAUD-H1 — GBPAUD H1+D1 BOTH pw=8 pullback+BE | test +0.054R DD -29.0%
2026-06-28 12:28:12    Piete: ['GBPAUD']
2026-06-28 12:28:12    TF: H1 (trend D1) | PW=4 | BOTH
2026-06-28 12:28:12    Output: C:\trading-bot\data\live_signals\session16
2026-06-28 12:28:12  =================================================================
2026-06-28 12:28:12  MT5: 52906593 @ ICMarketsEU-Demo (DEMO)
2026-06-28 12:28:12  Simboluri active: ['GBPAUD']
2026-06-28 12:28:12  Pornit. Ctrl+C pentru oprire.

2026-06-28 12:28:12  --- S16-GBPAUD-H1 iter 1 @ 12:28:12 ---
2026-06-28 12:28:12    Niciun semnal nou. Pendinge: 0
2026-06-28 12:28:12    Urmatoarea bara 60min @ 13:00:05 — 1913s
2026-06-28 13:00:05  --- S16-GBPAUD-H1 iter 2 @ 13:00:05 ---
2026-06-28 13:00:05    Niciun semnal nou. Pendinge: 0
2026-06-28 13:00:05    Urmatoarea bara 60min @ 14:00:05 — 3600s
2026-06-28 14:00:05  --- S16-GBPAUD-H1 iter 3 @ 14:00:05 ---
2026-06-28 14:00:05    Niciun semnal nou. Pendinge: 0
2026-06-28 14:00:05    Urmatoarea bara 60min @ 15:00:05 — 3600s
2026-06-28 15:00:05  --- S16-GBPAUD-H1 iter 4 @ 15:00:05 ---
2026-06-28 15:00:05    Niciun semnal nou. Pendinge: 0
2026-06-28 15:00:05    Urmatoarea bara 60min @ 16:00:05 — 3600s
2026-06-28 16:00:05  --- S16-GBPAUD-H1 iter 5 @ 16:00:05 ---
2026-06-28 16:00:05    Niciun semnal nou. Pendinge: 0
2026-06-28 16:00:05    Urmatoarea bara 60min @ 17:00:05 — 3600s
2026-06-28 17:00:03  --- S16-GBPAUD-H1 iter 6 @ 17:00:03 ---
2026-06-28 17:00:04    Niciun semnal nou. Pendinge: 0
2026-06-28 17:00:04    Urmatoarea bara 60min @ 18:00:05 — 3601s
2026-06-28 18:00:05  --- S16-GBPAUD-H1 iter 7 @ 18:00:05 ---
2026-06-28 18:00:05    Niciun semnal nou. Pendinge: 0
2026-06-28 18:00:05    Urmatoarea bara 60min @ 19:00:05 — 3599s
2026-06-28 19:00:05  --- S16-GBPAUD-H1 iter 8 @ 19:00:05 ---
2026-06-28 19:00:05    Niciun semnal nou. Pendinge: 0
2026-06-28 19:00:05    Urmatoarea bara 60min @ 20:00:05 — 3600s
2026-06-28 20:00:05  --- S16-GBPAUD-H1 iter 9 @ 20:00:05 ---
2026-06-28 20:00:05    Niciun semnal nou. Pendinge: 0
2026-06-28 20:00:05    Urmatoarea bara 60min @ 21:00:05 — 3600s
2026-06-28 21:00:05  --- S16-GBPAUD-H1 iter 10 @ 21:00:05 ---
2026-06-28 21:00:05    Niciun semnal nou. Pendinge: 0
2026-06-28 21:00:05    Urmatoarea bara 60min @ 22:00:05 — 3600s
2026-06-29 09:08:09    [PROFIL] Profil 'Standard Profile' aplicat pe session16.
2026-06-29 09:08:09  =================================================================
2026-06-29 09:08:09    S16-GBPAUD-H1 — GBPAUD H1+D1 BOTH pw=8 pullback+BE | test +0.054R DD -29.0%
2026-06-29 09:08:09    Piete: ['GBPAUD']
2026-06-29 09:08:09    TF: H1 (trend D1) | PW=4 | BOTH
2026-06-29 09:08:09    Output: C:\trading-bot\data\live_signals\session16
2026-06-29 09:08:09  =================================================================
2026-06-29 09:08:09  MT5: 52906593 @ ICMarketsEU-Demo (DEMO)
2026-06-29 09:08:10  Simboluri active: ['GBPAUD']
2026-06-29 09:08:10  Pornit. Ctrl+C pentru oprire.

2026-06-29 09:08:10  --- S16-GBPAUD-H1 iter 1 @ 09:08:10 ---
2026-06-29 09:08:10    Niciun semnal nou. Pendinge: 0
2026-06-29 09:08:10    Urmatoarea bara 60min @ 10:00:05 — 3114s
2026-06-29 09:26:07    [PROFIL] Profil 'Standard Profile' aplicat pe session16.
2026-06-29 09:26:07  =================================================================
2026-06-29 09:26:07    S16-GBPAUD-H1 — GBPAUD H1+D1 BOTH pw=8 pullback+BE | test +0.054R DD -29.0%
2026-06-29 09:26:07    Piete: ['GBPAUD']
2026-06-29 09:26:07    TF: H1 (trend D1) | PW=4 | BOTH
2026-06-29 09:26:07    Output: c:\trading-bot\data\live_signals\session16
2026-06-29 09:26:07  =================================================================
2026-06-29 09:29:11  MT5: 52906593 @ ICMarketsEU-Demo (DEMO)
2026-06-29 09:32:10  Simboluri active: ['GBPAUD']
2026-06-29 09:32:10  Pornit. Ctrl+C pentru oprire.

2026-06-29 09:32:10  --- S16-GBPAUD-H1 iter 1 @ 09:32:10 ---
2026-06-29 09:32:10    Niciun semnal nou. Pendinge: 0
2026-06-29 09:32:10    Urmatoarea bara 60min @ 10:00:05 — 1675s
2026-06-29 09:36:39    [PROFIL] Profil 'Standard Profile' aplicat pe session16.
2026-06-29 09:36:39  =================================================================
2026-06-29 09:36:39    S16-GBPAUD-H1 — GBPAUD H1+D1 BOTH pw=8 pullback+BE | test +0.054R DD -29.0%
2026-06-29 09:36:39    Piete: ['GBPAUD']
2026-06-29 09:36:39    TF: H1 (trend D1) | PW=4 | BOTH
2026-06-29 09:36:39    Output: C:\trading-bot\data\live_signals\session16
2026-06-29 09:36:39  =================================================================
2026-06-29 09:36:39  MT5 nu e disponibil: mt5.initialize() a esuat: (-6, 'Terminal: Authorization failed')
2026-06-29 09:51:06    [PROFIL] Profil 'Standard Profile' aplicat pe session16.
2026-06-29 09:51:06  =================================================================
2026-06-29 09:51:06    S16-GBPAUD-H1 — GBPAUD H1+D1 BOTH pw=8 pullback+BE | test +0.054R DD -29.0%
2026-06-29 09:51:06    Piete: ['GBPAUD']
2026-06-29 09:51:06    TF: H1 (trend D1) | PW=4 | BOTH
2026-06-29 09:51:06    Output: C:\trading-bot\data\live_signals\session16
2026-06-29 09:51:06  =================================================================
2026-06-29 09:51:06  MT5 nu e disponibil: mt5.initialize() a esuat: (-6, 'Terminal: Authorization failed')
2026-06-29 09:54:48    [PROFIL] Profil 'Standard Profile' aplicat pe session16.
2026-06-29 09:54:48  =================================================================
2026-06-29 09:54:48    S16-GBPAUD-H1 — GBPAUD H1+D1 BOTH pw=8 pullback+BE | test +0.054R DD -29.0%
2026-06-29 09:54:48    Piete: ['GBPAUD']
2026-06-29 09:54:48    TF: H1 (trend D1) | PW=4 | BOTH
2026-06-29 09:54:48    Output: C:\trading-bot\data\live_signals\session16
2026-06-29 09:54:48  =================================================================
2026-06-29 09:54:48  MT5: 52906593 @ ICMarketsEU-Demo (DEMO)
2026-06-29 09:54:49  Simboluri active: ['GBPAUD']
2026-06-29 09:54:49  Pornit. Ctrl+C pentru oprire.

2026-06-29 09:54:49  --- S16-GBPAUD-H1 iter 1 @ 09:54:49 ---
2026-06-29 09:54:50    Niciun semnal nou. Pendinge: 0
2026-06-29 09:54:50    Urmatoarea bara 60min @ 10:00:05 — 315s
2026-06-29 10:00:05  --- S16-GBPAUD-H1 iter 2 @ 10:00:05 ---
2026-06-29 10:00:05    Niciun semnal nou. Pendinge: 0
2026-06-29 10:00:05  [MT5-HEALTH] disconnected: 🔴 <b>MT5: Deconectat de la server broker</b> MT5 nu mai are conexiune cu ICMarketsEU. Verifica internetul sau statusul serverului broker. <i>Botul va continua sa incerce — semnalele noi sunt suspendate.</i>
2026-06-29 10:00:05    Urmatoarea bara 60min @ 11:00:05 — 3600s
2026-06-29 10:21:50    [PROFIL] Profil 'Standard Profile' aplicat pe session16.
2026-06-29 10:21:50  =================================================================
2026-06-29 10:21:50    S16-GBPAUD-H1 — GBPAUD H1+D1 BOTH pw=8 pullback+BE | test +0.054R DD -29.0%
2026-06-29 10:21:50    Piete: ['GBPAUD']
2026-06-29 10:21:50    TF: H1 (trend D1) | PW=4 | BOTH
2026-06-29 10:21:50    Output: C:\trading-bot\data\live_signals\session16
2026-06-29 10:21:50  =================================================================
2026-06-29 10:21:50  MT5 nu e disponibil: mt5.initialize() a esuat: (-6, 'Terminal: Authorization failed')
2026-06-29 10:29:29    [PROFIL] Profil 'Standard Profile' aplicat pe session16.
2026-06-29 10:29:29  =================================================================
2026-06-29 10:29:29    S16-GBPAUD-H1 — GBPAUD H1+D1 BOTH pw=8 pullback+BE | test +0.054R DD -29.0%
2026-06-29 10:29:29    Piete: ['GBPAUD']
2026-06-29 10:29:29    TF: H1 (trend D1) | PW=4 | BOTH
2026-06-29 10:29:29    Output: C:\trading-bot\data\live_signals\session16
2026-06-29 10:29:29  =================================================================
2026-06-29 10:29:29  MT5 nu e disponibil: mt5.initialize() a esuat: (-6, 'Terminal: Authorization failed')
2026-06-29 10:40:27    [PROFIL] Profil 'Standard Profile' aplicat pe session16.
2026-06-29 10:40:27  =================================================================
2026-06-29 10:40:27    S16-GBPAUD-H1 — GBPAUD H1+D1 BOTH pw=8 pullback+BE | test +0.054R DD -29.0%
2026-06-29 10:40:27    Piete: ['GBPAUD']
2026-06-29 10:40:27    TF: H1 (trend D1) | PW=4 | BOTH
2026-06-29 10:40:27    Output: C:\trading-bot\data\live_signals\session16
2026-06-29 10:40:27  =================================================================
2026-06-29 10:40:27  MT5: 52906593 @ ICMarketsEU-Demo (DEMO)
2026-06-29 10:40:27  Simboluri active: ['GBPAUD']
2026-06-29 10:40:27  Pornit. Ctrl+C pentru oprire.

2026-06-29 10:40:27  --- S16-GBPAUD-H1 iter 1 @ 10:40:27 ---
2026-06-29 10:40:28    Niciun semnal nou. Pendinge: 0
2026-06-29 10:40:28    Urmatoarea bara 60min @ 11:00:05 — 1177s
2026-06-29 10:49:49    [PROFIL] Profil 'Standard Profile' aplicat pe session16.
2026-06-29 10:49:49  =================================================================
2026-06-29 10:49:49    S16-GBPAUD-H1 — GBPAUD H1+D1 BOTH pw=8 pullback+BE | test +0.054R DD -29.0%
2026-06-29 10:49:49    Piete: ['GBPAUD']
2026-06-29 10:49:49    TF: H1 (trend D1) | PW=4 | BOTH
2026-06-29 10:49:49    Output: C:\trading-bot\data\live_signals\session16
2026-06-29 10:49:49  =================================================================
2026-06-29 10:49:49  MT5: 52906593 @ ICMarketsEU-Demo (DEMO)
2026-06-29 10:49:49  Simboluri active: ['GBPAUD']
2026-06-29 10:49:49  Pornit. Ctrl+C pentru oprire.

2026-06-29 10:49:49  --- S16-GBPAUD-H1 iter 1 @ 10:49:49 ---
2026-06-29 10:49:49    Niciun semnal nou. Pendinge: 0
2026-06-29 10:49:49    Urmatoarea bara 60min @ 11:00:05 — 615s
2026-06-29 11:00:05  --- S16-GBPAUD-H1 iter 2 @ 11:00:05 ---
2026-06-29 11:00:05    Niciun semnal nou. Pendinge: 0
2026-06-29 11:00:05    Urmatoarea bara 60min @ 12:00:05 — 3600s
2026-06-29 11:22:38    [PROFIL] Profil 'Standard Profile' aplicat pe session16.
2026-06-29 11:22:38  =================================================================
2026-06-29 11:22:38    S16-GBPAUD-H1 — GBPAUD H1+D1 BOTH pw=8 pullback+BE | test +0.054R DD -29.0%
2026-06-29 11:22:38    Piete: ['GBPAUD']
2026-06-29 11:22:38    TF: H1 (trend D1) | PW=4 | BOTH
2026-06-29 11:22:38    Output: C:\trading-bot\data\live_signals\session16
2026-06-29 11:22:38  =================================================================
2026-06-29 11:22:38  MT5: 52906593 @ ICMarketsEU-Demo (DEMO)
2026-06-29 11:22:38  Simboluri active: ['GBPAUD']
2026-06-29 11:22:38  Pornit. Ctrl+C pentru oprire.

2026-06-29 11:22:38  --- S16-GBPAUD-H1 iter 1 @ 11:22:38 ---
2026-06-29 11:22:38    Niciun semnal nou. Pendinge: 0
2026-06-29 11:22:38    Urmatoarea bara 60min @ 12:00:05 — 2247s
2026-06-29 11:36:37    [PROFIL] Profil 'Standard Profile' aplicat pe session16.
2026-06-29 11:36:37  =================================================================
2026-06-29 11:36:37    S16-GBPAUD-H1 — GBPAUD H1+D1 BOTH pw=8 pullback+BE | test +0.054R DD -29.0%
2026-06-29 11:36:37    Piete: ['GBPAUD']
2026-06-29 11:36:37    TF: H1 (trend D1) | PW=4 | BOTH
2026-06-29 11:36:37    Output: C:\trading-bot\data\live_signals\session16
2026-06-29 11:36:37  =================================================================
2026-06-29 11:36:37  MT5: 52906593 @ ICMarketsEU-Demo (DEMO)
2026-06-29 11:36:37  Simboluri active: ['GBPAUD']
2026-06-29 11:36:37  Pornit. Ctrl+C pentru oprire.

2026-06-29 11:36:37  --- S16-GBPAUD-H1 iter 1 @ 11:36:37 ---
2026-06-29 11:36:37    Niciun semnal nou. Pendinge: 0
2026-06-29 11:36:37    Urmatoarea bara 60min @ 12:00:05 — 1408s
2026-06-29 12:00:05  --- S16-GBPAUD-H1 iter 2 @ 12:00:05 ---
2026-06-29 12:00:05    Niciun semnal nou. Pendinge: 0
2026-06-29 12:00:05    Urmatoarea bara 60min @ 13:00:05 — 3600s
2026-06-29 12:18:45    [PROFIL] Profil 'Standard Profile' aplicat pe session16.
2026-06-29 12:18:45  =================================================================
2026-06-29 12:18:45    S16-GBPAUD-H1 — GBPAUD H1+D1 BOTH pw=8 pullback+BE | test +0.054R DD -29.0%
2026-06-29 12:18:45    Piete: ['GBPAUD']
2026-06-29 12:18:45    TF: H1 (trend D1) | PW=4 | BOTH
2026-06-29 12:18:45    Output: C:\trading-bot\data\live_signals\session16
2026-06-29 12:18:45  =================================================================
2026-06-29 12:19:20  MT5 nu e disponibil: mt5.initialize() a esuat: (-6, 'Terminal: Authorization failed')
2026-06-29 12:56:24    [PROFIL] Profil 'Standard Profile' aplicat pe session16.
2026-06-29 12:56:24  =================================================================
2026-06-29 12:56:24    S16-GBPAUD-H1 — GBPAUD H1+D1 BOTH pw=8 pullback+BE | test +0.054R DD -29.0%
2026-06-29 12:56:24    Piete: ['GBPAUD']
2026-06-29 12:56:24    TF: H1 (trend D1) | PW=4 | BOTH
2026-06-29 12:56:24    Output: C:\trading-bot\data\live_signals\session16
2026-06-29 12:56:24  =================================================================
2026-06-29 12:56:25  MT5: 52906593 @ ICMarketsEU-Demo (DEMO)
2026-06-29 12:56:25  Simboluri active: ['GBPAUD']
2026-06-29 12:56:25  Pornit. Ctrl+C pentru oprire.

2026-06-29 12:56:25  --- S16-GBPAUD-H1 iter 1 @ 12:56:25 ---
2026-06-29 12:56:25    Niciun semnal nou. Pendinge: 0
2026-06-29 12:56:25    Urmatoarea bara 60min @ 13:00:05 — 220s
2026-06-29 13:00:05  --- S16-GBPAUD-H1 iter 2 @ 13:00:05 ---
2026-06-29 13:00:05    Niciun semnal nou. Pendinge: 0
2026-06-29 13:00:05    Urmatoarea bara 60min @ 14:00:05 — 3600s
2026-06-29 13:06:22    [PROFIL] Profil 'Standard Profile' aplicat pe session16.
2026-06-29 13:06:22  =================================================================
2026-06-29 13:06:22    S16-GBPAUD-H1 — GBPAUD H1+D1 BOTH pw=8 pullback+BE | test +0.054R DD -29.0%
2026-06-29 13:06:22    Piete: ['GBPAUD']
2026-06-29 13:06:22    TF: H1 (trend D1) | PW=4 | BOTH
2026-06-29 13:06:22    Output: C:\trading-bot\data\live_signals\session16
2026-06-29 13:06:22  =================================================================
2026-06-29 13:06:22  MT5: 52906593 @ ICMarketsEU-Demo (DEMO)
2026-06-29 13:06:23  Simboluri active: ['GBPAUD']
2026-06-29 13:06:23  Pornit. Ctrl+C pentru oprire.

2026-06-29 13:06:23  --- S16-GBPAUD-H1 iter 1 @ 13:06:23 ---
2026-06-29 13:07:00    Niciun semnal nou. Pendinge: 0
2026-06-29 13:07:00  [MT5-HEALTH] deconectat de la server broker
2026-06-29 13:07:00    Urmatoarea bara 60min @ 14:00:05 — 3184s
2026-06-29 14:00:05  --- S16-GBPAUD-H1 iter 2 @ 14:00:05 ---
2026-06-29 14:00:05    Niciun semnal nou. Pendinge: 0
2026-06-29 14:00:05  [MT5-HEALTH] deconectat de la server broker
2026-06-29 14:00:05    Urmatoarea bara 60min @ 15:00:05 — 3599s
2026-06-29 14:34:04    [PROFIL] Profil 'Standard Profile' aplicat pe session16.
2026-06-29 14:34:04  =================================================================
2026-06-29 14:34:04    S16-GBPAUD-H1 — GBPAUD H1+D1 BOTH pw=8 pullback+BE | test +0.054R DD -29.0%
2026-06-29 14:34:04    Piete: ['GBPAUD']
2026-06-29 14:34:04    TF: H1 (trend D1) | PW=4 | BOTH
2026-06-29 14:34:04    Output: C:\trading-bot\data\live_signals\session16
2026-06-29 14:34:04  =================================================================
2026-06-29 14:34:07  MT5: 52906593 @ ICMarketsEU-Demo (DEMO)
2026-06-29 14:34:08  Simboluri active: ['GBPAUD']
2026-06-29 14:34:08  Pornit. Ctrl+C pentru oprire.

2026-06-29 14:34:08  --- S16-GBPAUD-H1 iter 1 @ 14:34:08 ---
2026-06-29 14:34:08    Niciun semnal nou. Pendinge: 0
2026-06-29 14:34:08    Urmatoarea bara 60min @ 15:00:05 — 1556s
2026-06-29 15:00:05  --- S16-GBPAUD-H1 iter 2 @ 15:00:05 ---
2026-06-29 15:00:05    Niciun semnal nou. Pendinge: 0
2026-06-29 15:00:05    Urmatoarea bara 60min @ 16:00:05 — 3599s
2026-06-29 16:00:05  --- S16-GBPAUD-H1 iter 3 @ 16:00:05 ---
2026-06-29 16:00:05    Niciun semnal nou. Pendinge: 0
2026-06-29 16:00:05    Urmatoarea bara 60min @ 17:00:05 — 3599s
2026-06-29 16:15:03    [PROFIL] Profil 'Standard Profile' aplicat pe session16.
2026-06-29 16:15:03  =================================================================
2026-06-29 16:15:03    S16-GBPAUD-H1 — GBPAUD H1+D1 BOTH pw=8 pullback+BE | test +0.054R DD -29.0%
2026-06-29 16:15:03    Piete: ['GBPAUD']
2026-06-29 16:15:03    TF: H1 (trend D1) | PW=4 | BOTH
2026-06-29 16:15:03    Output: C:\trading-bot\data\live_signals\session16
2026-06-29 16:15:03  =================================================================
2026-06-29 16:15:03  MT5: 52906593 @ ICMarketsEU-Demo (DEMO)
2026-06-29 16:15:03  Simboluri active: ['GBPAUD']
2026-06-29 16:15:03  Pornit. Ctrl+C pentru oprire.

2026-06-29 16:15:03  --- S16-GBPAUD-H1 iter 1 @ 16:15:03 ---
2026-06-29 16:15:03    Niciun semnal nou. Pendinge: 0
2026-06-29 16:15:03    Urmatoarea bara 60min @ 17:00:05 — 2701s
2026-06-29 17:00:05  --- S16-GBPAUD-H1 iter 2 @ 17:00:05 ---
2026-06-29 17:00:05    Niciun semnal nou. Pendinge: 0
2026-06-29 17:00:05    Urmatoarea bara 60min @ 18:00:05 — 3599s
2026-06-29 17:50:03    [PROFIL] Profil 'Standard Profile' aplicat pe session16.
2026-06-29 17:50:03  =================================================================
2026-06-29 17:50:03    S16-GBPAUD-H1 — GBPAUD H1+D1 BOTH pw=8 pullback+BE | test +0.054R DD -29.0%
2026-06-29 17:50:03    Piete: ['GBPAUD']
2026-06-29 17:50:03    TF: H1 (trend D1) | PW=4 | BOTH
2026-06-29 17:50:03    Output: C:\trading-bot\data\live_signals\session16
2026-06-29 17:50:03  =================================================================
2026-06-29 17:50:03  MT5: 52906593 @ ICMarketsEU-Demo (DEMO)
2026-06-29 17:50:03  Simboluri active: ['GBPAUD']
2026-06-29 17:50:03  Pornit. Ctrl+C pentru oprire.

2026-06-29 17:50:03  --- S16-GBPAUD-H1 iter 1 @ 17:50:03 ---
2026-06-29 17:50:04    Niciun semnal nou. Pendinge: 0
2026-06-29 17:50:04    Urmatoarea bara 60min @ 18:00:05 — 601s
2026-06-29 18:00:05  --- S16-GBPAUD-H1 iter 2 @ 18:00:05 ---
2026-06-29 18:00:05    Niciun semnal nou. Pendinge: 0
2026-06-29 18:00:05    Urmatoarea bara 60min @ 19:00:05 — 3600s
2026-06-29 19:00:04  --- S16-GBPAUD-H1 iter 3 @ 19:00:04 ---
2026-06-29 19:00:05    Niciun semnal nou. Pendinge: 0
2026-06-29 19:00:05    Urmatoarea bara 60min @ 20:00:05 — 3600s
2026-06-29 20:00:04  --- S16-GBPAUD-H1 iter 4 @ 20:00:04 ---
2026-06-29 20:00:35    Niciun semnal nou. Pendinge: 0
2026-06-29 20:00:35    Urmatoarea bara 60min @ 21:00:05 — 3569s
2026-06-29 21:00:04  --- S16-GBPAUD-H1 iter 5 @ 21:00:04 ---
2026-06-29 21:00:05    Niciun semnal nou. Pendinge: 0
2026-06-29 21:00:05    Urmatoarea bara 60min @ 22:00:05 — 3600s
2026-06-29 22:00:04  --- S16-GBPAUD-H1 iter 6 @ 22:00:04 ---
2026-06-29 22:00:05    Niciun semnal nou. Pendinge: 0
2026-06-29 22:00:05    Urmatoarea bara 60min @ 23:00:05 — 3600s
2026-06-30 09:29:44    ib_signal_counter sincronizat la 2 din signals.csv
2026-06-30 09:29:44    [PROFIL] Profil 'Standard Profile' aplicat pe session16.
2026-06-30 09:29:44  =================================================================
2026-06-30 09:29:44    S16-GBPAUD-H1 — GBPAUD H1+D1 BOTH pw=8 pullback+BE | test +0.054R DD -29.0%
2026-06-30 09:29:44    Piete: ['GBPAUD']
2026-06-30 09:29:44    TF: H1 (trend D1) | PW=4 | BOTH
2026-06-30 09:29:44    Output: C:\trading-bot\data\live_signals\session16
2026-06-30 09:29:44  =================================================================
2026-06-30 09:29:44  MT5: 52906593 @ ICMarketsEU-Demo (DEMO)
2026-06-30 09:29:44  Simboluri active: ['GBPAUD']
2026-06-30 09:29:44  Pornit. Ctrl+C pentru oprire.

2026-06-30 09:29:44  --- S16-GBPAUD-H1 iter 1 @ 09:29:44 ---
2026-06-30 09:29:44    *** SEMNAL [INSIDE_BAR]: S16-GBPAUD-H1-IB0003 GBPAUD SHORT entry=1.92518 sl=1.92744 tp=1.92066 (2.0R) RSI=65
2026-06-30 09:29:45    [EXEC] S16-GBPAUD-H1-IB0003: SELL_STOP amanat (Bid 1.92475 <= entry 1.92518) — retry bara urm.
2026-06-30 09:29:45    S16-GBPAUD-H1-IB0003: pret depasit acum — retry bara urm.
2026-06-30 09:29:45    [RETRY] S16-GBPAUD-H1-IB0003: incerc plasare ordin (bara precedenta → None)
2026-06-30 09:29:45    [EXEC] S16-GBPAUD-H1-IB0003: SELL_STOP amanat (Bid 1.92470 <= entry 1.92518) — retry bara urm.
2026-06-30 09:29:45    Urmatoarea bara 60min @ 10:00:05 — 1819s
2026-06-30 10:00:05  --- S16-GBPAUD-H1 iter 2 @ 10:00:05 ---
2026-06-30 10:00:05    [RETRY] S16-GBPAUD-H1-IB0003: incerc plasare ordin (bara precedenta → None)
2026-06-30 10:00:15    [EXEC] *** ORDIN: S16-GBPAUD-H1-IB0003 GBPAUD SHORT 0.01lot @ 1.92518  SL=1.92744  TP=1.92066  ticket=#1781843427
2026-06-30 10:00:15    Niciun semnal nou. Pendinge: 1
2026-06-30 10:00:15    Urmatoarea bara 60min @ 11:00:05 — 3589s
2026-06-30 10:28:05    [PROFIL] Profil 'Standard Profile' aplicat pe session16.
2026-06-30 10:28:05  =================================================================
2026-06-30 10:28:05    S16-GBPAUD-H1 — GBPAUD H1+D1 BOTH pw=8 pullback+BE | test +0.054R DD -29.0%
2026-06-30 10:28:05    Piete: ['GBPAUD']
2026-06-30 10:28:05    TF: H1 (trend D1) | PW=4 | BOTH
2026-06-30 10:28:05    Output: C:\trading-bot\data\live_signals\session16
2026-06-30 10:28:05  =================================================================
2026-06-30 10:28:05  MT5: 52906593 @ ICMarketsEU-Demo (DEMO)
2026-06-30 10:28:05    [ORPHAN] 1 ordine MT5 netrackuite: [('GBPAUD', 1781721623, 'pozitie', 1.92511)]
2026-06-30 10:28:05  Simboluri active: ['GBPAUD']
2026-06-30 10:28:05  Pornit. Ctrl+C pentru oprire.

2026-06-30 10:28:05  --- S16-GBPAUD-H1 iter 1 @ 10:28:05 ---
2026-06-30 10:28:05    TRIGGERAT: S16-GBPAUD-H1-IB0003 GBPAUD SHORT @ 1.92518
2026-06-30 10:28:07    Niciun semnal nou. Pendinge: 1
2026-06-30 10:28:07    Urmatoarea bara 60min @ 11:00:05 — 1918s
2026-06-30 11:00:05  --- S16-GBPAUD-H1 iter 2 @ 11:00:05 ---
2026-06-30 11:00:05    Niciun semnal nou. Pendinge: 1
2026-06-30 11:00:20    Urmatoarea bara 60min @ 12:00:05 — 3584s
2026-06-30 11:43:50    [PROFIL] Profil 'Standard Profile' aplicat pe session16.
2026-06-30 11:43:50  =================================================================
2026-06-30 11:43:50    S16-GBPAUD-H1 — GBPAUD H1+D1 BOTH pw=8 pullback+BE | test +0.054R DD -29.0%
2026-06-30 11:43:50    Piete: ['GBPAUD']
2026-06-30 11:43:50    TF: H1 (trend D1) | PW=4 | BOTH
2026-06-30 11:43:50    Output: C:\trading-bot\data\live_signals\session16
2026-06-30 11:43:50  =================================================================
2026-06-30 11:43:50  MT5: 52906593 @ ICMarketsEU-Demo (DEMO)
2026-06-30 11:43:50    [ORPHAN] 1 ordine MT5 netrackuite: [('GBPAUD', 1781721623, 'pozitie', 1.92511)]
2026-06-30 11:43:50  Simboluri active: ['GBPAUD']
2026-06-30 11:43:50  Pornit. Ctrl+C pentru oprire.

2026-06-30 11:43:50  --- S16-GBPAUD-H1 iter 1 @ 11:43:50 ---
2026-06-30 11:43:50    Niciun semnal nou. Pendinge: 1
2026-06-30 11:43:50    Urmatoarea bara 60min @ 12:00:05 — 974s
2026-06-30 12:00:05  --- S16-GBPAUD-H1 iter 2 @ 12:00:05 ---
2026-06-30 12:00:05    Niciun semnal nou. Pendinge: 1
2026-06-30 12:00:05    Urmatoarea bara 60min @ 13:00:05 — 3600s
2026-06-30 12:10:23    [PROFIL] Profil 'Standard Profile' aplicat pe session16.
2026-06-30 12:10:23  =================================================================
2026-06-30 12:10:23    S16-GBPAUD-H1 — GBPAUD H1+D1 BOTH pw=8 pullback+BE | test +0.054R DD -29.0%
2026-06-30 12:10:23    Piete: ['GBPAUD']
2026-06-30 12:10:23    TF: H1 (trend D1) | PW=4 | BOTH
2026-06-30 12:10:23    Output: C:\trading-bot\data\live_signals\session16
2026-06-30 12:10:23  =================================================================
2026-06-30 12:10:23  MT5: 52906593 @ ICMarketsEU-Demo (DEMO)
2026-06-30 12:10:24    [ORPHAN] 1 pozitii MT5 neidentiabile: [('GBPAUD', 1781721623, 'pozitie', 1.92511, 'S16-GBPAUD-H1-IB')]
2026-06-30 12:10:24  Simboluri active: ['GBPAUD']
2026-06-30 12:10:24  Pornit. Ctrl+C pentru oprire.

2026-06-30 12:10:24  --- S16-GBPAUD-H1 iter 1 @ 12:10:24 ---
2026-06-30 12:10:24    Niciun semnal nou. Pendinge: 1
2026-06-30 12:10:24    Urmatoarea bara 60min @ 13:00:05 — 2981s
2026-06-30 13:00:05  --- S16-GBPAUD-H1 iter 2 @ 13:00:05 ---
2026-06-30 13:00:05    Niciun semnal nou. Pendinge: 1
2026-06-30 13:00:05    Urmatoarea bara 60min @ 14:00:05 — 3600s
2026-06-30 14:00:05  --- S16-GBPAUD-H1 iter 3 @ 14:00:05 ---
2026-06-30 14:00:05    Niciun semnal nou. Pendinge: 1
2026-06-30 14:00:05    Urmatoarea bara 60min @ 15:00:05 — 3600s
2026-06-30 15:00:04  --- S16-GBPAUD-H1 iter 4 @ 15:00:04 ---
2026-06-30 15:00:05    [MT5] Pozitie #1781843427 inchisa: exit=1.92065  result=+2.004R  pnl=+3.12USD  [TP]
2026-06-30 15:00:05    PROFIT (MT5): S16-GBPAUD-H1-IB0003 TP +2.004R
2026-06-30 15:00:05    Niciun semnal nou. Pendinge: 0
2026-06-30 15:00:05    Urmatoarea bara 60min @ 16:00:05 — 3600s
2026-06-30 15:05:25    [PROFIL] Profil 'Standard Profile' aplicat pe session16.
2026-06-30 15:05:25  =================================================================
2026-06-30 15:05:25    S16-GBPAUD-H1 — GBPAUD H1+D1 BOTH pw=8 pullback+BE | test +0.054R DD -29.0%
2026-06-30 15:05:25    Piete: ['GBPAUD']
2026-06-30 15:05:25    TF: H1 (trend D1) | PW=4 | BOTH
2026-06-30 15:05:25    Output: C:\trading-bot\data\live_signals\session16
2026-06-30 15:05:25  =================================================================
2026-06-30 15:05:25  MT5: 52906593 @ ICMarketsEU-Demo (DEMO)
2026-06-30 15:05:25    [MIGRATE] Cheie goala stearsa din pending: 'GBPAUD'
2026-06-30 15:05:25    [MIGRATE] Migrare pending: 0 semnale migrate, 1 chei goale sterse.
2026-06-30 15:05:25    [ORPHAN] Nicio pozitie MT5 fara corespondent — state consistent cu MT5.
2026-06-30 15:05:25  Simboluri active: ['GBPAUD']
2026-06-30 15:05:25  Pornit. Ctrl+C pentru oprire.

2026-06-30 15:05:25  --- S16-GBPAUD-H1 iter 1 @ 15:05:25 ---
2026-06-30 15:05:26    Niciun semnal nou. Pendinge: 0
2026-06-30 15:05:26    Urmatoarea bara 60min @ 16:00:05 — 3279s
2026-06-30 15:27:16    [PROFIL] Profil 'Standard Profile' aplicat pe session16.
2026-06-30 15:27:16  =================================================================
2026-06-30 15:27:16    S16-GBPAUD-H1 — GBPAUD H1+D1 BOTH pw=8 pullback+BE | test +0.054R DD -29.0%
2026-06-30 15:27:16    Piete: ['GBPAUD']
2026-06-30 15:27:16    TF: H1 (trend D1) | PW=4 | BOTH
2026-06-30 15:27:16    Output: C:\trading-bot\data\live_signals\session16
2026-06-30 15:27:16  =================================================================
2026-06-30 15:27:16  MT5: 52906593 @ ICMarketsEU-Demo (DEMO)
2026-06-30 15:27:16    [ORPHAN] Nicio pozitie MT5 fara corespondent — state consistent cu MT5.
2026-06-30 15:27:16  Simboluri active: ['GBPAUD']
2026-06-30 15:27:16  Pornit. Ctrl+C pentru oprire.

2026-06-30 15:27:16  --- S16-GBPAUD-H1 iter 1 @ 15:27:16 ---
2026-06-30 15:27:16    Niciun semnal nou. Pendinge: 0
2026-06-30 15:27:16    Urmatoarea bara 60min @ 16:00:05 — 1969s
2026-06-30 16:00:04  --- S16-GBPAUD-H1 iter 2 @ 16:00:04 ---
2026-06-30 16:00:05    Niciun semnal nou. Pendinge: 0
2026-06-30 16:00:05    Urmatoarea bara 60min @ 17:00:05 — 3600s
2026-06-30 16:08:30    [PROFIL] Profil 'Standard Profile' aplicat pe session16.
2026-06-30 16:08:30  =================================================================
2026-06-30 16:08:30    S16-GBPAUD-H1 — GBPAUD H1+D1 BOTH pw=8 pullback+BE | test +0.054R DD -29.0%
2026-06-30 16:08:30    Piete: ['GBPAUD']
2026-06-30 16:08:30    TF: H1 (trend D1) | PW=4 | BOTH
2026-06-30 16:08:30    Output: C:\trading-bot\data\live_signals\session16
2026-06-30 16:08:30  =================================================================
2026-06-30 16:08:30  MT5: 52906593 @ ICMarketsEU-Demo (DEMO)
2026-06-30 16:08:30    [ORPHAN] Nicio pozitie MT5 fara corespondent — state consistent cu MT5.
2026-06-30 16:08:30  Simboluri active: ['GBPAUD']
2026-06-30 16:08:30  Pornit. Ctrl+C pentru oprire.

2026-06-30 16:08:30  --- S16-GBPAUD-H1 iter 1 @ 16:08:30 ---
2026-06-30 16:08:30    Niciun semnal nou. Pendinge: 0
2026-06-30 16:08:30    Urmatoarea bara 60min @ 17:00:05 — 3094s
2026-06-30 16:40:28    [PROFIL] Profil 'Standard Profile' aplicat pe session16.
2026-06-30 16:40:28  =================================================================
2026-06-30 16:40:28    S16-GBPAUD-H1 — GBPAUD H1+D1 BOTH pw=8 pullback+BE | test +0.054R DD -29.0%
2026-06-30 16:40:28    Piete: ['GBPAUD']
2026-06-30 16:40:28    TF: H1 (trend D1) | PW=4 | BOTH
2026-06-30 16:40:28    Output: C:\trading-bot\data\live_signals\session16
2026-06-30 16:40:28  =================================================================
2026-06-30 16:40:28  MT5: 52906593 @ ICMarketsEU-Demo (DEMO)
2026-06-30 16:40:28    [ORPHAN] Nicio pozitie MT5 fara corespondent — state consistent cu MT5.
2026-06-30 16:40:28  Simboluri active: ['GBPAUD']
2026-06-30 16:40:28  Pornit. Ctrl+C pentru oprire.

2026-06-30 16:40:28  --- S16-GBPAUD-H1 iter 1 @ 16:40:28 ---
2026-06-30 16:40:28    Niciun semnal nou. Pendinge: 0
2026-06-30 16:40:28    Urmatoarea bara 60min @ 17:00:05 — 1177s
2026-06-30 17:00:04  --- S16-GBPAUD-H1 iter 2 @ 17:00:04 ---
2026-06-30 17:00:05    Niciun semnal nou. Pendinge: 0
2026-06-30 17:00:05    Urmatoarea bara 60min @ 18:00:05 — 3600s
2026-06-30 17:11:32    [PROFIL] Profil 'Standard Profile' aplicat pe session16.
2026-06-30 17:11:32  =================================================================
2026-06-30 17:11:32    S16-GBPAUD-H1 — GBPAUD H1+D1 BOTH pw=8 pullback+BE | test +0.054R DD -29.0%
2026-06-30 17:11:32    Piete: ['GBPAUD']
2026-06-30 17:11:32    TF: H1 (trend D1) | PW=4 | BOTH
2026-06-30 17:11:32    Output: C:\trading-bot\data\live_signals\session16
2026-06-30 17:11:32  =================================================================
2026-06-30 17:11:32  MT5: 52906593 @ ICMarketsEU-Demo (DEMO)
2026-06-30 17:11:32    [ORPHAN] Nicio pozitie MT5 fara corespondent — state consistent cu MT5.
2026-06-30 17:11:32  Simboluri active: ['GBPAUD']
2026-06-30 17:11:32  Pornit. Ctrl+C pentru oprire.

2026-06-30 17:11:32  --- S16-GBPAUD-H1 iter 1 @ 17:11:32 ---
2026-06-30 17:11:32    Niciun semnal nou. Pendinge: 0
2026-06-30 17:11:32    Urmatoarea bara 60min @ 18:00:05 — 2912s
2026-06-30 17:51:03    [PROFIL] Profil 'Standard Profile' aplicat pe session16.
2026-06-30 17:51:03  =================================================================
2026-06-30 17:51:03    S16-GBPAUD-H1 — GBPAUD H1+D1 BOTH pw=8 pullback+BE | test +0.054R DD -29.0%
2026-06-30 17:51:03    Piete: ['GBPAUD']
2026-06-30 17:51:03    TF: H1 (trend D1) | PW=4 | BOTH
2026-06-30 17:51:03    Output: C:\trading-bot\data\live_signals\session16
2026-06-30 17:51:03  =================================================================
2026-06-30 17:51:03  MT5: 52906593 @ ICMarketsEU-Demo (DEMO)
2026-06-30 17:51:03    [ORPHAN] Nicio pozitie MT5 fara corespondent — state consistent cu MT5.
2026-06-30 17:51:03  Simboluri active: ['GBPAUD']
2026-06-30 17:51:03  Pornit. Ctrl+C pentru oprire.

2026-06-30 17:51:03  --- S16-GBPAUD-H1 iter 1 @ 17:51:03 ---
2026-06-30 17:51:03    Niciun semnal nou. Pendinge: 0
2026-06-30 17:51:03    Urmatoarea bara 60min @ 18:00:05 — 541s
2026-06-30 17:55:53    [PROFIL] Profil 'Standard Profile' aplicat pe session16.
2026-06-30 17:55:53  =================================================================
2026-06-30 17:55:53    S16-GBPAUD-H1 — GBPAUD H1+D1 BOTH pw=8 pullback+BE | test +0.054R DD -29.0%
2026-06-30 17:55:53    Piete: ['GBPAUD']
2026-06-30 17:55:53    TF: H1 (trend D1) | PW=4 | BOTH
2026-06-30 17:55:53    Output: C:\trading-bot\data\live_signals\session16
2026-06-30 17:55:53  =================================================================
2026-06-30 17:55:53  MT5: 52906593 @ ICMarketsEU-Demo (DEMO)
2026-06-30 17:55:53    [ORPHAN] Nicio pozitie MT5 fara corespondent — state consistent cu MT5.
2026-06-30 17:55:53  Simboluri active: ['GBPAUD']
2026-06-30 17:55:53  Pornit. Ctrl+C pentru oprire.

2026-06-30 17:55:53  --- S16-GBPAUD-H1 iter 1 @ 17:55:53 ---
2026-06-30 17:55:53    Niciun semnal nou. Pendinge: 0
2026-06-30 17:55:53    Urmatoarea bara 60min @ 18:00:05 — 252s
2026-06-30 18:00:05  --- S16-GBPAUD-H1 iter 2 @ 18:00:05 ---
2026-06-30 18:00:05    Niciun semnal nou. Pendinge: 0
2026-06-30 18:00:05    Urmatoarea bara 60min @ 19:00:05 — 3600s
2026-06-30 18:04:20    [PROFIL] Profil 'Standard Profile' aplicat pe session16.
2026-06-30 18:04:20  =================================================================
2026-06-30 18:04:20    S16-GBPAUD-H1 — GBPAUD H1+D1 BOTH pw=8 pullback+BE | test +0.054R DD -29.0%
2026-06-30 18:04:20    Piete: ['GBPAUD']
2026-06-30 18:04:20    TF: H1 (trend D1) | PW=4 | BOTH
2026-06-30 18:04:20    Output: C:\trading-bot\data\live_signals\session16
2026-06-30 18:04:20  =================================================================
2026-06-30 18:04:20  MT5: 52906593 @ ICMarketsEU-Demo (DEMO)
2026-06-30 18:04:20    [ORPHAN] Nicio pozitie MT5 fara corespondent — state consistent cu MT5.
2026-06-30 18:04:20  Simboluri active: ['GBPAUD']
2026-06-30 18:04:20  Pornit. Ctrl+C pentru oprire.

2026-06-30 18:04:20  --- S16-GBPAUD-H1 iter 1 @ 18:04:20 ---
2026-06-30 18:04:20    Niciun semnal nou. Pendinge: 0
2026-06-30 18:04:21    Urmatoarea bara 60min @ 19:00:05 — 3344s
2026-06-30 18:12:53    [PROFIL] Profil 'Standard Profile' aplicat pe session16.
2026-06-30 18:12:53  =================================================================
2026-06-30 18:12:53    S16-GBPAUD-H1 — GBPAUD H1+D1 BOTH pw=8 pullback+BE | test +0.054R DD -29.0%
2026-06-30 18:12:53    Piete: ['GBPAUD']
2026-06-30 18:12:53    TF: H1 (trend D1) | PW=4 | BOTH
2026-06-30 18:12:53    Output: C:\trading-bot\data\live_signals\session16
2026-06-30 18:12:53  =================================================================
2026-06-30 18:12:53  MT5: 52906593 @ ICMarketsEU-Demo (DEMO)
2026-06-30 18:12:53    [ORPHAN] Nicio pozitie MT5 fara corespondent — state consistent cu MT5.
2026-06-30 18:12:53  Simboluri active: ['GBPAUD']
2026-06-30 18:12:53  Pornit. Ctrl+C pentru oprire.

2026-06-30 18:12:53  --- S16-GBPAUD-H1 iter 1 @ 18:12:53 ---
2026-06-30 18:12:53    Niciun semnal nou. Pendinge: 0
2026-06-30 18:12:53    Urmatoarea bara 60min @ 19:00:05 — 2831s
2026-06-30 19:00:05  --- S16-GBPAUD-H1 iter 2 @ 19:00:05 ---
2026-06-30 19:00:05    Niciun semnal nou. Pendinge: 0
2026-06-30 19:00:05    Urmatoarea bara 60min @ 20:00:05 — 3600s
2026-06-30 19:33:07    [PROFIL] Profil 'Standard Profile' aplicat pe session16.
2026-06-30 19:33:07  =================================================================
2026-06-30 19:33:07    S16-GBPAUD-H1 — GBPAUD H1+D1 BOTH pw=8 pullback+BE | test +0.054R DD -29.0%
2026-06-30 19:33:07    Piete: ['GBPAUD']
2026-06-30 19:33:07    TF: H1 (trend D1) | PW=4 | BOTH
2026-06-30 19:33:07    Output: C:\trading-bot\data\live_signals\session16
2026-06-30 19:33:07  =================================================================
2026-06-30 19:33:07  MT5: 52906593 @ ICMarketsEU-Demo (DEMO)
2026-06-30 19:33:07    [ORPHAN] Nicio pozitie MT5 fara corespondent — state consistent cu MT5.
2026-06-30 19:33:07  Simboluri active: ['GBPAUD']
2026-06-30 19:33:07  Pornit. Ctrl+C pentru oprire.

2026-06-30 19:33:07  --- S16-GBPAUD-H1 iter 1 @ 19:33:07 ---
2026-06-30 19:33:07    Niciun semnal nou. Pendinge: 0
2026-06-30 19:33:07    Urmatoarea bara 60min @ 20:00:05 — 1618s
2026-06-30 20:00:05  --- S16-GBPAUD-H1 iter 2 @ 20:00:05 ---
2026-06-30 20:00:05    Niciun semnal nou. Pendinge: 0
2026-06-30 20:00:05    Urmatoarea bara 60min @ 21:00:05 — 3600s
2026-06-30 21:00:37    [PROFIL] Profil 'Standard Profile' aplicat pe session16.
2026-06-30 21:00:37  =================================================================
2026-06-30 21:00:37    S16-GBPAUD-H1 — GBPAUD H1+D1 BOTH pw=8 pullback+BE | test +0.054R DD -29.0%
2026-06-30 21:00:37    Piete: ['GBPAUD']
2026-06-30 21:00:37    TF: H1 (trend D1) | PW=4 | BOTH
2026-06-30 21:00:37    Output: C:\trading-bot\data\live_signals\session16
2026-06-30 21:00:37  =================================================================
2026-06-30 21:00:37  MT5: 52906593 @ ICMarketsEU-Demo (DEMO)
2026-06-30 21:00:37    [ORPHAN] Nicio pozitie MT5 fara corespondent — state consistent cu MT5.
2026-06-30 21:00:37  Simboluri active: ['GBPAUD']
2026-06-30 21:00:37  Pornit. Ctrl+C pentru oprire.

2026-06-30 21:00:37  --- S16-GBPAUD-H1 iter 1 @ 21:00:37 ---
2026-06-30 21:00:37    Niciun semnal nou. Pendinge: 0
2026-06-30 21:00:37    Urmatoarea bara 60min @ 22:00:05 — 3567s
2026-06-30 21:23:53    [PROFIL] Profil 'Standard Profile' aplicat pe session16.
2026-06-30 21:23:53  =================================================================
2026-06-30 21:23:53    S16-GBPAUD-H1 — GBPAUD H1+D1 BOTH pw=8 pullback+BE | test +0.054R DD -29.0%
2026-06-30 21:23:53    Piete: ['GBPAUD']
2026-06-30 21:23:53    TF: H1 (trend D1) | PW=4 | BOTH
2026-06-30 21:23:53    Output: C:\trading-bot\data\live_signals\session16
2026-06-30 21:23:53  =================================================================
2026-06-30 21:23:53  MT5: 52906593 @ ICMarketsEU-Demo (DEMO)
2026-06-30 21:23:53    [SCAN-RECOVER] Comentariu trunchiat 'S16-GBPAUD-H1-IB' → S16-GBPAUD-H1-IB0002 (match prin pret 1.92511)
2026-06-30 21:23:53    [SCAN-RECOVER] Comentariu trunchiat 'S16-GBPAUD-H1-IB' → S16-GBPAUD-H1-IB0002 (match prin pret 1.92518)
2026-06-30 21:23:53    [ORPHAN] Nicio pozitie MT5 fara corespondent — state consistent cu MT5.
2026-06-30 21:23:53  Simboluri active: ['GBPAUD']
2026-06-30 21:23:53  Pornit. Ctrl+C pentru oprire.

2026-06-30 21:23:53  --- S16-GBPAUD-H1 iter 1 @ 21:23:53 ---
2026-06-30 21:23:53    Niciun semnal nou. Pendinge: 0
2026-06-30 21:23:53    Urmatoarea bara 60min @ 22:00:05 — 2171s
2026-06-30 21:24:50    [PROFIL] Profil 'Standard Profile' aplicat pe session16.
2026-06-30 21:24:50  =================================================================
2026-06-30 21:24:50    S16-GBPAUD-H1 — GBPAUD H1+D1 BOTH pw=8 pullback+BE | test +0.054R DD -29.0%
2026-06-30 21:24:50    Piete: ['GBPAUD']
2026-06-30 21:24:50    TF: H1 (trend D1) | PW=4 | BOTH
2026-06-30 21:24:50    Output: C:\trading-bot\data\live_signals\session16
2026-06-30 21:24:50  =================================================================
2026-06-30 21:24:50  MT5: 52906593 @ ICMarketsEU-Demo (DEMO)
2026-06-30 21:24:50    [SCAN-RECOVER] Comentariu trunchiat 'S16-GBPAUD-H1-IB' → S16-GBPAUD-H1-IB0002 (match prin pret 1.92511)
2026-06-30 21:24:50    [SCAN-RECOVER] Comentariu trunchiat 'S16-GBPAUD-H1-IB' → S16-GBPAUD-H1-IB0002 (match prin pret 1.92518)
2026-06-30 21:24:50    [ORPHAN] Nicio pozitie MT5 fara corespondent — state consistent cu MT5.
2026-06-30 21:24:50  Simboluri active: ['GBPAUD']
2026-06-30 21:24:50  Pornit. Ctrl+C pentru oprire.

2026-06-30 21:24:50  --- S16-GBPAUD-H1 iter 1 @ 21:24:50 ---
2026-06-30 21:24:50    Niciun semnal nou. Pendinge: 0
2026-06-30 21:24:50    Urmatoarea bara 60min @ 22:00:05 — 2114s
2026-06-30 22:00:05  --- S16-GBPAUD-H1 iter 2 @ 22:00:05 ---
2026-06-30 22:00:05    Niciun semnal nou. Pendinge: 0
2026-06-30 22:00:05    Urmatoarea bara 60min @ 23:00:05 — 3600s
2026-06-30 22:01:39    [PROFIL] Profil 'Standard Profile' aplicat pe session16.
2026-06-30 22:01:39  =================================================================
2026-06-30 22:01:39    S16-GBPAUD-H1 — GBPAUD H1+D1 BOTH pw=8 pullback+BE | test +0.054R DD -29.0%
2026-06-30 22:01:39    Piete: ['GBPAUD']
2026-06-30 22:01:39    TF: H1 (trend D1) | PW=4 | BOTH
2026-06-30 22:01:39    Output: C:\trading-bot\data\live_signals\session16
2026-06-30 22:01:39  =================================================================
2026-06-30 22:01:39  MT5: 52906593 @ ICMarketsEU-Demo (DEMO)
2026-06-30 22:01:39    [ORPHAN] Nicio pozitie MT5 fara corespondent — state consistent cu MT5.
2026-06-30 22:01:39  Simboluri active: ['GBPAUD']
2026-06-30 22:01:39  Pornit. Ctrl+C pentru oprire.

2026-06-30 22:01:39  --- S16-GBPAUD-H1 iter 1 @ 22:01:39 ---
2026-06-30 22:01:39    Niciun semnal nou. Pendinge: 0
2026-06-30 22:01:39    Urmatoarea bara 60min @ 23:00:05 — 3505s
2026-06-30 22:57:58    [PROFIL] Profil 'Standard Profile' aplicat pe session16.
2026-06-30 22:57:58  =================================================================
2026-06-30 22:57:58    S16-GBPAUD-H1 — GBPAUD H1+D1 BOTH pw=8 pullback+BE | test +0.054R DD -29.0%
2026-06-30 22:57:58    Piete: ['GBPAUD']
2026-06-30 22:57:58    TF: H1 (trend D1) | PW=4 | BOTH
2026-06-30 22:57:58    Output: C:\trading-bot\data\live_signals\session16
2026-06-30 22:57:58  =================================================================
2026-06-30 22:57:58  MT5: 52906593 @ ICMarketsEU-Demo (DEMO)
2026-06-30 22:57:58    [ORPHAN] Nicio pozitie MT5 fara corespondent — state consistent cu MT5.
2026-06-30 22:57:58  Simboluri active: ['GBPAUD']
2026-06-30 22:57:58  Pornit. Ctrl+C pentru oprire.

2026-06-30 22:57:58  --- S16-GBPAUD-H1 iter 1 @ 22:57:58 ---
2026-06-30 22:57:58    Niciun semnal nou. Pendinge: 0
2026-06-30 22:57:58    Urmatoarea bara 60min @ 23:00:05 — 126s
2026-06-30 23:00:05  --- S16-GBPAUD-H1 iter 2 @ 23:00:05 ---
2026-06-30 23:00:05    Niciun semnal nou. Pendinge: 0
2026-06-30 23:00:05    Urmatoarea bara 60min @ 00:00:05 — 3600s
2026-06-30 23:15:06    [PROFIL] Profil 'Standard Profile' aplicat pe session16.
2026-06-30 23:15:06  =================================================================
2026-06-30 23:15:06    S16-GBPAUD-H1 — GBPAUD H1+D1 BOTH pw=8 pullback+BE | test +0.054R DD -29.0%
2026-06-30 23:15:06    Piete: ['GBPAUD']
2026-06-30 23:15:06    TF: H1 (trend D1) | PW=4 | BOTH
2026-06-30 23:15:06    Output: C:\trading-bot\data\live_signals\session16
2026-06-30 23:15:06  =================================================================
2026-06-30 23:15:06  MT5: 52906593 @ ICMarketsEU-Demo (DEMO)
2026-06-30 23:15:06    [ORPHAN] Nicio pozitie MT5 fara corespondent — state consistent cu MT5.
2026-06-30 23:15:06  Simboluri active: ['GBPAUD']
2026-06-30 23:15:06  Pornit. Ctrl+C pentru oprire.

2026-06-30 23:15:06  --- S16-GBPAUD-H1 iter 1 @ 23:15:06 ---
2026-06-30 23:15:06    Niciun semnal nou. Pendinge: 0
2026-06-30 23:15:06    Urmatoarea bara 60min @ 00:00:05 — 2699s
2026-06-30 23:20:57    [PROFIL] Profil 'Standard Profile' aplicat pe session16.
2026-06-30 23:20:57  =================================================================
2026-06-30 23:20:57    S16-GBPAUD-H1 — GBPAUD H1+D1 BOTH pw=8 pullback+BE | test +0.054R DD -29.0%
2026-06-30 23:20:57    Piete: ['GBPAUD']
2026-06-30 23:20:57    TF: H1 (trend D1) | PW=4 | BOTH
2026-06-30 23:20:57    Output: C:\trading-bot\data\live_signals\session16
2026-06-30 23:20:57  =================================================================
2026-06-30 23:20:57  MT5: 52906593 @ ICMarketsEU-Demo (DEMO)
2026-06-30 23:20:57    [ORPHAN] Nicio pozitie MT5 fara corespondent — state consistent cu MT5.
2026-06-30 23:20:57  Simboluri active: ['GBPAUD']
2026-06-30 23:20:57  Pornit. Ctrl+C pentru oprire.

2026-06-30 23:20:57  --- S16-GBPAUD-H1 iter 1 @ 23:20:57 ---
2026-06-30 23:20:57    Niciun semnal nou. Pendinge: 0
2026-06-30 23:20:57    Urmatoarea bara 60min @ 00:00:05 — 2347s
2026-07-01 00:00:05  --- S16-GBPAUD-H1 iter 2 @ 00:00:05 ---
2026-07-01 00:00:05    Niciun semnal nou. Pendinge: 0
2026-07-01 00:00:05    Urmatoarea bara 60min @ 01:00:05 — 3600s
2026-07-01 01:00:05  --- S16-GBPAUD-H1 iter 3 @ 01:00:05 ---
2026-07-01 01:00:05    Niciun semnal nou. Pendinge: 0
2026-07-01 01:00:05    Urmatoarea bara 60min @ 02:00:05 — 3600s
2026-07-01 02:00:05  --- S16-GBPAUD-H1 iter 4 @ 02:00:05 ---
2026-07-01 02:00:05    Niciun semnal nou. Pendinge: 0
2026-07-01 02:00:05    Urmatoarea bara 60min @ 03:00:05 — 3599s
2026-07-01 03:00:05  --- S16-GBPAUD-H1 iter 5 @ 03:00:05 ---
2026-07-01 03:00:05    Niciun semnal nou. Pendinge: 0
2026-07-01 03:00:05    Urmatoarea bara 60min @ 04:00:05 — 3600s
2026-07-01 04:00:05  --- S16-GBPAUD-H1 iter 6 @ 04:00:05 ---
2026-07-01 04:00:05    Niciun semnal nou. Pendinge: 0
2026-07-01 04:00:05    Urmatoarea bara 60min @ 05:00:05 — 3600s
2026-07-01 05:00:05  --- S16-GBPAUD-H1 iter 7 @ 05:00:05 ---
2026-07-01 05:00:05    Niciun semnal nou. Pendinge: 0
2026-07-01 05:00:05    Urmatoarea bara 60min @ 06:00:05 — 3600s
2026-07-01 06:00:05  --- S16-GBPAUD-H1 iter 8 @ 06:00:05 ---
2026-07-01 06:00:05    Niciun semnal nou. Pendinge: 0
2026-07-01 06:00:05    Urmatoarea bara 60min @ 07:00:05 — 3600s
2026-07-01 07:00:05  --- S16-GBPAUD-H1 iter 9 @ 07:00:05 ---
2026-07-01 07:00:05    Niciun semnal nou. Pendinge: 0
2026-07-01 07:00:05    Urmatoarea bara 60min @ 08:00:05 — 3600s
2026-07-01 08:00:05  --- S16-GBPAUD-H1 iter 10 @ 08:00:05 ---
2026-07-01 08:00:05    Niciun semnal nou. Pendinge: 0
2026-07-01 08:00:05    Urmatoarea bara 60min @ 09:00:05 — 3599s
2026-07-01 09:00:05  --- S16-GBPAUD-H1 iter 11 @ 09:00:05 ---
2026-07-01 09:00:05    Niciun semnal nou. Pendinge: 0
2026-07-01 09:00:05    Urmatoarea bara 60min @ 10:00:05 — 3600s
2026-07-01 09:16:55    [PROFIL] Profil 'Standard Profile' aplicat pe session16.
2026-07-01 09:16:55  =================================================================
2026-07-01 09:16:55    S16-GBPAUD-H1 — GBPAUD H1+D1 BOTH pw=8 pullback+BE | test +0.054R DD -29.0%
2026-07-01 09:16:55    Piete: ['GBPAUD']
2026-07-01 09:16:55    TF: H1 (trend D1) | PW=4 | BOTH
2026-07-01 09:16:55    Output: C:\trading-bot\data\live_signals\session16
2026-07-01 09:16:55  =================================================================
2026-07-01 09:16:56  MT5: 52906593 @ ICMarketsEU-Demo (DEMO)
2026-07-01 09:16:56    [ORPHAN] Nicio pozitie MT5 fara corespondent — state consistent cu MT5.
2026-07-01 09:16:56  Simboluri active: ['GBPAUD']
2026-07-01 09:16:56  Pornit. Ctrl+C pentru oprire.

2026-07-01 09:16:56  --- S16-GBPAUD-H1 iter 1 @ 09:16:56 ---
2026-07-01 09:16:56    Niciun semnal nou. Pendinge: 0
2026-07-01 09:16:56    Urmatoarea bara 60min @ 10:00:05 — 2589s
2026-07-01 09:46:46    [PROFIL] Profil 'Standard Profile' aplicat pe session16.
2026-07-01 09:46:46  =================================================================
2026-07-01 09:46:46    S16-GBPAUD-H1 — GBPAUD H1+D1 BOTH pw=8 pullback+BE | test +0.054R DD -29.0%
2026-07-01 09:46:46    Piete: ['GBPAUD']
2026-07-01 09:46:46    TF: H1 (trend D1) | PW=4 | BOTH
2026-07-01 09:46:46    Output: C:\trading-bot\data\live_signals\session16
2026-07-01 09:46:46  =================================================================
2026-07-01 09:46:46  MT5: 52906593 @ ICMarketsEU-Demo (DEMO)
2026-07-01 09:46:46    [ORPHAN] Nicio pozitie MT5 fara corespondent — state consistent cu MT5.
2026-07-01 09:46:46  Simboluri active: ['GBPAUD']
2026-07-01 09:46:46  Pornit. Ctrl+C pentru oprire.

2026-07-01 09:46:46  --- S16-GBPAUD-H1 iter 1 @ 09:46:46 ---
2026-07-01 09:46:47    Niciun semnal nou. Pendinge: 0
2026-07-01 09:46:47    Urmatoarea bara 60min @ 10:00:05 — 798s
2026-07-01 10:00:05  --- S16-GBPAUD-H1 iter 2 @ 10:00:05 ---
2026-07-01 10:00:05    Niciun semnal nou. Pendinge: 0
2026-07-01 10:00:05    Urmatoarea bara 60min @ 11:00:05 — 3600s
2026-07-01 10:17:23    [PROFIL] Profil 'Standard Profile' aplicat pe session16.
2026-07-01 10:17:23  =================================================================
2026-07-01 10:17:23    S16-GBPAUD-H1 — GBPAUD H1+D1 BOTH pw=8 pullback+BE | test +0.054R DD -29.0%
2026-07-01 10:17:23    Piete: ['GBPAUD']
2026-07-01 10:17:23    TF: H1 (trend D1) | PW=4 | BOTH
2026-07-01 10:17:23    Output: C:\trading-bot\data\live_signals\session16
2026-07-01 10:17:23  =================================================================
2026-07-01 10:17:23  MT5: 52906593 @ ICMarketsEU-Demo (DEMO)
2026-07-01 10:17:23    [ORPHAN] Nicio pozitie MT5 fara corespondent — state consistent cu MT5.
2026-07-01 10:17:23  Simboluri active: ['GBPAUD']
2026-07-01 10:17:23  Pornit. Ctrl+C pentru oprire.

2026-07-01 10:17:23  --- S16-GBPAUD-H1 iter 1 @ 10:17:23 ---
2026-07-01 10:17:23    Niciun semnal nou. Pendinge: 0
2026-07-01 10:17:23    Urmatoarea bara 60min @ 11:00:05 — 2561s
2026-07-01 10:42:47    [PROFIL] Profil 'Standard Profile' aplicat pe session16.
2026-07-01 10:42:47  =================================================================
2026-07-01 10:42:47    S16-GBPAUD-H1 — GBPAUD H1+D1 BOTH pw=8 pullback+BE | test +0.054R DD -29.0%
2026-07-01 10:42:47    Piete: ['GBPAUD']
2026-07-01 10:42:47    TF: H1 (trend D1) | PW=4 | BOTH
2026-07-01 10:42:47    Output: C:\trading-bot\data\live_signals\session16
2026-07-01 10:42:47  =================================================================
2026-07-01 10:42:47  MT5: 52906593 @ ICMarketsEU-Demo (DEMO)
2026-07-01 10:42:47    [ORPHAN] Nicio pozitie MT5 fara corespondent — state consistent cu MT5.
2026-07-01 10:42:47  Simboluri active: ['GBPAUD']
2026-07-01 10:42:47  Pornit. Ctrl+C pentru oprire.

2026-07-01 10:42:47  --- S16-GBPAUD-H1 iter 1 @ 10:42:47 ---
2026-07-01 10:42:47    Niciun semnal nou. Pendinge: 0
2026-07-01 10:42:47    Urmatoarea bara 60min @ 11:00:05 — 1037s
2026-07-01 11:00:05  --- S16-GBPAUD-H1 iter 2 @ 11:00:05 ---
2026-07-01 11:00:05    Niciun semnal nou. Pendinge: 0
2026-07-01 11:00:05    Urmatoarea bara 60min @ 12:00:05 — 3600s
2026-07-01 11:33:33    [PROFIL] Profil 'Standard Profile' aplicat pe session16.
2026-07-01 11:33:33  =================================================================
2026-07-01 11:33:33    S16-GBPAUD-H1 — GBPAUD H1+D1 BOTH pw=8 pullback+BE | test +0.054R DD -29.0%
2026-07-01 11:33:33    Piete: ['GBPAUD']
2026-07-01 11:33:33    TF: H1 (trend D1) | PW=4 | BOTH
2026-07-01 11:33:33    Output: C:\trading-bot\data\live_signals\session16
2026-07-01 11:33:33  =================================================================
2026-07-01 11:33:34  MT5: 52906593 @ ICMarketsEU-Demo (DEMO)
2026-07-01 11:33:34    [ORPHAN] Nicio pozitie MT5 fara corespondent — state consistent cu MT5.
2026-07-01 11:33:34  Simboluri active: ['GBPAUD']
2026-07-01 11:33:34  Pornit. Ctrl+C pentru oprire.

2026-07-01 11:33:34  --- S16-GBPAUD-H1 iter 1 @ 11:33:34 ---
2026-07-01 11:33:34    Niciun semnal nou. Pendinge: 0
2026-07-01 11:33:34    Urmatoarea bara 60min @ 12:00:05 — 1591s
2026-07-01 11:53:27    [PROFIL] Profil 'Standard Profile' aplicat pe session16.
2026-07-01 11:53:27  =================================================================
2026-07-01 11:53:27    S16-GBPAUD-H1 — GBPAUD H1+D1 BOTH pw=8 pullback+BE | test +0.054R DD -29.0%
2026-07-01 11:53:27    Piete: ['GBPAUD']
2026-07-01 11:53:27    TF: H1 (trend D1) | PW=4 | BOTH
2026-07-01 11:53:27    Output: C:\trading-bot\data\live_signals\session16
2026-07-01 11:53:27  =================================================================
2026-07-01 11:53:27  MT5: 52906593 @ ICMarketsEU-Demo (DEMO)
2026-07-01 11:53:27    [ORPHAN] Nicio pozitie MT5 fara corespondent — state consistent cu MT5.
2026-07-01 11:53:27  Simboluri active: ['GBPAUD']
2026-07-01 11:53:27  Pornit. Ctrl+C pentru oprire.

2026-07-01 11:53:27  --- S16-GBPAUD-H1 iter 1 @ 11:53:27 ---
2026-07-01 11:53:27    Niciun semnal nou. Pendinge: 0
2026-07-01 11:53:27    Urmatoarea bara 60min @ 12:00:05 — 397s
2026-07-01 12:00:05  --- S16-GBPAUD-H1 iter 2 @ 12:00:05 ---
2026-07-01 12:00:05    Niciun semnal nou. Pendinge: 0
2026-07-01 12:00:05    Urmatoarea bara 60min @ 13:00:05 — 3600s
2026-07-01 13:00:05  --- S16-GBPAUD-H1 iter 3 @ 13:00:05 ---
2026-07-01 13:00:05    Niciun semnal nou. Pendinge: 0
2026-07-01 13:00:05    Urmatoarea bara 60min @ 14:00:05 — 3600s
2026-07-01 14:00:05  --- S16-GBPAUD-H1 iter 4 @ 14:00:05 ---
2026-07-01 14:00:05    Niciun semnal nou. Pendinge: 0
2026-07-01 14:00:05    Urmatoarea bara 60min @ 15:00:05 — 3600s
2026-07-01 15:00:05  --- S16-GBPAUD-H1 iter 5 @ 15:00:05 ---
2026-07-01 15:00:05    Niciun semnal nou. Pendinge: 0
2026-07-01 15:00:05    Urmatoarea bara 60min @ 16:00:05 — 3600s
2026-07-01 16:00:05  --- S16-GBPAUD-H1 iter 6 @ 16:00:05 ---
2026-07-01 16:00:05    [STIRI] Pauza automata — BOE Gov Bailey Speaks (GBP, High, 1 min)
2026-07-01 16:00:05    [STIRI] Tranzitie → pauza: inchid ordine/pozitii active.
2026-07-01 16:00:05    [STIRI] Nicio pozitie/ordin activ — nimic de inchis.
2026-07-01 16:00:11    Niciun semnal nou. Pendinge: 0
2026-07-01 16:00:11    Urmatoarea bara 60min @ 17:00:05 — 3594s
2026-07-01 16:07:47    [PROFIL] Profil 'Standard Profile' aplicat pe session16.
2026-07-01 16:07:47  =================================================================
2026-07-01 16:07:47    S16-GBPAUD-H1 — GBPAUD H1+D1 BOTH pw=8 pullback+BE | test +0.054R DD -29.0%
2026-07-01 16:07:47    Piete: ['GBPAUD']
2026-07-01 16:07:47    TF: H1 (trend D1) | PW=4 | BOTH
2026-07-01 16:07:47    Output: C:\trading-bot\data\live_signals\session16
2026-07-01 16:07:47  =================================================================
2026-07-01 16:07:47  MT5: 52906593 @ ICMarketsEU-Demo (DEMO)
2026-07-01 16:07:47    [ORPHAN] Nicio pozitie MT5 fara corespondent — state consistent cu MT5.
2026-07-01 16:07:47  Simboluri active: ['GBPAUD']
2026-07-01 16:07:47  Pornit. Ctrl+C pentru oprire.

2026-07-01 16:07:47  --- S16-GBPAUD-H1 iter 1 @ 16:07:47 ---
2026-07-01 16:07:47    Niciun semnal nou. Pendinge: 0
2026-07-01 16:07:47    Urmatoarea bara 60min @ 17:00:05 — 3137s
2026-07-01 17:00:05  --- S16-GBPAUD-H1 iter 2 @ 17:00:05 ---
2026-07-01 17:00:05    Niciun semnal nou. Pendinge: 0
2026-07-01 17:00:05    Urmatoarea bara 60min @ 18:00:05 — 3600s
2026-07-01 17:40:05    [PROFIL] Profil 'Standard Profile' aplicat pe session16.
2026-07-01 17:40:05  =================================================================
2026-07-01 17:40:05    S16-GBPAUD-H1 — GBPAUD H1+D1 BOTH pw=8 pullback+BE | test +0.054R DD -29.0%
2026-07-01 17:40:05    Piete: ['GBPAUD']
2026-07-01 17:40:05    TF: H1 (trend D1) | PW=4 | BOTH
2026-07-01 17:40:05    Output: C:\trading-bot\data\live_signals\session16
2026-07-01 17:40:05  =================================================================
2026-07-01 17:40:05  MT5: 52906593 @ ICMarketsEU-Demo (DEMO)
2026-07-01 17:40:05    [ORPHAN] Nicio pozitie MT5 fara corespondent — state consistent cu MT5.
2026-07-01 17:40:06  Simboluri active: ['GBPAUD']
2026-07-01 17:40:06  Pornit. Ctrl+C pentru oprire.

2026-07-01 17:40:06  --- S16-GBPAUD-H1 iter 1 @ 17:40:06 ---
2026-07-01 17:40:06    Niciun semnal nou. Pendinge: 0
2026-07-01 17:40:06    Urmatoarea bara 60min @ 18:00:05 — 1199s
2026-07-01 18:00:05  --- S16-GBPAUD-H1 iter 2 @ 18:00:05 ---
2026-07-01 18:00:05    Niciun semnal nou. Pendinge: 0
2026-07-01 18:00:05    Urmatoarea bara 60min @ 19:00:05 — 3600s
2026-07-01 19:00:05  --- S16-GBPAUD-H1 iter 3 @ 19:00:05 ---
2026-07-01 19:00:05    Niciun semnal nou. Pendinge: 0
2026-07-01 19:00:05    Urmatoarea bara 60min @ 20:00:05 — 3600s
2026-07-01 19:40:59    [PROFIL] Profil 'Standard Profile' aplicat pe session16.
2026-07-01 19:40:59  =================================================================
2026-07-01 19:40:59    S16-GBPAUD-H1 — GBPAUD H1+D1 BOTH pw=8 pullback+BE | test +0.054R DD -29.0%
2026-07-01 19:40:59    Piete: ['GBPAUD']
2026-07-01 19:40:59    TF: H1 (trend D1) | PW=4 | BOTH
2026-07-01 19:40:59    Output: C:\trading-bot\data\live_signals\session16
2026-07-01 19:40:59  =================================================================
2026-07-01 19:40:59  MT5: 52906593 @ ICMarketsEU-Demo (DEMO)
2026-07-01 19:40:59    [ORPHAN] Nicio pozitie MT5 fara corespondent — state consistent cu MT5.
2026-07-01 19:40:59  Simboluri active: ['GBPAUD']
2026-07-01 19:40:59  Pornit. Ctrl+C pentru oprire.

2026-07-01 19:40:59  --- S16-GBPAUD-H1 iter 1 @ 19:40:59 ---
2026-07-01 19:41:00    Niciun semnal nou. Pendinge: 0
2026-07-01 19:41:00    Urmatoarea bara 60min @ 20:00:05 — 1145s
2026-07-01 20:00:05  --- S16-GBPAUD-H1 iter 2 @ 20:00:05 ---
2026-07-01 20:00:05    Niciun semnal nou. Pendinge: 0
2026-07-01 20:00:05    Urmatoarea bara 60min @ 21:00:05 — 3600s
2026-07-01 20:48:54    [PROFIL] Profil 'Standard Profile' aplicat pe session16.
2026-07-01 20:48:54  =================================================================
2026-07-01 20:48:54    S16-GBPAUD-H1 — GBPAUD H1+D1 BOTH pw=8 pullback+BE | test +0.054R DD -29.0%
2026-07-01 20:48:54    Piete: ['GBPAUD']
2026-07-01 20:48:54    TF: H1 (trend D1) | PW=4 | BOTH
2026-07-01 20:48:54    Output: C:\trading-bot\data\live_signals\session16
2026-07-01 20:48:54  =================================================================
2026-07-01 20:48:54  MT5: 52906593 @ ICMarketsEU-Demo (DEMO)
2026-07-01 20:48:54    [ORPHAN] Nicio pozitie MT5 fara corespondent — state consistent cu MT5.
2026-07-01 20:48:54  Simboluri active: ['GBPAUD']
2026-07-01 20:48:54  Pornit. Ctrl+C pentru oprire.

2026-07-01 20:48:54  --- S16-GBPAUD-H1 iter 1 @ 20:48:54 ---
2026-07-01 20:48:54    Niciun semnal nou. Pendinge: 0
2026-07-01 20:48:54    Urmatoarea bara 60min @ 21:00:05 — 671s
2026-07-01 21:00:05  --- S16-GBPAUD-H1 iter 2 @ 21:00:05 ---
2026-07-01 21:00:05    Niciun semnal nou. Pendinge: 0
2026-07-01 21:00:05    Urmatoarea bara 60min @ 22:00:05 — 3600s
2026-07-01 21:05:07    [PROFIL] Profil 'Standard Profile' aplicat pe session16.
2026-07-01 21:05:07  =================================================================
2026-07-01 21:05:07    S16-GBPAUD-H1 — GBPAUD H1+D1 BOTH pw=8 pullback+BE | test +0.054R DD -29.0%
2026-07-01 21:05:07    Piete: ['GBPAUD']
2026-07-01 21:05:07    TF: H1 (trend D1) | PW=4 | BOTH
2026-07-01 21:05:07    Output: C:\trading-bot\data\live_signals\session16
2026-07-01 21:05:07  =================================================================
2026-07-01 21:05:07  MT5: 52906593 @ ICMarketsEU-Demo (DEMO)
2026-07-01 21:05:07    [ORPHAN] Nicio pozitie MT5 fara corespondent — state consistent cu MT5.
2026-07-01 21:05:07  Simboluri active: ['GBPAUD']
2026-07-01 21:05:07  Pornit. Ctrl+C pentru oprire.

2026-07-01 21:05:07  --- S16-GBPAUD-H1 iter 1 @ 21:05:07 ---
2026-07-01 21:05:07    Niciun semnal nou. Pendinge: 0
2026-07-01 21:05:07    Urmatoarea bara 60min @ 22:00:05 — 3298s
2026-07-01 22:00:05  --- S16-GBPAUD-H1 iter 2 @ 22:00:05 ---
2026-07-01 22:00:05    Niciun semnal nou. Pendinge: 0
2026-07-01 22:00:05    Urmatoarea bara 60min @ 23:00:05 — 3599s
2026-07-03 08:53:54    [PROFIL] Profil 'Standard Profile' aplicat pe session16.
2026-07-03 08:53:54  =================================================================
2026-07-03 08:53:54    S16-GBPAUD-H1 — GBPAUD H1+D1 BOTH pw=8 pullback+BE | test +0.054R DD -29.0%
2026-07-03 08:53:54    Piete: ['GBPAUD']
2026-07-03 08:53:54    TF: H1 (trend D1) | PW=4 | BOTH
2026-07-03 08:53:54    Output: C:\trading-bot\data\live_signals\session16
2026-07-03 08:53:54  =================================================================
2026-07-03 08:53:54  MT5: 52906593 @ ICMarketsEU-Demo (DEMO)
2026-07-03 08:53:55    [ORPHAN] Nicio pozitie MT5 fara corespondent — state consistent cu MT5.
2026-07-03 08:53:56  Simboluri active: ['GBPAUD']
2026-07-03 08:53:56  Pornit. Ctrl+C pentru oprire.

2026-07-03 08:53:56  --- S16-GBPAUD-H1 iter 1 @ 08:53:56 ---
2026-07-03 08:53:56    Niciun semnal nou. Pendinge: 0
2026-07-03 08:53:56    Urmatoarea bara 60min @ 09:00:05 — 368s
2026-07-03 09:00:05  --- S16-GBPAUD-H1 iter 2 @ 09:00:05 ---
2026-07-03 09:00:05    Niciun semnal nou. Pendinge: 0
2026-07-03 09:00:05    Urmatoarea bara 60min @ 10:00:05 — 3600s
2026-07-03 10:00:05  --- S16-GBPAUD-H1 iter 3 @ 10:00:05 ---
2026-07-03 10:00:05    Niciun semnal nou. Pendinge: 0
2026-07-03 10:00:05    Urmatoarea bara 60min @ 11:00:05 — 3600s
2026-07-03 10:54:37    [PROFIL] Profil 'Standard Profile' aplicat pe session16.
2026-07-03 10:54:37  =================================================================
2026-07-03 10:54:37    S16-GBPAUD-H1 — GBPAUD H1+D1 BOTH pw=8 pullback+BE | test +0.054R DD -29.0%
2026-07-03 10:54:37    Piete: ['GBPAUD']
2026-07-03 10:54:37    TF: H1 (trend D1) | PW=4 | BOTH
2026-07-03 10:54:37    Output: C:\trading-bot\data\live_signals\session16
2026-07-03 10:54:37  =================================================================
2026-07-03 10:54:38  MT5: 52906593 @ ICMarketsEU-Demo (DEMO)
2026-07-03 10:54:38    [ORPHAN] Nicio pozitie MT5 fara corespondent — state consistent cu MT5.
2026-07-03 10:54:38  Simboluri active: ['GBPAUD']
2026-07-03 10:54:38  Pornit. Ctrl+C pentru oprire.

2026-07-03 10:54:38  --- S16-GBPAUD-H1 iter 1 @ 10:54:38 ---
2026-07-03 10:54:38    Niciun semnal nou. Pendinge: 0
2026-07-03 10:54:38    Urmatoarea bara 60min @ 11:00:05 — 327s
2026-07-03 11:00:05  --- S16-GBPAUD-H1 iter 2 @ 11:00:05 ---
2026-07-03 11:00:05    Niciun semnal nou. Pendinge: 0
2026-07-03 11:00:05    Urmatoarea bara 60min @ 12:00:05 — 3600s
2026-07-03 11:10:15    [PROFIL] Profil 'Standard Profile' aplicat pe session16.
2026-07-03 11:10:15  =================================================================
2026-07-03 11:10:15    S16-GBPAUD-H1 — GBPAUD H1+D1 BOTH pw=8 pullback+BE | test +0.054R DD -29.0%
2026-07-03 11:10:15    Piete: ['GBPAUD']
2026-07-03 11:10:15    TF: H1 (trend D1) | PW=4 | BOTH
2026-07-03 11:10:15    Output: C:\trading-bot\data\live_signals\session16
2026-07-03 11:10:15  =================================================================
2026-07-03 11:10:15  MT5: 52906593 @ ICMarketsEU-Demo (DEMO)
2026-07-03 11:10:15    [ORPHAN] Nicio pozitie MT5 fara corespondent — state consistent cu MT5.
2026-07-03 11:10:15  Simboluri active: ['GBPAUD']
2026-07-03 11:10:15  Pornit. Ctrl+C pentru oprire.

2026-07-03 11:10:15  --- S16-GBPAUD-H1 iter 1 @ 11:10:15 ---
2026-07-03 11:10:15    Niciun semnal nou. Pendinge: 0
2026-07-03 11:10:15    Urmatoarea bara 60min @ 12:00:05 — 2989s
2026-07-03 12:00:05  --- S16-GBPAUD-H1 iter 2 @ 12:00:05 ---
2026-07-03 12:00:05    Niciun semnal nou. Pendinge: 0
2026-07-03 12:00:05    Urmatoarea bara 60min @ 13:00:05 — 3600s
2026-07-03 13:00:05  --- S16-GBPAUD-H1 iter 3 @ 13:00:05 ---
2026-07-03 13:00:05    Niciun semnal nou. Pendinge: 0
2026-07-03 13:00:05    Urmatoarea bara 60min @ 14:00:05 — 3600s
2026-07-03 13:50:13    [PROFIL] Profil 'Standard Profile' aplicat pe session16.
2026-07-03 13:50:13  =================================================================
2026-07-03 13:50:13    S16-GBPAUD-H1 — GBPAUD H1+D1 BOTH pw=8 pullback+BE | test +0.054R DD -29.0%
2026-07-03 13:50:13    Piete: ['GBPAUD']
2026-07-03 13:50:13    TF: H1 (trend D1) | PW=4 | BOTH
2026-07-03 13:50:13    Output: C:\trading-bot\data\live_signals\session16
2026-07-03 13:50:13  =================================================================
2026-07-03 13:50:13  MT5: 52906593 @ ICMarketsEU-Demo (DEMO)
2026-07-03 13:50:13    [ORPHAN] Nicio pozitie MT5 fara corespondent — state consistent cu MT5.
2026-07-03 13:50:13  Simboluri active: ['GBPAUD']
2026-07-03 13:50:13  Pornit. Ctrl+C pentru oprire.

2026-07-03 13:50:13  --- S16-GBPAUD-H1 iter 1 @ 13:50:13 ---
2026-07-03 13:50:13    Niciun semnal nou. Pendinge: 0
2026-07-03 13:50:13    Urmatoarea bara 60min @ 14:00:05 — 591s
2026-07-03 14:00:05  --- S16-GBPAUD-H1 iter 2 @ 14:00:05 ---
2026-07-03 14:00:05    Niciun semnal nou. Pendinge: 0
2026-07-03 14:00:05    Urmatoarea bara 60min @ 15:00:05 — 3600s
2026-07-05 13:22:02    [PROFIL] Profil 'Standard Profile' aplicat pe session16.
2026-07-05 13:22:02  =================================================================
2026-07-05 13:22:02    S16-GBPAUD-H1 — GBPAUD H1+D1 BOTH pw=8 pullback+BE | test +0.054R DD -29.0%
2026-07-05 13:22:02    Piete: ['GBPAUD']
2026-07-05 13:22:02    TF: H1 (trend D1) | PW=4 | BOTH
2026-07-05 13:22:02    Output: C:\trading-bot\data\live_signals\session16
2026-07-05 13:22:02  =================================================================
2026-07-05 13:22:02  MT5: 52906593 @ ICMarketsEU-Demo (DEMO)
2026-07-05 13:22:03    [ORPHAN] Nicio pozitie MT5 fara corespondent — state consistent cu MT5.
2026-07-05 13:22:06  Simboluri active: ['GBPAUD']
2026-07-05 13:22:06  Pornit. Ctrl+C pentru oprire.

2026-07-05 13:22:06  --- S16-GBPAUD-H1 iter 1 @ 13:22:06 ---
2026-07-05 13:22:08    Niciun semnal nou. Pendinge: 0
2026-07-05 13:22:13    Urmatoarea bara 60min @ 14:00:05 — 2271s
2026-07-05 13:47:42    [PROFIL] Profil 'Standard Profile' aplicat pe session16.
2026-07-05 13:47:42  =================================================================
2026-07-05 13:47:42    S16-GBPAUD-H1 — GBPAUD H1+D1 BOTH pw=8 pullback+BE | test +0.054R DD -29.0%
2026-07-05 13:47:42    Piete: ['GBPAUD']
2026-07-05 13:47:42    TF: H1 (trend D1) | PW=4 | BOTH
2026-07-05 13:47:42    Output: C:\trading-bot\data\live_signals\session16
2026-07-05 13:47:42  =================================================================
2026-07-05 13:47:42  MT5: 52906593 @ ICMarketsEU-Demo (DEMO)
2026-07-05 13:47:42    [ORPHAN] Nicio pozitie MT5 fara corespondent — state consistent cu MT5.
2026-07-05 13:47:42  Simboluri active: ['GBPAUD']
2026-07-05 13:47:42  Pornit. Ctrl+C pentru oprire.

2026-07-05 13:47:42  --- S16-GBPAUD-H1 iter 1 @ 13:47:42 ---
2026-07-05 13:47:42    Niciun semnal nou. Pendinge: 0
2026-07-05 13:47:42    Urmatoarea bara 60min @ 14:00:05 — 742s
2026-07-05 14:00:05  --- S16-GBPAUD-H1 iter 2 @ 14:00:05 ---
2026-07-05 14:00:05    Niciun semnal nou. Pendinge: 0
2026-07-05 14:00:05    Urmatoarea bara 60min @ 15:00:05 — 3600s
2026-07-05 15:00:05  --- S16-GBPAUD-H1 iter 3 @ 15:00:05 ---
2026-07-05 15:00:05    Niciun semnal nou. Pendinge: 0
2026-07-05 15:00:05    Urmatoarea bara 60min @ 16:00:05 — 3600s
2026-07-05 16:00:05  --- S16-GBPAUD-H1 iter 4 @ 16:00:05 ---
2026-07-05 16:00:05    Niciun semnal nou. Pendinge: 0
2026-07-05 16:00:05    Urmatoarea bara 60min @ 17:00:05 — 3600s
2026-07-05 17:00:05  --- S16-GBPAUD-H1 iter 5 @ 17:00:05 ---
2026-07-05 17:00:05    Niciun semnal nou. Pendinge: 0
2026-07-05 17:00:05    Urmatoarea bara 60min @ 18:00:05 — 3600s
2026-07-05 18:00:03  --- S16-GBPAUD-H1 iter 6 @ 18:00:03 ---
2026-07-05 18:00:03    Niciun semnal nou. Pendinge: 0
2026-07-05 18:00:03    Urmatoarea bara 60min @ 19:00:05 — 3601s
2026-07-05 19:00:05  --- S16-GBPAUD-H1 iter 7 @ 19:00:05 ---
2026-07-05 19:00:05    Niciun semnal nou. Pendinge: 0
2026-07-05 19:00:05    Urmatoarea bara 60min @ 20:00:05 — 3600s
2026-07-05 20:00:05  --- S16-GBPAUD-H1 iter 8 @ 20:00:05 ---
2026-07-05 20:00:05    Niciun semnal nou. Pendinge: 0
2026-07-05 20:00:05    Urmatoarea bara 60min @ 21:00:05 — 3600s
2026-07-08 16:51:04  =================================================================
2026-07-08 16:51:04    S16-GBPAUD-H1 — GBPAUD H1+D1 BOTH pw=8 pullback+BE | test +0.054R DD -29.0%
2026-07-08 16:51:04    Piete: ['GBPAUD']
2026-07-08 16:51:04    TF: H1 (trend D1) | PW=8 | BOTH
2026-07-08 16:51:04    Output: c:\trading-bot\data\live_signals\session16
2026-07-08 16:51:04  =================================================================
2026-07-08 16:51:09  MT5: 52906593 @ ICMarketsEU-Demo (DEMO)
2026-07-08 16:51:11    [ORPHAN] Nicio pozitie MT5 fara corespondent — state consistent cu MT5.
2026-07-08 16:51:12  Simboluri active: ['GBPAUD']
2026-07-08 16:51:12  Pornit. Ctrl+C pentru oprire.

2026-07-08 16:51:12  --- S16-GBPAUD-H1 iter 1 @ 16:51:12 ---
2026-07-08 16:51:13    Niciun semnal nou. Pendinge: 0
2026-07-08 16:51:13    Urmatoarea bara 60min @ 17:00:05 — 531s
2026-07-08 17:00:05  --- S16-GBPAUD-H1 iter 2 @ 17:00:05 ---
2026-07-08 17:00:05    Niciun semnal nou. Pendinge: 0
2026-07-08 17:00:05    Urmatoarea bara 60min @ 18:00:05 — 3600s
2026-07-08 18:47:10    [PROFIL] Profil 'Standard Profile' aplicat pe session16.
2026-07-08 18:47:10  =================================================================
2026-07-08 18:47:10    S16-GBPAUD-H1 — GBPAUD H1+D1 BOTH pw=8 pullback+BE | test +0.054R DD -29.0%
2026-07-08 18:47:10    Piete: ['GBPAUD']
2026-07-08 18:47:10    TF: H1 (trend D1) | PW=4 | BOTH
2026-07-08 18:47:10    Output: C:\trading-bot\data\live_signals\session16
2026-07-08 18:47:10  =================================================================
2026-07-08 18:47:10  MT5: 52906593 @ ICMarketsEU-Demo (DEMO)
2026-07-08 18:47:10    [ORPHAN] Nicio pozitie MT5 fara corespondent — state consistent cu MT5.
2026-07-08 18:47:10  Simboluri active: ['GBPAUD']
2026-07-08 18:47:10  Pornit. Ctrl+C pentru oprire.

2026-07-08 18:47:10  --- S16-GBPAUD-H1 iter 1 @ 18:47:10 ---
2026-07-08 18:47:11    Niciun semnal nou. Pendinge: 0
2026-07-08 18:47:11    Urmatoarea bara 60min @ 19:00:05 — 774s
2026-07-08 19:00:05  --- S16-GBPAUD-H1 iter 2 @ 19:00:05 ---
2026-07-08 19:00:05    Niciun semnal nou. Pendinge: 0
2026-07-08 19:00:06    Urmatoarea bara 60min @ 20:00:05 — 3598s
2026-07-08 19:13:03    [PROFIL] Profil 'Standard Profile' aplicat pe session16.
2026-07-08 19:13:03  =================================================================
2026-07-08 19:13:03    S16-GBPAUD-H1 — GBPAUD H1+D1 BOTH pw=8 pullback+BE | test +0.054R DD -29.0%
2026-07-08 19:13:03    Piete: ['GBPAUD']
2026-07-08 19:13:03    TF: H1 (trend D1) | PW=4 | BOTH
2026-07-08 19:13:03    Output: C:\trading-bot\data\live_signals\session16
2026-07-08 19:13:03  =================================================================
2026-07-08 19:13:03  MT5: 52906593 @ ICMarketsEU-Demo (DEMO)
2026-07-08 19:13:03    [ORPHAN] Nicio pozitie MT5 fara corespondent — state consistent cu MT5.
2026-07-08 19:13:03  Simboluri active: ['GBPAUD']
2026-07-08 19:13:03  Pornit. Ctrl+C pentru oprire.

2026-07-08 19:13:03  --- S16-GBPAUD-H1 iter 1 @ 19:13:03 ---
2026-07-08 19:13:03    Niciun semnal nou. Pendinge: 0
2026-07-08 19:13:03    Urmatoarea bara 60min @ 20:00:05 — 2821s
2026-07-08 20:00:05  --- S16-GBPAUD-H1 iter 2 @ 20:00:05 ---
2026-07-08 20:00:05    Niciun semnal nou. Pendinge: 0
2026-07-08 20:00:05    Urmatoarea bara 60min @ 21:00:05 — 3600s
2026-07-08 20:17:48    [PROFIL] Profil 'Standard Profile' aplicat pe session16.
2026-07-08 20:17:48  =================================================================
2026-07-08 20:17:48    S16-GBPAUD-H1 — GBPAUD H1+D1 BOTH pw=8 pullback+BE | test +0.054R DD -29.0%
2026-07-08 20:17:48    Piete: ['GBPAUD']
2026-07-08 20:17:48    TF: H1 (trend D1) | PW=4 | BOTH
2026-07-08 20:17:48    Output: C:\trading-bot\data\live_signals\session16
2026-07-08 20:17:48  =================================================================
2026-07-08 20:17:48  MT5: 52906593 @ ICMarketsEU-Demo (DEMO)
2026-07-08 20:17:48    [ORPHAN] Nicio pozitie MT5 fara corespondent — state consistent cu MT5.
2026-07-08 20:17:48  Simboluri active: ['GBPAUD']
2026-07-08 20:17:48  Pornit. Ctrl+C pentru oprire.

2026-07-08 20:17:48  --- S16-GBPAUD-H1 iter 1 @ 20:17:48 ---
2026-07-08 20:17:48    Niciun semnal nou. Pendinge: 0
2026-07-08 20:17:48    Urmatoarea bara 60min @ 21:00:05 — 2537s
2026-07-08 21:00:05  --- S16-GBPAUD-H1 iter 2 @ 21:00:05 ---
2026-07-08 21:00:05    Niciun semnal nou. Pendinge: 0
2026-07-08 21:00:05    Urmatoarea bara 60min @ 22:00:05 — 3600s
2026-07-08 22:00:00  --- S16-GBPAUD-H1 iter 3 @ 22:00:00 ---
2026-07-08 22:00:00    Niciun semnal nou. Pendinge: 0
2026-07-08 22:00:00    Urmatoarea bara 60min @ 23:00:05 — 3604s
2026-07-08 23:00:05  --- S16-GBPAUD-H1 iter 4 @ 23:00:05 ---
2026-07-08 23:00:05    Niciun semnal nou. Pendinge: 0
2026-07-08 23:00:05    Urmatoarea bara 60min @ 00:00:05 — 3600s
2026-07-09 00:00:05  --- S16-GBPAUD-H1 iter 5 @ 00:00:05 ---
2026-07-09 00:00:05    Niciun semnal nou. Pendinge: 0
2026-07-09 00:00:05    Urmatoarea bara 60min @ 01:00:05 — 3600s
2026-07-09 01:00:05  --- S16-GBPAUD-H1 iter 6 @ 01:00:05 ---
2026-07-09 01:00:05    Niciun semnal nou. Pendinge: 0
2026-07-09 01:00:05    Urmatoarea bara 60min @ 02:00:05 — 3600s
2026-07-09 02:00:05  --- S16-GBPAUD-H1 iter 7 @ 02:00:05 ---
2026-07-09 02:00:05    Niciun semnal nou. Pendinge: 0
2026-07-09 02:00:05    Urmatoarea bara 60min @ 03:00:05 — 3600s
2026-07-09 03:00:05  --- S16-GBPAUD-H1 iter 8 @ 03:00:05 ---
2026-07-09 03:00:05    Niciun semnal nou. Pendinge: 0
2026-07-09 03:00:05    Urmatoarea bara 60min @ 04:00:05 — 3600s
2026-07-09 04:00:05  --- S16-GBPAUD-H1 iter 9 @ 04:00:05 ---
2026-07-09 04:00:05    Niciun semnal nou. Pendinge: 0
2026-07-09 04:00:05    Urmatoarea bara 60min @ 05:00:05 — 3600s
2026-07-09 05:00:05  --- S16-GBPAUD-H1 iter 10 @ 05:00:05 ---
2026-07-09 05:00:05    Niciun semnal nou. Pendinge: 0
2026-07-09 05:00:05    Urmatoarea bara 60min @ 06:00:05 — 3600s
2026-07-09 06:00:05  --- S16-GBPAUD-H1 iter 11 @ 06:00:05 ---
2026-07-09 06:00:05    Niciun semnal nou. Pendinge: 0
2026-07-09 06:00:05    Urmatoarea bara 60min @ 07:00:05 — 3600s
2026-07-09 07:00:05  --- S16-GBPAUD-H1 iter 12 @ 07:00:05 ---
2026-07-09 07:00:05    Niciun semnal nou. Pendinge: 0
2026-07-09 07:00:05    Urmatoarea bara 60min @ 08:00:05 — 3600s
2026-07-09 08:00:05  --- S16-GBPAUD-H1 iter 13 @ 08:00:05 ---
2026-07-09 08:00:05    Niciun semnal nou. Pendinge: 0
2026-07-09 08:00:05    Urmatoarea bara 60min @ 09:00:05 — 3599s
2026-07-09 09:00:05  --- S16-GBPAUD-H1 iter 14 @ 09:00:05 ---
2026-07-09 09:00:05    Niciun semnal nou. Pendinge: 0
2026-07-09 09:00:05    Urmatoarea bara 60min @ 10:00:05 — 3600s
2026-07-09 09:07:30    [PROFIL] Profil 'Standard Profile' aplicat pe session16.
2026-07-09 09:07:30  =================================================================
2026-07-09 09:07:30    S16-GBPAUD-H1 — GBPAUD H1+D1 BOTH pw=8 pullback+BE | test +0.054R DD -29.0%
2026-07-09 09:07:30    Piete: ['GBPAUD']
2026-07-09 09:07:30    TF: H1 (trend D1) | PW=4 | BOTH
2026-07-09 09:07:30    Output: C:\trading-bot\data\live_signals\session16
2026-07-09 09:07:30  =================================================================
2026-07-09 09:07:30  MT5: 52906593 @ ICMarketsEU-Demo (DEMO)
2026-07-09 09:07:30    [ORPHAN] Nicio pozitie MT5 fara corespondent — state consistent cu MT5.
2026-07-09 09:07:30  Simboluri active: ['GBPAUD']
2026-07-09 09:07:30  Pornit. Ctrl+C pentru oprire.

2026-07-09 09:07:30  --- S16-GBPAUD-H1 iter 1 @ 09:07:30 ---
2026-07-09 09:07:30    Niciun semnal nou. Pendinge: 0
2026-07-09 09:07:30    Urmatoarea bara 60min @ 10:00:05 — 3154s
2026-07-09 09:52:33    [PROFIL] Profil 'Standard Profile' aplicat pe session16.
2026-07-09 09:52:33  =================================================================
2026-07-09 09:52:33    S16-GBPAUD-H1 — GBPAUD H1+D1 BOTH pw=8 pullback+BE | test +0.054R DD -29.0%
2026-07-09 09:52:33    Piete: ['GBPAUD']
2026-07-09 09:52:33    TF: H1 (trend D1) | PW=4 | BOTH
2026-07-09 09:52:33    Output: C:\trading-bot\data\live_signals\session16
2026-07-09 09:52:33  =================================================================
2026-07-09 09:52:33  MT5: 52906593 @ ICMarketsEU-Demo (DEMO)
2026-07-09 09:52:34    [ORPHAN] Nicio pozitie MT5 fara corespondent — state consistent cu MT5.
2026-07-09 09:52:34  Simboluri active: ['GBPAUD']
2026-07-09 09:52:34  Pornit. Ctrl+C pentru oprire.

2026-07-09 09:52:34  --- S16-GBPAUD-H1 iter 1 @ 09:52:34 ---
2026-07-09 09:52:34    Niciun semnal nou. Pendinge: 0
2026-07-09 09:52:34    Urmatoarea bara 60min @ 10:00:05 — 450s
2026-07-09 10:00:05  --- S16-GBPAUD-H1 iter 2 @ 10:00:05 ---
2026-07-09 10:00:05    Niciun semnal nou. Pendinge: 0
2026-07-09 10:00:05    Urmatoarea bara 60min @ 11:00:05 — 3600s
2026-07-09 11:00:05  --- S16-GBPAUD-H1 iter 3 @ 11:00:05 ---
2026-07-09 11:00:05    Niciun semnal nou. Pendinge: 0
2026-07-09 11:00:05    Urmatoarea bara 60min @ 12:00:05 — 3600s
2026-07-09 12:00:05  --- S16-GBPAUD-H1 iter 4 @ 12:00:05 ---
2026-07-09 12:00:05    Niciun semnal nou. Pendinge: 0
2026-07-09 12:00:05    Urmatoarea bara 60min @ 13:00:05 — 3600s
2026-07-09 13:00:05  --- S16-GBPAUD-H1 iter 5 @ 13:00:05 ---
2026-07-09 13:00:05    *** SEMNAL [INSIDE_BAR]: S16-GBPAUD-H1-IB0004 GBPAUD SHORT entry=1.93301 sl=1.93492 tp=1.92919 (2.0R) RSI=58
2026-07-09 13:00:06    [EXEC] *** ORDIN: S16-GBPAUD-H1-IB0004 GBPAUD SHORT 0.01lot @ 1.93301  SL=1.93492  TP=1.92919  ticket=#1799297055
2026-07-09 13:00:06    Urmatoarea bara 60min @ 14:00:05 — 3598s
2026-07-09 14:00:05  --- S16-GBPAUD-H1 iter 6 @ 14:00:05 ---
2026-07-09 14:00:05    TRIGGERAT: S16-GBPAUD-H1-IB0004 GBPAUD SHORT @ 1.93301
2026-07-09 14:00:05    Niciun semnal nou. Pendinge: 1
2026-07-09 14:00:05    Urmatoarea bara 60min @ 15:00:05 — 3599s
2026-07-09 15:00:05  --- S16-GBPAUD-H1 iter 7 @ 15:00:05 ---
2026-07-09 15:00:05    Niciun semnal nou. Pendinge: 1
2026-07-09 15:00:05    Urmatoarea bara 60min @ 16:00:05 — 3600s
2026-07-09 15:21:52    [PROFIL] Profil 'Standard Profile' aplicat pe session16.
2026-07-09 15:21:52  =================================================================
2026-07-09 15:21:52    S16-GBPAUD-H1 — GBPAUD H1+D1 BOTH pw=8 pullback+BE | test +0.054R DD -29.0%
2026-07-09 15:21:52    Piete: ['GBPAUD']
2026-07-09 15:21:52    TF: H1 (trend D1) | PW=4 | BOTH
2026-07-09 15:21:52    Output: C:\trading-bot\data\live_signals\session16
2026-07-09 15:21:52  =================================================================
2026-07-09 15:21:53  MT5: 52906593 @ ICMarketsEU-Demo (DEMO)
2026-07-09 15:21:53    [SCAN-RECOVER] Comentariu trunchiat 'S16-GBPAUD-H1-IB' → comment_map arata spre S16-GBPAUD-H1-IB0004 care are ticket activ — ordin vechi ignorat, se foloseste ID ticket-based
2026-07-09 15:21:53    [SCAN-RECOVER] Comentariu trunchiat 'S16-GBPAUD-H1-IB' → comment_map arata spre S16-GBPAUD-H1-IB0004 care are ticket activ — ordin vechi ignorat, se foloseste ID ticket-based
2026-07-09 15:21:53    [ORPHAN] Nicio pozitie MT5 fara corespondent — state consistent cu MT5.
2026-07-09 15:21:53  Simboluri active: ['GBPAUD']
2026-07-09 15:21:53  Pornit. Ctrl+C pentru oprire.

2026-07-09 15:21:53  --- S16-GBPAUD-H1 iter 1 @ 15:21:53 ---
2026-07-09 15:21:53    Niciun semnal nou. Pendinge: 1
2026-07-09 15:21:53    Urmatoarea bara 60min @ 16:00:05 — 2292s
2026-07-09 16:00:05  --- S16-GBPAUD-H1 iter 2 @ 16:00:05 ---
2026-07-09 16:00:05    Niciun semnal nou. Pendinge: 1
2026-07-09 16:00:05    Urmatoarea bara 60min @ 17:00:05 — 3599s
2026-07-09 17:00:05  --- S16-GBPAUD-H1 iter 3 @ 17:00:05 ---
2026-07-09 17:00:06    Niciun semnal nou. Pendinge: 1
2026-07-09 17:00:06    Urmatoarea bara 60min @ 18:00:05 — 3599s
2026-07-09 18:00:05  --- S16-GBPAUD-H1 iter 4 @ 18:00:05 ---
2026-07-09 18:00:52    [BE] S16-GBPAUD-H1-IB0004 Faza 1: SL → 1.93110
2026-07-09 18:00:55    Niciun semnal nou. Pendinge: 1
2026-07-09 18:00:55    Urmatoarea bara 60min @ 19:00:05 — 3549s
2026-07-09 19:00:05  --- S16-GBPAUD-H1 iter 5 @ 19:00:05 ---
2026-07-09 19:00:05    [MT5] Pozitie #1799297055 inchisa: exit=1.92931  result=+1.937R  pnl=+2.56USD  comm=-0.08  swap=+0.00  [TP]
2026-07-09 19:00:05    PROFIT (MT5): S16-GBPAUD-H1-IB0004 TP +1.937R
2026-07-09 19:00:05    Niciun semnal nou. Pendinge: 0
2026-07-09 19:00:05    Urmatoarea bara 60min @ 20:00:05 — 3600s
2026-07-09 20:00:05  --- S16-GBPAUD-H1 iter 6 @ 20:00:05 ---
2026-07-09 20:00:05    Niciun semnal nou. Pendinge: 0
2026-07-09 20:00:05    Urmatoarea bara 60min @ 21:00:05 — 3600s
2026-07-09 21:00:05  --- S16-GBPAUD-H1 iter 7 @ 21:00:05 ---
2026-07-09 21:00:05    Niciun semnal nou. Pendinge: 0
2026-07-09 21:00:05    Urmatoarea bara 60min @ 22:00:05 — 3599s
2026-07-09 22:00:05  --- S16-GBPAUD-H1 iter 8 @ 22:00:05 ---
2026-07-09 22:00:05    Niciun semnal nou. Pendinge: 0
2026-07-09 22:00:16    Urmatoarea bara 60min @ 23:00:05 — 3588s
2026-07-09 23:00:05  --- S16-GBPAUD-H1 iter 9 @ 23:00:05 ---
2026-07-09 23:00:05    Niciun semnal nou. Pendinge: 0
2026-07-09 23:00:05    Urmatoarea bara 60min @ 00:00:05 — 3600s
2026-07-09 23:14:10    [PROFIL] Profil 'Standard Profile' aplicat pe session16.
2026-07-09 23:14:10  =================================================================
2026-07-09 23:14:10    S16-GBPAUD-H1 — GBPAUD H1+D1 BOTH pw=8 pullback+BE | test +0.054R DD -29.0%
2026-07-09 23:14:10    Piete: ['GBPAUD']
2026-07-09 23:14:10    TF: H1 (trend D1) | PW=4 | BOTH
2026-07-09 23:14:10    Output: C:\trading-bot\data\live_signals\session16
2026-07-09 23:14:10  =================================================================
2026-07-09 23:14:10  MT5: 52906593 @ ICMarketsEU-Demo (DEMO)
2026-07-09 23:14:10    [MIGRATE] Cheie goala stearsa din pending: 'GBPAUD'
2026-07-09 23:14:11    [MIGRATE] Migrare pending: 0 semnale migrate, 1 chei goale sterse.
2026-07-09 23:14:11    [ORPHAN] Nicio pozitie MT5 fara corespondent — state consistent cu MT5.
2026-07-09 23:14:11  Simboluri active: ['GBPAUD']
2026-07-09 23:14:11  Pornit. Ctrl+C pentru oprire.

2026-07-09 23:14:11  --- S16-GBPAUD-H1 iter 1 @ 23:14:11 ---
2026-07-09 23:14:11    Niciun semnal nou. Pendinge: 0
2026-07-09 23:14:11    Urmatoarea bara 60min @ 00:00:05 — 2754s
2026-07-10 00:00:05  --- S16-GBPAUD-H1 iter 2 @ 00:00:05 ---
2026-07-10 00:00:05    Niciun semnal nou. Pendinge: 0
2026-07-10 00:00:05    Urmatoarea bara 60min @ 01:00:05 — 3600s
2026-07-10 01:00:05  --- S16-GBPAUD-H1 iter 3 @ 01:00:05 ---
2026-07-10 01:00:05    Niciun semnal nou. Pendinge: 0
2026-07-10 01:00:05    Urmatoarea bara 60min @ 02:00:05 — 3600s
2026-07-10 02:00:05  --- S16-GBPAUD-H1 iter 4 @ 02:00:05 ---
2026-07-10 02:00:05    Niciun semnal nou. Pendinge: 0
2026-07-10 02:00:05    Urmatoarea bara 60min @ 03:00:05 — 3600s
2026-07-10 03:00:05  --- S16-GBPAUD-H1 iter 5 @ 03:00:05 ---
2026-07-10 03:00:05    Niciun semnal nou. Pendinge: 0
2026-07-10 03:00:05    Urmatoarea bara 60min @ 04:00:05 — 3600s
2026-07-10 04:00:05  --- S16-GBPAUD-H1 iter 6 @ 04:00:05 ---
2026-07-10 04:00:05    Niciun semnal nou. Pendinge: 0
2026-07-10 04:00:05    Urmatoarea bara 60min @ 05:00:05 — 3599s
2026-07-10 05:00:05  --- S16-GBPAUD-H1 iter 7 @ 05:00:05 ---
2026-07-10 05:00:05    Niciun semnal nou. Pendinge: 0
2026-07-10 05:00:05    Urmatoarea bara 60min @ 06:00:05 — 3600s
2026-07-10 06:00:05  --- S16-GBPAUD-H1 iter 8 @ 06:00:05 ---
2026-07-10 06:00:05    Niciun semnal nou. Pendinge: 0
2026-07-10 06:00:05    Urmatoarea bara 60min @ 07:00:05 — 3600s
2026-07-10 07:00:05  --- S16-GBPAUD-H1 iter 9 @ 07:00:05 ---
2026-07-10 07:00:05    Niciun semnal nou. Pendinge: 0
2026-07-10 07:00:05    Urmatoarea bara 60min @ 08:00:05 — 3600s
2026-07-10 08:00:05  --- S16-GBPAUD-H1 iter 10 @ 08:00:05 ---
2026-07-10 08:00:05    Niciun semnal nou. Pendinge: 0
2026-07-10 08:00:05    Urmatoarea bara 60min @ 09:00:05 — 3600s
2026-07-10 09:00:05  --- S16-GBPAUD-H1 iter 11 @ 09:00:05 ---
2026-07-10 09:00:05    Niciun semnal nou. Pendinge: 0
2026-07-10 09:00:05    Urmatoarea bara 60min @ 10:00:05 — 3600s
2026-07-10 09:24:42    [PROFIL] Profil 'Standard Profile' aplicat pe session16.
2026-07-10 09:24:42  =================================================================
2026-07-10 09:24:42    S16-GBPAUD-H1 — GBPAUD H1+D1 BOTH pw=8 pullback+BE | test +0.054R DD -29.0%
2026-07-10 09:24:42    Piete: ['GBPAUD']
2026-07-10 09:24:42    TF: H1 (trend D1) | PW=4 | BOTH
2026-07-10 09:24:42    Output: C:\trading-bot\data\live_signals\session16
2026-07-10 09:24:42  =================================================================
2026-07-10 09:24:42  MT5: 52906593 @ ICMarketsEU-Demo (DEMO)
2026-07-10 09:24:42    [ORPHAN] Nicio pozitie MT5 fara corespondent — state consistent cu MT5.
2026-07-10 09:24:42  Simboluri active: ['GBPAUD']
2026-07-10 09:24:42  Pornit. Ctrl+C pentru oprire.

2026-07-10 09:24:42  --- S16-GBPAUD-H1 iter 1 @ 09:24:42 ---
2026-07-10 09:24:42    Niciun semnal nou. Pendinge: 0
2026-07-10 09:24:43    Urmatoarea bara 60min @ 10:00:05 — 2122s
2026-07-10 10:00:05  --- S16-GBPAUD-H1 iter 2 @ 10:00:05 ---
2026-07-10 10:00:05    Niciun semnal nou. Pendinge: 0
2026-07-10 10:00:05    Urmatoarea bara 60min @ 11:00:05 — 3600s
2026-07-10 11:00:05  --- S16-GBPAUD-H1 iter 3 @ 11:00:05 ---
2026-07-10 11:00:05    Niciun semnal nou. Pendinge: 0
2026-07-10 11:00:05    Urmatoarea bara 60min @ 12:00:05 — 3600s
2026-07-10 11:11:27    [PROFIL] Profil 'Standard Profile' aplicat pe session16.
2026-07-10 11:11:27  =================================================================
2026-07-10 11:11:27    S16-GBPAUD-H1 — GBPAUD H1+D1 BOTH pw=8 pullback+BE | test +0.054R DD -29.0%
2026-07-10 11:11:27    Piete: ['GBPAUD']
2026-07-10 11:11:27    TF: H1 (trend D1) | PW=4 | BOTH
2026-07-10 11:11:27    Output: C:\trading-bot\data\live_signals\session16
2026-07-10 11:11:27  =================================================================
2026-07-10 11:11:27  MT5: 52906593 @ ICMarketsEU-Demo (DEMO)
2026-07-10 11:11:27    [ORPHAN] Nicio pozitie MT5 fara corespondent — state consistent cu MT5.
2026-07-10 11:11:27  Simboluri active: ['GBPAUD']
2026-07-10 11:11:27  Pornit. Ctrl+C pentru oprire.

2026-07-10 11:11:27  --- S16-GBPAUD-H1 iter 1 @ 11:11:27 ---
2026-07-10 11:11:28    Niciun semnal nou. Pendinge: 0
2026-07-10 11:11:28    Urmatoarea bara 60min @ 12:00:05 — 2917s
2026-07-10 11:20:48    [PROFIL] Profil 'Standard Profile' aplicat pe session16.
2026-07-10 11:20:48  =================================================================
2026-07-10 11:20:48    S16-GBPAUD-H1 — GBPAUD H1+D1 BOTH pw=8 pullback+BE | test +0.054R DD -29.0%
2026-07-10 11:20:48    Piete: ['GBPAUD']
2026-07-10 11:20:48    TF: H1 (trend D1) | PW=4 | BOTH
2026-07-10 11:20:48    Output: C:\trading-bot\data\live_signals\session16
2026-07-10 11:20:48  =================================================================
2026-07-10 11:20:48  MT5: 52906593 @ ICMarketsEU-Demo (DEMO)
2026-07-10 11:20:48    [ORPHAN] Nicio pozitie MT5 fara corespondent — state consistent cu MT5.
2026-07-10 11:20:48  Simboluri active: ['GBPAUD']
2026-07-10 11:20:48  Pornit. Ctrl+C pentru oprire.

2026-07-10 11:20:48  --- S16-GBPAUD-H1 iter 1 @ 11:20:48 ---
2026-07-10 11:20:48    Niciun semnal nou. Pendinge: 0
2026-07-10 11:20:48    Urmatoarea bara 60min @ 12:00:05 — 2357s
2026-07-10 12:00:05  --- S16-GBPAUD-H1 iter 2 @ 12:00:05 ---
2026-07-10 12:00:05    Niciun semnal nou. Pendinge: 0
2026-07-10 12:00:05    Urmatoarea bara 60min @ 13:00:05 — 3599s
2026-07-10 13:00:05  --- S16-GBPAUD-H1 iter 3 @ 13:00:05 ---
2026-07-10 13:00:05    Niciun semnal nou. Pendinge: 0
2026-07-10 13:00:05    Urmatoarea bara 60min @ 14:00:05 — 3599s
2026-07-10 14:00:05  --- S16-GBPAUD-H1 iter 4 @ 14:00:05 ---
2026-07-10 14:00:05    Niciun semnal nou. Pendinge: 0
2026-07-10 14:00:05    Urmatoarea bara 60min @ 15:00:05 — 3600s
2026-07-10 15:00:05  --- S16-GBPAUD-H1 iter 5 @ 15:00:05 ---
2026-07-10 15:00:05    Niciun semnal nou. Pendinge: 0
2026-07-10 15:00:05    Urmatoarea bara 60min @ 16:00:05 — 3600s
2026-07-10 15:04:31    [PROFIL] Profil 'Standard Profile' aplicat pe session16.
2026-07-10 15:04:31  =================================================================
2026-07-10 15:04:31    S16-GBPAUD-H1 — GBPAUD H1+D1 BOTH pw=8 pullback+BE | test +0.054R DD -29.0%
2026-07-10 15:04:31    Piete: ['GBPAUD']
2026-07-10 15:04:31    TF: H1 (trend D1) | PW=4 | BOTH
2026-07-10 15:04:31    Output: C:\trading-bot\data\live_signals\session16
2026-07-10 15:04:31  =================================================================
2026-07-10 15:04:31  MT5: 52906593 @ ICMarketsEU-Demo (DEMO)
2026-07-10 15:04:31    [ORPHAN] Nicio pozitie MT5 fara corespondent — state consistent cu MT5.
2026-07-10 15:04:31  Simboluri active: ['GBPAUD']
2026-07-10 15:04:31  Pornit. Ctrl+C pentru oprire.

2026-07-10 15:04:31  --- S16-GBPAUD-H1 iter 1 @ 15:04:31 ---
2026-07-10 15:04:32    Niciun semnal nou. Pendinge: 0
2026-07-10 15:04:32    Urmatoarea bara 60min @ 16:00:05 — 3333s
2026-07-10 15:39:10    [PROFIL] Profil 'Standard Profile' aplicat pe session16.
2026-07-10 15:39:10  =================================================================
2026-07-10 15:39:10    S16-GBPAUD-H1 — GBPAUD H1+D1 BOTH pw=8 pullback+BE | test +0.054R DD -29.0%
2026-07-10 15:39:10    Piete: ['GBPAUD']
2026-07-10 15:39:10    TF: H1 (trend D1) | PW=4 | BOTH
2026-07-10 15:39:10    Output: C:\trading-bot\data\live_signals\session16
2026-07-10 15:39:10  =================================================================
2026-07-10 15:39:10  MT5: 52906593 @ ICMarketsEU-Demo (DEMO)
2026-07-10 15:39:11    [ORPHAN] Nicio pozitie MT5 fara corespondent — state consistent cu MT5.
2026-07-10 15:39:11  Simboluri active: ['GBPAUD']
2026-07-10 15:39:11  Pornit. Ctrl+C pentru oprire.

2026-07-10 15:39:11  --- S16-GBPAUD-H1 iter 1 @ 15:39:11 ---
2026-07-10 15:39:11    Niciun semnal nou. Pendinge: 0
2026-07-10 15:39:11    Urmatoarea bara 60min @ 16:00:05 — 1254s
2026-07-10 16:00:05  --- S16-GBPAUD-H1 iter 2 @ 16:00:05 ---
2026-07-10 16:00:05    *** SEMNAL [INSIDE_BAR]: S16-GBPAUD-H1-IB0005 GBPAUD SHORT entry=1.93066 sl=1.93381 tp=1.92436 (2.0R) RSI=48
2026-07-10 16:00:09    [EXEC] *** ORDIN: S16-GBPAUD-H1-IB0005 GBPAUD SHORT 0.01lot @ 1.93066  SL=1.93381  TP=1.92436  ticket=#1801894369
2026-07-10 16:00:09    Urmatoarea bara 60min @ 17:00:05 — 3596s
2026-07-10 16:22:38    [PROFIL] Profil 'Standard Profile' aplicat pe session16.
2026-07-10 16:22:38  =================================================================
2026-07-10 16:22:38    S16-GBPAUD-H1 — GBPAUD H1+D1 BOTH pw=8 pullback+BE | test +0.054R DD -29.0%
2026-07-10 16:22:38    Piete: ['GBPAUD']
2026-07-10 16:22:38    TF: H1 (trend D1) | PW=4 | BOTH
2026-07-10 16:22:38    Output: C:\trading-bot\data\live_signals\session16
2026-07-10 16:22:38  =================================================================
2026-07-10 16:22:38  MT5: 52906593 @ ICMarketsEU-Demo (DEMO)
2026-07-10 16:22:38    [SCAN-RECOVER] Comentariu trunchiat 'S16-GBPAUD-H1-IB' → comment_map arata spre S16-GBPAUD-H1-IB0005 care are ticket activ — ordin vechi ignorat, se foloseste ID ticket-based
2026-07-10 16:22:38    [ORPHAN] Nicio pozitie MT5 fara corespondent — state consistent cu MT5.
2026-07-10 16:22:38  Simboluri active: ['GBPAUD']
2026-07-10 16:22:38  Pornit. Ctrl+C pentru oprire.

2026-07-10 16:22:38  --- S16-GBPAUD-H1 iter 1 @ 16:22:38 ---
2026-07-10 16:22:38    TRIGGERAT: S16-GBPAUD-H1-IB0005 GBPAUD SHORT @ 1.93066
2026-07-10 16:22:38    Niciun semnal nou. Pendinge: 1
2026-07-10 16:22:38    Urmatoarea bara 60min @ 17:00:05 — 2247s
2026-07-10 17:00:05  --- S16-GBPAUD-H1 iter 2 @ 17:00:05 ---
2026-07-10 17:00:05    Niciun semnal nou. Pendinge: 1
2026-07-10 17:00:05    Urmatoarea bara 60min @ 18:00:05 — 3600s
2026-07-10 17:48:08    [PROFIL] Profil 'Standard Profile' aplicat pe session16.
2026-07-10 17:48:08  =================================================================
2026-07-10 17:48:08    S16-GBPAUD-H1 — GBPAUD H1+D1 BOTH pw=8 pullback+BE | test +0.054R DD -29.0%
2026-07-10 17:48:08    Piete: ['GBPAUD']
2026-07-10 17:48:08    TF: H1 (trend D1) | PW=4 | BOTH
2026-07-10 17:48:08    Output: C:\trading-bot\data\live_signals\session16
2026-07-10 17:48:08  =================================================================
2026-07-10 17:48:08  MT5: 52906593 @ ICMarketsEU-Demo (DEMO)
2026-07-10 17:48:08    [SCAN-RECOVER] Comentariu trunchiat 'S16-GBPAUD-H1-IB' → comment_map arata spre S16-GBPAUD-H1-IB0005 care are ticket activ — ordin vechi ignorat, se foloseste ID ticket-based
2026-07-10 17:48:08    [ORPHAN] Nicio pozitie MT5 fara corespondent — state consistent cu MT5.
2026-07-10 17:48:08  Simboluri active: ['GBPAUD']
2026-07-10 17:48:08  Pornit. Ctrl+C pentru oprire.

2026-07-10 17:48:08  --- S16-GBPAUD-H1 iter 1 @ 17:48:08 ---
2026-07-10 17:48:08    Niciun semnal nou. Pendinge: 1
2026-07-10 17:48:08    Urmatoarea bara 60min @ 18:00:05 — 716s
2026-07-10 18:00:05  --- S16-GBPAUD-H1 iter 2 @ 18:00:05 ---
2026-07-10 18:00:05    Niciun semnal nou. Pendinge: 1
2026-07-10 18:00:05    Urmatoarea bara 60min @ 19:00:05 — 3600s
2026-07-10 19:00:05  --- S16-GBPAUD-H1 iter 3 @ 19:00:05 ---
2026-07-10 19:00:05    Niciun semnal nou. Pendinge: 1
2026-07-10 19:00:05    Urmatoarea bara 60min @ 20:00:05 — 3600s
2026-07-10 20:00:05  --- S16-GBPAUD-H1 iter 4 @ 20:00:05 ---
2026-07-10 20:00:05    [VINERI] Ora 20:00 >= 20:00 — inchid pozitii deschise.
2026-07-10 20:00:05    [VINERI] S16-GBPAUD-H1-IB0005 GBPAUD SHORT inchis: exit=1.927370  result=+1.044R
2026-07-10 20:00:05    Niciun semnal nou. Pendinge: 0
2026-07-10 20:00:05    Urmatoarea bara 60min @ 21:00:05 — 3599s
2026-07-10 21:00:05  --- S16-GBPAUD-H1 iter 5 @ 21:00:05 ---
2026-07-10 21:00:05    Niciun semnal nou. Pendinge: 0
2026-07-10 21:00:05    Urmatoarea bara 60min @ 22:00:05 — 3599s
2026-07-10 22:00:05  --- S16-GBPAUD-H1 iter 6 @ 22:00:05 ---
2026-07-10 22:00:05    Niciun semnal nou. Pendinge: 0
2026-07-10 22:00:05    Urmatoarea bara 60min @ 23:00:05 — 3600s
2026-07-10 22:20:31    [PROFIL] Profil 'Standard Profile' aplicat pe session16.
2026-07-10 22:20:31  =================================================================
2026-07-10 22:20:31    S16-GBPAUD-H1 — GBPAUD H1+D1 BOTH pw=8 pullback+BE | test +0.054R DD -29.0%
2026-07-10 22:20:31    Piete: ['GBPAUD']
2026-07-10 22:20:31    TF: H1 (trend D1) | PW=4 | BOTH
2026-07-10 22:20:31    Output: C:\trading-bot\data\live_signals\session16
2026-07-10 22:20:31  =================================================================
2026-07-10 22:20:31  MT5: 52906593 @ ICMarketsEU-Demo (DEMO)
2026-07-10 22:20:31    [MIGRATE] Cheie goala stearsa din pending: 'GBPAUD'
2026-07-10 22:20:31    [MIGRATE] Migrare pending: 0 semnale migrate, 1 chei goale sterse.
2026-07-10 22:20:31    [SCAN-RECOVER] S16-GBPAUD-H1-IB_1801894369: TP +1.032R +2.28USD recuperat din scanare history MT5
2026-07-10 22:20:31    [SCAN-RECOVER] 1 outcome(uri) recuperate din scanare history MT5
2026-07-10 22:20:31    [ORPHAN] Nicio pozitie MT5 fara corespondent — state consistent cu MT5.
2026-07-10 22:20:31  Simboluri active: ['GBPAUD']
2026-07-10 22:20:31  Pornit. Ctrl+C pentru oprire.

2026-07-10 22:20:31  --- S16-GBPAUD-H1 iter 1 @ 22:20:31 ---
2026-07-10 22:20:31    Niciun semnal nou. Pendinge: 0
2026-07-10 22:20:31    Urmatoarea bara 60min @ 23:00:05 — 2373s
2026-07-10 23:00:05  --- S16-GBPAUD-H1 iter 2 @ 23:00:05 ---
2026-07-10 23:00:05    Niciun semnal nou. Pendinge: 0
2026-07-10 23:00:05    Urmatoarea bara 60min @ 00:00:05 — 3600s
2026-07-11 09:25:16    [PROFIL] Profil 'Standard Profile' aplicat pe session16.
2026-07-11 09:25:16  =================================================================
2026-07-11 09:25:16    S16-GBPAUD-H1 — GBPAUD H1+D1 BOTH pw=8 pullback+BE | test +0.054R DD -29.0%
2026-07-11 09:25:16    Piete: ['GBPAUD']
2026-07-11 09:25:16    TF: H1 (trend D1) | PW=4 | BOTH
2026-07-11 09:25:16    Output: c:\trading-bot\data\live_signals\session16
2026-07-11 09:25:16  =================================================================
2026-07-11 09:25:16  MT5: 52906593 @ ICMarketsEU-Demo (DEMO)
2026-07-11 09:25:17    [ORPHAN] Nicio pozitie MT5 fara corespondent — state consistent cu MT5.
2026-07-11 09:25:20  Simboluri active: ['GBPAUD']
2026-07-11 09:25:20  Pornit. Ctrl+C pentru oprire.

2026-07-11 09:25:20  --- S16-GBPAUD-H1 iter 1 @ 09:25:20 ---
2026-07-11 09:25:22    Niciun semnal nou. Pendinge: 0
2026-07-11 09:25:22    Urmatoarea bara 60min @ 10:00:05 — 2083s
2026-07-11 15:03:57    [PROFIL] Profil 'Standard Profile' aplicat pe session16.
2026-07-11 15:03:57  =================================================================
2026-07-11 15:03:57    S16-GBPAUD-H1 — GBPAUD H1+D1 BOTH pw=8 pullback+BE | test +0.054R DD -29.0%
2026-07-11 15:03:57    Piete: ['GBPAUD']
2026-07-11 15:03:57    TF: H1 (trend D1) | PW=4 | BOTH
2026-07-11 15:03:57    Output: c:\trading-bot\data\live_signals\session16
2026-07-11 15:03:57  =================================================================
2026-07-11 15:03:57  MT5: 52906593 @ ICMarketsEU-Demo (DEMO)
2026-07-11 15:04:00    [ORPHAN] Nicio pozitie MT5 fara corespondent — state consistent cu MT5.
2026-07-11 15:04:02  Simboluri active: ['GBPAUD']
2026-07-11 15:04:02  Pornit. Ctrl+C pentru oprire.

2026-07-11 15:04:02  --- S16-GBPAUD-H1 iter 1 @ 15:04:02 ---
2026-07-11 15:04:02    Niciun semnal nou. Pendinge: 0
2026-07-11 15:04:02    Urmatoarea bara 60min @ 16:00:05 — 3362s
2026-07-11 16:00:05  --- S16-GBPAUD-H1 iter 2 @ 16:00:05 ---
2026-07-11 16:00:07    Niciun semnal nou. Pendinge: 0
2026-07-11 16:00:07    Urmatoarea bara 60min @ 17:00:05 — 3597s
2026-07-11 17:00:05  --- S16-GBPAUD-H1 iter 3 @ 17:00:05 ---
2026-07-11 17:00:05    Niciun semnal nou. Pendinge: 0
2026-07-11 17:00:06    Urmatoarea bara 60min @ 18:00:05 — 3599s
2026-07-11 18:00:05  --- S16-GBPAUD-H1 iter 4 @ 18:00:05 ---
2026-07-11 18:00:05    Niciun semnal nou. Pendinge: 0
2026-07-11 18:00:05    Urmatoarea bara 60min @ 19:00:05 — 3599s
2026-07-11 19:00:05  --- S16-GBPAUD-H1 iter 5 @ 19:00:05 ---
2026-07-11 19:00:05    Niciun semnal nou. Pendinge: 0
2026-07-11 19:00:05    Urmatoarea bara 60min @ 20:00:05 — 3600s
2026-07-11 20:00:04  --- S16-GBPAUD-H1 iter 6 @ 20:00:04 ---
2026-07-11 20:00:05    Niciun semnal nou. Pendinge: 0
2026-07-11 20:00:05    Urmatoarea bara 60min @ 21:00:05 — 3600s
2026-07-11 21:00:04  --- S16-GBPAUD-H1 iter 7 @ 21:00:04 ---
2026-07-11 21:00:06    Niciun semnal nou. Pendinge: 0
2026-07-11 21:00:06    Urmatoarea bara 60min @ 22:00:05 — 3598s
2026-07-11 22:00:04  --- S16-GBPAUD-H1 iter 8 @ 22:00:04 ---
2026-07-11 22:00:05    Niciun semnal nou. Pendinge: 0
2026-07-11 22:00:05    Urmatoarea bara 60min @ 23:00:05 — 3599s
2026-07-11 23:00:04  --- S16-GBPAUD-H1 iter 9 @ 23:00:04 ---
2026-07-11 23:00:05    Niciun semnal nou. Pendinge: 0
2026-07-11 23:00:05    Urmatoarea bara 60min @ 00:00:05 — 3599s
2026-07-12 00:00:05  --- S16-GBPAUD-H1 iter 10 @ 00:00:05 ---
2026-07-12 00:00:06    Niciun semnal nou. Pendinge: 0
2026-07-12 00:00:06    Urmatoarea bara 60min @ 01:00:05 — 3599s
2026-07-12 01:00:05  --- S16-GBPAUD-H1 iter 11 @ 01:00:05 ---
2026-07-12 01:00:05    Niciun semnal nou. Pendinge: 0
2026-07-12 01:00:05    Urmatoarea bara 60min @ 02:00:05 — 3599s
2026-07-12 10:03:55  =================================================================
2026-07-12 10:03:55    S16-GBPAUD-H1 — GBPAUD H1+D1 BOTH pw=8 pullback+BE | test +0.054R DD -29.0%
2026-07-12 10:03:55    Piete: ['GBPAUD']
2026-07-12 10:03:55    TF: H1 (trend D1) | PW=8 | BOTH
2026-07-12 10:03:55    Output: c:\trading-bot\data\live_signals\session16
2026-07-12 10:03:55  =================================================================
2026-07-12 10:03:56  MT5: 52906593 @ ICMarketsEU-Demo (DEMO)
2026-07-12 10:04:01    [ORPHAN] Nicio pozitie MT5 fara corespondent — state consistent cu MT5.
2026-07-12 10:04:03  Simboluri active: ['GBPAUD']
2026-07-12 10:04:03  Pornit. Ctrl+C pentru oprire.

2026-07-12 10:04:03  --- S16-GBPAUD-H1 iter 1 @ 10:04:03 ---
2026-07-12 10:04:04    Niciun semnal nou. Pendinge: 0
2026-07-12 10:04:04    Urmatoarea bara 60min @ 11:00:05 — 3360s
2026-07-12 11:00:05  --- S16-GBPAUD-H1 iter 2 @ 11:00:05 ---
2026-07-12 11:00:05    Niciun semnal nou. Pendinge: 0
2026-07-12 11:00:05    Urmatoarea bara 60min @ 12:00:05 — 3599s
2026-07-12 12:00:05  --- S16-GBPAUD-H1 iter 3 @ 12:00:05 ---
2026-07-12 12:00:07    Niciun semnal nou. Pendinge: 0
2026-07-12 12:00:07    Urmatoarea bara 60min @ 13:00:05 — 3597s
2026-07-12 13:00:05  --- S16-GBPAUD-H1 iter 4 @ 13:00:05 ---
2026-07-12 13:00:05    Niciun semnal nou. Pendinge: 0
2026-07-12 13:00:06    Urmatoarea bara 60min @ 14:00:05 — 3599s
2026-07-12 14:00:05  --- S16-GBPAUD-H1 iter 5 @ 14:00:05 ---
2026-07-12 14:00:05    Niciun semnal nou. Pendinge: 0
2026-07-12 14:00:05    Urmatoarea bara 60min @ 15:00:05 — 3600s
2026-07-12 15:00:05  --- S16-GBPAUD-H1 iter 6 @ 15:00:05 ---
2026-07-12 15:00:05    Niciun semnal nou. Pendinge: 0
2026-07-12 15:00:05    Urmatoarea bara 60min @ 16:00:05 — 3600s
2026-07-12 16:00:05  --- S16-GBPAUD-H1 iter 7 @ 16:00:05 ---
2026-07-12 16:00:05    Niciun semnal nou. Pendinge: 0
2026-07-12 16:00:05    Urmatoarea bara 60min @ 17:00:05 — 3600s
2026-07-12 17:00:05  --- S16-GBPAUD-H1 iter 8 @ 17:00:05 ---
2026-07-12 17:00:05    Niciun semnal nou. Pendinge: 0
2026-07-12 17:00:05    Urmatoarea bara 60min @ 18:00:05 — 3600s
2026-07-12 18:00:05  --- S16-GBPAUD-H1 iter 9 @ 18:00:05 ---
2026-07-12 18:00:05    Niciun semnal nou. Pendinge: 0
2026-07-12 18:00:05    Urmatoarea bara 60min @ 19:00:05 — 3600s
2026-07-12 19:00:05  --- S16-GBPAUD-H1 iter 10 @ 19:00:05 ---
2026-07-12 19:00:05    Niciun semnal nou. Pendinge: 0
2026-07-12 19:00:05    Urmatoarea bara 60min @ 20:00:05 — 3600s
2026-07-12 20:00:05  --- S16-GBPAUD-H1 iter 11 @ 20:00:05 ---
2026-07-12 20:00:05    Niciun semnal nou. Pendinge: 0
2026-07-12 20:00:05    Urmatoarea bara 60min @ 21:00:05 — 3600s
2026-07-12 21:00:05  --- S16-GBPAUD-H1 iter 12 @ 21:00:05 ---
2026-07-12 21:00:05    Niciun semnal nou. Pendinge: 0
2026-07-12 21:00:05    Urmatoarea bara 60min @ 22:00:05 — 3599s
2026-07-12 22:00:05  --- S16-GBPAUD-H1 iter 13 @ 22:00:05 ---
2026-07-12 22:00:06    Niciun semnal nou. Pendinge: 0
2026-07-12 22:00:06    Urmatoarea bara 60min @ 23:00:05 — 3599s
2026-07-12 23:00:05  --- S16-GBPAUD-H1 iter 14 @ 23:00:05 ---
2026-07-12 23:00:05    Niciun semnal nou. Pendinge: 0
2026-07-12 23:00:06    Urmatoarea bara 60min @ 00:00:05 — 3599s
2026-07-13 00:00:05  --- S16-GBPAUD-H1 iter 15 @ 00:00:05 ---
2026-07-13 00:00:05    Niciun semnal nou. Pendinge: 0
2026-07-13 00:00:05    Urmatoarea bara 60min @ 01:00:05 — 3599s
2026-07-13 01:00:05  --- S16-GBPAUD-H1 iter 16 @ 01:00:05 ---
2026-07-13 01:00:05    Niciun semnal nou. Pendinge: 0
2026-07-13 01:00:05    Urmatoarea bara 60min @ 02:00:05 — 3600s
2026-07-13 02:00:05  --- S16-GBPAUD-H1 iter 17 @ 02:00:05 ---
2026-07-13 02:00:05    Niciun semnal nou. Pendinge: 0
2026-07-13 02:00:05    Urmatoarea bara 60min @ 03:00:05 — 3600s
2026-07-13 03:00:05  --- S16-GBPAUD-H1 iter 18 @ 03:00:05 ---
2026-07-13 03:00:05    Niciun semnal nou. Pendinge: 0
2026-07-13 03:00:05    Urmatoarea bara 60min @ 04:00:05 — 3599s
2026-07-13 04:00:05  --- S16-GBPAUD-H1 iter 19 @ 04:00:05 ---
2026-07-13 04:00:05    Niciun semnal nou. Pendinge: 0
2026-07-13 04:00:05    Urmatoarea bara 60min @ 05:00:05 — 3600s
2026-07-13 05:00:05  --- S16-GBPAUD-H1 iter 20 @ 05:00:05 ---
2026-07-13 05:00:05    Niciun semnal nou. Pendinge: 0
2026-07-13 05:00:05    Urmatoarea bara 60min @ 06:00:05 — 3600s
2026-07-13 06:00:05  --- S16-GBPAUD-H1 iter 21 @ 06:00:05 ---
2026-07-13 06:00:05    Niciun semnal nou. Pendinge: 0
2026-07-13 06:00:12    Urmatoarea bara 60min @ 07:00:05 — 3592s
2026-07-13 07:00:05  --- S16-GBPAUD-H1 iter 22 @ 07:00:05 ---
2026-07-13 07:00:05    Niciun semnal nou. Pendinge: 0
2026-07-13 07:00:05    Urmatoarea bara 60min @ 08:00:05 — 3600s
2026-07-13 08:00:05  --- S16-GBPAUD-H1 iter 23 @ 08:00:05 ---
2026-07-13 08:00:05    Niciun semnal nou. Pendinge: 0
2026-07-13 08:00:05    Urmatoarea bara 60min @ 09:00:05 — 3600s
2026-07-13 09:00:05  --- S16-GBPAUD-H1 iter 24 @ 09:00:05 ---
2026-07-13 09:00:05    Niciun semnal nou. Pendinge: 0
2026-07-13 09:00:05    Urmatoarea bara 60min @ 10:00:05 — 3600s
2026-07-13 10:00:05  --- S16-GBPAUD-H1 iter 25 @ 10:00:05 ---
2026-07-13 10:00:05    Niciun semnal nou. Pendinge: 0
2026-07-13 10:00:05    Urmatoarea bara 60min @ 11:00:05 — 3600s
2026-07-13 11:00:05  --- S16-GBPAUD-H1 iter 26 @ 11:00:05 ---
2026-07-13 11:00:06    Niciun semnal nou. Pendinge: 0
2026-07-13 11:00:06    Urmatoarea bara 60min @ 12:00:05 — 3599s
2026-07-13 12:00:05  --- S16-GBPAUD-H1 iter 27 @ 12:00:05 ---
2026-07-13 12:00:05    Niciun semnal nou. Pendinge: 0
2026-07-13 12:00:05    Urmatoarea bara 60min @ 13:00:05 — 3599s
2026-07-13 13:00:05  --- S16-GBPAUD-H1 iter 28 @ 13:00:05 ---
2026-07-13 13:00:05    Niciun semnal nou. Pendinge: 0
2026-07-13 13:00:05    Urmatoarea bara 60min @ 14:00:05 — 3600s
2026-07-13 14:00:05  --- S16-GBPAUD-H1 iter 29 @ 14:00:05 ---
2026-07-13 14:00:05    Niciun semnal nou. Pendinge: 0
2026-07-13 14:00:05    Urmatoarea bara 60min @ 15:00:05 — 3599s
2026-07-13 15:00:05  --- S16-GBPAUD-H1 iter 30 @ 15:00:05 ---
2026-07-13 15:00:05    Niciun semnal nou. Pendinge: 0
2026-07-13 15:00:05    Urmatoarea bara 60min @ 16:00:05 — 3599s
2026-07-13 15:40:36    [PROFIL] Niciun profil activ (active_profile_runtime.json lipsa) — sesiunea ruleaza pe parametrii HARDCODATI din script (fara filtru AI, fara setarile din UI). Porneste botul din UI macar o data ca sa fixezi profilul.
2026-07-13 15:40:36  =================================================================
2026-07-13 15:40:36    S16-GBPAUD-H1 — GBPAUD H1+D1 BOTH pw=8 pullback+BE | test +0.054R DD -29.0%
2026-07-13 15:40:36    Piete: ['GBPAUD']
2026-07-13 15:40:36    TF: H1 (trend D1) | PW=8 | BOTH
2026-07-13 15:40:36    Output: C:\trading-bot\data\live_signals\session16
2026-07-13 15:40:36  =================================================================
2026-07-13 15:40:36  MT5: 52906593 @ ICMarketsEU-Demo (DEMO)
2026-07-13 15:40:36    [ORPHAN] Nicio pozitie MT5 fara corespondent — state consistent cu MT5.
2026-07-13 15:40:36  Simboluri active: ['GBPAUD']
2026-07-13 15:40:36  Pornit. Ctrl+C pentru oprire.

2026-07-13 15:40:36  --- S16-GBPAUD-H1 iter 1 @ 15:40:36 ---
2026-07-13 15:40:37    Niciun semnal nou. Pendinge: 0
2026-07-13 15:40:37    Urmatoarea bara 60min @ 16:00:05 — 1168s
2026-07-13 15:40:51    [PROFIL] Profil 'Standard Profile' aplicat pe session16.
2026-07-13 15:40:51  =================================================================
2026-07-13 15:40:51    S16-GBPAUD-H1 — GBPAUD H1+D1 BOTH pw=8 pullback+BE | test +0.054R DD -29.0%
2026-07-13 15:40:51    Piete: ['GBPAUD']
2026-07-13 15:40:51    TF: H1 (trend D1) | PW=4 | BOTH
2026-07-13 15:40:51    Output: C:\trading-bot\data\live_signals\session16
2026-07-13 15:40:51  =================================================================
2026-07-13 15:40:51  MT5: 52906593 @ ICMarketsEU-Demo (DEMO)
2026-07-13 15:40:51    [ORPHAN] Nicio pozitie MT5 fara corespondent — state consistent cu MT5.
2026-07-13 15:40:51  Simboluri active: ['GBPAUD']
2026-07-13 15:40:51  Pornit. Ctrl+C pentru oprire.

2026-07-13 15:40:51  --- S16-GBPAUD-H1 iter 1 @ 15:40:51 ---
2026-07-13 15:40:51    Niciun semnal nou. Pendinge: 0
2026-07-13 15:40:51    Urmatoarea bara 60min @ 16:00:05 — 1154s
2026-07-13 16:00:05  --- S16-GBPAUD-H1 iter 2 @ 16:00:05 ---
2026-07-13 16:00:05    Niciun semnal nou. Pendinge: 0
2026-07-13 16:00:05    Urmatoarea bara 60min @ 17:00:05 — 3600s
2026-07-13 17:00:05  --- S16-GBPAUD-H1 iter 3 @ 17:00:05 ---
2026-07-13 17:00:05    Niciun semnal nou. Pendinge: 0
2026-07-13 17:00:05    Urmatoarea bara 60min @ 18:00:05 — 3600s
2026-07-13 18:00:05  --- S16-GBPAUD-H1 iter 4 @ 18:00:05 ---
2026-07-13 18:00:05    Niciun semnal nou. Pendinge: 0
2026-07-13 18:00:05    Urmatoarea bara 60min @ 19:00:05 — 3600s
2026-07-13 19:00:05  --- S16-GBPAUD-H1 iter 5 @ 19:00:05 ---
2026-07-13 19:00:05    Niciun semnal nou. Pendinge: 0
2026-07-13 19:00:05    Urmatoarea bara 60min @ 20:00:05 — 3600s
2026-07-13 20:00:05  --- S16-GBPAUD-H1 iter 6 @ 20:00:05 ---
2026-07-13 20:00:05    Niciun semnal nou. Pendinge: 0
2026-07-13 20:00:05    Urmatoarea bara 60min @ 21:00:05 — 3600s
2026-07-13 21:00:05  --- S16-GBPAUD-H1 iter 7 @ 21:00:05 ---
2026-07-13 21:00:05    Niciun semnal nou. Pendinge: 0
2026-07-13 21:00:05    Urmatoarea bara 60min @ 22:00:05 — 3600s
2026-07-16 20:54:11    [PROFIL] Profil 'Standard Profile' aplicat pe session16.
2026-07-16 20:54:11  =================================================================
2026-07-16 20:54:11    S16-GBPAUD-H1 — GBPAUD H1+D1 BOTH pw=8 pullback+BE | test +0.054R DD -29.0%
2026-07-16 20:54:11    Piete: ['GBPAUD']
2026-07-16 20:54:11    TF: H1 (trend D1) | PW=4 | BOTH
2026-07-16 20:54:11    Output: C:\trading-bot\data\live_signals\session16
2026-07-16 20:54:11  =================================================================
2026-07-16 20:54:11  MT5: 52906593 @ ICMarketsEU-Demo (DEMO)
2026-07-16 20:54:12    [ORPHAN] Nicio pozitie MT5 fara corespondent — state consistent cu MT5.
2026-07-16 20:54:12  Simboluri active: ['GBPAUD']
2026-07-16 20:54:12  Pornit. Ctrl+C pentru oprire.

2026-07-16 20:54:12  --- S16-GBPAUD-H1 iter 1 @ 20:54:12 ---
2026-07-16 20:54:13    Niciun semnal nou. Pendinge: 0
2026-07-16 20:54:13    Urmatoarea bara 60min @ 21:00:05 — 352s
2026-07-16 21:00:05  --- S16-GBPAUD-H1 iter 2 @ 21:00:05 ---
2026-07-16 21:00:05    Niciun semnal nou. Pendinge: 0
2026-07-16 21:00:05    Urmatoarea bara 60min @ 22:00:05 — 3600s
2026-07-16 21:41:24    [PROFIL] Profil 'Standard Profile' aplicat pe session16.
2026-07-16 21:41:24  =================================================================
2026-07-16 21:41:24    S16-GBPAUD-H1 — GBPAUD H1+D1 BOTH pw=8 pullback+BE | test +0.054R DD -29.0%
2026-07-16 21:41:24    Piete: ['GBPAUD']
2026-07-16 21:41:24    TF: H1 (trend D1) | PW=4 | BOTH
2026-07-16 21:41:24    Output: C:\trading-bot\data\live_signals\session16
2026-07-16 21:41:24  =================================================================
2026-07-16 21:41:24  MT5: 52906593 @ ICMarketsEU-Demo (DEMO)
2026-07-16 21:41:24    [ORPHAN] Nicio pozitie MT5 fara corespondent — state consistent cu MT5.
2026-07-16 21:41:24  Simboluri active: ['GBPAUD']
2026-07-16 21:41:24  Pornit. Ctrl+C pentru oprire.

2026-07-16 21:41:24  --- S16-GBPAUD-H1 iter 1 @ 21:41:24 ---
2026-07-16 21:41:24    Niciun semnal nou. Pendinge: 0
2026-07-16 21:41:25    Urmatoarea bara 60min @ 22:00:05 — 1120s
