2026-06-25 19:05:10    signal_counter sincronizat la 4 din signals.csv
2026-06-25 19:05:10    ib_signal_counter sincronizat la 9 din signals.csv
2026-06-25 19:05:10    [PROFIL] Profil 'Standard Profile' aplicat pe session7.
2026-06-25 19:05:10  =================================================================
2026-06-25 19:05:10    S7-XRP — XRPUSD M15+M30 BOTH pw=10 pullback+IB | test +0.245R DD -11.2%
2026-06-25 19:05:10    Piete: ['XRPUSD']
2026-06-25 19:05:10    TF: M15 (trend M30) | PW=4 | BOTH
2026-06-25 19:05:10    Output: C:\Dev\trading-bot\data\live_signals\session7
2026-06-25 19:05:10  =================================================================
2026-06-25 19:05:11  MT5: 52906593 @ ICMarketsEU-Demo (DEMO)
2026-06-25 19:05:14  Simboluri active: ['XRPUSD']
2026-06-25 19:05:14  Pornit. Ctrl+C pentru oprire.

2026-06-25 19:05:14  --- S7-XRP iter 1 @ 19:05:14 ---
2026-06-25 19:05:38    Niciun semnal nou. Pendinge: 0
2026-06-25 19:05:38    Urmatoarea bara 15min @ 19:15:05 — 567s
2026-06-25 19:15:05  --- S7-XRP iter 2 @ 19:15:05 ---
2026-06-25 19:15:05    Niciun semnal nou. Pendinge: 0
2026-06-25 19:15:05    Urmatoarea bara 15min @ 19:30:05 — 900s
2026-06-25 19:30:05  --- S7-XRP iter 3 @ 19:30:05 ---
2026-06-25 19:30:05    Niciun semnal nou. Pendinge: 0
2026-06-25 19:30:05    Urmatoarea bara 15min @ 19:45:05 — 900s
2026-06-25 19:45:05  --- S7-XRP iter 4 @ 19:45:05 ---
2026-06-25 19:45:05    *** SEMNAL [INSIDE_BAR]: S7-XRP-IB0010 XRPUSD SHORT entry=1.02768 sl=1.03992 tp=1.00320 (2.0R) RSI=35
2026-06-25 19:45:05    [EXEC] *** ORDIN: S7-XRP-IB0010 XRPUSD SHORT 123.78lot @ 1.02768  SL=1.03992  TP=1.00320  ticket=#1729038466
2026-06-25 19:45:05    Urmatoarea bara 15min @ 20:00:05 — 899s
2026-06-25 20:00:05  --- S7-XRP iter 5 @ 20:00:05 ---
2026-06-25 20:00:09    TRIGGERAT: S7-XRP-IB0010 XRPUSD SHORT @ 1.02768
2026-06-25 20:00:09    Niciun semnal nou. Pendinge: 1
2026-06-25 20:00:09    Urmatoarea bara 15min @ 20:15:05 — 895s
2026-06-25 20:15:05  --- S7-XRP iter 6 @ 20:15:05 ---
2026-06-25 20:15:05    Niciun semnal nou. Pendinge: 1
2026-06-25 20:15:05    Urmatoarea bara 15min @ 20:30:05 — 900s
2026-06-25 20:30:05  --- S7-XRP iter 7 @ 20:30:05 ---
2026-06-25 20:30:05    [MT5] Pozitie #1729038466 inchisa: exit=1.0402  result=-1.023R  pnl=-1.55USD  [SL]
2026-06-25 20:30:05    PIERDERE (MT5): S7-XRP-IB0010 SL -1.023R
2026-06-25 20:30:05    Niciun semnal nou. Pendinge: 0
2026-06-25 20:30:05    Urmatoarea bara 15min @ 20:45:05 — 900s
2026-06-25 20:45:05  --- S7-XRP iter 8 @ 20:45:05 ---
2026-06-25 20:45:05    Niciun semnal nou. Pendinge: 0
2026-06-25 20:45:05    Urmatoarea bara 15min @ 21:00:05 — 900s
2026-06-25 21:00:05  --- S7-XRP iter 9 @ 21:00:05 ---
2026-06-25 21:00:05    Niciun semnal nou. Pendinge: 0
2026-06-25 21:00:05    Urmatoarea bara 15min @ 21:15:05 — 900s
2026-06-25 21:15:05  --- S7-XRP iter 10 @ 21:15:05 ---
2026-06-25 21:15:05    Niciun semnal nou. Pendinge: 0
2026-06-25 21:15:05    Urmatoarea bara 15min @ 21:30:05 — 900s
2026-06-25 21:30:05  --- S7-XRP iter 11 @ 21:30:05 ---
2026-06-25 21:30:05    Niciun semnal nou. Pendinge: 0
2026-06-25 21:30:05    Urmatoarea bara 15min @ 21:45:05 — 900s
2026-06-25 21:45:05  --- S7-XRP iter 12 @ 21:45:05 ---
2026-06-25 21:45:05    *** SEMNAL [INSIDE_BAR]: S7-XRP-IB0011 XRPUSD SHORT entry=1.03358 sl=1.04442 tp=1.01190 (2.0R) RSI=43
2026-06-25 21:45:05    [EXEC] *** ORDIN: S7-XRP-IB0011 XRPUSD SHORT 139.5lot @ 1.03358  SL=1.04442  TP=1.01190  ticket=#1729247542
2026-06-25 21:45:05    Urmatoarea bara 15min @ 22:00:05 — 899s
2026-06-25 21:53:11    [PROFIL] Profil 'Standard Profile' aplicat pe session7.
2026-06-25 21:53:11  =================================================================
2026-06-25 21:53:11    S7-XRP — XRPUSD M15+M30 BOTH pw=10 pullback+IB | test +0.245R DD -11.2%
2026-06-25 21:53:11    Piete: ['XRPUSD']
2026-06-25 21:53:11    TF: M15 (trend M30) | PW=4 | BOTH
2026-06-25 21:53:11    Output: C:\Dev\trading-bot\data\live_signals\session7
2026-06-25 21:53:11  =================================================================
2026-06-25 21:53:13  MT5: 52906593 @ ICMarketsEU-Demo (DEMO)
2026-06-25 21:53:17  Simboluri active: ['XRPUSD']
2026-06-25 21:53:17  Pornit. Ctrl+C pentru oprire.

2026-06-25 21:53:17  --- S7-XRP iter 1 @ 21:53:17 ---
2026-06-25 21:53:17    TRIGGERAT: S7-XRP-IB0011 XRPUSD SHORT @ 1.03358
2026-06-25 21:53:17    Niciun semnal nou. Pendinge: 1
2026-06-25 21:53:17    Urmatoarea bara 15min @ 22:00:05 — 407s
2026-06-25 22:00:05  --- S7-XRP iter 2 @ 22:00:05 ---
2026-06-25 22:00:05    Niciun semnal nou. Pendinge: 1
2026-06-25 22:00:05    Urmatoarea bara 15min @ 22:15:05 — 900s
2026-06-25 22:15:05  --- S7-XRP iter 3 @ 22:15:05 ---
2026-06-25 22:15:05    Niciun semnal nou. Pendinge: 1
2026-06-25 22:15:05    Urmatoarea bara 15min @ 22:30:05 — 900s
2026-06-25 22:30:05  --- S7-XRP iter 4 @ 22:30:05 ---
2026-06-25 22:30:05    Niciun semnal nou. Pendinge: 1
2026-06-25 22:30:05    Urmatoarea bara 15min @ 22:45:05 — 900s
2026-06-25 22:45:05  --- S7-XRP iter 5 @ 22:45:05 ---
2026-06-25 22:45:05    Niciun semnal nou. Pendinge: 1
2026-06-25 22:45:05    Urmatoarea bara 15min @ 23:00:05 — 900s
2026-06-25 23:00:05  --- S7-XRP iter 6 @ 23:00:05 ---
2026-06-25 23:00:05    Niciun semnal nou. Pendinge: 1
2026-06-25 23:00:05    Urmatoarea bara 15min @ 23:15:05 — 899s
2026-06-25 23:15:05  --- S7-XRP iter 7 @ 23:15:05 ---
2026-06-25 23:15:05    Niciun semnal nou. Pendinge: 1
2026-06-25 23:15:05    Urmatoarea bara 15min @ 23:30:05 — 900s
2026-06-25 23:30:05  --- S7-XRP iter 8 @ 23:30:05 ---
2026-06-25 23:30:05    Niciun semnal nou. Pendinge: 1
2026-06-25 23:30:05    Urmatoarea bara 15min @ 23:45:05 — 900s
2026-06-25 23:45:05  --- S7-XRP iter 9 @ 23:45:05 ---
2026-06-25 23:45:05    Niciun semnal nou. Pendinge: 1
2026-06-25 23:45:05    Urmatoarea bara 15min @ 00:00:05 — 900s
2026-06-26 00:00:05  --- S7-XRP iter 10 @ 00:00:05 ---
2026-06-26 00:00:06    Niciun semnal nou. Pendinge: 1
2026-06-26 00:00:06    Urmatoarea bara 15min @ 00:15:05 — 899s
2026-06-26 00:15:05  --- S7-XRP iter 11 @ 00:15:05 ---
2026-06-26 00:15:05    Niciun semnal nou. Pendinge: 1
2026-06-26 00:15:05    Urmatoarea bara 15min @ 00:30:05 — 900s
2026-06-26 00:30:05  --- S7-XRP iter 12 @ 00:30:05 ---
2026-06-26 00:30:05    Niciun semnal nou. Pendinge: 1
2026-06-26 00:30:05    Urmatoarea bara 15min @ 00:45:05 — 900s
2026-06-26 00:45:05  --- S7-XRP iter 13 @ 00:45:05 ---
2026-06-26 00:45:05    Niciun semnal nou. Pendinge: 1
2026-06-26 00:45:05    Urmatoarea bara 15min @ 01:00:05 — 900s
2026-06-26 01:00:05  --- S7-XRP iter 14 @ 01:00:05 ---
2026-06-26 01:00:05    Niciun semnal nou. Pendinge: 1
2026-06-26 01:00:05    Urmatoarea bara 15min @ 01:15:05 — 900s
2026-06-26 01:15:05  --- S7-XRP iter 15 @ 01:15:05 ---
2026-06-26 01:15:05    Niciun semnal nou. Pendinge: 1
2026-06-26 01:15:05    Urmatoarea bara 15min @ 01:30:05 — 900s
2026-06-26 01:30:05  --- S7-XRP iter 16 @ 01:30:05 ---
2026-06-26 01:30:05    Niciun semnal nou. Pendinge: 1
2026-06-26 01:30:05    Urmatoarea bara 15min @ 01:45:05 — 900s
2026-06-26 01:45:05  --- S7-XRP iter 17 @ 01:45:05 ---
2026-06-26 01:45:05    Niciun semnal nou. Pendinge: 1
2026-06-26 01:45:05    Urmatoarea bara 15min @ 02:00:05 — 900s
2026-06-26 02:00:05  --- S7-XRP iter 18 @ 02:00:05 ---
2026-06-26 02:00:05    Niciun semnal nou. Pendinge: 1
2026-06-26 02:00:05    Urmatoarea bara 15min @ 02:15:05 — 899s
2026-06-26 02:15:05  --- S7-XRP iter 19 @ 02:15:05 ---
2026-06-26 02:15:05    Niciun semnal nou. Pendinge: 1
2026-06-26 02:15:05    Urmatoarea bara 15min @ 02:30:05 — 900s
2026-06-26 02:30:05  --- S7-XRP iter 20 @ 02:30:05 ---
2026-06-26 02:30:05    [MT5] Pozitie #1729247542 inchisa: exit=1.0448  result=-1.035R  pnl=-1.56USD  [SL]
2026-06-26 02:30:05    PIERDERE (MT5): S7-XRP-IB0011 SL -1.035R
2026-06-26 02:30:20    Niciun semnal nou. Pendinge: 0
2026-06-26 02:30:20    Urmatoarea bara 15min @ 02:45:05 — 884s
2026-06-26 02:45:05  --- S7-XRP iter 21 @ 02:45:05 ---
2026-06-26 02:45:05    Niciun semnal nou. Pendinge: 0
2026-06-26 02:45:05    Urmatoarea bara 15min @ 03:00:05 — 900s
2026-06-26 03:00:05  --- S7-XRP iter 22 @ 03:00:05 ---
2026-06-26 03:00:05    Niciun semnal nou. Pendinge: 0
2026-06-26 03:00:05    Urmatoarea bara 15min @ 03:15:05 — 900s
2026-06-26 03:15:05  --- S7-XRP iter 23 @ 03:15:05 ---
2026-06-26 03:15:05    Niciun semnal nou. Pendinge: 0
2026-06-26 03:15:05    Urmatoarea bara 15min @ 03:30:05 — 900s
2026-06-26 03:30:05  --- S7-XRP iter 24 @ 03:30:05 ---
2026-06-26 03:30:05    Niciun semnal nou. Pendinge: 0
2026-06-26 03:30:05    Urmatoarea bara 15min @ 03:45:05 — 900s
2026-06-26 03:45:05  --- S7-XRP iter 25 @ 03:45:05 ---
2026-06-26 03:45:05    Niciun semnal nou. Pendinge: 0
2026-06-26 03:45:05    Urmatoarea bara 15min @ 04:00:05 — 900s
2026-06-26 04:00:05  --- S7-XRP iter 26 @ 04:00:05 ---
2026-06-26 04:00:05    Niciun semnal nou. Pendinge: 0
2026-06-26 04:00:05    Urmatoarea bara 15min @ 04:15:05 — 900s
2026-06-26 04:15:05  --- S7-XRP iter 27 @ 04:15:05 ---
2026-06-26 04:15:05    Niciun semnal nou. Pendinge: 0
2026-06-26 04:15:05    Urmatoarea bara 15min @ 04:30:05 — 900s
2026-06-26 04:30:05  --- S7-XRP iter 28 @ 04:30:05 ---
2026-06-26 04:30:05    Niciun semnal nou. Pendinge: 0
2026-06-26 04:30:05    Urmatoarea bara 15min @ 04:45:05 — 900s
2026-06-26 04:45:05  --- S7-XRP iter 29 @ 04:45:05 ---
2026-06-26 04:45:05    Niciun semnal nou. Pendinge: 0
2026-06-26 04:45:05    Urmatoarea bara 15min @ 05:00:05 — 900s
2026-06-26 05:00:05  --- S7-XRP iter 30 @ 05:00:05 ---
2026-06-26 05:00:05    Niciun semnal nou. Pendinge: 0
2026-06-26 05:00:05    Urmatoarea bara 15min @ 05:15:05 — 900s
2026-06-26 05:15:05  --- S7-XRP iter 31 @ 05:15:05 ---
2026-06-26 05:15:05    Niciun semnal nou. Pendinge: 0
2026-06-26 05:15:05    Urmatoarea bara 15min @ 05:30:05 — 900s
2026-06-26 05:30:05  --- S7-XRP iter 32 @ 05:30:05 ---
2026-06-26 05:30:05    Niciun semnal nou. Pendinge: 0
2026-06-26 05:30:05    Urmatoarea bara 15min @ 05:45:05 — 900s
2026-06-26 05:45:05  --- S7-XRP iter 33 @ 05:45:05 ---
2026-06-26 05:45:05    Niciun semnal nou. Pendinge: 0
2026-06-26 05:45:05    Urmatoarea bara 15min @ 06:00:05 — 900s
2026-06-26 06:00:05  --- S7-XRP iter 34 @ 06:00:05 ---
2026-06-26 06:00:05    Niciun semnal nou. Pendinge: 0
2026-06-26 06:00:05    Urmatoarea bara 15min @ 06:15:05 — 900s
2026-06-26 06:15:05  --- S7-XRP iter 35 @ 06:15:05 ---
2026-06-26 06:15:05    Niciun semnal nou. Pendinge: 0
2026-06-26 06:15:05    Urmatoarea bara 15min @ 06:30:05 — 900s
2026-06-26 06:30:05  --- S7-XRP iter 36 @ 06:30:05 ---
2026-06-26 06:30:05    Niciun semnal nou. Pendinge: 0
2026-06-26 06:30:05    Urmatoarea bara 15min @ 06:45:05 — 900s
2026-06-26 06:45:05  --- S7-XRP iter 37 @ 06:45:05 ---
2026-06-26 06:45:05    Niciun semnal nou. Pendinge: 0
2026-06-26 06:45:05    Urmatoarea bara 15min @ 07:00:05 — 900s
2026-06-26 07:00:05  --- S7-XRP iter 38 @ 07:00:05 ---
2026-06-26 07:00:05    Niciun semnal nou. Pendinge: 0
2026-06-26 07:00:05    Urmatoarea bara 15min @ 07:15:05 — 900s
2026-06-26 07:15:05  --- S7-XRP iter 39 @ 07:15:05 ---
2026-06-26 07:15:05    Niciun semnal nou. Pendinge: 0
2026-06-26 07:15:05    Urmatoarea bara 15min @ 07:30:05 — 900s
2026-06-26 07:30:05  --- S7-XRP iter 40 @ 07:30:05 ---
2026-06-26 07:30:05    Niciun semnal nou. Pendinge: 0
2026-06-26 07:30:05    Urmatoarea bara 15min @ 07:45:05 — 900s
2026-06-26 07:45:05  --- S7-XRP iter 41 @ 07:45:05 ---
2026-06-26 07:45:05    Niciun semnal nou. Pendinge: 0
2026-06-26 07:45:05    Urmatoarea bara 15min @ 08:00:05 — 900s
2026-06-26 08:00:05  --- S7-XRP iter 42 @ 08:00:05 ---
2026-06-26 08:00:05    Niciun semnal nou. Pendinge: 0
2026-06-26 08:00:05    Urmatoarea bara 15min @ 08:15:05 — 900s
2026-06-26 08:15:05  --- S7-XRP iter 43 @ 08:15:05 ---
2026-06-26 08:15:05    Niciun semnal nou. Pendinge: 0
2026-06-26 08:15:05    Urmatoarea bara 15min @ 08:30:05 — 900s
2026-06-26 08:30:05  --- S7-XRP iter 44 @ 08:30:05 ---
2026-06-26 08:30:05    Niciun semnal nou. Pendinge: 0
2026-06-26 08:30:05    Urmatoarea bara 15min @ 08:45:05 — 900s
2026-06-26 08:45:05  --- S7-XRP iter 45 @ 08:45:05 ---
2026-06-26 08:45:05    Niciun semnal nou. Pendinge: 0
2026-06-26 08:45:05    Urmatoarea bara 15min @ 09:00:05 — 900s
2026-06-26 09:00:05  --- S7-XRP iter 46 @ 09:00:05 ---
2026-06-26 09:00:05    Niciun semnal nou. Pendinge: 0
2026-06-26 09:00:05    Urmatoarea bara 15min @ 09:15:05 — 900s
2026-06-26 09:15:05  --- S7-XRP iter 47 @ 09:15:05 ---
2026-06-26 09:15:05    Niciun semnal nou. Pendinge: 0
2026-06-26 09:15:05    Urmatoarea bara 15min @ 09:30:05 — 900s
2026-06-26 09:30:05  --- S7-XRP iter 48 @ 09:30:05 ---
2026-06-26 09:30:05    Niciun semnal nou. Pendinge: 0
2026-06-26 09:30:05    Urmatoarea bara 15min @ 09:45:05 — 900s
2026-06-26 09:45:05  --- S7-XRP iter 49 @ 09:45:05 ---
2026-06-26 09:45:05    Niciun semnal nou. Pendinge: 0
2026-06-26 09:45:05    Urmatoarea bara 15min @ 10:00:05 — 900s
2026-06-26 10:00:05  --- S7-XRP iter 50 @ 10:00:05 ---
2026-06-26 10:00:05    Niciun semnal nou. Pendinge: 0
2026-06-26 10:00:05    Urmatoarea bara 15min @ 10:15:05 — 900s
2026-06-26 10:15:05  --- S7-XRP iter 51 @ 10:15:05 ---
2026-06-26 10:15:05    Niciun semnal nou. Pendinge: 0
2026-06-26 10:15:05    Urmatoarea bara 15min @ 10:30:05 — 900s
2026-06-26 10:30:05  --- S7-XRP iter 52 @ 10:30:05 ---
2026-06-26 10:30:05    Niciun semnal nou. Pendinge: 0
2026-06-26 10:30:05    Urmatoarea bara 15min @ 10:45:05 — 900s
2026-06-26 10:45:05  --- S7-XRP iter 53 @ 10:45:05 ---
2026-06-26 10:45:05    Niciun semnal nou. Pendinge: 0
2026-06-26 10:45:05    Urmatoarea bara 15min @ 11:00:05 — 900s
2026-06-26 11:00:05  --- S7-XRP iter 54 @ 11:00:05 ---
2026-06-26 11:00:05    Niciun semnal nou. Pendinge: 0
2026-06-26 11:00:05    Urmatoarea bara 15min @ 11:15:05 — 900s
2026-06-26 11:15:05  --- S7-XRP iter 55 @ 11:15:05 ---
2026-06-26 11:15:05    *** SEMNAL [INSIDE_BAR]: S7-XRP-IB0012 XRPUSD SHORT entry=1.03978 sl=1.04932 tp=1.02070 (2.0R) RSI=54
2026-06-26 11:15:06    [EXEC] *** ORDIN: S7-XRP-IB0012 XRPUSD SHORT 158.54lot @ 1.03978  SL=1.04932  TP=1.02070  ticket=#1730520963
2026-06-26 11:15:06    Urmatoarea bara 15min @ 11:30:05 — 899s
2026-06-26 11:28:29    [PROFIL] Profil 'Standard Profile' aplicat pe session7.
2026-06-26 11:28:29  =================================================================
2026-06-26 11:28:29    S7-XRP — XRPUSD M15+M30 BOTH pw=10 pullback+IB | test +0.245R DD -11.2%
2026-06-26 11:28:29    Piete: ['XRPUSD']
2026-06-26 11:28:29    TF: M15 (trend M30) | PW=4 | BOTH
2026-06-26 11:28:29    Output: C:\Dev\trading-bot\data\live_signals\session7
2026-06-26 11:28:29  =================================================================
2026-06-26 11:28:29  MT5: 52906593 @ ICMarketsEU-Demo (DEMO)
2026-06-26 11:28:29  Simboluri active: ['XRPUSD']
2026-06-26 11:28:29  Pornit. Ctrl+C pentru oprire.

2026-06-26 11:28:29  --- S7-XRP iter 1 @ 11:28:29 ---
2026-06-26 11:28:31    TRIGGERAT: S7-XRP-IB0012 XRPUSD SHORT @ 1.03978
2026-06-26 11:28:31    Niciun semnal nou. Pendinge: 1
2026-06-26 11:28:31    Urmatoarea bara 15min @ 11:30:05 — 93s
2026-06-26 11:30:05  --- S7-XRP iter 2 @ 11:30:05 ---
2026-06-26 11:30:05    Niciun semnal nou. Pendinge: 1
2026-06-26 11:30:05    Urmatoarea bara 15min @ 11:45:05 — 900s
2026-06-26 11:45:05  --- S7-XRP iter 3 @ 11:45:05 ---
2026-06-26 11:45:05    Niciun semnal nou. Pendinge: 1
2026-06-26 11:45:05    Urmatoarea bara 15min @ 12:00:05 — 900s
2026-06-26 12:00:05  --- S7-XRP iter 4 @ 12:00:05 ---
2026-06-26 12:00:06    Niciun semnal nou. Pendinge: 1
2026-06-26 12:00:06    Urmatoarea bara 15min @ 12:15:05 — 899s
2026-06-26 12:15:05  --- S7-XRP iter 5 @ 12:15:05 ---
2026-06-26 12:15:05    Niciun semnal nou. Pendinge: 1
2026-06-26 12:15:05    Urmatoarea bara 15min @ 12:30:05 — 900s
2026-06-26 12:30:05  --- S7-XRP iter 6 @ 12:30:05 ---
2026-06-26 12:30:05    Niciun semnal nou. Pendinge: 1
2026-06-26 12:30:05    Urmatoarea bara 15min @ 12:45:05 — 900s
2026-06-26 12:45:05  --- S7-XRP iter 7 @ 12:45:05 ---
2026-06-26 12:45:05    Niciun semnal nou. Pendinge: 1
2026-06-26 12:45:05    Urmatoarea bara 15min @ 13:00:05 — 900s
2026-06-26 13:00:05  --- S7-XRP iter 8 @ 13:00:05 ---
2026-06-26 13:00:05    Niciun semnal nou. Pendinge: 1
2026-06-26 13:00:05    Urmatoarea bara 15min @ 13:15:05 — 900s
2026-06-26 13:15:05  --- S7-XRP iter 9 @ 13:15:05 ---
2026-06-26 13:15:05    Niciun semnal nou. Pendinge: 1
2026-06-26 13:15:05    Urmatoarea bara 15min @ 13:30:05 — 900s
2026-06-26 13:30:05  --- S7-XRP iter 10 @ 13:30:05 ---
2026-06-26 13:30:05    Niciun semnal nou. Pendinge: 1
2026-06-26 13:30:05    Urmatoarea bara 15min @ 13:45:05 — 900s
2026-06-26 13:45:05  --- S7-XRP iter 11 @ 13:45:05 ---
2026-06-26 13:45:05    Niciun semnal nou. Pendinge: 1
2026-06-26 13:45:05    Urmatoarea bara 15min @ 14:00:05 — 900s
2026-06-26 14:00:05  --- S7-XRP iter 12 @ 14:00:05 ---
2026-06-26 14:00:05    Niciun semnal nou. Pendinge: 1
2026-06-26 14:00:05    Urmatoarea bara 15min @ 14:15:05 — 899s
2026-06-26 14:15:05  --- S7-XRP iter 13 @ 14:15:05 ---
2026-06-26 14:15:05    Niciun semnal nou. Pendinge: 1
2026-06-26 14:15:05    Urmatoarea bara 15min @ 14:30:05 — 900s
2026-06-26 14:19:33    [PROFIL] Profil 'Standard Profile' aplicat pe session7.
2026-06-26 14:19:33  =================================================================
2026-06-26 14:19:33    S7-XRP — XRPUSD M15+M30 BOTH pw=10 pullback+IB | test +0.245R DD -11.2%
2026-06-26 14:19:33    Piete: ['XRPUSD']
2026-06-26 14:19:33    TF: M15 (trend M30) | PW=4 | BOTH
2026-06-26 14:19:33    Output: C:\Dev\trading-bot\data\live_signals\session7
2026-06-26 14:19:33  =================================================================
2026-06-26 14:19:33  MT5: 52906593 @ ICMarketsEU-Demo (DEMO)
2026-06-26 14:19:34  Simboluri active: ['XRPUSD']
2026-06-26 14:19:34  Pornit. Ctrl+C pentru oprire.

2026-06-26 14:19:34  --- S7-XRP iter 1 @ 14:19:34 ---
2026-06-26 14:19:34    Niciun semnal nou. Pendinge: 1
2026-06-26 14:19:34    Urmatoarea bara 15min @ 14:30:05 — 631s
2026-06-26 14:30:05  --- S7-XRP iter 2 @ 14:30:05 ---
2026-06-26 14:30:05    [BE] S7-XRP-IB0012 Faza 1: SL → 1.03024
2026-06-26 14:30:06    Niciun semnal nou. Pendinge: 1
2026-06-26 14:30:06    Urmatoarea bara 15min @ 14:45:05 — 899s
2026-06-26 14:45:05  --- S7-XRP iter 3 @ 14:45:05 ---
2026-06-26 14:45:05    Niciun semnal nou. Pendinge: 1
2026-06-26 14:45:05    Urmatoarea bara 15min @ 15:00:05 — 900s
2026-06-26 14:47:31    [PROFIL] Profil 'Standard Profile' aplicat pe session7.
2026-06-26 14:47:31  =================================================================
2026-06-26 14:47:31    S7-XRP — XRPUSD M15+M30 BOTH pw=10 pullback+IB | test +0.245R DD -11.2%
2026-06-26 14:47:31    Piete: ['XRPUSD']
2026-06-26 14:47:31    TF: M15 (trend M30) | PW=4 | BOTH
2026-06-26 14:47:31    Output: C:\Dev\trading-bot\data\live_signals\session7
2026-06-26 14:47:31  =================================================================
2026-06-26 14:47:31  MT5: 52906593 @ ICMarketsEU-Demo (DEMO)
2026-06-26 14:47:31  Simboluri active: ['XRPUSD']
2026-06-26 14:47:31  Pornit. Ctrl+C pentru oprire.

2026-06-26 14:47:31  --- S7-XRP iter 1 @ 14:47:31 ---
2026-06-26 14:47:31    Niciun semnal nou. Pendinge: 1
2026-06-26 14:47:31    Urmatoarea bara 15min @ 15:00:05 — 753s
2026-06-26 15:00:05  --- S7-XRP iter 2 @ 15:00:05 ---
2026-06-26 15:00:05    [MT5] Pozitie #1730520963 inchisa: exit=1.0215  result=+1.916R  pnl=+2.90USD  [TP]
2026-06-26 15:00:05    PROFIT (MT5): S7-XRP-IB0012 TP +1.916R
2026-06-26 15:00:06    Niciun semnal nou. Pendinge: 0
2026-06-26 15:00:06    Urmatoarea bara 15min @ 15:15:05 — 899s
2026-06-26 15:12:17    [PROFIL] Profil 'Standard Profile' aplicat pe session7.
2026-06-26 15:12:17  =================================================================
2026-06-26 15:12:17    S7-XRP — XRPUSD M15+M30 BOTH pw=10 pullback+IB | test +0.245R DD -11.2%
2026-06-26 15:12:17    Piete: ['XRPUSD']
2026-06-26 15:12:17    TF: M15 (trend M30) | PW=4 | BOTH
2026-06-26 15:12:17    Output: C:\Dev\trading-bot\data\live_signals\session7
2026-06-26 15:12:17  =================================================================
2026-06-26 15:12:17  MT5: 52906593 @ ICMarketsEU-Demo (DEMO)
2026-06-26 15:12:17  Simboluri active: ['XRPUSD']
2026-06-26 15:12:17  Pornit. Ctrl+C pentru oprire.

2026-06-26 15:12:17  --- S7-XRP iter 1 @ 15:12:17 ---
2026-06-26 15:12:17    Niciun semnal nou. Pendinge: 0
2026-06-26 15:12:17    Urmatoarea bara 15min @ 15:15:05 — 167s
2026-06-26 15:15:05  --- S7-XRP iter 2 @ 15:15:05 ---
2026-06-26 15:15:05    Niciun semnal nou. Pendinge: 0
2026-06-26 15:15:05    Urmatoarea bara 15min @ 15:30:05 — 900s
2026-06-26 15:30:05  --- S7-XRP iter 3 @ 15:30:05 ---
2026-06-26 15:30:05    Niciun semnal nou. Pendinge: 0
2026-06-26 15:30:05    Urmatoarea bara 15min @ 15:45:05 — 900s
2026-06-26 15:45:05  --- S7-XRP iter 4 @ 15:45:05 ---
2026-06-26 15:45:05    Niciun semnal nou. Pendinge: 0
2026-06-26 15:45:05    Urmatoarea bara 15min @ 16:00:05 — 900s
2026-06-26 16:00:05  --- S7-XRP iter 5 @ 16:00:05 ---
2026-06-26 16:00:05    Niciun semnal nou. Pendinge: 0
2026-06-26 16:00:05    Urmatoarea bara 15min @ 16:15:05 — 900s
2026-06-26 16:15:05  --- S7-XRP iter 6 @ 16:15:05 ---
2026-06-26 16:15:05    Niciun semnal nou. Pendinge: 0
2026-06-26 16:15:05    Urmatoarea bara 15min @ 16:30:05 — 900s
2026-06-26 16:30:05  --- S7-XRP iter 7 @ 16:30:05 ---
2026-06-26 16:30:05    Niciun semnal nou. Pendinge: 0
2026-06-26 16:30:05    Urmatoarea bara 15min @ 16:45:05 — 900s
2026-06-26 16:32:25    [PROFIL] Profil 'Standard Profile' aplicat pe session7.
2026-06-26 16:32:25  =================================================================
2026-06-26 16:32:25    S7-XRP — XRPUSD M15+M30 BOTH pw=10 pullback+IB | test +0.245R DD -11.2%
2026-06-26 16:32:25    Piete: ['XRPUSD']
2026-06-26 16:32:25    TF: M15 (trend M30) | PW=4 | BOTH
2026-06-26 16:32:25    Output: C:\Dev\trading-bot\data\live_signals\session7
2026-06-26 16:32:25  =================================================================
2026-06-26 16:32:25  MT5: 52906593 @ ICMarketsEU-Demo (DEMO)
2026-06-26 16:32:26  Simboluri active: ['XRPUSD']
2026-06-26 16:32:26  Pornit. Ctrl+C pentru oprire.

2026-06-26 16:32:26  --- S7-XRP iter 1 @ 16:32:26 ---
2026-06-26 16:32:59    Niciun semnal nou. Pendinge: 0
2026-06-26 16:32:59    Urmatoarea bara 15min @ 16:45:05 — 725s
2026-06-26 16:45:05  --- S7-XRP iter 2 @ 16:45:05 ---
2026-06-26 16:45:05    Niciun semnal nou. Pendinge: 0
2026-06-26 16:45:05    Urmatoarea bara 15min @ 17:00:05 — 900s
2026-06-26 17:00:05  --- S7-XRP iter 3 @ 17:00:05 ---
2026-06-26 17:00:05    Niciun semnal nou. Pendinge: 0
2026-06-26 17:00:05    Urmatoarea bara 15min @ 17:15:05 — 900s
2026-06-26 17:15:05  --- S7-XRP iter 4 @ 17:15:05 ---
2026-06-26 17:15:05    Niciun semnal nou. Pendinge: 0
2026-06-26 17:15:05    Urmatoarea bara 15min @ 17:30:05 — 900s
2026-06-26 17:30:05  --- S7-XRP iter 5 @ 17:30:05 ---
2026-06-26 17:30:05    Niciun semnal nou. Pendinge: 0
2026-06-26 17:30:05    Urmatoarea bara 15min @ 17:45:05 — 900s
2026-06-26 17:45:05  --- S7-XRP iter 6 @ 17:45:05 ---
2026-06-26 17:45:05    Niciun semnal nou. Pendinge: 0
2026-06-26 17:45:05    Urmatoarea bara 15min @ 18:00:05 — 900s
2026-06-26 18:00:05  --- S7-XRP iter 7 @ 18:00:05 ---
2026-06-26 18:00:05    Niciun semnal nou. Pendinge: 0
2026-06-26 18:00:05    Urmatoarea bara 15min @ 18:15:05 — 900s
2026-06-26 18:15:05  --- S7-XRP iter 8 @ 18:15:05 ---
2026-06-26 18:15:05    Niciun semnal nou. Pendinge: 0
2026-06-26 18:15:05    Urmatoarea bara 15min @ 18:30:05 — 900s
2026-06-26 18:30:05  --- S7-XRP iter 9 @ 18:30:05 ---
2026-06-26 18:30:05    Niciun semnal nou. Pendinge: 0
2026-06-26 18:30:05    Urmatoarea bara 15min @ 18:45:05 — 900s
2026-06-26 18:45:05  --- S7-XRP iter 10 @ 18:45:05 ---
2026-06-26 18:45:05    Niciun semnal nou. Pendinge: 0
2026-06-26 18:45:05    Urmatoarea bara 15min @ 19:00:05 — 900s
2026-06-26 19:00:05  --- S7-XRP iter 11 @ 19:00:05 ---
2026-06-26 19:00:05    Niciun semnal nou. Pendinge: 0
2026-06-26 19:00:05    Urmatoarea bara 15min @ 19:15:05 — 900s
2026-06-26 19:15:05  --- S7-XRP iter 12 @ 19:15:05 ---
2026-06-26 19:15:05    Niciun semnal nou. Pendinge: 0
2026-06-26 19:15:05    Urmatoarea bara 15min @ 19:30:05 — 900s
2026-06-26 19:30:05  --- S7-XRP iter 13 @ 19:30:05 ---
2026-06-26 19:30:05    Niciun semnal nou. Pendinge: 0
2026-06-26 19:30:05    Urmatoarea bara 15min @ 19:45:05 — 900s
2026-06-26 19:45:05  --- S7-XRP iter 14 @ 19:45:05 ---
2026-06-26 19:45:05    Niciun semnal nou. Pendinge: 0
2026-06-26 19:45:05    Urmatoarea bara 15min @ 20:00:05 — 900s
2026-06-26 20:00:05  --- S7-XRP iter 15 @ 20:00:05 ---
2026-06-26 20:00:05    Niciun semnal nou. Pendinge: 0
2026-06-26 20:00:05    Urmatoarea bara 15min @ 20:15:05 — 900s
2026-06-26 20:15:05  --- S7-XRP iter 16 @ 20:15:05 ---
2026-06-26 20:15:05    Niciun semnal nou. Pendinge: 0
2026-06-26 20:15:05    Urmatoarea bara 15min @ 20:30:05 — 900s
2026-06-26 20:30:05  --- S7-XRP iter 17 @ 20:30:05 ---
2026-06-26 20:30:05    Niciun semnal nou. Pendinge: 0
2026-06-26 20:30:05    Urmatoarea bara 15min @ 20:45:05 — 900s
2026-06-26 20:45:05  --- S7-XRP iter 18 @ 20:45:05 ---
2026-06-26 20:45:05    Niciun semnal nou. Pendinge: 0
2026-06-26 20:45:05    Urmatoarea bara 15min @ 21:00:05 — 900s
2026-06-26 21:00:05  --- S7-XRP iter 19 @ 21:00:05 ---
2026-06-26 21:00:05    Niciun semnal nou. Pendinge: 0
2026-06-26 21:00:05    Urmatoarea bara 15min @ 21:15:05 — 900s
2026-06-26 21:03:08    [PROFIL] Profil 'Standard Profile' aplicat pe session7.
2026-06-26 21:03:08  =================================================================
2026-06-26 21:03:08    S7-XRP — XRPUSD M15+M30 BOTH pw=10 pullback+IB | test +0.245R DD -11.2%
2026-06-26 21:03:08    Piete: ['XRPUSD']
2026-06-26 21:03:08    TF: M15 (trend M30) | PW=4 | BOTH
2026-06-26 21:03:08    Output: C:\Dev\trading-bot\data\live_signals\session7
2026-06-26 21:03:08  =================================================================
2026-06-26 21:03:08  MT5: 52906593 @ ICMarketsEU-Demo (DEMO)
2026-06-26 21:03:08  Simboluri active: ['XRPUSD']
2026-06-26 21:03:08  Pornit. Ctrl+C pentru oprire.

2026-06-26 21:03:08  --- S7-XRP iter 1 @ 21:03:08 ---
2026-06-26 21:03:08    Niciun semnal nou. Pendinge: 0
2026-06-26 21:03:08    Urmatoarea bara 15min @ 21:15:05 — 716s
2026-06-26 21:15:05  --- S7-XRP iter 2 @ 21:15:05 ---
2026-06-26 21:15:05    Niciun semnal nou. Pendinge: 0
2026-06-26 21:15:05    Urmatoarea bara 15min @ 21:30:05 — 900s
2026-06-26 21:30:05  --- S7-XRP iter 3 @ 21:30:05 ---
2026-06-26 21:30:05    *** SEMNAL [PULLBACK]: S7-XRP-SIG0005 XRPUSD SHORT entry=1.04108 sl=1.05002 tp=1.00979 (3.5R) RSI=52
2026-06-26 21:30:05    [EXEC] *** ORDIN: S7-XRP-SIG0005 XRPUSD SHORT 166.68lot @ 1.04108  SL=1.05002  TP=1.00979  ticket=#1731656713
2026-06-26 21:30:05    Urmatoarea bara 15min @ 21:45:05 — 899s
2026-06-26 21:32:14    [PROFIL] Profil 'Standard Profile' aplicat pe session7.
2026-06-26 21:32:14  =================================================================
2026-06-26 21:32:14    S7-XRP — XRPUSD M15+M30 BOTH pw=10 pullback+IB | test +0.245R DD -11.2%
2026-06-26 21:32:14    Piete: ['XRPUSD']
2026-06-26 21:32:14    TF: M15 (trend M30) | PW=4 | BOTH
2026-06-26 21:32:14    Output: C:\Dev\trading-bot\data\live_signals\session7
2026-06-26 21:32:14  =================================================================
2026-06-26 21:32:14  MT5: 52906593 @ ICMarketsEU-Demo (DEMO)
2026-06-26 21:32:14  Simboluri active: ['XRPUSD']
2026-06-26 21:32:14  Pornit. Ctrl+C pentru oprire.

2026-06-26 21:32:14  --- S7-XRP iter 1 @ 21:32:14 ---
2026-06-26 21:32:15    TRIGGERAT: S7-XRP-SIG0005 XRPUSD SHORT @ 1.04108
2026-06-26 21:32:15    Niciun semnal nou. Pendinge: 1
2026-06-26 21:32:15    Urmatoarea bara 15min @ 21:45:05 — 770s
2026-06-26 21:45:05  --- S7-XRP iter 2 @ 21:45:05 ---
2026-06-26 21:45:05    Niciun semnal nou. Pendinge: 1
2026-06-26 21:45:05    Urmatoarea bara 15min @ 22:00:05 — 900s
2026-06-26 22:00:05  --- S7-XRP iter 3 @ 22:00:05 ---
2026-06-26 22:00:05    Niciun semnal nou. Pendinge: 1
2026-06-26 22:00:05    Urmatoarea bara 15min @ 22:15:05 — 900s
2026-06-26 22:15:05  --- S7-XRP iter 4 @ 22:15:05 ---
2026-06-26 22:15:05    Niciun semnal nou. Pendinge: 1
2026-06-26 22:15:05    Urmatoarea bara 15min @ 22:30:05 — 900s
2026-06-26 22:30:05  --- S7-XRP iter 5 @ 22:30:05 ---
2026-06-26 22:30:05    Niciun semnal nou. Pendinge: 1
2026-06-26 22:30:05    Urmatoarea bara 15min @ 22:45:05 — 900s
2026-06-26 22:45:05  --- S7-XRP iter 6 @ 22:45:05 ---
2026-06-26 22:45:05    Niciun semnal nou. Pendinge: 1
2026-06-26 22:45:05    Urmatoarea bara 15min @ 23:00:05 — 900s
2026-06-26 23:00:05  --- S7-XRP iter 7 @ 23:00:05 ---
2026-06-26 23:00:05    [MT5] Pozitie #1731656713 inchisa: exit=1.0499  result=-0.987R  pnl=-1.45USD  [SL]
2026-06-26 23:00:05    PIERDERE (MT5): S7-XRP-SIG0005 SL -0.987R
2026-06-26 23:00:05    Niciun semnal nou. Pendinge: 0
2026-06-26 23:00:05    Urmatoarea bara 15min @ 23:15:05 — 899s
2026-06-26 23:15:05  --- S7-XRP iter 8 @ 23:15:05 ---
2026-06-26 23:15:05    Niciun semnal nou. Pendinge: 0
2026-06-26 23:15:05    Urmatoarea bara 15min @ 23:30:05 — 900s
2026-06-26 23:30:05  --- S7-XRP iter 9 @ 23:30:05 ---
2026-06-26 23:30:05    Niciun semnal nou. Pendinge: 0
2026-06-26 23:30:05    Urmatoarea bara 15min @ 23:45:05 — 900s
2026-06-26 23:45:05  --- S7-XRP iter 10 @ 23:45:05 ---
2026-06-26 23:45:05    *** SEMNAL [INSIDE_BAR]: S7-XRP-IB0013 XRPUSD SHORT entry=1.04208 sl=1.04902 tp=1.02820 (2.0R) RSI=52
2026-06-26 23:45:05    [EXEC] *** ORDIN: S7-XRP-IB0013 XRPUSD SHORT 214.43lot @ 1.04208  SL=1.04902  TP=1.02820  ticket=#1731804879
2026-06-26 23:45:05    Urmatoarea bara 15min @ 00:00:05 — 899s
2026-06-27 00:00:05  --- S7-XRP iter 11 @ 00:00:05 ---
2026-06-27 00:00:05    Niciun semnal nou. Pendinge: 1
2026-06-27 00:00:05    Urmatoarea bara 15min @ 00:15:05 — 899s
2026-06-27 00:15:05  --- S7-XRP iter 12 @ 00:15:05 ---
2026-06-27 00:15:05    Niciun semnal nou. Pendinge: 1
2026-06-27 00:15:05    Urmatoarea bara 15min @ 00:30:05 — 900s
2026-06-27 00:30:05  --- S7-XRP iter 13 @ 00:30:05 ---
2026-06-27 00:30:05    Niciun semnal nou. Pendinge: 1
2026-06-27 00:30:05    Urmatoarea bara 15min @ 00:45:05 — 900s
2026-06-27 00:45:05  --- S7-XRP iter 14 @ 00:45:05 ---
2026-06-27 00:45:05    Niciun semnal nou. Pendinge: 1
2026-06-27 00:45:05    Urmatoarea bara 15min @ 01:00:05 — 900s
2026-06-27 01:00:05  --- S7-XRP iter 15 @ 01:00:05 ---
2026-06-27 01:00:05    [EXEC] S7-XRP-IB0013: anulare MT5 #1731804879 esuata ((1, 'Success')) — poate deja inchis/triggerat
2026-06-27 01:00:05    EXPIRAT: S7-XRP-IB0013 XRPUSD (>4 bare fara trigger)
2026-06-27 01:00:05    *** SEMNAL [INSIDE_BAR]: S7-XRP-IB0014 XRPUSD SHORT entry=1.04118 sl=1.04592 tp=1.03170 (2.0R) RSI=48
2026-06-27 01:00:05    [EXEC] S7-XRP-IB0014: SELL_STOP amanat (Bid 1.04070 <= entry 1.04118) — retry bara urm.
2026-06-27 01:00:05    S7-XRP-IB0014: pret depasit acum — retry bara urm.
2026-06-27 01:00:05    [RETRY] S7-XRP-IB0014: incerc plasare ordin (bara precedenta → None)
2026-06-27 01:00:05    [EXEC] S7-XRP-IB0014: SELL_STOP amanat (Bid 1.04070 <= entry 1.04118) — retry bara urm.
2026-06-27 01:00:05    Urmatoarea bara 15min @ 01:15:05 — 900s
2026-06-27 01:15:05  --- S7-XRP iter 16 @ 01:15:05 ---
2026-06-27 01:15:05    [RETRY] S7-XRP-IB0014: incerc plasare ordin (bara precedenta → None)
2026-06-27 01:15:05    [EXEC] S7-XRP-IB0014: SELL_STOP amanat (Bid 1.04100 <= entry 1.04118) — retry bara urm.
2026-06-27 01:15:05    Niciun semnal nou. Pendinge: 1
2026-06-27 01:15:05    Urmatoarea bara 15min @ 01:30:05 — 900s
2026-06-27 01:30:05  --- S7-XRP iter 17 @ 01:30:05 ---
2026-06-27 01:30:05    [RETRY] S7-XRP-IB0014: incerc plasare ordin (bara precedenta → None)
2026-06-27 01:30:05    [EXEC] *** ORDIN: S7-XRP-IB0014 XRPUSD SHORT 313.97lot @ 1.04118  SL=1.04592  TP=1.03170  ticket=#1731829527
2026-06-27 01:30:05    Niciun semnal nou. Pendinge: 1
2026-06-27 01:30:05    Urmatoarea bara 15min @ 01:45:05 — 899s
2026-06-27 01:45:05  --- S7-XRP iter 18 @ 01:45:05 ---
2026-06-27 01:45:05    TRIGGERAT: S7-XRP-IB0014 XRPUSD SHORT @ 1.04118
2026-06-27 01:45:05    Niciun semnal nou. Pendinge: 1
2026-06-27 01:45:05    Urmatoarea bara 15min @ 02:00:05 — 900s
2026-06-27 02:00:05  --- S7-XRP iter 19 @ 02:00:05 ---
2026-06-27 02:00:05    [MT5] Pozitie #1731829527 inchisa: exit=1.0457  result=-0.954R  pnl=-1.38USD  [SL]
2026-06-27 02:00:05    PIERDERE (MT5): S7-XRP-IB0014 SL -0.954R
2026-06-27 02:00:05    Niciun semnal nou. Pendinge: 0
2026-06-27 02:00:05    Urmatoarea bara 15min @ 02:15:05 — 899s
2026-06-27 02:15:05  --- S7-XRP iter 20 @ 02:15:05 ---
2026-06-27 02:15:05    Niciun semnal nou. Pendinge: 0
2026-06-27 02:15:05    Urmatoarea bara 15min @ 02:30:05 — 900s
2026-06-27 02:30:05  --- S7-XRP iter 21 @ 02:30:05 ---
2026-06-27 02:30:05    Niciun semnal nou. Pendinge: 0
2026-06-27 02:30:05    Urmatoarea bara 15min @ 02:45:05 — 900s
2026-06-27 02:45:05  --- S7-XRP iter 22 @ 02:45:05 ---
2026-06-27 02:45:05    Niciun semnal nou. Pendinge: 0
2026-06-27 02:45:05    Urmatoarea bara 15min @ 03:00:05 — 900s
2026-06-27 03:00:05  --- S7-XRP iter 23 @ 03:00:05 ---
2026-06-27 03:00:05    Niciun semnal nou. Pendinge: 0
2026-06-27 03:00:05    Urmatoarea bara 15min @ 03:15:05 — 900s
2026-06-27 03:15:05  --- S7-XRP iter 24 @ 03:15:05 ---
2026-06-27 03:15:05    Niciun semnal nou. Pendinge: 0
2026-06-27 03:15:05    Urmatoarea bara 15min @ 03:30:05 — 900s
2026-06-27 03:30:05  --- S7-XRP iter 25 @ 03:30:05 ---
2026-06-27 03:30:05    Niciun semnal nou. Pendinge: 0
2026-06-27 03:30:05    Urmatoarea bara 15min @ 03:45:05 — 900s
2026-06-27 03:45:05  --- S7-XRP iter 26 @ 03:45:05 ---
2026-06-27 03:45:05    Niciun semnal nou. Pendinge: 0
2026-06-27 03:45:05    Urmatoarea bara 15min @ 04:00:05 — 900s
2026-06-27 04:00:05  --- S7-XRP iter 27 @ 04:00:05 ---
2026-06-27 04:00:05    Niciun semnal nou. Pendinge: 0
2026-06-27 04:00:05    Urmatoarea bara 15min @ 04:15:05 — 900s
2026-06-27 04:15:05  --- S7-XRP iter 28 @ 04:15:05 ---
2026-06-27 04:15:05    Niciun semnal nou. Pendinge: 0
2026-06-27 04:15:05    Urmatoarea bara 15min @ 04:30:05 — 900s
2026-06-27 04:30:05  --- S7-XRP iter 29 @ 04:30:05 ---
2026-06-27 04:30:05    Niciun semnal nou. Pendinge: 0
2026-06-27 04:30:05    Urmatoarea bara 15min @ 04:45:05 — 900s
2026-06-27 04:45:05  --- S7-XRP iter 30 @ 04:45:05 ---
2026-06-27 04:45:05    Niciun semnal nou. Pendinge: 0
2026-06-27 04:45:05    Urmatoarea bara 15min @ 05:00:05 — 900s
2026-06-27 05:00:05  --- S7-XRP iter 31 @ 05:00:05 ---
2026-06-27 05:00:05    Niciun semnal nou. Pendinge: 0
2026-06-27 05:00:05    Urmatoarea bara 15min @ 05:15:05 — 900s
2026-06-27 05:15:05  --- S7-XRP iter 32 @ 05:15:05 ---
2026-06-27 05:15:05    Niciun semnal nou. Pendinge: 0
2026-06-27 05:15:05    Urmatoarea bara 15min @ 05:30:05 — 900s
2026-06-27 05:30:05  --- S7-XRP iter 33 @ 05:30:05 ---
2026-06-27 05:30:05    Niciun semnal nou. Pendinge: 0
2026-06-27 05:30:05    Urmatoarea bara 15min @ 05:45:05 — 900s
2026-06-27 05:45:05  --- S7-XRP iter 34 @ 05:45:05 ---
2026-06-27 05:45:05    Niciun semnal nou. Pendinge: 0
2026-06-27 05:45:05    Urmatoarea bara 15min @ 06:00:05 — 900s
2026-06-27 06:00:05  --- S7-XRP iter 35 @ 06:00:05 ---
2026-06-27 06:00:05    Niciun semnal nou. Pendinge: 0
2026-06-27 06:00:05    Urmatoarea bara 15min @ 06:15:05 — 900s
2026-06-27 06:15:05  --- S7-XRP iter 36 @ 06:15:05 ---
2026-06-27 06:15:05    Niciun semnal nou. Pendinge: 0
2026-06-27 06:15:05    Urmatoarea bara 15min @ 06:30:05 — 900s
2026-06-27 06:30:05  --- S7-XRP iter 37 @ 06:30:05 ---
2026-06-27 06:30:05    Niciun semnal nou. Pendinge: 0
2026-06-27 06:30:05    Urmatoarea bara 15min @ 06:45:05 — 900s
2026-06-27 06:45:05  --- S7-XRP iter 38 @ 06:45:05 ---
2026-06-27 06:45:05    Niciun semnal nou. Pendinge: 0
2026-06-27 06:45:05    Urmatoarea bara 15min @ 07:00:05 — 900s
2026-06-27 07:00:05  --- S7-XRP iter 39 @ 07:00:05 ---
2026-06-27 07:00:05    Niciun semnal nou. Pendinge: 0
2026-06-27 07:00:05    Urmatoarea bara 15min @ 07:15:05 — 900s
2026-06-27 07:15:05  --- S7-XRP iter 40 @ 07:15:05 ---
2026-06-27 07:15:05    Niciun semnal nou. Pendinge: 0
2026-06-27 07:15:05    Urmatoarea bara 15min @ 07:30:05 — 900s
2026-06-27 07:30:05  --- S7-XRP iter 41 @ 07:30:05 ---
2026-06-27 07:30:05    Niciun semnal nou. Pendinge: 0
2026-06-27 07:30:05    Urmatoarea bara 15min @ 07:45:05 — 900s
2026-06-27 07:45:05  --- S7-XRP iter 42 @ 07:45:05 ---
2026-06-27 07:45:05    Niciun semnal nou. Pendinge: 0
2026-06-27 07:45:05    Urmatoarea bara 15min @ 08:00:05 — 900s
2026-06-27 08:00:05  --- S7-XRP iter 43 @ 08:00:05 ---
2026-06-27 08:00:05    Niciun semnal nou. Pendinge: 0
2026-06-27 08:00:05    Urmatoarea bara 15min @ 08:15:05 — 900s
2026-06-27 08:15:05  --- S7-XRP iter 44 @ 08:15:05 ---
2026-06-27 08:15:05    Niciun semnal nou. Pendinge: 0
2026-06-27 08:15:05    Urmatoarea bara 15min @ 08:30:05 — 900s
2026-06-27 08:30:05  --- S7-XRP iter 45 @ 08:30:05 ---
2026-06-27 08:30:05    Niciun semnal nou. Pendinge: 0
2026-06-27 08:30:05    Urmatoarea bara 15min @ 08:45:05 — 900s
2026-06-27 08:45:05  --- S7-XRP iter 46 @ 08:45:05 ---
2026-06-27 08:45:05    Niciun semnal nou. Pendinge: 0
2026-06-27 08:45:05    Urmatoarea bara 15min @ 09:00:05 — 900s
2026-06-27 09:00:05  --- S7-XRP iter 47 @ 09:00:05 ---
2026-06-27 09:00:05    Niciun semnal nou. Pendinge: 0
2026-06-27 09:00:05    Urmatoarea bara 15min @ 09:15:05 — 900s
2026-06-27 09:15:05  --- S7-XRP iter 48 @ 09:15:05 ---
2026-06-27 09:15:05    Niciun semnal nou. Pendinge: 0
2026-06-27 09:15:05    Urmatoarea bara 15min @ 09:30:05 — 900s
2026-06-27 09:30:05  --- S7-XRP iter 49 @ 09:30:05 ---
2026-06-27 09:30:05    Niciun semnal nou. Pendinge: 0
2026-06-27 09:30:05    Urmatoarea bara 15min @ 09:45:05 — 900s
2026-06-28 21:29:40    [PROFIL] Profil 'Standard Profile' aplicat pe session7.
2026-06-28 21:29:40  =================================================================
2026-06-28 21:29:40    S7-XRP — XRPUSD M15+M30 BOTH pw=10 pullback+IB | test +0.245R DD -11.2%
2026-06-28 21:29:40    Piete: ['XRPUSD']
2026-06-28 21:29:40    TF: M15 (trend M30) | PW=4 | BOTH
2026-06-28 21:29:40    Output: C:\Dev\trading-bot\data\live_signals\session7
2026-06-28 21:29:40  =================================================================
2026-06-28 21:29:42  MT5: 52906593 @ ICMarketsEU-Demo (DEMO)
2026-06-28 21:29:43  Simboluri active: ['XRPUSD']
2026-06-28 21:29:43  Pornit. Ctrl+C pentru oprire.

2026-06-28 21:29:43  --- S7-XRP iter 1 @ 21:29:43 ---
2026-06-28 21:29:55    Niciun semnal nou. Pendinge: 0
2026-06-28 21:29:55    Urmatoarea bara 15min @ 21:30:05 — 10s
2026-06-28 21:30:05  --- S7-XRP iter 2 @ 21:30:05 ---
2026-06-28 21:30:05    Niciun semnal nou. Pendinge: 0
2026-06-28 21:30:05    Urmatoarea bara 15min @ 21:45:05 — 900s
2026-06-28 21:45:05  --- S7-XRP iter 3 @ 21:45:05 ---
2026-06-28 21:45:05    Niciun semnal nou. Pendinge: 0
2026-06-28 21:45:05    Urmatoarea bara 15min @ 22:00:05 — 900s
2026-06-28 22:00:05  --- S7-XRP iter 4 @ 22:00:05 ---
2026-06-28 22:00:06    Niciun semnal nou. Pendinge: 0
2026-06-28 22:00:06    Urmatoarea bara 15min @ 22:15:05 — 899s
2026-06-28 22:15:05  --- S7-XRP iter 5 @ 22:15:05 ---
2026-06-28 22:15:05    Niciun semnal nou. Pendinge: 0
2026-06-28 22:15:05    Urmatoarea bara 15min @ 22:30:05 — 900s
2026-06-28 22:30:05  --- S7-XRP iter 6 @ 22:30:05 ---
2026-06-28 22:30:05    Niciun semnal nou. Pendinge: 0
2026-06-28 22:30:05    Urmatoarea bara 15min @ 22:45:05 — 900s
2026-06-28 22:44:35    ib_signal_counter sincronizat la 18 din signals.csv
2026-06-28 22:44:35    [PROFIL] Profil 'Standard Profile' aplicat pe session7.
2026-06-28 22:44:35  =================================================================
2026-06-28 22:44:35    S7-XRP — XRPUSD M15+M30 BOTH pw=10 pullback+IB | test +0.245R DD -11.2%
2026-06-28 22:44:35    Piete: ['XRPUSD']
2026-06-28 22:44:35    TF: M15 (trend M30) | PW=4 | BOTH
2026-06-28 22:44:35    Output: C:\Dev\trading-bot\data\live_signals\session7
2026-06-28 22:44:35  =================================================================
2026-06-28 22:44:35  MT5 nu e disponibil: mt5.initialize() a esuat: (-6, 'Terminal: Authorization failed')
2026-06-29 06:54:54    ib_signal_counter sincronizat la 18 din signals.csv
2026-06-29 06:54:54    [PROFIL] Profil 'Standard Profile' aplicat pe session7.
2026-06-29 06:54:54  =================================================================
2026-06-29 06:54:54    S7-XRP — XRPUSD M15+M30 BOTH pw=10 pullback+IB | test +0.245R DD -11.2%
2026-06-29 06:54:54    Piete: ['XRPUSD']
2026-06-29 06:54:54    TF: M15 (trend M30) | PW=4 | BOTH
2026-06-29 06:54:54    Output: C:\Dev\trading-bot\data\live_signals\session7
2026-06-29 06:54:54  =================================================================
2026-06-29 06:54:55  MT5: 52906593 @ ICMarketsEU-Demo (DEMO)
2026-06-29 06:54:59  Simboluri active: ['XRPUSD']
2026-06-29 06:54:59  Pornit. Ctrl+C pentru oprire.

2026-06-29 06:54:59  --- S7-XRP iter 1 @ 06:54:59 ---
2026-06-29 06:55:00    Niciun semnal nou. Pendinge: 0
2026-06-29 06:55:00    Urmatoarea bara 15min @ 07:00:05 — 305s
2026-06-29 07:00:05  --- S7-XRP iter 2 @ 07:00:05 ---
2026-06-29 07:00:05    Niciun semnal nou. Pendinge: 0
2026-06-29 07:00:05    Urmatoarea bara 15min @ 07:15:05 — 900s
2026-06-29 07:15:04  --- S7-XRP iter 3 @ 07:15:04 ---
2026-06-29 07:15:05    Niciun semnal nou. Pendinge: 0
2026-06-29 07:15:05    Urmatoarea bara 15min @ 07:30:05 — 900s
2026-06-29 07:30:04  --- S7-XRP iter 4 @ 07:30:04 ---
2026-06-29 07:30:04    Niciun semnal nou. Pendinge: 0
2026-06-29 07:30:04    Urmatoarea bara 15min @ 07:45:05 — 900s
2026-06-29 07:45:04  --- S7-XRP iter 5 @ 07:45:04 ---
2026-06-29 07:45:04    Niciun semnal nou. Pendinge: 0
2026-06-29 07:45:04    Urmatoarea bara 15min @ 08:00:05 — 900s
2026-06-29 08:00:04  --- S7-XRP iter 6 @ 08:00:04 ---
2026-06-29 08:00:05    Niciun semnal nou. Pendinge: 0
2026-06-29 08:00:05    Urmatoarea bara 15min @ 08:15:05 — 900s
2026-06-29 08:15:04  --- S7-XRP iter 7 @ 08:15:04 ---
2026-06-29 08:15:05    *** SEMNAL [INSIDE_BAR]: S7-XRP-IB0019 XRPUSD SHORT entry=1.03448 sl=1.04432 tp=1.01480 (2.0R) RSI=43
2026-06-29 08:18:05    [EXEC] S7-XRP-IB0019: filling=1 → retcode=10012 (Request timeout)
2026-06-29 08:18:05    S7-XRP-IB0019: scos din pending (eroare MT5)
2026-06-29 08:18:05    Urmatoarea bara 15min @ 08:30:05 — 720s
2026-06-29 08:30:04  --- S7-XRP iter 8 @ 08:30:04 ---
2026-06-29 08:30:05    Niciun semnal nou. Pendinge: 0
2026-06-29 08:30:05    Urmatoarea bara 15min @ 08:45:05 — 900s
2026-06-29 08:45:04  --- S7-XRP iter 9 @ 08:45:04 ---
2026-06-29 08:45:05    Niciun semnal nou. Pendinge: 0
2026-06-29 08:45:05    Urmatoarea bara 15min @ 09:00:05 — 900s
2026-06-29 09:00:04  --- S7-XRP iter 10 @ 09:00:04 ---
2026-06-29 09:00:05    Niciun semnal nou. Pendinge: 0
2026-06-29 09:00:05    Urmatoarea bara 15min @ 09:15:05 — 900s
2026-06-29 22:42:54    signal_counter sincronizat la 6 din signals.csv
2026-06-29 22:42:54    ib_signal_counter sincronizat la 20 din signals.csv
2026-06-29 22:42:54    [PROFIL] Profil 'Standard Profile' aplicat pe session7.
2026-06-29 22:42:54  =================================================================
2026-06-29 22:42:54    S7-XRP — XRPUSD M15+M30 BOTH pw=10 pullback+IB | test +0.245R DD -11.2%
2026-06-29 22:42:54    Piete: ['XRPUSD']
2026-06-29 22:42:54    TF: M15 (trend M30) | PW=4 | BOTH
2026-06-29 22:42:54    Output: C:\Dev\trading-bot\data\live_signals\session7
2026-06-29 22:42:54  =================================================================
2026-06-29 22:42:54  MT5: 52906593 @ ICMarketsEU-Demo (DEMO)
2026-06-29 22:42:54  Simboluri active: ['XRPUSD']
2026-06-29 22:42:54  Pornit. Ctrl+C pentru oprire.

2026-06-29 22:42:54  --- S7-XRP iter 1 @ 22:42:54 ---
2026-06-29 22:42:55    *** SEMNAL [PULLBACK]: S7-XRP-SIG0007 XRPUSD LONG entry=1.07082 sl=1.06148 tp=1.11285 (4.5R) RSI=64
2026-06-29 22:42:55    [EXEC] S7-XRP-SIG0007: BUY_STOP amanat (Ask 1.07170 >= entry 1.07082) — retry bara urm.
2026-06-29 22:42:55    S7-XRP-SIG0007: pret depasit acum — retry bara urm.
2026-06-29 22:42:55    [RETRY] S7-XRP-SIG0007: incerc plasare ordin (bara precedenta → None)
2026-06-29 22:42:55    [EXEC] S7-XRP-SIG0007: BUY_STOP amanat (Ask 1.07180 >= entry 1.07082) — retry bara urm.
2026-06-29 22:42:55    Urmatoarea bara 15min @ 22:45:05 — 130s
2026-06-29 22:45:05  --- S7-XRP iter 2 @ 22:45:05 ---
2026-06-29 22:45:05    [RETRY] S7-XRP-SIG0007: incerc plasare ordin (bara precedenta → None)
2026-06-29 22:45:05    [EXEC] S7-XRP-SIG0007: BUY_STOP amanat (Ask 1.07460 >= entry 1.07082) — retry bara urm.
2026-06-29 22:45:05    Niciun semnal nou. Pendinge: 1
2026-06-29 22:45:05    Urmatoarea bara 15min @ 23:00:05 — 900s
2026-06-29 23:00:05  --- S7-XRP iter 3 @ 23:00:05 ---
2026-06-29 23:00:05    [RETRY] S7-XRP-SIG0007: incerc plasare ordin (bara precedenta → None)
2026-06-29 23:00:05    [EXEC] S7-XRP-SIG0007: BUY_STOP amanat (Ask 1.07350 >= entry 1.07082) — retry bara urm.
2026-06-29 23:00:05    Niciun semnal nou. Pendinge: 1
2026-06-29 23:00:05    Urmatoarea bara 15min @ 23:15:05 — 899s
2026-06-29 23:15:05  --- S7-XRP iter 4 @ 23:15:05 ---
2026-06-29 23:15:05    [RETRY] S7-XRP-SIG0007: incerc plasare ordin (bara precedenta → None)
2026-06-29 23:16:40    [EXEC] *** ORDIN: S7-XRP-SIG0007 XRPUSD LONG 190.16lot @ 1.07082  SL=1.06148  TP=1.11285  ticket=#1780988465
2026-06-29 23:16:40    Niciun semnal nou. Pendinge: 1
2026-06-29 23:16:40    Urmatoarea bara 15min @ 23:30:05 — 804s
2026-06-29 23:30:05  --- S7-XRP iter 5 @ 23:30:05 ---
2026-06-29 23:30:05    TRIGGERAT: S7-XRP-SIG0007 XRPUSD LONG @ 1.07082
2026-06-29 23:30:22    Niciun semnal nou. Pendinge: 1
2026-06-29 23:30:22    Urmatoarea bara 15min @ 23:45:05 — 883s
2026-06-29 23:45:05  --- S7-XRP iter 6 @ 23:45:05 ---
2026-06-29 23:45:05    Niciun semnal nou. Pendinge: 1
2026-06-29 23:45:05    Urmatoarea bara 15min @ 00:00:05 — 900s
2026-06-30 00:00:05  --- S7-XRP iter 7 @ 00:00:05 ---
2026-06-30 00:00:05    Niciun semnal nou. Pendinge: 1
2026-06-30 00:00:05    Urmatoarea bara 15min @ 00:15:05 — 899s
2026-06-30 00:15:05  --- S7-XRP iter 8 @ 00:15:05 ---
2026-06-30 00:15:05    Niciun semnal nou. Pendinge: 1
2026-06-30 00:15:05    Urmatoarea bara 15min @ 00:30:05 — 900s
2026-06-30 00:30:05  --- S7-XRP iter 9 @ 00:30:05 ---
2026-06-30 00:30:05    Niciun semnal nou. Pendinge: 1
2026-06-30 00:30:05    Urmatoarea bara 15min @ 00:45:05 — 900s
2026-06-30 00:45:05  --- S7-XRP iter 10 @ 00:45:05 ---
2026-06-30 00:45:05    *** SEMNAL [INSIDE_BAR]: S7-XRP-IB0021 XRPUSD LONG entry=1.06282 sl=1.05948 tp=1.06950 (2.0R) RSI=52
2026-06-30 00:45:05    [EXEC] S7-XRP-IB0021: BUY_STOP amanat (Ask 1.06290 >= entry 1.06282) — retry bara urm.
2026-06-30 00:45:05    S7-XRP-IB0021: pret depasit acum — retry bara urm.
2026-06-30 00:45:05    [RETRY] S7-XRP-IB0021: incerc plasare ordin (bara precedenta → None)
2026-06-30 00:45:05    [EXEC] S7-XRP-IB0021: BUY_STOP amanat (Ask 1.06290 >= entry 1.06282) — retry bara urm.
2026-06-30 00:45:05    Urmatoarea bara 15min @ 01:00:05 — 899s
2026-06-30 01:00:05  --- S7-XRP iter 11 @ 01:00:05 ---
2026-06-30 01:00:05    [RETRY] S7-XRP-IB0021: incerc plasare ordin (bara precedenta → None)
2026-06-30 01:00:05    [EXEC] S7-XRP-IB0021: BUY_STOP amanat (Ask 1.06360 >= entry 1.06282) — retry bara urm.
2026-06-30 01:00:05    Niciun semnal nou. Pendinge: 2
2026-06-30 01:00:05    Urmatoarea bara 15min @ 01:15:05 — 900s
2026-06-30 01:15:05  --- S7-XRP iter 12 @ 01:15:05 ---
2026-06-30 01:15:05    [RETRY] S7-XRP-IB0021: incerc plasare ordin (bara precedenta → None)
2026-06-30 01:15:05    [EXEC] *** ORDIN: S7-XRP-IB0021 XRPUSD LONG 435.37lot @ 1.06282  SL=1.05948  TP=1.06950  ticket=#1781037256
2026-06-30 01:15:05    Niciun semnal nou. Pendinge: 2
2026-06-30 01:15:05    Urmatoarea bara 15min @ 01:30:05 — 899s
2026-06-30 01:30:05  --- S7-XRP iter 13 @ 01:30:05 ---
2026-06-30 01:30:05    TRIGGERAT: S7-XRP-IB0021 XRPUSD LONG @ 1.06282
2026-06-30 01:30:05    Niciun semnal nou. Pendinge: 2
2026-06-30 01:30:05    Urmatoarea bara 15min @ 01:45:05 — 900s
2026-06-30 01:45:05  --- S7-XRP iter 14 @ 01:45:05 ---
2026-06-30 01:45:05    Niciun semnal nou. Pendinge: 2
2026-06-30 01:45:05    Urmatoarea bara 15min @ 02:00:05 — 900s
2026-06-30 02:00:05  --- S7-XRP iter 15 @ 02:00:05 ---
2026-06-30 02:00:05    Niciun semnal nou. Pendinge: 2
2026-06-30 02:00:05    Urmatoarea bara 15min @ 02:15:05 — 900s
2026-06-30 02:15:05  --- S7-XRP iter 16 @ 02:15:05 ---
2026-06-30 02:15:05    Niciun semnal nou. Pendinge: 2
2026-06-30 02:15:05    Urmatoarea bara 15min @ 02:30:05 — 900s
2026-06-30 02:30:05  --- S7-XRP iter 17 @ 02:30:05 ---
2026-06-30 02:30:05    Niciun semnal nou. Pendinge: 2
2026-06-30 02:30:05    Urmatoarea bara 15min @ 02:45:05 — 900s
2026-06-30 02:45:05  --- S7-XRP iter 18 @ 02:45:05 ---
2026-06-30 02:45:05    Niciun semnal nou. Pendinge: 2
2026-06-30 02:45:05    Urmatoarea bara 15min @ 03:00:05 — 900s
2026-06-30 03:00:05  --- S7-XRP iter 19 @ 03:00:05 ---
2026-06-30 03:00:05    Niciun semnal nou. Pendinge: 2
2026-06-30 03:00:05    Urmatoarea bara 15min @ 03:15:05 — 900s
2026-06-30 03:15:05  --- S7-XRP iter 20 @ 03:15:05 ---
2026-06-30 03:15:05    Niciun semnal nou. Pendinge: 2
2026-06-30 03:15:05    Urmatoarea bara 15min @ 03:30:05 — 900s
2026-06-30 03:30:05  --- S7-XRP iter 21 @ 03:30:05 ---
2026-06-30 03:30:05    Niciun semnal nou. Pendinge: 2
2026-06-30 03:30:05    Urmatoarea bara 15min @ 03:45:05 — 900s
2026-06-30 03:45:05  --- S7-XRP iter 22 @ 03:45:05 ---
2026-06-30 03:45:05    Niciun semnal nou. Pendinge: 2
2026-06-30 03:45:05    Urmatoarea bara 15min @ 04:00:05 — 900s
2026-06-30 04:00:05  --- S7-XRP iter 23 @ 04:00:05 ---
2026-06-30 04:00:05    Niciun semnal nou. Pendinge: 2
2026-06-30 04:00:05    Urmatoarea bara 15min @ 04:15:05 — 900s
2026-06-30 04:15:05  --- S7-XRP iter 24 @ 04:15:05 ---
2026-06-30 04:15:05    Niciun semnal nou. Pendinge: 2
2026-06-30 04:15:05    Urmatoarea bara 15min @ 04:30:05 — 900s
2026-06-30 04:30:05  --- S7-XRP iter 25 @ 04:30:05 ---
2026-06-30 04:30:05    Niciun semnal nou. Pendinge: 2
2026-06-30 04:30:05    Urmatoarea bara 15min @ 04:45:05 — 900s
2026-06-30 04:45:05  --- S7-XRP iter 26 @ 04:45:05 ---
2026-06-30 04:45:05    Niciun semnal nou. Pendinge: 2
2026-06-30 04:45:05    Urmatoarea bara 15min @ 05:00:05 — 900s
2026-06-30 05:00:05  --- S7-XRP iter 27 @ 05:00:05 ---
2026-06-30 05:00:05    Niciun semnal nou. Pendinge: 2
2026-06-30 05:00:05    Urmatoarea bara 15min @ 05:15:05 — 900s
2026-06-30 05:15:05  --- S7-XRP iter 28 @ 05:15:05 ---
2026-06-30 05:15:05    Niciun semnal nou. Pendinge: 2
2026-06-30 05:15:05    Urmatoarea bara 15min @ 05:30:05 — 900s
2026-06-30 05:30:05  --- S7-XRP iter 29 @ 05:30:05 ---
2026-06-30 05:30:05    Niciun semnal nou. Pendinge: 2
2026-06-30 05:30:05    Urmatoarea bara 15min @ 05:45:05 — 900s
2026-06-30 05:45:05  --- S7-XRP iter 30 @ 05:45:05 ---
2026-06-30 05:45:05    Niciun semnal nou. Pendinge: 2
2026-06-30 05:45:05    Urmatoarea bara 15min @ 06:00:05 — 900s
2026-06-30 06:00:05  --- S7-XRP iter 31 @ 06:00:05 ---
2026-06-30 06:00:05    Niciun semnal nou. Pendinge: 2
2026-06-30 06:00:05    Urmatoarea bara 15min @ 06:15:05 — 900s
2026-06-30 06:15:05  --- S7-XRP iter 32 @ 06:15:05 ---
2026-06-30 06:15:05    Niciun semnal nou. Pendinge: 2
2026-06-30 06:15:05    Urmatoarea bara 15min @ 06:30:05 — 900s
2026-06-30 06:30:05  --- S7-XRP iter 33 @ 06:30:05 ---
2026-06-30 06:31:03    Niciun semnal nou. Pendinge: 2
2026-06-30 06:31:03    Urmatoarea bara 15min @ 06:45:05 — 841s
2026-06-30 06:45:05  --- S7-XRP iter 34 @ 06:45:05 ---
2026-06-30 06:45:05    Niciun semnal nou. Pendinge: 2
2026-06-30 06:45:05    Urmatoarea bara 15min @ 07:00:05 — 900s
2026-06-30 07:00:05  --- S7-XRP iter 35 @ 07:00:05 ---
2026-06-30 07:00:05    Niciun semnal nou. Pendinge: 2
2026-06-30 07:00:05    Urmatoarea bara 15min @ 07:15:05 — 900s
2026-06-30 07:15:05  --- S7-XRP iter 36 @ 07:15:05 ---
2026-06-30 07:15:05    Niciun semnal nou. Pendinge: 2
2026-06-30 07:15:05    Urmatoarea bara 15min @ 07:30:05 — 900s
2026-06-30 07:30:05  --- S7-XRP iter 37 @ 07:30:05 ---
2026-06-30 07:30:05    Niciun semnal nou. Pendinge: 2
2026-06-30 07:30:05    Urmatoarea bara 15min @ 07:45:05 — 900s
2026-06-30 07:45:05  --- S7-XRP iter 38 @ 07:45:05 ---
2026-06-30 07:45:05    Niciun semnal nou. Pendinge: 2
2026-06-30 07:45:05    Urmatoarea bara 15min @ 08:00:05 — 900s
2026-06-30 08:00:05  --- S7-XRP iter 39 @ 08:00:05 ---
2026-06-30 08:00:06    Niciun semnal nou. Pendinge: 2
2026-06-30 08:00:06    Urmatoarea bara 15min @ 08:15:05 — 899s
2026-06-30 08:15:05  --- S7-XRP iter 40 @ 08:15:05 ---
2026-06-30 08:15:05    Niciun semnal nou. Pendinge: 2
2026-06-30 08:15:05    Urmatoarea bara 15min @ 08:30:05 — 900s
2026-06-30 08:30:05  --- S7-XRP iter 41 @ 08:30:05 ---
2026-06-30 08:30:05    Niciun semnal nou. Pendinge: 2
2026-06-30 08:30:05    Urmatoarea bara 15min @ 08:45:05 — 900s
2026-06-30 08:45:05  --- S7-XRP iter 42 @ 08:45:05 ---
2026-06-30 08:45:05    Niciun semnal nou. Pendinge: 2
2026-06-30 08:45:05    Urmatoarea bara 15min @ 09:00:05 — 900s
2026-06-30 09:00:05  --- S7-XRP iter 43 @ 09:00:05 ---
2026-06-30 09:00:05    Niciun semnal nou. Pendinge: 2
2026-06-30 09:00:05    Urmatoarea bara 15min @ 09:15:05 — 899s
2026-06-30 09:15:05  --- S7-XRP iter 44 @ 09:15:05 ---
2026-06-30 09:15:05    Niciun semnal nou. Pendinge: 2
2026-06-30 09:15:05    Urmatoarea bara 15min @ 09:30:05 — 900s
2026-06-30 09:18:48    [PROFIL] Profil 'Standard Profile' aplicat pe session7.
2026-06-30 09:18:48  =================================================================
2026-06-30 09:18:48    S7-XRP — XRPUSD M15+M30 BOTH pw=10 pullback+IB | test +0.245R DD -11.2%
2026-06-30 09:18:48    Piete: ['XRPUSD']
2026-06-30 09:18:48    TF: M15 (trend M30) | PW=4 | BOTH
2026-06-30 09:18:48    Output: C:\Dev\trading-bot\data\live_signals\session7
2026-06-30 09:18:48  =================================================================
2026-06-30 09:18:48  MT5: 52906593 @ ICMarketsEU-Demo (DEMO)
2026-06-30 09:18:48  Simboluri active: ['XRPUSD']
2026-06-30 09:18:48  Pornit. Ctrl+C pentru oprire.

2026-06-30 09:18:48  --- S7-XRP iter 1 @ 09:18:48 ---
2026-06-30 09:18:48    Niciun semnal nou. Pendinge: 2
2026-06-30 09:18:48    Urmatoarea bara 15min @ 09:30:05 — 676s
2026-07-01 22:59:00    ib_signal_counter sincronizat la 25 din signals.csv
2026-07-01 22:59:00    [PROFIL] Profil 'Standard Profile' aplicat pe session7.
2026-07-01 22:59:00  =================================================================
2026-07-01 22:59:00    S7-XRP — XRPUSD M15+M30 BOTH pw=10 pullback+IB | test +0.245R DD -11.2%
2026-07-01 22:59:00    Piete: ['XRPUSD']
2026-07-01 22:59:00    TF: M15 (trend M30) | PW=4 | BOTH
2026-07-01 22:59:00    Output: C:\Dev\trading-bot\data\live_signals\session7
2026-07-01 22:59:00  =================================================================
2026-07-01 22:59:01  MT5: 52906593 @ ICMarketsEU-Demo (DEMO)
2026-07-01 22:59:01    [RECONCIL] S7-XRP-SIG0007 ticket #1780988465 anulat/respins (state=2) — scos din tracking
2026-07-01 22:59:01    [RECONCIL] S7-XRP-IB0021 ticket #1781037256 anulat/respins (state=2) — scos din tracking
2026-07-01 22:59:01    [RECONCIL] Curatate 2 ticket(e) orfane; semnalele raman in pending si vor expira natural.
2026-07-01 22:59:01    [RECOVER] Verificare 2 semnale fara ticket MT5 in history...
2026-07-01 22:59:02    [MT5] Ordin #1780988465 anulat/respins in MT5 (state=2) — scos din tracking fara outcome
2026-07-01 22:59:03    [MT5] Ordin #1781037256 anulat/respins in MT5 (state=2) — scos din tracking fara outcome
2026-07-01 22:59:03    [ORPHAN] Nicio pozitie MT5 fara corespondent — state consistent cu MT5.
2026-07-01 22:59:03  Simboluri active: ['XRPUSD']
2026-07-01 22:59:03  Pornit. Ctrl+C pentru oprire.

2026-07-01 22:59:03  --- S7-XRP iter 1 @ 22:59:03 ---
2026-07-01 22:59:03    [RECOVER] Verificare 2 semnale fara ticket MT5 in history...
2026-07-01 22:59:03    [MT5] Ordin #1780988465 anulat/respins in MT5 (state=2) — scos din tracking fara outcome
2026-07-01 22:59:03    [MT5] Ordin #1781037256 anulat/respins in MT5 (state=2) — scos din tracking fara outcome
2026-07-01 22:59:03    PIERDERE: S7-XRP-SIG0007 SL -1.0R
2026-07-01 22:59:03    PIERDERE: S7-XRP-IB0021 SL -1.0R
2026-07-01 22:59:04    Niciun semnal nou. Pendinge: 0
2026-07-01 22:59:04    Urmatoarea bara 15min @ 23:00:05 — 61s
2026-07-01 23:00:05  --- S7-XRP iter 2 @ 23:00:05 ---
2026-07-01 23:00:05    Niciun semnal nou. Pendinge: 0
2026-07-01 23:00:05    Urmatoarea bara 15min @ 23:15:05 — 900s
2026-07-01 23:14:36    [PROFIL] Profil 'Standard Profile' aplicat pe session7.
2026-07-01 23:14:36  =================================================================
2026-07-01 23:14:36    S7-XRP — XRPUSD M15+M30 BOTH pw=10 pullback+IB | test +0.245R DD -11.2%
2026-07-01 23:14:36    Piete: ['XRPUSD']
2026-07-01 23:14:36    TF: M15 (trend M30) | PW=4 | BOTH
2026-07-01 23:14:36    Output: C:\Dev\trading-bot\data\live_signals\session7
2026-07-01 23:14:36  =================================================================
2026-07-01 23:14:36  MT5: 52906593 @ ICMarketsEU-Demo (DEMO)
2026-07-01 23:14:36    [MIGRATE] Cheie goala stearsa din pending: 'XRPUSD'
2026-07-01 23:14:36    [MIGRATE] Migrare pending: 0 semnale migrate, 1 chei goale sterse.
2026-07-01 23:14:36    [ORPHAN] Nicio pozitie MT5 fara corespondent — state consistent cu MT5.
2026-07-01 23:14:37  Simboluri active: ['XRPUSD']
2026-07-01 23:14:37  Pornit. Ctrl+C pentru oprire.

2026-07-01 23:14:37  --- S7-XRP iter 1 @ 23:14:37 ---
2026-07-01 23:14:37    Niciun semnal nou. Pendinge: 0
2026-07-01 23:14:37    Urmatoarea bara 15min @ 23:15:05 — 27s
2026-07-01 23:15:05  --- S7-XRP iter 2 @ 23:15:05 ---
2026-07-01 23:15:05    Niciun semnal nou. Pendinge: 0
2026-07-01 23:15:05    Urmatoarea bara 15min @ 23:30:05 — 900s
2026-07-01 23:21:39    [PROFIL] Profil 'Standard Profile' aplicat pe session7.
2026-07-01 23:21:39  =================================================================
2026-07-01 23:21:39    S7-XRP — XRPUSD M15+M30 BOTH pw=10 pullback+IB | test +0.245R DD -11.2%
2026-07-01 23:21:39    Piete: ['XRPUSD']
2026-07-01 23:21:39    TF: M15 (trend M30) | PW=4 | BOTH
2026-07-01 23:21:39    Output: C:\Dev\trading-bot\data\live_signals\session7
2026-07-01 23:21:39  =================================================================
2026-07-01 23:21:39  MT5: 52906593 @ ICMarketsEU-Demo (DEMO)
2026-07-01 23:21:39    [ORPHAN] Nicio pozitie MT5 fara corespondent — state consistent cu MT5.
2026-07-01 23:21:39  Simboluri active: ['XRPUSD']
2026-07-01 23:21:39  Pornit. Ctrl+C pentru oprire.

2026-07-01 23:21:39  --- S7-XRP iter 1 @ 23:21:39 ---
2026-07-01 23:21:40    Niciun semnal nou. Pendinge: 0
2026-07-01 23:21:40    Urmatoarea bara 15min @ 23:30:05 — 505s
2026-07-01 23:30:05  --- S7-XRP iter 2 @ 23:30:05 ---
2026-07-01 23:30:05    Niciun semnal nou. Pendinge: 0
2026-07-01 23:30:05    Urmatoarea bara 15min @ 23:45:05 — 900s
2026-07-01 23:33:51    [PROFIL] Profil 'Standard Profile' aplicat pe session7.
2026-07-01 23:33:51  =================================================================
2026-07-01 23:33:51    S7-XRP — XRPUSD M15+M30 BOTH pw=10 pullback+IB | test +0.245R DD -11.2%
2026-07-01 23:33:51    Piete: ['XRPUSD']
2026-07-01 23:33:51    TF: M15 (trend M30) | PW=4 | BOTH
2026-07-01 23:33:51    Output: C:\Dev\trading-bot\data\live_signals\session7
2026-07-01 23:33:51  =================================================================
2026-07-01 23:33:51  MT5: 52906593 @ ICMarketsEU-Demo (DEMO)
2026-07-01 23:33:51    [ORPHAN] Nicio pozitie MT5 fara corespondent — state consistent cu MT5.
2026-07-01 23:33:51  Simboluri active: ['XRPUSD']
2026-07-01 23:33:51  Pornit. Ctrl+C pentru oprire.

2026-07-01 23:33:51  --- S7-XRP iter 1 @ 23:33:51 ---
2026-07-01 23:33:52    Niciun semnal nou. Pendinge: 0
2026-07-01 23:33:52    Urmatoarea bara 15min @ 23:45:05 — 673s
2026-07-01 23:45:05  --- S7-XRP iter 2 @ 23:45:05 ---
2026-07-01 23:45:05    Niciun semnal nou. Pendinge: 0
2026-07-01 23:45:05    Urmatoarea bara 15min @ 00:00:05 — 900s
2026-07-02 00:00:05  --- S7-XRP iter 3 @ 00:00:05 ---
2026-07-02 00:00:05    Niciun semnal nou. Pendinge: 0
2026-07-02 00:00:05    Urmatoarea bara 15min @ 00:15:05 — 900s
2026-07-02 00:15:05  --- S7-XRP iter 4 @ 00:15:05 ---
2026-07-02 00:15:05    Niciun semnal nou. Pendinge: 0
2026-07-02 00:15:05    Urmatoarea bara 15min @ 00:30:05 — 900s
2026-07-02 00:30:05  --- S7-XRP iter 5 @ 00:30:05 ---
2026-07-02 00:30:05    Niciun semnal nou. Pendinge: 0
2026-07-02 00:30:05    Urmatoarea bara 15min @ 00:45:05 — 900s
2026-07-02 00:45:05  --- S7-XRP iter 6 @ 00:45:05 ---
2026-07-02 00:45:05    Niciun semnal nou. Pendinge: 0
2026-07-02 00:45:05    Urmatoarea bara 15min @ 01:00:05 — 900s
2026-07-02 01:00:05  --- S7-XRP iter 7 @ 01:00:05 ---
2026-07-02 01:00:05    Niciun semnal nou. Pendinge: 0
2026-07-02 01:00:05    Urmatoarea bara 15min @ 01:15:05 — 899s
2026-07-02 01:15:05  --- S7-XRP iter 8 @ 01:15:05 ---
2026-07-02 01:15:05    Niciun semnal nou. Pendinge: 0
2026-07-02 01:15:05    Urmatoarea bara 15min @ 01:30:05 — 900s
2026-07-02 01:30:05  --- S7-XRP iter 9 @ 01:30:05 ---
2026-07-02 01:30:05    Niciun semnal nou. Pendinge: 0
2026-07-02 01:30:05    Urmatoarea bara 15min @ 01:45:05 — 900s
2026-07-02 01:45:05  --- S7-XRP iter 10 @ 01:45:05 ---
2026-07-02 01:45:05    Niciun semnal nou. Pendinge: 0
2026-07-02 01:45:05    Urmatoarea bara 15min @ 02:00:05 — 900s
2026-07-02 02:00:05  --- S7-XRP iter 11 @ 02:00:05 ---
2026-07-02 02:00:05    Niciun semnal nou. Pendinge: 0
2026-07-02 02:00:05    Urmatoarea bara 15min @ 02:15:05 — 900s
2026-07-02 02:15:05  --- S7-XRP iter 12 @ 02:15:05 ---
2026-07-02 02:15:05    Niciun semnal nou. Pendinge: 0
2026-07-02 02:15:05    Urmatoarea bara 15min @ 02:30:05 — 900s
2026-07-02 02:30:05  --- S7-XRP iter 13 @ 02:30:05 ---
2026-07-02 02:30:05    Niciun semnal nou. Pendinge: 0
2026-07-02 02:30:05    Urmatoarea bara 15min @ 02:45:05 — 900s
2026-07-02 02:45:05  --- S7-XRP iter 14 @ 02:45:05 ---
2026-07-02 02:45:05    Niciun semnal nou. Pendinge: 0
2026-07-02 02:45:05    Urmatoarea bara 15min @ 03:00:05 — 900s
2026-07-02 03:00:05  --- S7-XRP iter 15 @ 03:00:05 ---
2026-07-02 03:00:08    Niciun semnal nou. Pendinge: 0
2026-07-02 03:00:08    Urmatoarea bara 15min @ 03:15:05 — 896s
2026-07-02 03:15:05  --- S7-XRP iter 16 @ 03:15:05 ---
2026-07-02 03:15:05    Niciun semnal nou. Pendinge: 0
2026-07-02 03:15:05    Urmatoarea bara 15min @ 03:30:05 — 900s
2026-07-02 03:30:05  --- S7-XRP iter 17 @ 03:30:05 ---
2026-07-02 03:30:05    Niciun semnal nou. Pendinge: 0
2026-07-02 03:30:05    Urmatoarea bara 15min @ 03:45:05 — 900s
2026-07-02 03:45:05  --- S7-XRP iter 18 @ 03:45:05 ---
2026-07-02 03:45:05    Niciun semnal nou. Pendinge: 0
2026-07-02 03:45:05    Urmatoarea bara 15min @ 04:00:05 — 900s
2026-07-02 04:00:05  --- S7-XRP iter 19 @ 04:00:05 ---
2026-07-02 04:00:05    Niciun semnal nou. Pendinge: 0
2026-07-02 04:00:05    Urmatoarea bara 15min @ 04:15:05 — 900s
2026-07-02 04:15:05  --- S7-XRP iter 20 @ 04:15:05 ---
2026-07-02 04:15:05    Niciun semnal nou. Pendinge: 0
2026-07-02 04:15:05    Urmatoarea bara 15min @ 04:30:05 — 900s
2026-07-02 04:30:05  --- S7-XRP iter 21 @ 04:30:05 ---
2026-07-02 04:30:05    Niciun semnal nou. Pendinge: 0
2026-07-02 04:30:05    Urmatoarea bara 15min @ 04:45:05 — 900s
2026-07-02 04:45:05  --- S7-XRP iter 22 @ 04:45:05 ---
2026-07-02 04:45:05    Niciun semnal nou. Pendinge: 0
2026-07-02 04:45:05    Urmatoarea bara 15min @ 05:00:05 — 900s
2026-07-02 05:00:05  --- S7-XRP iter 23 @ 05:00:05 ---
2026-07-02 05:00:05    Niciun semnal nou. Pendinge: 0
2026-07-02 05:00:05    Urmatoarea bara 15min @ 05:15:05 — 900s
2026-07-02 05:15:05  --- S7-XRP iter 24 @ 05:15:05 ---
2026-07-02 05:15:05    Niciun semnal nou. Pendinge: 0
2026-07-02 05:15:05    Urmatoarea bara 15min @ 05:30:05 — 900s
2026-07-02 05:30:05  --- S7-XRP iter 25 @ 05:30:05 ---
2026-07-02 05:30:05    Niciun semnal nou. Pendinge: 0
2026-07-02 05:30:05    Urmatoarea bara 15min @ 05:45:05 — 900s
2026-07-02 05:45:05  --- S7-XRP iter 26 @ 05:45:05 ---
2026-07-02 05:45:05    *** SEMNAL [FLAG]: S7-XRP-FLG0001 XRPUSD LONG entry=1.06022 sl=1.05378 tp=1.07632 (2.5R) RSI=58
2026-07-02 05:45:05    [EXEC] *** ORDIN: S7-XRP-FLG0001 XRPUSD LONG 221.54lot @ 1.06022  SL=1.05378  TP=1.07632  ticket=#1785933697
2026-07-02 05:45:05    Urmatoarea bara 15min @ 06:00:05 — 899s
2026-07-02 06:00:05  --- S7-XRP iter 27 @ 06:00:05 ---
2026-07-02 06:00:05    TRIGGERAT: S7-XRP-FLG0001 XRPUSD LONG @ 1.06022
2026-07-02 06:00:05    Niciun semnal nou. Pendinge: 1
2026-07-02 06:00:05    Urmatoarea bara 15min @ 06:15:05 — 899s
2026-07-02 06:15:05  --- S7-XRP iter 28 @ 06:15:05 ---
2026-07-02 06:15:05    Niciun semnal nou. Pendinge: 1
2026-07-02 06:15:05    Urmatoarea bara 15min @ 06:30:05 — 900s
2026-07-02 06:30:05  --- S7-XRP iter 29 @ 06:30:05 ---
2026-07-02 06:30:05    *** SEMNAL [INSIDE_BAR]: S7-XRP-IB0026 XRPUSD LONG entry=1.06302 sl=1.05698 tp=1.07510 (2.0R) RSI=60
2026-07-02 06:30:06    [EXEC] *** ORDIN: S7-XRP-IB0026 XRPUSD LONG 236.27lot @ 1.06302  SL=1.05698  TP=1.07510  ticket=#1786009916
2026-07-02 06:30:07    Urmatoarea bara 15min @ 06:45:05 — 898s
2026-07-02 06:45:05  --- S7-XRP iter 30 @ 06:45:05 ---
2026-07-02 06:45:05    TRIGGERAT: S7-XRP-IB0026 XRPUSD LONG @ 1.06302
2026-07-02 06:45:05    Niciun semnal nou. Pendinge: 2
2026-07-02 06:45:05    Urmatoarea bara 15min @ 07:00:05 — 900s
2026-07-02 07:00:05  --- S7-XRP iter 31 @ 07:00:05 ---
2026-07-02 07:00:05    Niciun semnal nou. Pendinge: 2
2026-07-02 07:00:05    Urmatoarea bara 15min @ 07:15:05 — 900s
2026-07-02 07:15:05  --- S7-XRP iter 32 @ 07:15:05 ---
2026-07-02 07:15:05    Niciun semnal nou. Pendinge: 2
2026-07-02 07:15:05    Urmatoarea bara 15min @ 07:30:05 — 900s
2026-07-02 07:30:05  --- S7-XRP iter 33 @ 07:30:05 ---
2026-07-02 07:30:05    Niciun semnal nou. Pendinge: 2
2026-07-02 07:30:05    Urmatoarea bara 15min @ 07:45:05 — 900s
2026-07-02 07:45:05  --- S7-XRP iter 34 @ 07:45:05 ---
2026-07-02 07:45:05    Niciun semnal nou. Pendinge: 2
2026-07-02 07:45:05    Urmatoarea bara 15min @ 08:00:05 — 900s
2026-07-02 08:00:05  --- S7-XRP iter 35 @ 08:00:05 ---
2026-07-02 08:00:05    Niciun semnal nou. Pendinge: 2
2026-07-02 08:00:05    Urmatoarea bara 15min @ 08:15:05 — 899s
2026-07-02 08:15:05  --- S7-XRP iter 36 @ 08:15:05 ---
2026-07-02 08:15:05    Niciun semnal nou. Pendinge: 2
2026-07-02 08:15:05    Urmatoarea bara 15min @ 08:30:05 — 900s
2026-07-02 08:30:05  --- S7-XRP iter 37 @ 08:30:05 ---
2026-07-02 08:30:05    Niciun semnal nou. Pendinge: 2
2026-07-02 08:30:05    Urmatoarea bara 15min @ 08:45:05 — 900s
2026-07-02 08:45:05  --- S7-XRP iter 38 @ 08:45:05 ---
2026-07-02 08:45:05    Niciun semnal nou. Pendinge: 2
2026-07-02 08:45:05    Urmatoarea bara 15min @ 09:00:05 — 900s
2026-07-02 09:00:05  --- S7-XRP iter 39 @ 09:00:05 ---
2026-07-02 09:00:05    Niciun semnal nou. Pendinge: 2
2026-07-02 09:00:05    Urmatoarea bara 15min @ 09:15:05 — 900s
2026-07-02 09:15:05  --- S7-XRP iter 40 @ 09:15:05 ---
2026-07-02 09:15:05    [MT5] Pozitie #1786009916 inchisa: exit=1.057  result=-0.997R  pnl=-1.44USD  comm=+0.00  swap=+0.00  [SL]
2026-07-02 09:15:05    PIERDERE (MT5): S7-XRP-IB0026 SL -0.997R
2026-07-02 09:15:05    Niciun semnal nou. Pendinge: 1
2026-07-02 09:15:05    Urmatoarea bara 15min @ 09:30:05 — 900s
2026-07-02 09:30:05  --- S7-XRP iter 41 @ 09:30:05 ---
2026-07-02 09:30:05    Niciun semnal nou. Pendinge: 1
2026-07-02 09:30:05    Urmatoarea bara 15min @ 09:45:05 — 900s
2026-07-02 09:45:05  --- S7-XRP iter 42 @ 09:45:05 ---
2026-07-02 09:45:05    Niciun semnal nou. Pendinge: 1
2026-07-02 09:45:05    Urmatoarea bara 15min @ 10:00:05 — 900s
2026-07-02 10:00:05  --- S7-XRP iter 43 @ 10:00:05 ---
2026-07-02 10:00:05    Niciun semnal nou. Pendinge: 1
2026-07-02 10:00:05    Urmatoarea bara 15min @ 10:15:05 — 900s
2026-07-02 10:15:05  --- S7-XRP iter 44 @ 10:15:05 ---
2026-07-02 10:15:05    Niciun semnal nou. Pendinge: 1
2026-07-02 10:15:05    Urmatoarea bara 15min @ 10:30:05 — 900s
2026-07-02 10:30:05  --- S7-XRP iter 45 @ 10:30:05 ---
2026-07-02 10:30:05    Niciun semnal nou. Pendinge: 1
2026-07-02 10:30:05    Urmatoarea bara 15min @ 10:45:05 — 900s
2026-07-02 10:45:05  --- S7-XRP iter 46 @ 10:45:05 ---
2026-07-02 10:45:05    Niciun semnal nou. Pendinge: 1
2026-07-02 10:45:05    Urmatoarea bara 15min @ 11:00:05 — 899s
2026-07-02 11:00:05  --- S7-XRP iter 47 @ 11:00:05 ---
2026-07-02 11:00:05    Niciun semnal nou. Pendinge: 1
2026-07-02 11:00:05    Urmatoarea bara 15min @ 11:15:05 — 900s
2026-07-02 11:15:05  --- S7-XRP iter 48 @ 11:15:05 ---
2026-07-02 11:15:05    Niciun semnal nou. Pendinge: 1
2026-07-02 11:15:05    Urmatoarea bara 15min @ 11:30:05 — 900s
2026-07-02 11:30:05  --- S7-XRP iter 49 @ 11:30:05 ---
2026-07-02 11:30:05    Niciun semnal nou. Pendinge: 1
2026-07-02 11:30:05    Urmatoarea bara 15min @ 11:45:05 — 900s
2026-07-02 11:45:05  --- S7-XRP iter 50 @ 11:45:05 ---
2026-07-02 11:45:05    Niciun semnal nou. Pendinge: 1
2026-07-02 11:45:05    Urmatoarea bara 15min @ 12:00:05 — 900s
2026-07-02 12:00:05  --- S7-XRP iter 51 @ 12:00:05 ---
2026-07-02 12:00:05    Niciun semnal nou. Pendinge: 1
2026-07-02 12:00:05    Urmatoarea bara 15min @ 12:15:05 — 900s
2026-07-02 12:15:05  --- S7-XRP iter 52 @ 12:15:05 ---
2026-07-02 12:15:05    Niciun semnal nou. Pendinge: 1
2026-07-02 12:15:05    Urmatoarea bara 15min @ 12:30:05 — 900s
2026-07-02 12:30:05  --- S7-XRP iter 53 @ 12:30:05 ---
2026-07-02 12:30:05    Niciun semnal nou. Pendinge: 1
2026-07-02 12:30:05    Urmatoarea bara 15min @ 12:45:05 — 900s
2026-07-02 12:45:05  --- S7-XRP iter 54 @ 12:45:05 ---
2026-07-02 12:45:05    [MT5] Pozitie #1785933697 inchisa: exit=1.0764  result=+2.512R  pnl=+3.59USD  comm=+0.00  swap=+0.00  [TP]
2026-07-02 12:45:05    PROFIT (MT5): S7-XRP-FLG0001 TP +2.512R
2026-07-02 12:45:05    Niciun semnal nou. Pendinge: 0
2026-07-02 12:45:05    Urmatoarea bara 15min @ 13:00:05 — 900s
2026-07-02 13:00:05  --- S7-XRP iter 55 @ 13:00:05 ---
2026-07-02 13:00:05    Niciun semnal nou. Pendinge: 0
2026-07-02 13:00:05    Urmatoarea bara 15min @ 13:15:05 — 899s
2026-07-02 13:15:05  --- S7-XRP iter 56 @ 13:15:05 ---
2026-07-02 13:15:05    Niciun semnal nou. Pendinge: 0
2026-07-02 13:15:05    Urmatoarea bara 15min @ 13:30:05 — 900s
2026-07-02 13:30:05  --- S7-XRP iter 57 @ 13:30:05 ---
2026-07-02 13:30:05    Niciun semnal nou. Pendinge: 0
2026-07-02 13:30:05    Urmatoarea bara 15min @ 13:45:05 — 900s
2026-07-02 13:45:05  --- S7-XRP iter 58 @ 13:45:05 ---
2026-07-02 13:45:05    Niciun semnal nou. Pendinge: 0
2026-07-02 13:45:05    Urmatoarea bara 15min @ 14:00:05 — 900s
2026-07-02 14:00:05  --- S7-XRP iter 59 @ 14:00:05 ---
2026-07-02 14:00:05    Niciun semnal nou. Pendinge: 0
2026-07-02 14:00:05    Urmatoarea bara 15min @ 14:15:05 — 900s
2026-07-02 14:15:05  --- S7-XRP iter 60 @ 14:15:05 ---
2026-07-02 14:15:05    Niciun semnal nou. Pendinge: 0
2026-07-02 14:15:05    Urmatoarea bara 15min @ 14:30:05 — 900s
2026-07-02 14:30:05  --- S7-XRP iter 61 @ 14:30:05 ---
2026-07-02 14:30:05    Niciun semnal nou. Pendinge: 0
2026-07-02 14:30:05    Urmatoarea bara 15min @ 14:45:05 — 900s
2026-07-02 14:33:04    [PROFIL] Profil 'Standard Profile' aplicat pe session7.
2026-07-02 14:33:04  =================================================================
2026-07-02 14:33:04    S7-XRP — XRPUSD M15+M30 BOTH pw=10 pullback+IB | test +0.245R DD -11.2%
2026-07-02 14:33:04    Piete: ['XRPUSD']
2026-07-02 14:33:04    TF: M15 (trend M30) | PW=4 | BOTH
2026-07-02 14:33:04    Output: C:\Dev\trading-bot\data\live_signals\session7
2026-07-02 14:33:04  =================================================================
2026-07-02 14:33:04  MT5: 52906593 @ ICMarketsEU-Demo (DEMO)
2026-07-02 14:33:04    [MIGRATE] Cheie goala stearsa din pending: 'XRPUSD'
2026-07-02 14:33:04    [MIGRATE] Migrare pending: 0 semnale migrate, 1 chei goale sterse.
2026-07-02 14:33:04    [ORPHAN] Nicio pozitie MT5 fara corespondent — state consistent cu MT5.
2026-07-02 14:33:05  Simboluri active: ['XRPUSD']
2026-07-02 14:33:05  Pornit. Ctrl+C pentru oprire.

2026-07-02 14:33:05  --- S7-XRP iter 1 @ 14:33:05 ---
2026-07-02 14:33:05    Niciun semnal nou. Pendinge: 0
2026-07-02 14:33:05    Urmatoarea bara 15min @ 14:45:05 — 719s
2026-07-02 14:39:34    [PROFIL] Profil 'Standard Profile' aplicat pe session7.
2026-07-02 14:39:34  =================================================================
2026-07-02 14:39:34    S7-XRP — XRPUSD M15+M30 BOTH pw=10 pullback+IB | test +0.245R DD -11.2%
2026-07-02 14:39:34    Piete: ['XRPUSD']
2026-07-02 14:39:34    TF: M15 (trend M30) | PW=4 | BOTH
2026-07-02 14:39:34    Output: C:\Dev\trading-bot\data\live_signals\session7
2026-07-02 14:39:34  =================================================================
2026-07-02 14:39:34  MT5: 52906593 @ ICMarketsEU-Demo (DEMO)
2026-07-02 14:39:34    [ORPHAN] Nicio pozitie MT5 fara corespondent — state consistent cu MT5.
2026-07-02 14:39:34  Simboluri active: ['XRPUSD']
2026-07-02 14:39:34  Pornit. Ctrl+C pentru oprire.

2026-07-02 14:39:34  --- S7-XRP iter 1 @ 14:39:34 ---
2026-07-02 14:39:34    Niciun semnal nou. Pendinge: 0
2026-07-02 14:39:34    Urmatoarea bara 15min @ 14:45:05 — 330s
2026-07-02 14:45:05  --- S7-XRP iter 2 @ 14:45:05 ---
2026-07-02 14:45:05    Niciun semnal nou. Pendinge: 0
2026-07-02 14:45:05    Urmatoarea bara 15min @ 15:00:05 — 900s
2026-07-02 14:49:40    [PROFIL] Profil 'Standard Profile' aplicat pe session7.
2026-07-02 14:49:40  =================================================================
2026-07-02 14:49:40    S7-XRP — XRPUSD M15+M30 BOTH pw=10 pullback+IB | test +0.245R DD -11.2%
2026-07-02 14:49:40    Piete: ['XRPUSD']
2026-07-02 14:49:40    TF: M15 (trend M30) | PW=4 | BOTH
2026-07-02 14:49:40    Output: C:\Dev\trading-bot\data\live_signals\session7
2026-07-02 14:49:40  =================================================================
2026-07-02 14:49:40  MT5: 52906593 @ ICMarketsEU-Demo (DEMO)
2026-07-02 14:49:40    [ORPHAN] Nicio pozitie MT5 fara corespondent — state consistent cu MT5.
2026-07-02 14:49:40  Simboluri active: ['XRPUSD']
2026-07-02 14:49:40  Pornit. Ctrl+C pentru oprire.

2026-07-02 14:49:40  --- S7-XRP iter 1 @ 14:49:40 ---
2026-07-02 14:49:40    Niciun semnal nou. Pendinge: 0
2026-07-02 14:49:40    Urmatoarea bara 15min @ 15:00:05 — 624s
2026-07-02 15:00:05  --- S7-XRP iter 2 @ 15:00:05 ---
2026-07-02 15:00:05    Niciun semnal nou. Pendinge: 0
2026-07-02 15:00:05    Urmatoarea bara 15min @ 15:15:05 — 900s
2026-07-02 15:15:05  --- S7-XRP iter 3 @ 15:15:05 ---
2026-07-02 15:15:05    Niciun semnal nou. Pendinge: 0
2026-07-02 15:15:05    Urmatoarea bara 15min @ 15:30:05 — 900s
2026-07-02 15:30:05  --- S7-XRP iter 4 @ 15:30:05 ---
2026-07-02 15:30:05    [STIRI] Pauza automata — Average Hourly Earnings m/m (USD, High, 0 min)
2026-07-02 15:30:05    [STIRI] Tranzitie → pauza: inchid ordine/pozitii active.
2026-07-02 15:30:05    [STIRI] Nicio pozitie/ordin activ — nimic de inchis.
2026-07-02 15:30:21    Niciun semnal nou. Pendinge: 0
2026-07-02 15:30:21    Urmatoarea bara 15min @ 15:45:05 — 884s
2026-07-02 15:45:05  --- S7-XRP iter 5 @ 15:45:05 ---
2026-07-02 15:45:05    [STIRI] Pauza automata — Average Hourly Earnings m/m (USD, High, -15 min)
2026-07-02 15:45:05    Niciun semnal nou. Pendinge: 0
2026-07-02 15:45:05    Urmatoarea bara 15min @ 16:00:05 — 900s
2026-07-02 16:00:05  --- S7-XRP iter 6 @ 16:00:05 ---
2026-07-02 16:00:05    Niciun semnal nou. Pendinge: 0
2026-07-02 16:00:05    Urmatoarea bara 15min @ 16:15:05 — 900s
2026-07-02 16:15:05  --- S7-XRP iter 7 @ 16:15:05 ---
2026-07-02 16:15:05    Niciun semnal nou. Pendinge: 0
2026-07-02 16:15:05    Urmatoarea bara 15min @ 16:30:05 — 900s
2026-07-02 16:30:05  --- S7-XRP iter 8 @ 16:30:05 ---
2026-07-02 16:30:05    *** SEMNAL [INSIDE_BAR]: S7-XRP-IB0027 XRPUSD LONG entry=1.10352 sl=1.09068 tp=1.12920 (2.0R) RSI=82
2026-07-02 16:30:06    [EXEC] *** ORDIN: S7-XRP-IB0027 XRPUSD LONG 109.37lot @ 1.10352  SL=1.09068  TP=1.12920  ticket=#1787298475
2026-07-02 16:30:06    Urmatoarea bara 15min @ 16:45:05 — 899s
2026-07-02 16:45:05  --- S7-XRP iter 9 @ 16:45:05 ---
2026-07-02 16:45:05    TRIGGERAT: S7-XRP-IB0027 XRPUSD LONG @ 1.10352
2026-07-02 16:45:05    Niciun semnal nou. Pendinge: 1
2026-07-02 16:45:05    Urmatoarea bara 15min @ 17:00:05 — 900s
2026-07-02 17:00:05  --- S7-XRP iter 10 @ 17:00:05 ---
2026-07-02 17:00:05    Niciun semnal nou. Pendinge: 1
2026-07-02 17:00:05    Urmatoarea bara 15min @ 17:15:05 — 899s
2026-07-02 17:02:01    [PROFIL] Profil 'Standard Profile' aplicat pe session7.
2026-07-02 17:02:01  =================================================================
2026-07-02 17:02:01    S7-XRP — XRPUSD M15+M30 BOTH pw=10 pullback+IB | test +0.245R DD -11.2%
2026-07-02 17:02:01    Piete: ['XRPUSD']
2026-07-02 17:02:01    TF: M15 (trend M30) | PW=4 | BOTH
2026-07-02 17:02:01    Output: C:\Dev\trading-bot\data\live_signals\session7
2026-07-02 17:02:01  =================================================================
2026-07-02 17:02:02  MT5: 52906593 @ ICMarketsEU-Demo (DEMO)
2026-07-02 17:02:02    [ORPHAN] Nicio pozitie MT5 fara corespondent — state consistent cu MT5.
2026-07-02 17:02:02  Simboluri active: ['XRPUSD']
2026-07-02 17:02:02  Pornit. Ctrl+C pentru oprire.

2026-07-02 17:02:02  --- S7-XRP iter 1 @ 17:02:02 ---
2026-07-02 17:02:02    Niciun semnal nou. Pendinge: 1
2026-07-02 17:02:02    Urmatoarea bara 15min @ 17:15:05 — 782s
2026-07-02 17:15:05  --- S7-XRP iter 2 @ 17:15:05 ---
2026-07-02 17:15:05    Niciun semnal nou. Pendinge: 1
2026-07-02 17:15:05    Urmatoarea bara 15min @ 17:30:05 — 900s
2026-07-02 17:30:05  --- S7-XRP iter 3 @ 17:30:05 ---
2026-07-02 17:30:05    [MT5] Pozitie #1787298475 inchisa: exit=1.0908  result=-0.991R  pnl=-1.40USD  comm=+0.00  swap=+0.00  [SL]
2026-07-02 17:30:05    PIERDERE (MT5): S7-XRP-IB0027 SL -0.991R
2026-07-02 17:30:05    Niciun semnal nou. Pendinge: 0
2026-07-02 17:30:05    Urmatoarea bara 15min @ 17:45:05 — 900s
2026-07-02 17:45:05  --- S7-XRP iter 4 @ 17:45:05 ---
2026-07-02 17:45:05    Niciun semnal nou. Pendinge: 0
2026-07-02 17:45:05    Urmatoarea bara 15min @ 18:00:05 — 900s
2026-07-02 18:00:05  --- S7-XRP iter 5 @ 18:00:05 ---
2026-07-02 18:00:05    Niciun semnal nou. Pendinge: 0
2026-07-02 18:00:06    Urmatoarea bara 15min @ 18:15:05 — 899s
2026-07-02 18:15:05  --- S7-XRP iter 6 @ 18:15:05 ---
2026-07-02 18:15:05    Niciun semnal nou. Pendinge: 0
2026-07-02 18:15:05    Urmatoarea bara 15min @ 18:30:05 — 900s
2026-07-02 18:30:05  --- S7-XRP iter 7 @ 18:30:05 ---
2026-07-02 18:30:05    Niciun semnal nou. Pendinge: 0
2026-07-02 18:30:05    Urmatoarea bara 15min @ 18:45:05 — 900s
2026-07-02 18:45:05  --- S7-XRP iter 8 @ 18:45:05 ---
2026-07-02 18:45:05    Niciun semnal nou. Pendinge: 0
2026-07-02 18:45:05    Urmatoarea bara 15min @ 19:00:05 — 900s
2026-07-02 19:00:05  --- S7-XRP iter 9 @ 19:00:05 ---
2026-07-02 19:00:05    Niciun semnal nou. Pendinge: 0
2026-07-02 19:00:05    Urmatoarea bara 15min @ 19:15:05 — 899s
2026-07-02 19:15:05  --- S7-XRP iter 10 @ 19:15:05 ---
2026-07-02 19:15:05    Niciun semnal nou. Pendinge: 0
2026-07-02 19:15:05    Urmatoarea bara 15min @ 19:30:05 — 900s
2026-07-02 19:30:05  --- S7-XRP iter 11 @ 19:30:05 ---
2026-07-02 19:30:05    Niciun semnal nou. Pendinge: 0
2026-07-02 19:30:05    Urmatoarea bara 15min @ 19:45:05 — 900s
2026-07-02 19:45:05  --- S7-XRP iter 12 @ 19:45:05 ---
2026-07-02 19:45:05    Niciun semnal nou. Pendinge: 0
2026-07-02 19:45:05    Urmatoarea bara 15min @ 20:00:05 — 900s
2026-07-02 20:00:05  --- S7-XRP iter 13 @ 20:00:05 ---
2026-07-02 20:00:05    *** SEMNAL [INSIDE_BAR]: S7-XRP-IB0028 XRPUSD LONG entry=1.09332 sl=1.08618 tp=1.10760 (2.0R) RSI=53
2026-07-02 20:00:22    [EXEC] *** ORDIN: S7-XRP-IB0028 XRPUSD LONG 196.4lot @ 1.09332  SL=1.08618  TP=1.10760  ticket=#1787882416
2026-07-02 20:00:22    Urmatoarea bara 15min @ 20:15:05 — 883s
2026-07-02 20:15:05  --- S7-XRP iter 14 @ 20:15:05 ---
2026-07-02 20:15:05    Niciun semnal nou. Pendinge: 1
2026-07-02 20:15:05    Urmatoarea bara 15min @ 20:30:05 — 900s
2026-07-02 20:30:05  --- S7-XRP iter 15 @ 20:30:05 ---
2026-07-02 20:30:05    TRIGGERAT: S7-XRP-IB0028 XRPUSD LONG @ 1.09332
2026-07-02 20:30:05    Niciun semnal nou. Pendinge: 1
2026-07-02 20:30:05    Urmatoarea bara 15min @ 20:45:05 — 900s
2026-07-02 20:45:05  --- S7-XRP iter 16 @ 20:45:05 ---
2026-07-02 20:45:05    Niciun semnal nou. Pendinge: 1
2026-07-02 20:45:05    Urmatoarea bara 15min @ 21:00:05 — 900s
2026-07-02 21:00:05  --- S7-XRP iter 17 @ 21:00:05 ---
2026-07-02 21:00:05    Niciun semnal nou. Pendinge: 1
2026-07-02 21:00:05    Urmatoarea bara 15min @ 21:15:05 — 900s
2026-07-02 21:15:05  --- S7-XRP iter 18 @ 21:15:05 ---
2026-07-02 21:15:05    Niciun semnal nou. Pendinge: 1
2026-07-02 21:15:05    Urmatoarea bara 15min @ 21:30:05 — 900s
2026-07-02 21:30:05  --- S7-XRP iter 19 @ 21:30:05 ---
2026-07-02 21:30:05    Niciun semnal nou. Pendinge: 1
2026-07-02 21:30:05    Urmatoarea bara 15min @ 21:45:05 — 899s
2026-07-02 21:45:05  --- S7-XRP iter 20 @ 21:45:05 ---
2026-07-02 21:45:05    Niciun semnal nou. Pendinge: 1
2026-07-02 21:45:05    Urmatoarea bara 15min @ 22:00:05 — 900s
2026-07-02 22:00:05  --- S7-XRP iter 21 @ 22:00:05 ---
2026-07-02 22:00:05    Niciun semnal nou. Pendinge: 1
2026-07-02 22:00:05    Urmatoarea bara 15min @ 22:15:05 — 899s
2026-07-02 22:15:05  --- S7-XRP iter 22 @ 22:15:05 ---
2026-07-02 22:15:05    [MT5] Pozitie #1787882416 inchisa: exit=1.0861  result=-1.011R  pnl=-1.39USD  comm=+0.00  swap=+0.00  [SL]
2026-07-02 22:15:05    PIERDERE (MT5): S7-XRP-IB0028 SL -1.011R
2026-07-02 22:15:05    Niciun semnal nou. Pendinge: 0
2026-07-02 22:15:05    Urmatoarea bara 15min @ 22:30:05 — 900s
2026-07-02 22:30:05  --- S7-XRP iter 23 @ 22:30:05 ---
2026-07-02 22:30:05    Niciun semnal nou. Pendinge: 0
2026-07-02 22:30:05    Urmatoarea bara 15min @ 22:45:05 — 900s
2026-07-02 22:45:05  --- S7-XRP iter 24 @ 22:45:05 ---
2026-07-02 22:45:05    Niciun semnal nou. Pendinge: 0
2026-07-02 22:45:05    Urmatoarea bara 15min @ 23:00:05 — 900s
2026-07-02 23:00:05  --- S7-XRP iter 25 @ 23:00:05 ---
2026-07-02 23:00:05    Niciun semnal nou. Pendinge: 0
2026-07-02 23:00:05    Urmatoarea bara 15min @ 23:15:05 — 899s
2026-07-02 23:15:05  --- S7-XRP iter 26 @ 23:15:05 ---
2026-07-02 23:15:05    Niciun semnal nou. Pendinge: 0
2026-07-02 23:15:05    Urmatoarea bara 15min @ 23:30:05 — 900s
2026-07-02 23:30:05  --- S7-XRP iter 27 @ 23:30:05 ---
2026-07-02 23:30:05    Niciun semnal nou. Pendinge: 0
2026-07-02 23:30:05    Urmatoarea bara 15min @ 23:45:05 — 900s
2026-07-02 23:45:05  --- S7-XRP iter 28 @ 23:45:05 ---
2026-07-02 23:45:05    Niciun semnal nou. Pendinge: 0
2026-07-02 23:45:05    Urmatoarea bara 15min @ 00:00:05 — 900s
2026-07-03 00:00:05  --- S7-XRP iter 29 @ 00:00:05 ---
2026-07-03 00:00:05    Niciun semnal nou. Pendinge: 0
2026-07-03 00:00:05    Urmatoarea bara 15min @ 00:15:05 — 899s
2026-07-03 00:15:05  --- S7-XRP iter 30 @ 00:15:05 ---
2026-07-03 00:15:05    Niciun semnal nou. Pendinge: 0
2026-07-03 00:15:05    Urmatoarea bara 15min @ 00:30:05 — 900s
2026-07-03 00:30:05  --- S7-XRP iter 31 @ 00:30:05 ---
2026-07-03 00:30:05    Niciun semnal nou. Pendinge: 0
2026-07-03 00:30:05    Urmatoarea bara 15min @ 00:45:05 — 900s
2026-07-03 00:45:05  --- S7-XRP iter 32 @ 00:45:05 ---
2026-07-03 00:45:05    Niciun semnal nou. Pendinge: 0
2026-07-03 00:45:05    Urmatoarea bara 15min @ 01:00:05 — 900s
2026-07-03 01:00:05  --- S7-XRP iter 33 @ 01:00:05 ---
2026-07-03 01:00:05    Niciun semnal nou. Pendinge: 0
2026-07-03 01:00:05    Urmatoarea bara 15min @ 01:15:05 — 900s
2026-07-03 01:15:05  --- S7-XRP iter 34 @ 01:15:05 ---
2026-07-03 01:15:05    Niciun semnal nou. Pendinge: 0
2026-07-03 01:15:05    Urmatoarea bara 15min @ 01:30:05 — 900s
2026-07-03 01:30:05  --- S7-XRP iter 35 @ 01:30:05 ---
2026-07-03 01:30:05    Niciun semnal nou. Pendinge: 0
2026-07-03 01:30:05    Urmatoarea bara 15min @ 01:45:05 — 900s
2026-07-03 01:45:05  --- S7-XRP iter 36 @ 01:45:05 ---
2026-07-03 01:45:05    Niciun semnal nou. Pendinge: 0
2026-07-03 01:45:05    Urmatoarea bara 15min @ 02:00:05 — 900s
2026-07-03 02:00:05  --- S7-XRP iter 37 @ 02:00:05 ---
2026-07-03 02:00:05    Niciun semnal nou. Pendinge: 0
2026-07-03 02:00:05    Urmatoarea bara 15min @ 02:15:05 — 900s
2026-07-03 02:15:05  --- S7-XRP iter 38 @ 02:15:05 ---
2026-07-03 02:15:05    Niciun semnal nou. Pendinge: 0
2026-07-03 02:15:05    Urmatoarea bara 15min @ 02:30:05 — 900s
2026-07-03 02:30:05  --- S7-XRP iter 39 @ 02:30:05 ---
2026-07-03 02:30:05    Niciun semnal nou. Pendinge: 0
2026-07-03 02:30:05    Urmatoarea bara 15min @ 02:45:05 — 900s
2026-07-03 02:45:05  --- S7-XRP iter 40 @ 02:45:05 ---
2026-07-03 02:45:05    Niciun semnal nou. Pendinge: 0
2026-07-03 02:45:05    Urmatoarea bara 15min @ 03:00:05 — 900s
2026-07-03 03:00:05  --- S7-XRP iter 41 @ 03:00:05 ---
2026-07-03 03:00:05    Niciun semnal nou. Pendinge: 0
2026-07-03 03:00:05    Urmatoarea bara 15min @ 03:15:05 — 900s
2026-07-03 03:15:05  --- S7-XRP iter 42 @ 03:15:05 ---
2026-07-03 03:15:05    Niciun semnal nou. Pendinge: 0
2026-07-03 03:15:05    Urmatoarea bara 15min @ 03:30:05 — 900s
2026-07-03 03:30:05  --- S7-XRP iter 43 @ 03:30:05 ---
2026-07-03 03:30:05    Niciun semnal nou. Pendinge: 0
2026-07-03 03:30:05    Urmatoarea bara 15min @ 03:45:05 — 900s
2026-07-03 03:45:05  --- S7-XRP iter 44 @ 03:45:05 ---
2026-07-03 03:45:05    Niciun semnal nou. Pendinge: 0
2026-07-03 03:45:05    Urmatoarea bara 15min @ 04:00:05 — 900s
2026-07-03 04:00:05  --- S7-XRP iter 45 @ 04:00:05 ---
2026-07-03 04:00:05    Niciun semnal nou. Pendinge: 0
2026-07-03 04:00:05    Urmatoarea bara 15min @ 04:15:05 — 900s
2026-07-03 04:15:05  --- S7-XRP iter 46 @ 04:15:05 ---
2026-07-03 04:15:05    Niciun semnal nou. Pendinge: 0
2026-07-03 04:15:05    Urmatoarea bara 15min @ 04:30:05 — 900s
2026-07-03 04:30:05  --- S7-XRP iter 47 @ 04:30:05 ---
2026-07-03 04:30:05    Niciun semnal nou. Pendinge: 0
2026-07-03 04:30:05    Urmatoarea bara 15min @ 04:45:05 — 900s
2026-07-03 04:45:05  --- S7-XRP iter 48 @ 04:45:05 ---
2026-07-03 04:45:05    Niciun semnal nou. Pendinge: 0
2026-07-03 04:45:05    Urmatoarea bara 15min @ 05:00:05 — 900s
2026-07-03 05:00:05  --- S7-XRP iter 49 @ 05:00:05 ---
2026-07-03 05:00:05    Niciun semnal nou. Pendinge: 0
2026-07-03 05:00:05    Urmatoarea bara 15min @ 05:15:05 — 900s
2026-07-03 05:15:05  --- S7-XRP iter 50 @ 05:15:05 ---
2026-07-03 05:15:05    Niciun semnal nou. Pendinge: 0
2026-07-03 05:15:05    Urmatoarea bara 15min @ 05:30:05 — 900s
2026-07-03 05:30:05  --- S7-XRP iter 51 @ 05:30:05 ---
2026-07-03 05:30:05    Niciun semnal nou. Pendinge: 0
2026-07-03 05:30:05    Urmatoarea bara 15min @ 05:45:05 — 900s
2026-07-03 05:45:05  --- S7-XRP iter 52 @ 05:45:05 ---
2026-07-03 05:45:05    Niciun semnal nou. Pendinge: 0
2026-07-03 05:45:05    Urmatoarea bara 15min @ 06:00:05 — 900s
2026-07-03 06:00:05  --- S7-XRP iter 53 @ 06:00:05 ---
2026-07-03 06:00:05    Niciun semnal nou. Pendinge: 0
2026-07-03 06:00:05    Urmatoarea bara 15min @ 06:15:05 — 900s
2026-07-03 06:15:05  --- S7-XRP iter 54 @ 06:15:05 ---
2026-07-03 06:15:05    Niciun semnal nou. Pendinge: 0
2026-07-03 06:15:05    Urmatoarea bara 15min @ 06:30:05 — 900s
2026-07-03 06:30:05  --- S7-XRP iter 55 @ 06:30:05 ---
2026-07-03 06:30:05    Niciun semnal nou. Pendinge: 0
2026-07-03 06:30:05    Urmatoarea bara 15min @ 06:45:05 — 900s
2026-07-03 06:45:05  --- S7-XRP iter 56 @ 06:45:05 ---
2026-07-03 06:45:05    Niciun semnal nou. Pendinge: 0
2026-07-03 06:45:05    Urmatoarea bara 15min @ 07:00:05 — 900s
2026-07-03 07:00:05  --- S7-XRP iter 57 @ 07:00:05 ---
2026-07-03 07:00:05    Niciun semnal nou. Pendinge: 0
2026-07-03 07:00:05    Urmatoarea bara 15min @ 07:15:05 — 899s
2026-07-03 07:15:05  --- S7-XRP iter 58 @ 07:15:05 ---
2026-07-03 07:15:05    Niciun semnal nou. Pendinge: 0
2026-07-03 07:15:05    Urmatoarea bara 15min @ 07:30:05 — 900s
2026-07-03 07:30:05  --- S7-XRP iter 59 @ 07:30:05 ---
2026-07-03 07:30:05    Niciun semnal nou. Pendinge: 0
2026-07-03 07:30:05    Urmatoarea bara 15min @ 07:45:05 — 900s
2026-07-03 07:45:05  --- S7-XRP iter 60 @ 07:45:05 ---
2026-07-03 07:45:05    Niciun semnal nou. Pendinge: 0
2026-07-03 07:45:05    Urmatoarea bara 15min @ 08:00:05 — 900s
2026-07-03 08:00:05  --- S7-XRP iter 61 @ 08:00:05 ---
2026-07-03 08:00:05    Niciun semnal nou. Pendinge: 0
2026-07-03 08:00:05    Urmatoarea bara 15min @ 08:15:05 — 899s
2026-07-03 14:37:29    ib_signal_counter sincronizat la 30 din signals.csv
2026-07-03 14:37:29    [PROFIL] Profil 'Standard Profile' aplicat pe session7.
2026-07-03 14:37:29  =================================================================
2026-07-03 14:37:29    S7-XRP — XRPUSD M15+M30 BOTH pw=10 pullback+IB | test +0.245R DD -11.2%
2026-07-03 14:37:29    Piete: ['XRPUSD']
2026-07-03 14:37:29    TF: M15 (trend M30) | PW=4 | BOTH
2026-07-03 14:37:29    Output: C:\Dev\trading-bot\data\live_signals\session7
2026-07-03 14:37:29  =================================================================
2026-07-03 14:37:29  MT5: 52906593 @ ICMarketsEU-Demo (DEMO)
2026-07-03 14:37:29    [MIGRATE] Cheie goala stearsa din pending: 'XRPUSD'
2026-07-03 14:37:29    [MIGRATE] Migrare pending: 0 semnale migrate, 1 chei goale sterse.
2026-07-03 14:37:29    [ORPHAN] Nicio pozitie MT5 fara corespondent — state consistent cu MT5.
2026-07-03 14:37:30  Simboluri active: ['XRPUSD']
2026-07-03 14:37:30  Pornit. Ctrl+C pentru oprire.

2026-07-03 14:37:30  --- S7-XRP iter 1 @ 14:37:30 ---
2026-07-03 14:37:31    Niciun semnal nou. Pendinge: 0
2026-07-03 14:37:32    Urmatoarea bara 15min @ 14:45:05 — 453s
2026-07-03 14:45:05  --- S7-XRP iter 2 @ 14:45:05 ---
2026-07-03 14:45:05    Niciun semnal nou. Pendinge: 0
2026-07-03 14:45:05    Urmatoarea bara 15min @ 15:00:05 — 900s
2026-07-03 15:00:05  --- S7-XRP iter 3 @ 15:00:05 ---
2026-07-03 15:00:05    Niciun semnal nou. Pendinge: 0
2026-07-03 15:00:05    Urmatoarea bara 15min @ 15:15:05 — 900s
2026-07-03 15:15:05  --- S7-XRP iter 4 @ 15:15:05 ---
2026-07-03 15:15:05    Niciun semnal nou. Pendinge: 0
2026-07-03 15:15:05    Urmatoarea bara 15min @ 15:30:05 — 900s
2026-07-03 15:30:05  --- S7-XRP iter 5 @ 15:30:05 ---
2026-07-03 15:30:05    Niciun semnal nou. Pendinge: 0
2026-07-03 15:30:05    Urmatoarea bara 15min @ 15:45:05 — 900s
2026-07-03 15:45:05  --- S7-XRP iter 6 @ 15:45:05 ---
2026-07-03 15:45:05    Niciun semnal nou. Pendinge: 0
2026-07-03 15:45:05    Urmatoarea bara 15min @ 16:00:05 — 900s
2026-07-03 16:00:05  --- S7-XRP iter 7 @ 16:00:05 ---
2026-07-03 16:00:05    Niciun semnal nou. Pendinge: 0
2026-07-03 16:00:05    Urmatoarea bara 15min @ 16:15:05 — 899s
2026-07-03 16:15:05  --- S7-XRP iter 8 @ 16:15:05 ---
2026-07-03 16:15:05    *** SEMNAL [PULLBACK]: S7-XRP-SIG0008 XRPUSD LONG entry=1.10982 sl=1.10248 tp=1.14285 (4.5R) RSI=62
2026-07-03 16:15:05    [EXEC] *** ORDIN: S7-XRP-SIG0008 XRPUSD LONG 236.25lot @ 1.10982  SL=1.10248  TP=1.14285  ticket=#1789534705
2026-07-03 16:15:05    Urmatoarea bara 15min @ 16:30:05 — 899s
2026-07-03 16:30:05  --- S7-XRP iter 9 @ 16:30:05 ---
2026-07-03 16:30:05    TRIGGERAT: S7-XRP-SIG0008 XRPUSD LONG @ 1.10982
2026-07-03 16:30:05    Niciun semnal nou. Pendinge: 1
2026-07-03 16:30:05    Urmatoarea bara 15min @ 16:45:05 — 900s
2026-07-03 16:45:05  --- S7-XRP iter 10 @ 16:45:05 ---
2026-07-03 16:45:05    Niciun semnal nou. Pendinge: 1
2026-07-03 16:45:05    Urmatoarea bara 15min @ 17:00:05 — 900s
2026-07-03 17:00:05  --- S7-XRP iter 11 @ 17:00:05 ---
2026-07-03 17:00:05    Niciun semnal nou. Pendinge: 1
2026-07-03 17:00:05    Urmatoarea bara 15min @ 17:15:05 — 899s
2026-07-03 17:15:05  --- S7-XRP iter 12 @ 17:15:05 ---
2026-07-03 17:15:05    Niciun semnal nou. Pendinge: 1
2026-07-03 17:15:05    Urmatoarea bara 15min @ 17:30:05 — 900s
2026-07-03 17:30:05  --- S7-XRP iter 13 @ 17:30:05 ---
2026-07-03 17:30:05    Niciun semnal nou. Pendinge: 1
2026-07-03 17:30:05    Urmatoarea bara 15min @ 17:45:05 — 900s
2026-07-03 17:45:05  --- S7-XRP iter 14 @ 17:45:05 ---
2026-07-03 17:45:05    Niciun semnal nou. Pendinge: 1
2026-07-03 17:45:05    Urmatoarea bara 15min @ 18:00:05 — 900s
2026-07-03 18:00:05  --- S7-XRP iter 15 @ 18:00:05 ---
2026-07-03 18:00:05    Niciun semnal nou. Pendinge: 1
2026-07-03 18:00:05    Urmatoarea bara 15min @ 18:15:05 — 899s
2026-07-03 18:15:05  --- S7-XRP iter 16 @ 18:15:05 ---
2026-07-03 18:15:05    Niciun semnal nou. Pendinge: 1
2026-07-03 18:15:05    Urmatoarea bara 15min @ 18:30:05 — 900s
2026-07-03 18:30:05  --- S7-XRP iter 17 @ 18:30:05 ---
2026-07-03 18:30:05    Niciun semnal nou. Pendinge: 1
2026-07-03 18:30:05    Urmatoarea bara 15min @ 18:45:05 — 900s
2026-07-03 18:45:05  --- S7-XRP iter 18 @ 18:45:05 ---
2026-07-03 18:45:05    Niciun semnal nou. Pendinge: 1
2026-07-03 18:45:05    Urmatoarea bara 15min @ 19:00:05 — 900s
2026-07-03 19:00:05  --- S7-XRP iter 19 @ 19:00:05 ---
2026-07-03 19:00:06    Niciun semnal nou. Pendinge: 1
2026-07-03 19:00:06    Urmatoarea bara 15min @ 19:15:05 — 899s
2026-07-03 19:15:05  --- S7-XRP iter 20 @ 19:15:05 ---
2026-07-03 19:15:05    Niciun semnal nou. Pendinge: 1
2026-07-03 19:15:05    Urmatoarea bara 15min @ 19:30:05 — 900s
2026-07-03 19:30:05  --- S7-XRP iter 21 @ 19:30:05 ---
2026-07-03 19:30:05    Niciun semnal nou. Pendinge: 1
2026-07-03 19:30:05    Urmatoarea bara 15min @ 19:45:05 — 900s
2026-07-03 19:45:05  --- S7-XRP iter 22 @ 19:45:05 ---
2026-07-03 19:45:05    Niciun semnal nou. Pendinge: 1
2026-07-03 19:45:05    Urmatoarea bara 15min @ 20:00:05 — 900s
2026-07-03 20:00:05  --- S7-XRP iter 23 @ 20:00:05 ---
2026-07-03 20:00:05    Niciun semnal nou. Pendinge: 1
2026-07-03 20:00:05    Urmatoarea bara 15min @ 20:15:05 — 899s
2026-07-03 20:15:05  --- S7-XRP iter 24 @ 20:15:05 ---
2026-07-03 20:15:05    Niciun semnal nou. Pendinge: 1
2026-07-03 20:15:05    Urmatoarea bara 15min @ 20:30:05 — 900s
2026-07-03 20:30:05  --- S7-XRP iter 25 @ 20:30:05 ---
2026-07-03 20:30:05    Niciun semnal nou. Pendinge: 1
2026-07-03 20:30:05    Urmatoarea bara 15min @ 20:45:05 — 900s
2026-07-03 20:45:05  --- S7-XRP iter 26 @ 20:45:05 ---
2026-07-03 20:45:05    *** SEMNAL [INSIDE_BAR]: S7-XRP-IB0031 XRPUSD LONG entry=1.12352 sl=1.11548 tp=1.13960 (2.0R) RSI=63
2026-07-03 20:45:05    [EXEC] *** ORDIN: S7-XRP-IB0031 XRPUSD LONG 180.24lot @ 1.12352  SL=1.11548  TP=1.13960  ticket=#1789860781
2026-07-03 20:45:05    Urmatoarea bara 15min @ 21:00:05 — 899s
2026-07-03 21:00:05  --- S7-XRP iter 27 @ 21:00:05 ---
2026-07-03 21:00:05    Niciun semnal nou. Pendinge: 2
2026-07-03 21:00:05    Urmatoarea bara 15min @ 21:15:05 — 900s
2026-07-03 21:15:05  --- S7-XRP iter 28 @ 21:15:05 ---
2026-07-03 21:15:05    Niciun semnal nou. Pendinge: 2
2026-07-03 21:15:05    Urmatoarea bara 15min @ 21:30:05 — 900s
2026-07-03 21:30:05  --- S7-XRP iter 29 @ 21:30:05 ---
2026-07-03 21:30:05    Niciun semnal nou. Pendinge: 2
2026-07-03 21:30:05    Urmatoarea bara 15min @ 21:45:05 — 900s
2026-07-03 21:45:05  --- S7-XRP iter 30 @ 21:45:05 ---
2026-07-03 21:45:05    TRIGGERAT: S7-XRP-IB0031 XRPUSD LONG @ 1.12352
2026-07-03 21:45:05    Niciun semnal nou. Pendinge: 2
2026-07-03 21:45:05    Urmatoarea bara 15min @ 22:00:05 — 900s
2026-07-03 22:00:05  --- S7-XRP iter 31 @ 22:00:05 ---
2026-07-03 22:00:05    Niciun semnal nou. Pendinge: 2
2026-07-03 22:00:05    Urmatoarea bara 15min @ 22:15:05 — 899s
2026-07-03 22:15:05  --- S7-XRP iter 32 @ 22:15:05 ---
2026-07-03 22:15:05    Niciun semnal nou. Pendinge: 2
2026-07-03 22:15:05    Urmatoarea bara 15min @ 22:30:05 — 899s
2026-07-03 22:30:05  --- S7-XRP iter 33 @ 22:30:05 ---
2026-07-03 22:30:05    [MT5] Pozitie #1789534705 inchisa: exit=1.1427  result=+4.480R  pnl=+7.75USD  comm=+0.00  swap=+0.00  [TP]
2026-07-03 22:30:05    PROFIT (MT5): S7-XRP-SIG0008 TP +4.480R
2026-07-03 22:30:05    [MT5] Pozitie #1789860781 inchisa: exit=1.1398  result=+2.025R  pnl=+2.88USD  comm=+0.00  swap=+0.00  [TP]
2026-07-03 22:30:05    PROFIT (MT5): S7-XRP-IB0031 TP +2.025R
2026-07-03 22:30:05    Niciun semnal nou. Pendinge: 0
2026-07-03 22:30:05    Urmatoarea bara 15min @ 22:45:05 — 899s
2026-07-03 22:45:05  --- S7-XRP iter 34 @ 22:45:05 ---
2026-07-03 22:45:05    Niciun semnal nou. Pendinge: 0
2026-07-03 22:45:05    Urmatoarea bara 15min @ 23:00:05 — 900s
2026-07-03 23:00:05  --- S7-XRP iter 35 @ 23:00:05 ---
2026-07-03 23:00:05    Niciun semnal nou. Pendinge: 0
2026-07-03 23:00:05    Urmatoarea bara 15min @ 23:15:05 — 899s
2026-07-03 23:15:05  --- S7-XRP iter 36 @ 23:15:05 ---
2026-07-03 23:15:05    Niciun semnal nou. Pendinge: 0
2026-07-03 23:15:05    Urmatoarea bara 15min @ 23:30:05 — 900s
2026-07-03 23:30:05  --- S7-XRP iter 37 @ 23:30:05 ---
2026-07-03 23:30:05    Niciun semnal nou. Pendinge: 0
2026-07-03 23:30:05    Urmatoarea bara 15min @ 23:45:05 — 900s
2026-07-03 23:45:05  --- S7-XRP iter 38 @ 23:45:05 ---
2026-07-03 23:45:05    Niciun semnal nou. Pendinge: 0
2026-07-03 23:45:05    Urmatoarea bara 15min @ 00:00:05 — 900s
2026-07-04 00:00:05  --- S7-XRP iter 39 @ 00:00:05 ---
2026-07-04 00:00:05    Niciun semnal nou. Pendinge: 0
2026-07-04 00:00:05    Urmatoarea bara 15min @ 00:15:05 — 899s
2026-07-04 00:15:05  --- S7-XRP iter 40 @ 00:15:05 ---
2026-07-04 00:15:05    Niciun semnal nou. Pendinge: 0
2026-07-04 00:15:05    Urmatoarea bara 15min @ 00:30:05 — 899s
2026-07-04 00:30:05  --- S7-XRP iter 41 @ 00:30:05 ---
2026-07-04 00:30:05    Niciun semnal nou. Pendinge: 0
2026-07-04 00:30:05    Urmatoarea bara 15min @ 00:45:05 — 900s
2026-07-04 00:45:05  --- S7-XRP iter 42 @ 00:45:05 ---
2026-07-04 00:45:05    Niciun semnal nou. Pendinge: 0
2026-07-04 00:45:05    Urmatoarea bara 15min @ 01:00:05 — 900s
2026-07-04 01:00:05  --- S7-XRP iter 43 @ 01:00:05 ---
2026-07-04 01:00:05    Niciun semnal nou. Pendinge: 0
2026-07-04 01:00:05    Urmatoarea bara 15min @ 01:15:05 — 899s
2026-07-05 13:12:54    [PROFIL] Profil 'Standard Profile' aplicat pe session7.
2026-07-05 13:12:54  =================================================================
2026-07-05 13:12:54    S7-XRP — XRPUSD M15+M30 BOTH pw=10 pullback+IB | test +0.245R DD -11.2%
2026-07-05 13:12:54    Piete: ['XRPUSD']
2026-07-05 13:12:54    TF: M15 (trend M30) | PW=4 | BOTH
2026-07-05 13:12:54    Output: C:\Dev\trading-bot\data\live_signals\session7
2026-07-05 13:12:54  =================================================================
2026-07-05 13:12:55  MT5: 52906593 @ ICMarketsEU-Demo (DEMO)
2026-07-05 13:12:55    [MIGRATE] Cheie goala stearsa din pending: 'XRPUSD'
2026-07-05 13:12:55    [MIGRATE] Migrare pending: 0 semnale migrate, 1 chei goale sterse.
2026-07-05 13:12:55    [ORPHAN] Nicio pozitie MT5 fara corespondent — state consistent cu MT5.
2026-07-05 13:12:58  Simboluri active: ['XRPUSD']
2026-07-05 13:12:58  Pornit. Ctrl+C pentru oprire.

2026-07-05 13:12:58  --- S7-XRP iter 1 @ 13:12:58 ---
2026-07-05 13:13:04    Niciun semnal nou. Pendinge: 0
2026-07-05 13:13:06    Urmatoarea bara 15min @ 13:15:05 — 118s
2026-07-05 13:15:05  --- S7-XRP iter 2 @ 13:15:05 ---
2026-07-05 13:15:05    Niciun semnal nou. Pendinge: 0
2026-07-05 13:15:05    Urmatoarea bara 15min @ 13:30:05 — 900s
2026-07-05 20:28:47    [PROFIL] Profil 'Standard Profile' aplicat pe session7.
2026-07-05 20:28:47  =================================================================
2026-07-05 20:28:47    S7-XRP — XRPUSD M15+M30 BOTH pw=10 pullback+IB | test +0.245R DD -11.2%
2026-07-05 20:28:47    Piete: ['XRPUSD']
2026-07-05 20:28:47    TF: M15 (trend M30) | PW=4 | BOTH
2026-07-05 20:28:47    Output: C:\Dev\trading-bot\data\live_signals\session7
2026-07-05 20:28:47  =================================================================
2026-07-05 20:28:47  MT5: 52906593 @ ICMarketsEU-Demo (DEMO)
2026-07-05 20:28:47    [ORPHAN] Nicio pozitie MT5 fara corespondent — state consistent cu MT5.
2026-07-05 20:28:48  Simboluri active: ['XRPUSD']
2026-07-05 20:28:48  Pornit. Ctrl+C pentru oprire.

2026-07-05 20:28:48  --- S7-XRP iter 1 @ 20:28:48 ---
2026-07-05 20:28:50    Niciun semnal nou. Pendinge: 0
2026-07-05 20:28:50    Urmatoarea bara 15min @ 20:30:05 — 75s
2026-07-05 20:30:05  --- S7-XRP iter 2 @ 20:30:05 ---
2026-07-05 20:30:05    Niciun semnal nou. Pendinge: 0
2026-07-05 20:30:05    Urmatoarea bara 15min @ 20:45:05 — 900s
2026-07-05 20:45:05  --- S7-XRP iter 3 @ 20:45:05 ---
2026-07-05 20:45:05    Niciun semnal nou. Pendinge: 0
2026-07-05 20:45:05    Urmatoarea bara 15min @ 21:00:05 — 900s
2026-07-05 21:00:05  --- S7-XRP iter 4 @ 21:00:05 ---
2026-07-05 21:00:05    Niciun semnal nou. Pendinge: 0
2026-07-05 21:00:05    Urmatoarea bara 15min @ 21:15:05 — 900s
2026-07-05 21:15:05  --- S7-XRP iter 5 @ 21:15:05 ---
2026-07-05 21:15:05    *** SEMNAL [INSIDE_BAR]: S7-XRP-IB0032 XRPUSD LONG entry=1.13702 sl=1.13128 tp=1.14850 (2.0R) RSI=55
2026-07-05 21:15:05    [EXEC] *** ORDIN: S7-XRP-IB0032 XRPUSD LONG 254.53lot @ 1.13702  SL=1.13128  TP=1.14850  ticket=#1790310075
2026-07-05 21:15:05    Urmatoarea bara 15min @ 21:30:05 — 899s
2026-07-05 21:30:05  --- S7-XRP iter 6 @ 21:30:05 ---
2026-07-05 21:30:05    TRIGGERAT: S7-XRP-IB0032 XRPUSD LONG @ 1.13702
2026-07-05 21:30:05    Niciun semnal nou. Pendinge: 1
2026-07-05 21:30:05    Urmatoarea bara 15min @ 21:45:05 — 900s
2026-07-05 21:45:05  --- S7-XRP iter 7 @ 21:45:05 ---
2026-07-05 21:45:05    Niciun semnal nou. Pendinge: 1
2026-07-05 21:45:05    Urmatoarea bara 15min @ 22:00:05 — 900s
2026-07-05 22:00:05  --- S7-XRP iter 8 @ 22:00:05 ---
2026-07-05 22:00:05    Niciun semnal nou. Pendinge: 1
2026-07-05 22:00:05    Urmatoarea bara 15min @ 22:15:05 — 899s
2026-07-05 22:15:05  --- S7-XRP iter 9 @ 22:15:05 ---
2026-07-05 22:15:05    Niciun semnal nou. Pendinge: 1
2026-07-05 22:15:05    Urmatoarea bara 15min @ 22:30:05 — 900s
2026-07-05 22:30:05  --- S7-XRP iter 10 @ 22:30:05 ---
2026-07-05 22:30:05    Niciun semnal nou. Pendinge: 1
2026-07-05 22:30:05    Urmatoarea bara 15min @ 22:45:05 — 900s
2026-07-05 22:45:05  --- S7-XRP iter 11 @ 22:45:05 ---
2026-07-05 22:45:05    Niciun semnal nou. Pendinge: 1
2026-07-05 22:45:05    Urmatoarea bara 15min @ 23:00:05 — 900s
2026-07-05 23:00:05  --- S7-XRP iter 12 @ 23:00:05 ---
2026-07-05 23:00:05    Niciun semnal nou. Pendinge: 1
2026-07-05 23:00:05    Urmatoarea bara 15min @ 23:15:05 — 900s
2026-07-05 23:15:05  --- S7-XRP iter 13 @ 23:15:05 ---
2026-07-05 23:15:05    Niciun semnal nou. Pendinge: 1
2026-07-05 23:15:05    Urmatoarea bara 15min @ 23:30:05 — 900s
2026-07-05 23:30:05  --- S7-XRP iter 14 @ 23:30:05 ---
2026-07-05 23:30:05    Niciun semnal nou. Pendinge: 1
2026-07-05 23:30:05    Urmatoarea bara 15min @ 23:45:05 — 900s
2026-07-05 23:45:05  --- S7-XRP iter 15 @ 23:45:05 ---
2026-07-05 23:45:05    Niciun semnal nou. Pendinge: 1
2026-07-05 23:45:05    Urmatoarea bara 15min @ 00:00:05 — 900s
2026-07-06 00:00:05  --- S7-XRP iter 16 @ 00:00:05 ---
2026-07-06 00:00:05    Niciun semnal nou. Pendinge: 1
2026-07-06 00:00:05    Urmatoarea bara 15min @ 00:15:05 — 900s
2026-07-06 00:15:05  --- S7-XRP iter 17 @ 00:15:05 ---
2026-07-06 00:15:05    Niciun semnal nou. Pendinge: 1
2026-07-06 00:15:05    Urmatoarea bara 15min @ 00:30:05 — 900s
2026-07-06 00:30:05  --- S7-XRP iter 18 @ 00:30:05 ---
2026-07-06 00:30:05    Niciun semnal nou. Pendinge: 1
2026-07-06 00:30:05    Urmatoarea bara 15min @ 00:45:05 — 900s
2026-07-06 00:45:05  --- S7-XRP iter 19 @ 00:45:05 ---
2026-07-06 00:45:05    Niciun semnal nou. Pendinge: 1
2026-07-06 00:45:05    Urmatoarea bara 15min @ 01:00:05 — 900s
2026-07-06 01:00:05  --- S7-XRP iter 20 @ 01:00:05 ---
2026-07-06 01:00:05    Niciun semnal nou. Pendinge: 1
2026-07-06 01:00:05    Urmatoarea bara 15min @ 01:15:05 — 900s
2026-07-06 01:15:05  --- S7-XRP iter 21 @ 01:15:05 ---
2026-07-06 01:15:05    [BE] S7-XRP-IB0032 Faza 1: SL → 1.14276
2026-07-06 01:15:05    Niciun semnal nou. Pendinge: 1
2026-07-06 01:15:05    Urmatoarea bara 15min @ 01:30:05 — 899s
2026-07-06 01:30:05  --- S7-XRP iter 22 @ 01:30:05 ---
2026-07-06 01:30:05    [MT5] Pozitie #1790310075 inchisa: exit=1.1486  result=+2.017R  pnl=+2.98USD  comm=+0.00  swap=+0.00  [TP]
2026-07-06 01:30:05    PROFIT (MT5): S7-XRP-IB0032 TP +2.017R
2026-07-06 01:30:05    Niciun semnal nou. Pendinge: 0
2026-07-06 01:30:05    Urmatoarea bara 15min @ 01:45:05 — 900s
2026-07-06 01:45:05  --- S7-XRP iter 23 @ 01:45:05 ---
2026-07-06 01:45:05    Niciun semnal nou. Pendinge: 0
2026-07-06 01:45:05    Urmatoarea bara 15min @ 02:00:05 — 900s
2026-07-06 02:00:05  --- S7-XRP iter 24 @ 02:00:05 ---
2026-07-06 02:00:05    Niciun semnal nou. Pendinge: 0
2026-07-06 02:00:05    Urmatoarea bara 15min @ 02:15:05 — 900s
2026-07-06 02:15:05  --- S7-XRP iter 25 @ 02:15:05 ---
2026-07-06 02:15:05    Niciun semnal nou. Pendinge: 0
2026-07-06 02:15:05    Urmatoarea bara 15min @ 02:30:05 — 900s
2026-07-06 02:30:05  --- S7-XRP iter 26 @ 02:30:05 ---
2026-07-06 02:30:05    Niciun semnal nou. Pendinge: 0
2026-07-06 02:30:05    Urmatoarea bara 15min @ 02:45:05 — 900s
2026-07-06 02:45:05  --- S7-XRP iter 27 @ 02:45:05 ---
2026-07-06 02:45:05    Niciun semnal nou. Pendinge: 0
2026-07-06 02:45:05    Urmatoarea bara 15min @ 03:00:05 — 900s
2026-07-06 03:00:05  --- S7-XRP iter 28 @ 03:00:05 ---
2026-07-06 03:00:05    Niciun semnal nou. Pendinge: 0
2026-07-06 03:00:05    Urmatoarea bara 15min @ 03:15:05 — 900s
2026-07-06 03:15:05  --- S7-XRP iter 29 @ 03:15:05 ---
2026-07-06 03:15:05    Niciun semnal nou. Pendinge: 0
2026-07-06 03:15:05    Urmatoarea bara 15min @ 03:30:05 — 900s
2026-07-06 03:30:05  --- S7-XRP iter 30 @ 03:30:05 ---
2026-07-06 03:30:05    Niciun semnal nou. Pendinge: 0
2026-07-06 03:30:05    Urmatoarea bara 15min @ 03:45:05 — 900s
2026-07-06 03:45:05  --- S7-XRP iter 31 @ 03:45:05 ---
2026-07-06 03:45:05    Niciun semnal nou. Pendinge: 0
2026-07-06 03:45:05    Urmatoarea bara 15min @ 04:00:05 — 900s
2026-07-06 04:00:05  --- S7-XRP iter 32 @ 04:00:05 ---
2026-07-06 04:00:05    Niciun semnal nou. Pendinge: 0
2026-07-06 04:00:05    Urmatoarea bara 15min @ 04:15:05 — 899s
2026-07-06 04:15:05  --- S7-XRP iter 33 @ 04:15:05 ---
2026-07-06 04:15:05    Niciun semnal nou. Pendinge: 0
2026-07-06 04:15:05    Urmatoarea bara 15min @ 04:30:05 — 900s
2026-07-06 04:30:05  --- S7-XRP iter 34 @ 04:30:05 ---
2026-07-06 04:30:05    Niciun semnal nou. Pendinge: 0
2026-07-06 04:30:05    Urmatoarea bara 15min @ 04:45:05 — 900s
2026-07-06 04:45:05  --- S7-XRP iter 35 @ 04:45:05 ---
2026-07-06 04:45:05    Niciun semnal nou. Pendinge: 0
2026-07-06 04:45:05    Urmatoarea bara 15min @ 05:00:05 — 900s
2026-07-06 05:00:05  --- S7-XRP iter 36 @ 05:00:05 ---
2026-07-06 05:00:05    Niciun semnal nou. Pendinge: 0
2026-07-06 05:00:05    Urmatoarea bara 15min @ 05:15:05 — 900s
2026-07-06 05:15:05  --- S7-XRP iter 37 @ 05:15:05 ---
2026-07-06 05:15:05    Niciun semnal nou. Pendinge: 0
2026-07-06 05:15:05    Urmatoarea bara 15min @ 05:30:05 — 899s
2026-07-06 05:30:05  --- S7-XRP iter 38 @ 05:30:05 ---
2026-07-06 05:30:05    Niciun semnal nou. Pendinge: 0
2026-07-06 05:30:05    Urmatoarea bara 15min @ 05:45:05 — 900s
2026-07-06 05:45:05  --- S7-XRP iter 39 @ 05:45:05 ---
2026-07-06 05:45:05    Niciun semnal nou. Pendinge: 0
2026-07-06 05:45:05    Urmatoarea bara 15min @ 06:00:05 — 900s
2026-07-06 09:02:13    [PROFIL] Profil 'Standard Profile' aplicat pe session7.
2026-07-06 09:02:13  =================================================================
2026-07-06 09:02:13    S7-XRP — XRPUSD M15+M30 BOTH pw=10 pullback+IB | test +0.245R DD -11.2%
2026-07-06 09:02:13    Piete: ['XRPUSD']
2026-07-06 09:02:13    TF: M15 (trend M30) | PW=4 | BOTH
2026-07-06 09:02:13    Output: C:\Dev\trading-bot\data\live_signals\session7
2026-07-06 09:02:13  =================================================================
2026-07-06 09:02:13  MT5: 52906593 @ ICMarketsEU-Demo (DEMO)
2026-07-06 09:02:13    [MIGRATE] Cheie goala stearsa din pending: 'XRPUSD'
2026-07-06 09:02:13    [MIGRATE] Migrare pending: 0 semnale migrate, 1 chei goale sterse.
2026-07-06 09:02:13    [ORPHAN] Nicio pozitie MT5 fara corespondent — state consistent cu MT5.
2026-07-06 09:02:13  Simboluri active: ['XRPUSD']
2026-07-06 09:02:13  Pornit. Ctrl+C pentru oprire.

2026-07-06 09:02:13  --- S7-XRP iter 1 @ 09:02:13 ---
2026-07-06 09:02:13    Niciun semnal nou. Pendinge: 0
2026-07-06 09:02:13    Urmatoarea bara 15min @ 09:15:05 — 771s
2026-07-06 09:15:05  --- S7-XRP iter 2 @ 09:15:05 ---
2026-07-06 09:15:05    Niciun semnal nou. Pendinge: 0
2026-07-06 09:15:05    Urmatoarea bara 15min @ 09:30:05 — 900s
2026-07-06 09:30:05  --- S7-XRP iter 3 @ 09:30:05 ---
2026-07-06 09:30:05    Niciun semnal nou. Pendinge: 0
2026-07-06 09:30:05    Urmatoarea bara 15min @ 09:45:05 — 900s
2026-07-06 09:45:05  --- S7-XRP iter 4 @ 09:45:05 ---
2026-07-06 09:45:05    Niciun semnal nou. Pendinge: 0
2026-07-06 09:45:05    Urmatoarea bara 15min @ 10:00:05 — 900s
2026-07-06 10:00:05  --- S7-XRP iter 5 @ 10:00:05 ---
2026-07-06 10:00:05    Niciun semnal nou. Pendinge: 0
2026-07-06 10:00:05    Urmatoarea bara 15min @ 10:15:05 — 900s
2026-07-06 10:15:05  --- S7-XRP iter 6 @ 10:15:05 ---
2026-07-06 10:15:05    Niciun semnal nou. Pendinge: 0
2026-07-06 10:15:05    Urmatoarea bara 15min @ 10:30:05 — 900s
2026-07-06 10:30:05  --- S7-XRP iter 7 @ 10:30:05 ---
2026-07-06 10:30:05    Niciun semnal nou. Pendinge: 0
2026-07-06 10:30:05    Urmatoarea bara 15min @ 10:45:05 — 900s
2026-07-06 10:45:05  --- S7-XRP iter 8 @ 10:45:05 ---
2026-07-06 10:45:05    Niciun semnal nou. Pendinge: 0
2026-07-06 10:45:05    Urmatoarea bara 15min @ 11:00:05 — 900s
2026-07-06 11:00:05  --- S7-XRP iter 9 @ 11:00:05 ---
2026-07-06 11:00:05    Niciun semnal nou. Pendinge: 0
2026-07-06 11:00:05    Urmatoarea bara 15min @ 11:15:05 — 900s
2026-07-06 11:15:05  --- S7-XRP iter 10 @ 11:15:05 ---
2026-07-06 11:15:05    Niciun semnal nou. Pendinge: 0
2026-07-06 11:15:05    Urmatoarea bara 15min @ 11:30:05 — 900s
2026-07-06 11:24:57    [PROFIL] Profil 'Standard Profile' aplicat pe session7.
2026-07-06 11:24:57  =================================================================
2026-07-06 11:24:57    S7-XRP — XRPUSD M15+M30 BOTH pw=10 pullback+IB | test +0.245R DD -11.2%
2026-07-06 11:24:57    Piete: ['XRPUSD']
2026-07-06 11:24:57    TF: M15 (trend M30) | PW=4 | BOTH
2026-07-06 11:24:57    Output: C:\Dev\trading-bot\data\live_signals\session7
2026-07-06 11:24:57  =================================================================
2026-07-06 11:24:58  MT5: 52906593 @ ICMarketsEU-Demo (DEMO)
2026-07-06 11:24:58    [ORPHAN] Nicio pozitie MT5 fara corespondent — state consistent cu MT5.
2026-07-06 11:24:58  Simboluri active: ['XRPUSD']
2026-07-06 11:24:58  Pornit. Ctrl+C pentru oprire.

2026-07-06 11:24:58  --- S7-XRP iter 1 @ 11:24:58 ---
2026-07-06 11:24:58    Niciun semnal nou. Pendinge: 0
2026-07-06 11:24:58    Urmatoarea bara 15min @ 11:30:05 — 307s
2026-07-06 11:30:05  --- S7-XRP iter 2 @ 11:30:05 ---
2026-07-06 11:30:05    Niciun semnal nou. Pendinge: 0
2026-07-06 11:30:05    Urmatoarea bara 15min @ 11:45:05 — 900s
2026-07-06 11:45:05  --- S7-XRP iter 3 @ 11:45:05 ---
2026-07-06 11:45:05    Niciun semnal nou. Pendinge: 0
2026-07-06 11:45:05    Urmatoarea bara 15min @ 12:00:05 — 900s
2026-07-06 12:00:05  --- S7-XRP iter 4 @ 12:00:05 ---
2026-07-06 12:00:05    Niciun semnal nou. Pendinge: 0
2026-07-06 12:00:05    Urmatoarea bara 15min @ 12:15:05 — 899s
2026-07-06 12:15:05  --- S7-XRP iter 5 @ 12:15:05 ---
2026-07-06 12:15:05    Niciun semnal nou. Pendinge: 0
2026-07-06 12:15:05    Urmatoarea bara 15min @ 12:30:05 — 900s
2026-07-06 12:30:05  --- S7-XRP iter 6 @ 12:30:05 ---
2026-07-06 12:30:05    Niciun semnal nou. Pendinge: 0
2026-07-06 12:30:05    Urmatoarea bara 15min @ 12:45:05 — 900s
2026-07-06 12:45:05  --- S7-XRP iter 7 @ 12:45:05 ---
2026-07-06 12:45:05    Niciun semnal nou. Pendinge: 0
2026-07-06 12:45:05    Urmatoarea bara 15min @ 13:00:05 — 900s
2026-07-06 12:57:13    [PROFIL] Profil 'Standard Profile' aplicat pe session7.
2026-07-06 12:57:13  =================================================================
2026-07-06 12:57:13    S7-XRP — XRPUSD M15+M30 BOTH pw=10 pullback+IB | test +0.245R DD -11.2%
2026-07-06 12:57:13    Piete: ['XRPUSD']
2026-07-06 12:57:13    TF: M15 (trend M30) | PW=4 | BOTH
2026-07-06 12:57:13    Output: C:\Dev\trading-bot\data\live_signals\session7
2026-07-06 12:57:13  =================================================================
2026-07-06 12:57:13  MT5: 52906593 @ ICMarketsEU-Demo (DEMO)
2026-07-06 12:57:13    [ORPHAN] Nicio pozitie MT5 fara corespondent — state consistent cu MT5.
2026-07-06 12:57:13  Simboluri active: ['XRPUSD']
2026-07-06 12:57:13  Pornit. Ctrl+C pentru oprire.

2026-07-06 12:57:13  --- S7-XRP iter 1 @ 12:57:13 ---
2026-07-06 12:57:13    Niciun semnal nou. Pendinge: 0
2026-07-06 12:57:13    Urmatoarea bara 15min @ 13:00:05 — 172s
2026-07-06 13:00:05  --- S7-XRP iter 2 @ 13:00:05 ---
2026-07-06 13:00:05    Niciun semnal nou. Pendinge: 0
2026-07-06 13:00:05    Urmatoarea bara 15min @ 13:15:05 — 900s
2026-07-06 13:15:05  --- S7-XRP iter 3 @ 13:15:05 ---
2026-07-06 13:15:05    Niciun semnal nou. Pendinge: 0
2026-07-06 13:15:05    Urmatoarea bara 15min @ 13:30:05 — 900s
2026-07-06 13:30:05  --- S7-XRP iter 4 @ 13:30:05 ---
2026-07-06 13:30:05    Niciun semnal nou. Pendinge: 0
2026-07-06 13:30:05    Urmatoarea bara 15min @ 13:45:05 — 900s
2026-07-06 13:45:05  --- S7-XRP iter 5 @ 13:45:05 ---
2026-07-06 13:45:05    Niciun semnal nou. Pendinge: 0
2026-07-06 13:45:05    Urmatoarea bara 15min @ 14:00:05 — 900s
2026-07-06 14:00:05  --- S7-XRP iter 6 @ 14:00:05 ---
2026-07-06 14:00:08    Niciun semnal nou. Pendinge: 0
2026-07-06 14:00:08    Urmatoarea bara 15min @ 14:15:05 — 896s
2026-07-06 14:15:05  --- S7-XRP iter 7 @ 14:15:05 ---
2026-07-06 14:15:05    Niciun semnal nou. Pendinge: 0
2026-07-06 14:15:05    Urmatoarea bara 15min @ 14:30:05 — 900s
2026-07-06 14:30:05  --- S7-XRP iter 8 @ 14:30:05 ---
2026-07-06 14:30:05    Niciun semnal nou. Pendinge: 0
2026-07-06 14:30:05    Urmatoarea bara 15min @ 14:45:05 — 900s
2026-07-06 14:45:05  --- S7-XRP iter 9 @ 14:45:05 ---
2026-07-06 14:45:27    Niciun semnal nou. Pendinge: 0
2026-07-06 14:45:27    Urmatoarea bara 15min @ 15:00:05 — 877s
2026-07-06 15:00:05  --- S7-XRP iter 10 @ 15:00:05 ---
2026-07-06 15:00:05    Niciun semnal nou. Pendinge: 0
2026-07-06 15:00:05    Urmatoarea bara 15min @ 15:15:05 — 900s
2026-07-06 15:15:05  --- S7-XRP iter 11 @ 15:15:05 ---
2026-07-06 15:15:05    Niciun semnal nou. Pendinge: 0
2026-07-06 15:15:05    Urmatoarea bara 15min @ 15:30:05 — 900s
2026-07-06 15:30:05  --- S7-XRP iter 12 @ 15:30:05 ---
2026-07-06 15:30:05    Niciun semnal nou. Pendinge: 0
2026-07-06 15:30:05    Urmatoarea bara 15min @ 15:45:05 — 900s
2026-07-06 15:45:05  --- S7-XRP iter 13 @ 15:45:05 ---
2026-07-06 15:45:05    Niciun semnal nou. Pendinge: 0
2026-07-06 15:45:05    Urmatoarea bara 15min @ 16:00:05 — 900s
2026-07-06 16:00:05  --- S7-XRP iter 14 @ 16:00:05 ---
2026-07-06 16:00:05    Niciun semnal nou. Pendinge: 0
2026-07-06 16:00:05    Urmatoarea bara 15min @ 16:15:05 — 899s
2026-07-06 16:15:05  --- S7-XRP iter 15 @ 16:15:05 ---
2026-07-06 16:15:05    Niciun semnal nou. Pendinge: 0
2026-07-06 16:15:05    Urmatoarea bara 15min @ 16:30:05 — 900s
2026-07-06 16:30:05  --- S7-XRP iter 16 @ 16:30:05 ---
2026-07-06 16:30:05    Niciun semnal nou. Pendinge: 0
2026-07-06 16:30:05    Urmatoarea bara 15min @ 16:45:05 — 900s
2026-07-06 16:45:05  --- S7-XRP iter 17 @ 16:45:05 ---
2026-07-06 16:45:05    Niciun semnal nou. Pendinge: 0
2026-07-06 16:45:05    Urmatoarea bara 15min @ 17:00:05 — 900s
2026-07-06 17:00:05  --- S7-XRP iter 18 @ 17:00:05 ---
2026-07-06 17:00:05    [STIRI] Pauza automata — ISM Services PMI (USD, High, 2 min)
2026-07-06 17:00:05    [STIRI] Tranzitie → pauza: inchid ordine/pozitii active.
2026-07-06 17:00:05    [STIRI] Nicio pozitie/ordin activ — nimic de inchis.
2026-07-06 17:00:06    Niciun semnal nou. Pendinge: 0
2026-07-06 17:00:06    Urmatoarea bara 15min @ 17:15:05 — 899s
2026-07-06 17:15:05  --- S7-XRP iter 19 @ 17:15:05 ---
2026-07-06 17:15:05    [STIRI] Pauza automata — ISM Services PMI (USD, High, -13 min)
2026-07-06 17:15:05    Niciun semnal nou. Pendinge: 0
2026-07-06 17:15:05    Urmatoarea bara 15min @ 17:30:05 — 900s
2026-07-06 17:30:05  --- S7-XRP iter 20 @ 17:30:05 ---
2026-07-06 17:30:05    Niciun semnal nou. Pendinge: 0
2026-07-06 17:30:05    Urmatoarea bara 15min @ 17:45:05 — 900s
2026-07-06 17:45:05  --- S7-XRP iter 21 @ 17:45:05 ---
2026-07-06 17:45:05    Niciun semnal nou. Pendinge: 0
2026-07-06 17:45:05    Urmatoarea bara 15min @ 18:00:05 — 900s
2026-07-06 18:00:05  --- S7-XRP iter 22 @ 18:00:05 ---
2026-07-06 18:00:05    Niciun semnal nou. Pendinge: 0
2026-07-06 18:00:05    Urmatoarea bara 15min @ 18:15:05 — 900s
2026-07-06 18:15:05  --- S7-XRP iter 23 @ 18:15:05 ---
2026-07-06 18:15:05    Niciun semnal nou. Pendinge: 0
2026-07-06 18:15:05    Urmatoarea bara 15min @ 18:30:05 — 900s
2026-07-06 18:30:05  --- S7-XRP iter 24 @ 18:30:05 ---
2026-07-06 18:30:05    Niciun semnal nou. Pendinge: 0
2026-07-06 18:30:05    Urmatoarea bara 15min @ 18:45:05 — 900s
2026-07-06 18:45:05  --- S7-XRP iter 25 @ 18:45:05 ---
2026-07-06 18:45:12    Niciun semnal nou. Pendinge: 0
2026-07-06 18:45:12    Urmatoarea bara 15min @ 19:00:05 — 892s
2026-07-06 19:00:05  --- S7-XRP iter 26 @ 19:00:05 ---
2026-07-06 19:00:05    Niciun semnal nou. Pendinge: 0
2026-07-06 19:00:05    Urmatoarea bara 15min @ 19:15:05 — 900s
2026-07-06 19:15:05  --- S7-XRP iter 27 @ 19:15:05 ---
2026-07-06 19:15:05    Niciun semnal nou. Pendinge: 0
2026-07-06 19:15:05    Urmatoarea bara 15min @ 19:30:05 — 900s
2026-07-06 19:30:05  --- S7-XRP iter 28 @ 19:30:05 ---
2026-07-06 19:30:05    Niciun semnal nou. Pendinge: 0
2026-07-06 19:30:05    Urmatoarea bara 15min @ 19:45:05 — 900s
2026-07-06 19:45:05  --- S7-XRP iter 29 @ 19:45:05 ---
2026-07-06 19:45:05    Niciun semnal nou. Pendinge: 0
2026-07-06 19:45:05    Urmatoarea bara 15min @ 20:00:05 — 900s
2026-07-06 20:00:05  --- S7-XRP iter 30 @ 20:00:05 ---
2026-07-06 20:00:05    Niciun semnal nou. Pendinge: 0
2026-07-06 20:00:05    Urmatoarea bara 15min @ 20:15:05 — 900s
2026-07-06 20:15:05  --- S7-XRP iter 31 @ 20:15:05 ---
2026-07-06 20:15:05    Niciun semnal nou. Pendinge: 0
2026-07-06 20:15:05    Urmatoarea bara 15min @ 20:30:05 — 900s
2026-07-06 20:30:05  --- S7-XRP iter 32 @ 20:30:05 ---
2026-07-06 20:30:05    Niciun semnal nou. Pendinge: 0
2026-07-06 20:30:05    Urmatoarea bara 15min @ 20:45:05 — 900s
2026-07-06 20:45:05  --- S7-XRP iter 33 @ 20:45:05 ---
2026-07-06 20:45:05    Niciun semnal nou. Pendinge: 0
2026-07-06 20:45:05    Urmatoarea bara 15min @ 21:00:05 — 900s
2026-07-06 21:00:05  --- S7-XRP iter 34 @ 21:00:05 ---
2026-07-06 21:00:05    Niciun semnal nou. Pendinge: 0
2026-07-06 21:00:05    Urmatoarea bara 15min @ 21:15:05 — 900s
2026-07-06 21:15:05  --- S7-XRP iter 35 @ 21:15:05 ---
2026-07-06 21:15:05    Niciun semnal nou. Pendinge: 0
2026-07-06 21:15:05    Urmatoarea bara 15min @ 21:30:05 — 900s
2026-07-06 21:30:05  --- S7-XRP iter 36 @ 21:30:05 ---
2026-07-06 21:30:05    Niciun semnal nou. Pendinge: 0
2026-07-06 21:30:05    Urmatoarea bara 15min @ 21:45:05 — 900s
2026-07-06 21:45:05  --- S7-XRP iter 37 @ 21:45:05 ---
2026-07-06 21:45:05    Niciun semnal nou. Pendinge: 0
2026-07-06 21:45:05    Urmatoarea bara 15min @ 22:00:05 — 900s
2026-07-06 22:00:05  --- S7-XRP iter 38 @ 22:00:05 ---
2026-07-06 22:00:05    *** SEMNAL [INSIDE_BAR]: S7-XRP-IB0033 XRPUSD LONG entry=1.14972 sl=1.14328 tp=1.16260 (2.0R) RSI=59
2026-07-06 22:00:05    [EXEC] *** ORDIN: S7-XRP-IB0033 XRPUSD LONG 227.1lot @ 1.14972  SL=1.14328  TP=1.16260  ticket=#1792446208
2026-07-06 22:00:05    Urmatoarea bara 15min @ 22:15:05 — 899s
2026-07-06 22:15:05  --- S7-XRP iter 39 @ 22:15:05 ---
2026-07-06 22:15:05    Niciun semnal nou. Pendinge: 1
2026-07-06 22:15:05    Urmatoarea bara 15min @ 22:30:05 — 900s
2026-07-06 22:30:05  --- S7-XRP iter 40 @ 22:30:05 ---
2026-07-06 22:30:05    *** SEMNAL [PULLBACK]: S7-XRP-SIG0009 XRPUSD LONG entry=1.14942 sl=1.14048 tp=1.18965 (4.5R) RSI=59
2026-07-06 22:30:05    [EXEC] *** ORDIN: S7-XRP-SIG0009 XRPUSD LONG 196.1lot @ 1.14942  SL=1.14048  TP=1.18965  ticket=#1792478303
2026-07-06 22:30:05    Urmatoarea bara 15min @ 22:45:05 — 899s
2026-07-06 22:45:05  --- S7-XRP iter 41 @ 22:45:05 ---
2026-07-06 22:45:05    TRIGGERAT: S7-XRP-IB0033 XRPUSD LONG @ 1.14972
2026-07-06 22:45:05    TRIGGERAT: S7-XRP-SIG0009 XRPUSD LONG @ 1.14942
2026-07-06 22:45:05    Niciun semnal nou. Pendinge: 2
2026-07-06 22:45:05    Urmatoarea bara 15min @ 23:00:05 — 900s
2026-07-06 23:00:05  --- S7-XRP iter 42 @ 23:00:05 ---
2026-07-06 23:00:05    Niciun semnal nou. Pendinge: 2
2026-07-06 23:00:05    Urmatoarea bara 15min @ 23:15:05 — 900s
2026-07-06 23:15:05  --- S7-XRP iter 43 @ 23:15:05 ---
2026-07-06 23:15:05    [MT5] Pozitie #1792446208 inchisa: exit=1.1432  result=-1.012R  pnl=-1.48USD  comm=+0.00  swap=+0.00  [SL]
2026-07-06 23:15:05    PIERDERE (MT5): S7-XRP-IB0033 SL -1.012R
2026-07-06 23:15:05    Niciun semnal nou. Pendinge: 1
2026-07-06 23:15:05    Urmatoarea bara 15min @ 23:30:05 — 900s
2026-07-06 23:30:05  --- S7-XRP iter 44 @ 23:30:05 ---
2026-07-06 23:30:05    Niciun semnal nou. Pendinge: 1
2026-07-06 23:30:05    Urmatoarea bara 15min @ 23:45:05 — 900s
2026-07-06 23:45:05  --- S7-XRP iter 45 @ 23:45:05 ---
2026-07-06 23:45:05    Niciun semnal nou. Pendinge: 1
2026-07-06 23:45:05    Urmatoarea bara 15min @ 00:00:05 — 900s
2026-07-07 00:00:05  --- S7-XRP iter 46 @ 00:00:05 ---
2026-07-07 00:00:05    Niciun semnal nou. Pendinge: 1
2026-07-07 00:00:05    Urmatoarea bara 15min @ 00:15:05 — 900s
2026-07-07 00:15:05  --- S7-XRP iter 47 @ 00:15:05 ---
2026-07-07 00:15:05    Niciun semnal nou. Pendinge: 1
2026-07-07 00:15:05    Urmatoarea bara 15min @ 00:30:05 — 900s
2026-07-07 00:30:05  --- S7-XRP iter 48 @ 00:30:05 ---
2026-07-07 00:30:05    Niciun semnal nou. Pendinge: 1
2026-07-07 00:30:05    Urmatoarea bara 15min @ 00:45:05 — 900s
2026-07-07 00:45:05  --- S7-XRP iter 49 @ 00:45:05 ---
2026-07-07 00:45:05    Niciun semnal nou. Pendinge: 1
2026-07-07 00:45:05    Urmatoarea bara 15min @ 01:00:05 — 900s
2026-07-07 01:00:05  --- S7-XRP iter 50 @ 01:00:05 ---
2026-07-07 01:00:05    Niciun semnal nou. Pendinge: 1
2026-07-07 01:00:05    Urmatoarea bara 15min @ 01:15:05 — 900s
2026-07-07 01:15:05  --- S7-XRP iter 51 @ 01:15:05 ---
2026-07-07 01:15:05    Niciun semnal nou. Pendinge: 1
2026-07-07 01:15:05    Urmatoarea bara 15min @ 01:30:05 — 899s
2026-07-07 01:30:05  --- S7-XRP iter 52 @ 01:30:05 ---
2026-07-07 01:30:05    Niciun semnal nou. Pendinge: 1
2026-07-07 01:30:05    Urmatoarea bara 15min @ 01:45:05 — 900s
2026-07-07 01:45:05  --- S7-XRP iter 53 @ 01:45:05 ---
2026-07-07 01:45:05    Niciun semnal nou. Pendinge: 1
2026-07-07 01:45:05    Urmatoarea bara 15min @ 02:00:05 — 900s
2026-07-07 02:00:05  --- S7-XRP iter 54 @ 02:00:05 ---
2026-07-07 02:00:05    Niciun semnal nou. Pendinge: 1
2026-07-07 02:00:05    Urmatoarea bara 15min @ 02:15:05 — 900s
2026-07-07 02:15:05  --- S7-XRP iter 55 @ 02:15:05 ---
2026-07-07 02:15:05    Niciun semnal nou. Pendinge: 1
2026-07-07 02:15:05    Urmatoarea bara 15min @ 02:30:05 — 900s
2026-07-07 02:30:05  --- S7-XRP iter 56 @ 02:30:05 ---
2026-07-07 02:30:05    Niciun semnal nou. Pendinge: 1
2026-07-07 02:30:05    Urmatoarea bara 15min @ 02:45:05 — 900s
2026-07-07 02:45:05  --- S7-XRP iter 57 @ 02:45:05 ---
2026-07-07 02:45:05    Niciun semnal nou. Pendinge: 1
2026-07-07 02:45:05    Urmatoarea bara 15min @ 03:00:05 — 900s
2026-07-07 03:00:05  --- S7-XRP iter 58 @ 03:00:05 ---
2026-07-07 03:00:05    Niciun semnal nou. Pendinge: 1
2026-07-07 03:00:05    Urmatoarea bara 15min @ 03:15:05 — 900s
2026-07-07 03:15:05  --- S7-XRP iter 59 @ 03:15:05 ---
2026-07-07 03:15:05    Niciun semnal nou. Pendinge: 1
2026-07-07 03:15:05    Urmatoarea bara 15min @ 03:30:05 — 900s
2026-07-07 03:30:05  --- S7-XRP iter 60 @ 03:30:05 ---
2026-07-07 03:30:05    Niciun semnal nou. Pendinge: 1
2026-07-07 03:30:05    Urmatoarea bara 15min @ 03:45:05 — 900s
2026-07-07 03:45:05  --- S7-XRP iter 61 @ 03:45:05 ---
2026-07-07 03:45:05    Niciun semnal nou. Pendinge: 1
2026-07-07 03:45:05    Urmatoarea bara 15min @ 04:00:05 — 900s
2026-07-07 04:00:05  --- S7-XRP iter 62 @ 04:00:05 ---
2026-07-07 04:00:05    Niciun semnal nou. Pendinge: 1
2026-07-07 04:00:05    Urmatoarea bara 15min @ 04:15:05 — 899s
2026-07-07 04:15:05  --- S7-XRP iter 63 @ 04:15:05 ---
2026-07-07 04:15:05    Niciun semnal nou. Pendinge: 1
2026-07-07 04:15:05    Urmatoarea bara 15min @ 04:30:05 — 900s
2026-07-07 04:30:05  --- S7-XRP iter 64 @ 04:30:05 ---
2026-07-07 04:30:05    [MT5] Pozitie #1792478303 inchisa: exit=1.1405  result=-0.998R  pnl=-1.76USD  comm=+0.00  swap=-0.12  [SL]
2026-07-07 04:30:05    PIERDERE (MT5): S7-XRP-SIG0009 SL -0.998R
2026-07-07 04:30:05    Niciun semnal nou. Pendinge: 0
2026-07-07 04:30:05    Urmatoarea bara 15min @ 04:45:05 — 900s
2026-07-07 04:45:05  --- S7-XRP iter 65 @ 04:45:05 ---
2026-07-07 04:45:05    Niciun semnal nou. Pendinge: 0
2026-07-07 04:45:05    Urmatoarea bara 15min @ 05:00:05 — 900s
2026-07-07 05:00:05  --- S7-XRP iter 66 @ 05:00:05 ---
2026-07-07 05:00:05    Niciun semnal nou. Pendinge: 0
2026-07-07 05:00:05    Urmatoarea bara 15min @ 05:15:05 — 900s
2026-07-07 05:15:05  --- S7-XRP iter 67 @ 05:15:05 ---
2026-07-07 05:15:05    Niciun semnal nou. Pendinge: 0
2026-07-07 05:15:05    Urmatoarea bara 15min @ 05:30:05 — 900s
2026-07-07 05:30:05  --- S7-XRP iter 68 @ 05:30:05 ---
2026-07-07 05:30:05    Niciun semnal nou. Pendinge: 0
2026-07-07 05:30:05    Urmatoarea bara 15min @ 05:45:05 — 900s
2026-07-07 05:45:05  --- S7-XRP iter 69 @ 05:45:05 ---
2026-07-07 05:45:05    Niciun semnal nou. Pendinge: 0
2026-07-07 05:45:05    Urmatoarea bara 15min @ 06:00:05 — 900s
2026-07-07 06:00:05  --- S7-XRP iter 70 @ 06:00:05 ---
2026-07-07 06:00:05    Niciun semnal nou. Pendinge: 0
2026-07-07 06:00:05    Urmatoarea bara 15min @ 06:15:05 — 900s
2026-07-07 06:15:05  --- S7-XRP iter 71 @ 06:15:05 ---
2026-07-07 06:15:05    Niciun semnal nou. Pendinge: 0
2026-07-07 06:15:05    Urmatoarea bara 15min @ 06:30:05 — 900s
2026-07-07 06:30:05  --- S7-XRP iter 72 @ 06:30:05 ---
2026-07-07 06:30:05    Niciun semnal nou. Pendinge: 0
2026-07-07 06:30:05    Urmatoarea bara 15min @ 06:45:05 — 900s
2026-07-07 06:45:05  --- S7-XRP iter 73 @ 06:45:05 ---
2026-07-07 06:45:05    Niciun semnal nou. Pendinge: 0
2026-07-07 06:45:05    Urmatoarea bara 15min @ 07:00:05 — 900s
2026-07-07 07:00:05  --- S7-XRP iter 74 @ 07:00:05 ---
2026-07-07 07:00:05    Niciun semnal nou. Pendinge: 0
2026-07-07 07:00:05    Urmatoarea bara 15min @ 07:15:05 — 900s
2026-07-07 07:15:05  --- S7-XRP iter 75 @ 07:15:05 ---
2026-07-07 07:15:05    Niciun semnal nou. Pendinge: 0
2026-07-07 07:15:05    Urmatoarea bara 15min @ 07:30:05 — 900s
2026-07-07 07:30:05  --- S7-XRP iter 76 @ 07:30:05 ---
2026-07-07 07:30:05    Niciun semnal nou. Pendinge: 0
2026-07-07 07:30:05    Urmatoarea bara 15min @ 07:45:05 — 900s
2026-07-07 07:45:05  --- S7-XRP iter 77 @ 07:45:05 ---
2026-07-07 07:45:05    Niciun semnal nou. Pendinge: 0
2026-07-07 07:45:05    Urmatoarea bara 15min @ 08:00:05 — 900s
2026-07-07 08:00:05  --- S7-XRP iter 78 @ 08:00:05 ---
2026-07-07 08:00:05    *** SEMNAL [INSIDE_BAR]: S7-XRP-IB0034 XRPUSD SHORT entry=1.12248 sl=1.12732 tp=1.11280 (2.0R) RSI=24
2026-07-07 08:00:07    [EXEC] *** ORDIN: S7-XRP-IB0034 XRPUSD SHORT 299.96lot @ 1.12248  SL=1.12732  TP=1.11280  ticket=#1793176611
2026-07-07 08:00:07    Urmatoarea bara 15min @ 08:15:05 — 898s
2026-07-07 08:15:05  --- S7-XRP iter 79 @ 08:15:05 ---
2026-07-07 08:15:05    TRIGGERAT: S7-XRP-IB0034 XRPUSD SHORT @ 1.12248
2026-07-07 08:15:05    Niciun semnal nou. Pendinge: 1
2026-07-07 08:15:05    Urmatoarea bara 15min @ 08:30:05 — 900s
2026-07-07 08:30:05  --- S7-XRP iter 80 @ 08:30:05 ---
2026-07-07 08:30:05    Niciun semnal nou. Pendinge: 1
2026-07-07 08:30:05    Urmatoarea bara 15min @ 08:45:05 — 900s
2026-07-07 08:45:05  --- S7-XRP iter 81 @ 08:45:05 ---
2026-07-07 08:45:05    [MT5] Pozitie #1793176611 inchisa: exit=1.1271  result=-0.955R  pnl=-1.41USD  comm=+0.00  swap=+0.00  [SL]
2026-07-07 08:45:05    PIERDERE (MT5): S7-XRP-IB0034 SL -0.955R
2026-07-07 08:45:05    Niciun semnal nou. Pendinge: 0
2026-07-07 08:45:05    Urmatoarea bara 15min @ 09:00:05 — 900s
2026-07-07 08:57:54    [PROFIL] Profil 'Standard Profile' aplicat pe session7.
2026-07-07 08:57:54  =================================================================
2026-07-07 08:57:54    S7-XRP — XRPUSD M15+M30 BOTH pw=10 pullback+IB | test +0.245R DD -11.2%
2026-07-07 08:57:54    Piete: ['XRPUSD']
2026-07-07 08:57:54    TF: M15 (trend M30) | PW=4 | BOTH
2026-07-07 08:57:54    Output: C:\Dev\trading-bot\data\live_signals\session7
2026-07-07 08:57:54  =================================================================
2026-07-07 08:57:54  MT5: 52906593 @ ICMarketsEU-Demo (DEMO)
2026-07-07 08:57:54    [MIGRATE] Cheie goala stearsa din pending: 'XRPUSD'
2026-07-07 08:57:54    [MIGRATE] Migrare pending: 0 semnale migrate, 1 chei goale sterse.
2026-07-07 08:57:54    [ORPHAN] Nicio pozitie MT5 fara corespondent — state consistent cu MT5.
2026-07-07 08:57:54  Simboluri active: ['XRPUSD']
2026-07-07 08:57:54  Pornit. Ctrl+C pentru oprire.

2026-07-07 08:57:54  --- S7-XRP iter 1 @ 08:57:54 ---
2026-07-07 08:57:54    Niciun semnal nou. Pendinge: 0
2026-07-07 08:57:54    Urmatoarea bara 15min @ 09:00:05 — 130s
2026-07-07 09:00:05  --- S7-XRP iter 2 @ 09:00:05 ---
2026-07-07 09:00:05    Niciun semnal nou. Pendinge: 0
2026-07-07 09:00:05    Urmatoarea bara 15min @ 09:15:05 — 899s
2026-07-07 09:15:05  --- S7-XRP iter 3 @ 09:15:05 ---
2026-07-07 09:15:05    Niciun semnal nou. Pendinge: 0
2026-07-07 09:15:05    Urmatoarea bara 15min @ 09:30:05 — 900s
2026-07-07 09:30:05  --- S7-XRP iter 4 @ 09:30:05 ---
2026-07-07 09:30:05    Niciun semnal nou. Pendinge: 0
2026-07-07 09:30:05    Urmatoarea bara 15min @ 09:45:05 — 900s
2026-07-07 09:45:05  --- S7-XRP iter 5 @ 09:45:05 ---
2026-07-07 09:45:05    *** SEMNAL [INSIDE_BAR]: S7-XRP-IB0035 XRPUSD LONG entry=1.13072 sl=1.12458 tp=1.14300 (2.0R) RSI=48
2026-07-07 09:45:05    [EXEC] *** ORDIN: S7-XRP-IB0035 XRPUSD LONG 235.9lot @ 1.13072  SL=1.12458  TP=1.14300  ticket=#1793372031
2026-07-07 09:45:06    Urmatoarea bara 15min @ 10:00:05 — 899s
2026-07-07 10:00:05  --- S7-XRP iter 6 @ 10:00:05 ---
2026-07-07 10:00:05    TRIGGERAT: S7-XRP-IB0035 XRPUSD LONG @ 1.13072
2026-07-07 10:00:05    Niciun semnal nou. Pendinge: 1
2026-07-07 10:00:05    Urmatoarea bara 15min @ 10:15:05 — 900s
2026-07-07 10:15:05  --- S7-XRP iter 7 @ 10:15:05 ---
2026-07-07 10:15:05    Niciun semnal nou. Pendinge: 1
2026-07-07 10:15:05    Urmatoarea bara 15min @ 10:30:05 — 900s
2026-07-07 10:30:05  --- S7-XRP iter 8 @ 10:30:05 ---
2026-07-07 10:30:05    Niciun semnal nou. Pendinge: 1
2026-07-07 10:30:05    Urmatoarea bara 15min @ 10:45:05 — 900s
2026-07-07 10:45:05  --- S7-XRP iter 9 @ 10:45:05 ---
2026-07-07 10:45:05    Niciun semnal nou. Pendinge: 1
2026-07-07 10:45:05    Urmatoarea bara 15min @ 11:00:05 — 900s
2026-07-07 11:00:05  --- S7-XRP iter 10 @ 11:00:05 ---
2026-07-07 11:00:05    Niciun semnal nou. Pendinge: 1
2026-07-07 11:00:05    Urmatoarea bara 15min @ 11:15:05 — 900s
2026-07-07 11:15:05  --- S7-XRP iter 11 @ 11:15:05 ---
2026-07-07 11:15:05    [MT5] Pozitie #1793372031 inchisa: exit=1.1246  result=-0.997R  pnl=-1.46USD  comm=+0.00  swap=+0.00  [SL]
2026-07-07 11:15:05    PIERDERE (MT5): S7-XRP-IB0035 SL -0.997R
2026-07-07 11:15:05    Niciun semnal nou. Pendinge: 0
2026-07-07 11:15:05    Urmatoarea bara 15min @ 11:30:05 — 900s
2026-07-07 11:30:05  --- S7-XRP iter 12 @ 11:30:05 ---
2026-07-07 11:30:05    Niciun semnal nou. Pendinge: 0
2026-07-07 11:30:05    Urmatoarea bara 15min @ 11:45:05 — 900s
2026-07-07 11:45:05  --- S7-XRP iter 13 @ 11:45:05 ---
2026-07-07 11:45:05    Niciun semnal nou. Pendinge: 0
2026-07-07 11:45:05    Urmatoarea bara 15min @ 12:00:05 — 900s
2026-07-07 12:00:05  --- S7-XRP iter 14 @ 12:00:05 ---
2026-07-07 12:00:05    Niciun semnal nou. Pendinge: 0
2026-07-07 12:00:05    Urmatoarea bara 15min @ 12:15:05 — 900s
2026-07-07 12:15:05  --- S7-XRP iter 15 @ 12:15:05 ---
2026-07-07 12:15:05    Niciun semnal nou. Pendinge: 0
2026-07-07 12:15:05    Urmatoarea bara 15min @ 12:30:05 — 900s
2026-07-07 12:30:05  --- S7-XRP iter 16 @ 12:30:05 ---
2026-07-07 12:30:05    Niciun semnal nou. Pendinge: 0
2026-07-07 12:30:05    Urmatoarea bara 15min @ 12:45:05 — 900s
2026-07-07 12:45:05  --- S7-XRP iter 17 @ 12:45:05 ---
2026-07-07 12:45:05    Niciun semnal nou. Pendinge: 0
2026-07-07 12:45:05    Urmatoarea bara 15min @ 13:00:05 — 900s
2026-07-07 13:00:05  --- S7-XRP iter 18 @ 13:00:05 ---
2026-07-07 13:00:05    Niciun semnal nou. Pendinge: 0
2026-07-07 13:00:05    Urmatoarea bara 15min @ 13:15:05 — 900s
2026-07-07 13:15:05  --- S7-XRP iter 19 @ 13:15:05 ---
2026-07-07 13:15:05    Niciun semnal nou. Pendinge: 0
2026-07-07 13:15:05    Urmatoarea bara 15min @ 13:30:05 — 900s
2026-07-07 13:30:05  --- S7-XRP iter 20 @ 13:30:05 ---
2026-07-07 13:30:05    Niciun semnal nou. Pendinge: 0
2026-07-07 13:30:05    Urmatoarea bara 15min @ 13:45:05 — 900s
2026-07-07 13:45:05  --- S7-XRP iter 21 @ 13:45:05 ---
2026-07-07 13:45:05    Niciun semnal nou. Pendinge: 0
2026-07-07 13:45:05    Urmatoarea bara 15min @ 14:00:05 — 900s
2026-07-07 14:00:05  --- S7-XRP iter 22 @ 14:00:05 ---
2026-07-07 14:00:05    Niciun semnal nou. Pendinge: 0
2026-07-07 14:00:05    Urmatoarea bara 15min @ 14:15:05 — 900s
2026-07-07 14:15:05  --- S7-XRP iter 23 @ 14:15:05 ---
2026-07-07 14:15:05    Niciun semnal nou. Pendinge: 0
2026-07-07 14:15:05    Urmatoarea bara 15min @ 14:30:05 — 900s
2026-07-07 14:30:05  --- S7-XRP iter 24 @ 14:30:05 ---
2026-07-07 14:30:05    Niciun semnal nou. Pendinge: 0
2026-07-07 14:30:05    Urmatoarea bara 15min @ 14:45:05 — 900s
2026-07-07 14:45:05  --- S7-XRP iter 25 @ 14:45:05 ---
2026-07-07 14:45:05    Niciun semnal nou. Pendinge: 0
2026-07-07 14:45:05    Urmatoarea bara 15min @ 15:00:05 — 900s
2026-07-07 15:00:05  --- S7-XRP iter 26 @ 15:00:05 ---
2026-07-07 15:00:05    Niciun semnal nou. Pendinge: 0
2026-07-07 15:00:05    Urmatoarea bara 15min @ 15:15:05 — 899s
2026-07-07 15:15:05  --- S7-XRP iter 27 @ 15:15:05 ---
2026-07-07 15:15:05    Niciun semnal nou. Pendinge: 0
2026-07-07 15:15:05    Urmatoarea bara 15min @ 15:30:05 — 900s
2026-07-07 15:30:05  --- S7-XRP iter 28 @ 15:30:05 ---
2026-07-07 15:30:05    Niciun semnal nou. Pendinge: 0
2026-07-07 15:30:05    Urmatoarea bara 15min @ 15:45:05 — 900s
2026-07-07 15:45:05  --- S7-XRP iter 29 @ 15:45:05 ---
2026-07-07 15:45:05    Niciun semnal nou. Pendinge: 0
2026-07-07 15:45:05    Urmatoarea bara 15min @ 16:00:05 — 900s
2026-07-07 16:00:05  --- S7-XRP iter 30 @ 16:00:05 ---
2026-07-07 16:00:05    Niciun semnal nou. Pendinge: 0
2026-07-07 16:00:05    Urmatoarea bara 15min @ 16:15:05 — 899s
2026-07-07 16:15:05  --- S7-XRP iter 31 @ 16:15:05 ---
2026-07-07 16:15:05    Niciun semnal nou. Pendinge: 0
2026-07-07 16:15:05    Urmatoarea bara 15min @ 16:30:05 — 900s
2026-07-07 16:30:05  --- S7-XRP iter 32 @ 16:30:05 ---
2026-07-07 16:30:05    Niciun semnal nou. Pendinge: 0
2026-07-07 16:30:06    Urmatoarea bara 15min @ 16:45:05 — 898s
2026-07-07 16:45:05  --- S7-XRP iter 33 @ 16:45:05 ---
2026-07-07 16:45:05    Niciun semnal nou. Pendinge: 0
2026-07-07 16:45:05    Urmatoarea bara 15min @ 17:00:05 — 900s
2026-07-07 17:00:05  --- S7-XRP iter 34 @ 17:00:05 ---
2026-07-07 17:00:05    Niciun semnal nou. Pendinge: 0
2026-07-07 17:00:05    Urmatoarea bara 15min @ 17:15:05 — 900s
2026-07-07 17:15:05  --- S7-XRP iter 35 @ 17:15:05 ---
2026-07-07 17:15:05    Niciun semnal nou. Pendinge: 0
2026-07-07 17:15:05    Urmatoarea bara 15min @ 17:30:05 — 900s
2026-07-07 17:30:05  --- S7-XRP iter 36 @ 17:30:05 ---
2026-07-07 17:30:05    Niciun semnal nou. Pendinge: 0
2026-07-07 17:30:05    Urmatoarea bara 15min @ 17:45:05 — 900s
2026-07-07 17:45:05  --- S7-XRP iter 37 @ 17:45:05 ---
2026-07-07 17:45:05    Niciun semnal nou. Pendinge: 0
2026-07-07 17:45:05    Urmatoarea bara 15min @ 18:00:05 — 900s
2026-07-07 18:00:05  --- S7-XRP iter 38 @ 18:00:05 ---
2026-07-07 18:00:05    Niciun semnal nou. Pendinge: 0
2026-07-07 18:00:05    Urmatoarea bara 15min @ 18:15:05 — 900s
2026-07-07 18:15:05  --- S7-XRP iter 39 @ 18:15:05 ---
2026-07-07 18:15:05    Niciun semnal nou. Pendinge: 0
2026-07-07 18:15:05    Urmatoarea bara 15min @ 18:30:05 — 900s
2026-07-07 18:30:05  --- S7-XRP iter 40 @ 18:30:05 ---
2026-07-07 18:30:05    Niciun semnal nou. Pendinge: 0
2026-07-07 18:30:05    Urmatoarea bara 15min @ 18:45:05 — 900s
2026-07-07 18:45:05  --- S7-XRP iter 41 @ 18:45:05 ---
2026-07-07 18:45:05    Niciun semnal nou. Pendinge: 0
2026-07-07 18:45:05    Urmatoarea bara 15min @ 19:00:05 — 900s
2026-07-07 19:00:05  --- S7-XRP iter 42 @ 19:00:05 ---
2026-07-07 19:00:05    Niciun semnal nou. Pendinge: 0
2026-07-07 19:00:05    Urmatoarea bara 15min @ 19:15:05 — 900s
2026-07-07 19:15:05  --- S7-XRP iter 43 @ 19:15:05 ---
2026-07-07 19:15:05    Niciun semnal nou. Pendinge: 0
2026-07-07 19:15:05    Urmatoarea bara 15min @ 19:30:05 — 900s
2026-07-07 19:30:05  --- S7-XRP iter 44 @ 19:30:05 ---
2026-07-07 19:30:05    Niciun semnal nou. Pendinge: 0
2026-07-07 19:30:05    Urmatoarea bara 15min @ 19:45:05 — 900s
2026-07-07 19:45:05  --- S7-XRP iter 45 @ 19:45:05 ---
2026-07-07 19:45:05    Niciun semnal nou. Pendinge: 0
2026-07-07 19:45:05    Urmatoarea bara 15min @ 20:00:05 — 900s
2026-07-07 20:00:05  --- S7-XRP iter 46 @ 20:00:05 ---
2026-07-07 20:00:05    Niciun semnal nou. Pendinge: 0
2026-07-07 20:00:05    Urmatoarea bara 15min @ 20:15:05 — 899s
2026-07-07 20:15:05  --- S7-XRP iter 47 @ 20:15:05 ---
2026-07-07 20:15:05    Niciun semnal nou. Pendinge: 0
2026-07-07 20:15:05    Urmatoarea bara 15min @ 20:30:05 — 900s
2026-07-07 20:30:05  --- S7-XRP iter 48 @ 20:30:05 ---
2026-07-07 20:30:05    Niciun semnal nou. Pendinge: 0
2026-07-07 20:30:05    Urmatoarea bara 15min @ 20:45:05 — 900s
2026-07-07 20:45:05  --- S7-XRP iter 49 @ 20:45:05 ---
2026-07-07 20:45:05    Niciun semnal nou. Pendinge: 0
2026-07-07 20:45:05    Urmatoarea bara 15min @ 21:00:05 — 900s
2026-07-07 21:00:05  --- S7-XRP iter 50 @ 21:00:05 ---
2026-07-07 21:00:05    Niciun semnal nou. Pendinge: 0
2026-07-07 21:00:05    Urmatoarea bara 15min @ 21:15:05 — 900s
2026-07-07 21:15:05  --- S7-XRP iter 51 @ 21:15:05 ---
2026-07-07 21:15:05    Niciun semnal nou. Pendinge: 0
2026-07-07 21:15:05    Urmatoarea bara 15min @ 21:30:05 — 900s
2026-07-07 21:30:05  --- S7-XRP iter 52 @ 21:30:05 ---
2026-07-07 21:30:05    *** SEMNAL [INSIDE_BAR]: S7-XRP-IB0036 XRPUSD SHORT entry=1.12608 sl=1.13182 tp=1.11460 (2.0R) RSI=50
2026-07-07 21:30:05    [EXEC] S7-XRP-IB0036: SELL_STOP amanat (Bid 1.12590 <= entry 1.12608) — retry bara urm.
2026-07-07 21:30:05    S7-XRP-IB0036: pret depasit acum — retry bara urm.
2026-07-07 21:30:05    [RETRY] S7-XRP-IB0036: incerc plasare ordin (bara precedenta → None)
2026-07-07 21:30:05    [EXEC] S7-XRP-IB0036: SELL_STOP amanat (Bid 1.12590 <= entry 1.12608) — retry bara urm.
2026-07-07 21:30:05    Urmatoarea bara 15min @ 21:45:05 — 900s
2026-07-07 21:45:05  --- S7-XRP iter 53 @ 21:45:05 ---
2026-07-07 21:45:05    [RECOVER] Verificare 1 semnale fara ticket MT5 in history...
2026-07-07 21:45:05    [RETRY] S7-XRP-IB0036: incerc plasare ordin (bara precedenta → None)
2026-07-07 21:45:05    [EXEC] *** ORDIN: S7-XRP-IB0036 XRPUSD SHORT 249.1lot @ 1.12608  SL=1.13182  TP=1.11460  ticket=#1794815906
2026-07-07 21:45:05    Niciun semnal nou. Pendinge: 1
2026-07-07 21:45:05    Urmatoarea bara 15min @ 22:00:05 — 899s
2026-07-07 22:00:05  --- S7-XRP iter 54 @ 22:00:05 ---
2026-07-07 22:00:05    TRIGGERAT: S7-XRP-IB0036 XRPUSD SHORT @ 1.12608
2026-07-07 22:00:05    Niciun semnal nou. Pendinge: 1
2026-07-07 22:00:05    Urmatoarea bara 15min @ 22:15:05 — 900s
2026-07-07 22:15:05  --- S7-XRP iter 55 @ 22:15:05 ---
2026-07-07 22:15:05    [MT5] Pozitie #1794815906 inchisa: exit=1.1148  result=+1.965R  pnl=+2.81USD  comm=+0.00  swap=+0.00  [TP]
2026-07-07 22:15:05    PROFIT (MT5): S7-XRP-IB0036 TP +1.965R
2026-07-07 22:15:05    Niciun semnal nou. Pendinge: 0
2026-07-07 22:15:05    Urmatoarea bara 15min @ 22:30:05 — 900s
2026-07-07 22:30:05  --- S7-XRP iter 56 @ 22:30:05 ---
2026-07-07 22:30:05    Niciun semnal nou. Pendinge: 0
2026-07-07 22:30:05    Urmatoarea bara 15min @ 22:45:05 — 900s
2026-07-07 22:45:05  --- S7-XRP iter 57 @ 22:45:05 ---
2026-07-07 22:45:05    Niciun semnal nou. Pendinge: 0
2026-07-07 22:45:05    Urmatoarea bara 15min @ 23:00:05 — 900s
2026-07-07 23:00:05  --- S7-XRP iter 58 @ 23:00:05 ---
2026-07-07 23:00:05    Niciun semnal nou. Pendinge: 0
2026-07-07 23:00:05    Urmatoarea bara 15min @ 23:15:05 — 899s
2026-07-07 23:15:05  --- S7-XRP iter 59 @ 23:15:05 ---
2026-07-07 23:15:05    Niciun semnal nou. Pendinge: 0
2026-07-07 23:15:05    Urmatoarea bara 15min @ 23:30:05 — 900s
2026-07-07 23:30:05  --- S7-XRP iter 60 @ 23:30:05 ---
2026-07-07 23:30:05    Niciun semnal nou. Pendinge: 0
2026-07-07 23:30:05    Urmatoarea bara 15min @ 23:45:05 — 900s
2026-07-07 23:45:05  --- S7-XRP iter 61 @ 23:45:05 ---
2026-07-07 23:45:05    *** SEMNAL [PULLBACK]: S7-XRP-SIG0010 XRPUSD SHORT entry=1.11738 sl=1.12512 tp=1.08255 (4.5R) RSI=42
2026-07-07 23:45:10    [EXEC] *** ORDIN: S7-XRP-SIG0010 XRPUSD SHORT 221.55lot @ 1.11738  SL=1.12512  TP=1.08255  ticket=#1795070208
2026-07-07 23:45:10    Urmatoarea bara 15min @ 00:00:05 — 895s
2026-07-08 00:00:05  --- S7-XRP iter 62 @ 00:00:05 ---
2026-07-08 00:00:05    TRIGGERAT: S7-XRP-SIG0010 XRPUSD SHORT @ 1.11738
2026-07-08 00:00:05    Niciun semnal nou. Pendinge: 1
2026-07-08 00:00:05    Urmatoarea bara 15min @ 00:15:05 — 899s
2026-07-08 00:15:05  --- S7-XRP iter 63 @ 00:15:05 ---
2026-07-08 00:15:05    Niciun semnal nou. Pendinge: 1
2026-07-08 00:15:05    Urmatoarea bara 15min @ 00:30:05 — 900s
2026-07-08 00:30:05  --- S7-XRP iter 64 @ 00:30:05 ---
2026-07-08 00:30:05    Niciun semnal nou. Pendinge: 1
2026-07-08 00:30:05    Urmatoarea bara 15min @ 00:45:05 — 900s
2026-07-08 00:45:05  --- S7-XRP iter 65 @ 00:45:05 ---
2026-07-08 00:45:05    Niciun semnal nou. Pendinge: 1
2026-07-08 00:45:05    Urmatoarea bara 15min @ 01:00:05 — 900s
2026-07-08 01:00:05  --- S7-XRP iter 66 @ 01:00:05 ---
2026-07-08 01:00:05    Niciun semnal nou. Pendinge: 1
2026-07-08 01:00:05    Urmatoarea bara 15min @ 01:15:05 — 900s
2026-07-08 01:15:05  --- S7-XRP iter 67 @ 01:15:05 ---
2026-07-08 01:15:05    Niciun semnal nou. Pendinge: 1
2026-07-08 01:15:05    Urmatoarea bara 15min @ 01:30:05 — 900s
2026-07-08 01:30:05  --- S7-XRP iter 68 @ 01:30:05 ---
2026-07-08 01:30:05    Niciun semnal nou. Pendinge: 1
2026-07-08 01:30:05    Urmatoarea bara 15min @ 01:45:05 — 900s
2026-07-08 01:45:05  --- S7-XRP iter 69 @ 01:45:05 ---
2026-07-08 01:45:05    Niciun semnal nou. Pendinge: 1
2026-07-08 01:45:05    Urmatoarea bara 15min @ 02:00:05 — 900s
2026-07-08 02:00:05  --- S7-XRP iter 70 @ 02:00:05 ---
2026-07-08 02:00:05    Niciun semnal nou. Pendinge: 1
2026-07-08 02:00:05    Urmatoarea bara 15min @ 02:15:05 — 900s
2026-07-08 02:15:05  --- S7-XRP iter 71 @ 02:15:05 ---
2026-07-08 02:15:05    Niciun semnal nou. Pendinge: 1
2026-07-08 02:15:05    Urmatoarea bara 15min @ 02:30:05 — 900s
2026-07-08 02:30:05  --- S7-XRP iter 72 @ 02:30:05 ---
2026-07-08 02:30:05    Niciun semnal nou. Pendinge: 1
2026-07-08 02:30:05    Urmatoarea bara 15min @ 02:45:05 — 900s
2026-07-08 02:45:05  --- S7-XRP iter 73 @ 02:45:05 ---
2026-07-08 02:45:05    Niciun semnal nou. Pendinge: 1
2026-07-08 02:45:05    Urmatoarea bara 15min @ 03:00:05 — 900s
2026-07-08 03:00:05  --- S7-XRP iter 74 @ 03:00:05 ---
2026-07-08 03:00:05    Niciun semnal nou. Pendinge: 1
2026-07-08 03:00:05    Urmatoarea bara 15min @ 03:15:05 — 900s
2026-07-08 03:15:05  --- S7-XRP iter 75 @ 03:15:05 ---
2026-07-08 03:15:05    Niciun semnal nou. Pendinge: 1
2026-07-08 03:15:05    Urmatoarea bara 15min @ 03:30:05 — 900s
2026-07-08 03:30:05  --- S7-XRP iter 76 @ 03:30:05 ---
2026-07-08 03:30:05    Niciun semnal nou. Pendinge: 1
2026-07-08 03:30:05    Urmatoarea bara 15min @ 03:45:05 — 900s
2026-07-08 03:45:05  --- S7-XRP iter 77 @ 03:45:05 ---
2026-07-08 03:45:05    Niciun semnal nou. Pendinge: 1
2026-07-08 03:45:05    Urmatoarea bara 15min @ 04:00:05 — 900s
2026-07-08 04:00:05  --- S7-XRP iter 78 @ 04:00:05 ---
2026-07-08 04:00:06    Niciun semnal nou. Pendinge: 1
2026-07-08 04:00:06    Urmatoarea bara 15min @ 04:15:05 — 899s
2026-07-08 04:15:05  --- S7-XRP iter 79 @ 04:15:05 ---
2026-07-08 04:15:05    Niciun semnal nou. Pendinge: 1
2026-07-08 04:15:05    Urmatoarea bara 15min @ 04:30:05 — 900s
2026-07-08 04:30:05  --- S7-XRP iter 80 @ 04:30:05 ---
2026-07-08 04:30:05    Niciun semnal nou. Pendinge: 1
2026-07-08 04:30:05    Urmatoarea bara 15min @ 04:45:05 — 900s
2026-07-08 04:45:05  --- S7-XRP iter 81 @ 04:45:05 ---
2026-07-08 04:45:05    Niciun semnal nou. Pendinge: 1
2026-07-08 04:45:05    Urmatoarea bara 15min @ 05:00:05 — 900s
2026-07-08 05:00:05  --- S7-XRP iter 82 @ 05:00:05 ---
2026-07-08 05:00:05    Niciun semnal nou. Pendinge: 1
2026-07-08 05:00:05    Urmatoarea bara 15min @ 05:15:05 — 900s
2026-07-08 05:15:05  --- S7-XRP iter 83 @ 05:15:05 ---
2026-07-08 05:15:05    Niciun semnal nou. Pendinge: 1
2026-07-08 05:15:05    Urmatoarea bara 15min @ 05:30:05 — 900s
2026-07-08 05:30:05  --- S7-XRP iter 84 @ 05:30:05 ---
2026-07-08 05:30:05    Niciun semnal nou. Pendinge: 1
2026-07-08 05:30:05    Urmatoarea bara 15min @ 05:45:05 — 900s
2026-07-08 05:45:05  --- S7-XRP iter 85 @ 05:45:05 ---
2026-07-08 05:45:05    Niciun semnal nou. Pendinge: 1
2026-07-08 05:45:05    Urmatoarea bara 15min @ 06:00:05 — 900s
2026-07-08 06:00:05  --- S7-XRP iter 86 @ 06:00:05 ---
2026-07-08 06:00:05    Niciun semnal nou. Pendinge: 1
2026-07-08 06:00:05    Urmatoarea bara 15min @ 06:15:05 — 899s
2026-07-08 06:15:05  --- S7-XRP iter 87 @ 06:15:05 ---
2026-07-08 06:15:05    Niciun semnal nou. Pendinge: 1
2026-07-08 06:15:05    Urmatoarea bara 15min @ 06:30:05 — 900s
2026-07-08 06:30:05  --- S7-XRP iter 88 @ 06:30:05 ---
2026-07-08 06:30:05    Niciun semnal nou. Pendinge: 1
2026-07-08 06:30:05    Urmatoarea bara 15min @ 06:45:05 — 900s
2026-07-08 06:45:05  --- S7-XRP iter 89 @ 06:45:05 ---
2026-07-08 06:45:05    *** SEMNAL [INSIDE_BAR]: S7-XRP-IB0037 XRPUSD SHORT entry=1.09718 sl=1.10332 tp=1.08490 (2.0R) RSI=34
2026-07-08 06:45:05    [EXEC] *** ORDIN: S7-XRP-IB0037 XRPUSD SHORT 230.41lot @ 1.09718  SL=1.10332  TP=1.08490  ticket=#1795739411
2026-07-08 06:45:05    Urmatoarea bara 15min @ 07:00:05 — 899s
2026-07-08 07:00:05  --- S7-XRP iter 90 @ 07:00:05 ---
2026-07-08 07:00:05    TRIGGERAT: S7-XRP-IB0037 XRPUSD SHORT @ 1.09718
2026-07-08 07:00:05    Niciun semnal nou. Pendinge: 2
2026-07-08 07:00:05    Urmatoarea bara 15min @ 07:15:05 — 899s
2026-07-08 07:15:05  --- S7-XRP iter 91 @ 07:15:05 ---
2026-07-08 07:15:05    Niciun semnal nou. Pendinge: 2
2026-07-08 07:15:05    Urmatoarea bara 15min @ 07:30:05 — 900s
2026-07-08 07:30:05  --- S7-XRP iter 92 @ 07:30:05 ---
2026-07-08 07:30:05    Niciun semnal nou. Pendinge: 2
2026-07-08 07:30:05    Urmatoarea bara 15min @ 07:45:05 — 900s
2026-07-08 07:45:05  --- S7-XRP iter 93 @ 07:45:05 ---
2026-07-08 07:45:05    Niciun semnal nou. Pendinge: 2
2026-07-08 07:45:05    Urmatoarea bara 15min @ 08:00:05 — 900s
2026-07-08 08:00:05  --- S7-XRP iter 94 @ 08:00:05 ---
2026-07-08 08:00:05    Niciun semnal nou. Pendinge: 2
2026-07-08 08:00:05    Urmatoarea bara 15min @ 08:15:05 — 899s
2026-07-08 08:15:05  --- S7-XRP iter 95 @ 08:15:05 ---
2026-07-08 08:15:05    Niciun semnal nou. Pendinge: 2
2026-07-08 08:15:05    Urmatoarea bara 15min @ 08:30:05 — 900s
2026-07-08 08:30:05  --- S7-XRP iter 96 @ 08:30:05 ---
2026-07-08 08:30:05    Niciun semnal nou. Pendinge: 2
2026-07-08 08:30:05    Urmatoarea bara 15min @ 08:45:05 — 900s
2026-07-08 08:41:53    [PROFIL] Profil 'Standard Profile' aplicat pe session7.
2026-07-08 08:41:53  =================================================================
2026-07-08 08:41:53    S7-XRP — XRPUSD M15+M30 BOTH pw=10 pullback+IB | test +0.245R DD -11.2%
2026-07-08 08:41:53    Piete: ['XRPUSD']
2026-07-08 08:41:53    TF: M15 (trend M30) | PW=4 | BOTH
2026-07-08 08:41:53    Output: C:\Dev\trading-bot\data\live_signals\session7
2026-07-08 08:41:53  =================================================================
2026-07-08 08:41:53  MT5: 52906593 @ ICMarketsEU-Demo (DEMO)
2026-07-08 08:41:53    [ORPHAN] Nicio pozitie MT5 fara corespondent — state consistent cu MT5.
2026-07-08 08:41:53  Simboluri active: ['XRPUSD']
2026-07-08 08:41:53  Pornit. Ctrl+C pentru oprire.

2026-07-08 08:41:53  --- S7-XRP iter 1 @ 08:41:53 ---
2026-07-08 08:41:53    Niciun semnal nou. Pendinge: 2
2026-07-08 08:41:53    Urmatoarea bara 15min @ 08:45:05 — 191s
2026-07-08 08:45:05  --- S7-XRP iter 2 @ 08:45:05 ---
2026-07-08 08:45:05    Niciun semnal nou. Pendinge: 2
2026-07-08 08:45:05    Urmatoarea bara 15min @ 09:00:05 — 900s
2026-07-08 09:00:05  --- S7-XRP iter 3 @ 09:00:05 ---
2026-07-08 09:00:05    Niciun semnal nou. Pendinge: 2
2026-07-08 09:00:05    Urmatoarea bara 15min @ 09:15:05 — 900s
2026-07-08 09:15:05  --- S7-XRP iter 4 @ 09:15:05 ---
2026-07-08 09:15:05    Niciun semnal nou. Pendinge: 2
2026-07-08 09:15:05    Urmatoarea bara 15min @ 09:30:05 — 900s
2026-07-08 09:30:05  --- S7-XRP iter 5 @ 09:30:05 ---
2026-07-08 09:30:05    Niciun semnal nou. Pendinge: 2
2026-07-08 09:30:05    Urmatoarea bara 15min @ 09:45:05 — 900s
2026-07-08 09:45:05  --- S7-XRP iter 6 @ 09:45:05 ---
2026-07-08 09:45:05    [BE] S7-XRP-SIG0010 Faza 1: SL → 1.09997
2026-07-08 09:45:05    [BE] S7-XRP-IB0037 Faza 1: SL → 1.09104
2026-07-08 09:45:05    Niciun semnal nou. Pendinge: 2
2026-07-08 09:45:05    Urmatoarea bara 15min @ 10:00:05 — 899s
2026-07-08 10:00:05  --- S7-XRP iter 7 @ 10:00:05 ---
2026-07-08 10:00:05    [MT5] Pozitie #1795739411 inchisa: exit=1.0909  result=+1.023R  pnl=+1.43USD  comm=+0.00  swap=+0.00  [TP]
2026-07-08 10:00:05    PROFIT (MT5): S7-XRP-IB0037 TP +1.023R
2026-07-08 10:00:05    Niciun semnal nou. Pendinge: 1
2026-07-08 10:00:05    Urmatoarea bara 15min @ 10:15:05 — 900s
2026-07-08 10:15:05  --- S7-XRP iter 8 @ 10:15:05 ---
2026-07-08 10:15:05    Niciun semnal nou. Pendinge: 1
2026-07-08 10:15:05    Urmatoarea bara 15min @ 10:30:05 — 900s
2026-07-08 10:30:05  --- S7-XRP iter 9 @ 10:30:05 ---
2026-07-08 10:30:05    Niciun semnal nou. Pendinge: 1
2026-07-08 10:30:05    Urmatoarea bara 15min @ 10:45:05 — 900s
2026-07-08 10:45:05  --- S7-XRP iter 10 @ 10:45:05 ---
2026-07-08 10:45:05    Niciun semnal nou. Pendinge: 1
2026-07-08 10:45:05    Urmatoarea bara 15min @ 11:00:05 — 900s
2026-07-08 11:00:05  --- S7-XRP iter 11 @ 11:00:05 ---
2026-07-08 11:00:05    Niciun semnal nou. Pendinge: 1
2026-07-08 11:00:05    Urmatoarea bara 15min @ 11:15:05 — 900s
2026-07-08 11:15:05  --- S7-XRP iter 12 @ 11:15:05 ---
2026-07-08 11:15:05    Niciun semnal nou. Pendinge: 1
2026-07-08 11:15:05    Urmatoarea bara 15min @ 11:30:05 — 900s
2026-07-08 11:30:05  --- S7-XRP iter 13 @ 11:30:05 ---
2026-07-08 11:30:05    [MT5] Pozitie #1795070208 inchisa: exit=1.0826  result=+4.494R  pnl=+7.71USD  comm=+0.00  swap=+0.00  [TP]
2026-07-08 11:30:05    PROFIT (MT5): S7-XRP-SIG0010 TP +4.494R
2026-07-08 11:30:05    *** SEMNAL [PULLBACK]: S7-XRP-SIG0011 XRPUSD SHORT entry=1.07898 sl=1.09452 tp=1.02459 (3.5R) RSI=24
2026-07-08 11:30:05    [EXEC] S7-XRP-SIG0011: SELL_STOP amanat (Bid 1.07870 <= entry 1.07898) — retry bara urm.
2026-07-08 11:30:05    S7-XRP-SIG0011: pret depasit acum — retry bara urm.
2026-07-08 11:30:05    [RETRY] S7-XRP-SIG0011: incerc plasare ordin (bara precedenta → None)
2026-07-08 11:30:05    [EXEC] S7-XRP-SIG0011: SELL_STOP amanat (Bid 1.07870 <= entry 1.07898) — retry bara urm.
2026-07-08 11:30:05    Urmatoarea bara 15min @ 11:45:05 — 900s
2026-07-08 11:45:05  --- S7-XRP iter 14 @ 11:45:05 ---
2026-07-08 11:45:05    [RECOVER] Verificare 1 semnale fara ticket MT5 in history...
2026-07-08 11:45:05    [RETRY] S7-XRP-SIG0011: incerc plasare ordin (bara precedenta → None)
2026-07-08 11:45:05    [EXEC] *** ORDIN: S7-XRP-SIG0011 XRPUSD SHORT 100.0lot @ 1.07898  SL=1.09452  TP=1.02459  ticket=#1796451286
2026-07-08 11:45:05    Niciun semnal nou. Pendinge: 1
2026-07-08 11:45:05    Urmatoarea bara 15min @ 12:00:05 — 899s
2026-07-08 12:00:05  --- S7-XRP iter 15 @ 12:00:05 ---
2026-07-08 12:00:05    TRIGGERAT: S7-XRP-SIG0011 XRPUSD SHORT @ 1.07898
2026-07-08 12:00:05    Niciun semnal nou. Pendinge: 1
2026-07-08 12:00:05    Urmatoarea bara 15min @ 12:15:05 — 900s
2026-07-08 12:15:05  --- S7-XRP iter 16 @ 12:15:05 ---
2026-07-08 12:15:05    Niciun semnal nou. Pendinge: 1
2026-07-08 12:15:05    Urmatoarea bara 15min @ 12:30:05 — 900s
2026-07-08 12:30:05  --- S7-XRP iter 17 @ 12:30:05 ---
2026-07-08 12:30:05    Niciun semnal nou. Pendinge: 1
2026-07-08 12:30:05    Urmatoarea bara 15min @ 12:45:05 — 900s
2026-07-08 12:45:05  --- S7-XRP iter 18 @ 12:45:05 ---
2026-07-08 12:45:05    Niciun semnal nou. Pendinge: 1
2026-07-08 12:45:05    Urmatoarea bara 15min @ 13:00:05 — 900s
2026-07-08 13:00:05  --- S7-XRP iter 19 @ 13:00:05 ---
2026-07-08 13:00:05    Niciun semnal nou. Pendinge: 1
2026-07-08 13:00:05    Urmatoarea bara 15min @ 13:15:05 — 900s
2026-07-08 13:15:05  --- S7-XRP iter 20 @ 13:15:05 ---
2026-07-08 13:15:05    Niciun semnal nou. Pendinge: 1
2026-07-08 13:15:05    Urmatoarea bara 15min @ 13:30:05 — 900s
2026-07-08 13:30:05  --- S7-XRP iter 21 @ 13:30:05 ---
2026-07-08 13:30:05    Niciun semnal nou. Pendinge: 1
2026-07-08 13:30:05    Urmatoarea bara 15min @ 13:45:05 — 900s
2026-07-08 13:45:05  --- S7-XRP iter 22 @ 13:45:05 ---
2026-07-08 13:45:05    Niciun semnal nou. Pendinge: 1
2026-07-08 13:45:05    Urmatoarea bara 15min @ 14:00:05 — 900s
2026-07-08 13:49:05    [PROFIL] Profil 'Standard Profile' aplicat pe session7.
2026-07-08 13:49:05  =================================================================
2026-07-08 13:49:05    S7-XRP — XRPUSD M15+M30 BOTH pw=10 pullback+IB | test +0.245R DD -11.2%
2026-07-08 13:49:05    Piete: ['XRPUSD']
2026-07-08 13:49:05    TF: M15 (trend M30) | PW=4 | BOTH
2026-07-08 13:49:05    Output: C:\Dev\trading-bot\data\live_signals\session7
2026-07-08 13:49:05  =================================================================
2026-07-08 13:49:05  MT5: 52906593 @ ICMarketsEU-Demo (DEMO)
2026-07-08 13:49:05    [ORPHAN] Nicio pozitie MT5 fara corespondent — state consistent cu MT5.
2026-07-08 13:49:05  Simboluri active: ['XRPUSD']
2026-07-08 13:49:05  Pornit. Ctrl+C pentru oprire.

2026-07-08 13:49:05  --- S7-XRP iter 1 @ 13:49:05 ---
2026-07-08 13:49:05    Niciun semnal nou. Pendinge: 1
2026-07-08 13:49:05    Urmatoarea bara 15min @ 14:00:05 — 659s
2026-07-08 14:00:05  --- S7-XRP iter 2 @ 14:00:05 ---
2026-07-08 14:00:05    Niciun semnal nou. Pendinge: 1
2026-07-08 14:00:05    Urmatoarea bara 15min @ 14:15:05 — 900s
2026-07-08 14:15:05  --- S7-XRP iter 3 @ 14:15:05 ---
2026-07-08 14:15:05    Niciun semnal nou. Pendinge: 1
2026-07-08 14:15:05    Urmatoarea bara 15min @ 14:30:05 — 900s
2026-07-08 14:30:05  --- S7-XRP iter 4 @ 14:30:05 ---
2026-07-08 14:30:05    Niciun semnal nou. Pendinge: 1
2026-07-08 14:30:05    Urmatoarea bara 15min @ 14:45:05 — 900s
2026-07-08 14:45:05  --- S7-XRP iter 5 @ 14:45:05 ---
2026-07-08 14:45:05    Niciun semnal nou. Pendinge: 1
2026-07-08 14:45:05    Urmatoarea bara 15min @ 15:00:05 — 900s
2026-07-08 15:00:05  --- S7-XRP iter 6 @ 15:00:05 ---
2026-07-08 15:00:05    Niciun semnal nou. Pendinge: 1
2026-07-08 15:00:05    Urmatoarea bara 15min @ 15:15:05 — 900s
2026-07-08 15:15:05  --- S7-XRP iter 7 @ 15:15:05 ---
2026-07-08 15:15:05    Niciun semnal nou. Pendinge: 1
2026-07-08 15:15:05    Urmatoarea bara 15min @ 15:30:05 — 900s
2026-07-08 15:30:05  --- S7-XRP iter 8 @ 15:30:05 ---
2026-07-08 15:30:05    Niciun semnal nou. Pendinge: 1
2026-07-08 15:30:05    Urmatoarea bara 15min @ 15:45:05 — 900s
2026-07-08 15:45:05  --- S7-XRP iter 9 @ 15:45:05 ---
2026-07-08 15:45:05    Niciun semnal nou. Pendinge: 1
2026-07-08 15:45:05    Urmatoarea bara 15min @ 16:00:05 — 900s
2026-07-08 16:00:05  --- S7-XRP iter 10 @ 16:00:05 ---
2026-07-08 16:00:06    Niciun semnal nou. Pendinge: 1
2026-07-08 16:00:06    Urmatoarea bara 15min @ 16:15:05 — 898s
2026-07-08 16:15:05  --- S7-XRP iter 11 @ 16:15:05 ---
2026-07-08 16:15:05    Niciun semnal nou. Pendinge: 1
2026-07-08 16:15:05    Urmatoarea bara 15min @ 16:30:05 — 900s
2026-07-08 16:30:05  --- S7-XRP iter 12 @ 16:30:05 ---
2026-07-08 16:30:05    Niciun semnal nou. Pendinge: 1
2026-07-08 16:30:05    Urmatoarea bara 15min @ 16:45:05 — 900s
2026-07-08 16:45:05  --- S7-XRP iter 13 @ 16:45:05 ---
2026-07-08 16:45:05    Niciun semnal nou. Pendinge: 1
2026-07-08 16:45:05    Urmatoarea bara 15min @ 17:00:05 — 899s
2026-07-08 17:00:05  --- S7-XRP iter 14 @ 17:00:05 ---
2026-07-08 17:00:05    Niciun semnal nou. Pendinge: 1
2026-07-08 17:00:05    Urmatoarea bara 15min @ 17:15:05 — 899s
2026-07-08 17:15:05  --- S7-XRP iter 15 @ 17:15:05 ---
2026-07-08 17:15:05    Niciun semnal nou. Pendinge: 1
2026-07-08 17:15:05    Urmatoarea bara 15min @ 17:30:05 — 900s
2026-07-13 21:45:55    flag_signal_counter sincronizat la 2 din signals.csv
2026-07-13 21:45:55    ib_signal_counter sincronizat la 52 din signals.csv
2026-07-13 21:45:55    [PROFIL] Profil 'Standard Profile' aplicat pe session7.
2026-07-13 21:45:55  =================================================================
2026-07-13 21:45:55    S7-XRP — XRPUSD M15+M30 BOTH pw=10 pullback+IB | test +0.245R DD -11.2%
2026-07-13 21:45:55    Piete: ['XRPUSD']
2026-07-13 21:45:55    TF: M15 (trend M30) | PW=4 | BOTH
2026-07-13 21:45:55    Output: C:\Dev\trading-bot\data\live_signals\session7
2026-07-13 21:45:55  =================================================================
2026-07-13 21:45:56  MT5: 52906593 @ ICMarketsEU-Demo (DEMO)
2026-07-13 21:45:56    [ORPHAN] Nicio pozitie MT5 fara corespondent — state consistent cu MT5.
2026-07-13 21:45:56  Simboluri active: ['XRPUSD']
2026-07-13 21:45:56  Pornit. Ctrl+C pentru oprire.

2026-07-13 21:45:56  --- S7-XRP iter 1 @ 21:45:56 ---
2026-07-13 21:45:56    [MT5] Pozitie #1796451286 inchisa: exit=1.0946  result=-1.005R  pnl=-1.56USD  comm=+0.00  swap=+0.00  [SL]
2026-07-13 21:45:56    PIERDERE (MT5): S7-XRP-SIG0011 SL -1.005R
2026-07-13 21:45:57    Niciun semnal nou. Pendinge: 0
2026-07-13 21:45:57    Urmatoarea bara 15min @ 22:00:05 — 848s
2026-07-13 21:46:14    [PROFIL] Profil 'Standard Profile' aplicat pe session7.
2026-07-13 21:46:14  =================================================================
2026-07-13 21:46:14    S7-XRP — XRPUSD M15+M30 BOTH pw=10 pullback+IB | test +0.245R DD -11.2%
2026-07-13 21:46:14    Piete: ['XRPUSD']
2026-07-13 21:46:14    TF: M15 (trend M30) | PW=4 | BOTH
2026-07-13 21:46:14    Output: C:\Dev\trading-bot\data\live_signals\session7
2026-07-13 21:46:14  =================================================================
2026-07-13 21:46:14  MT5: 52906593 @ ICMarketsEU-Demo (DEMO)
2026-07-13 21:46:14    [MIGRATE] Cheie goala stearsa din pending: 'XRPUSD'
2026-07-13 21:46:14    [MIGRATE] Migrare pending: 0 semnale migrate, 1 chei goale sterse.
2026-07-13 21:46:14    [ORPHAN] Nicio pozitie MT5 fara corespondent — state consistent cu MT5.
2026-07-13 21:46:15  Simboluri active: ['XRPUSD']
2026-07-13 21:46:15  Pornit. Ctrl+C pentru oprire.

2026-07-13 21:46:15  --- S7-XRP iter 1 @ 21:46:15 ---
2026-07-13 21:46:15    Niciun semnal nou. Pendinge: 0
2026-07-13 21:46:15    Urmatoarea bara 15min @ 22:00:05 — 830s
2026-07-13 22:00:05  --- S7-XRP iter 2 @ 22:00:05 ---
2026-07-13 22:00:05    Niciun semnal nou. Pendinge: 0
2026-07-13 22:00:05    Urmatoarea bara 15min @ 22:15:05 — 899s
2026-07-13 22:15:05  --- S7-XRP iter 3 @ 22:15:05 ---
2026-07-13 22:15:05    Niciun semnal nou. Pendinge: 0
2026-07-13 22:15:05    Urmatoarea bara 15min @ 22:30:05 — 899s
2026-07-13 22:30:05  --- S7-XRP iter 4 @ 22:30:05 ---
2026-07-13 22:30:05    Niciun semnal nou. Pendinge: 0
2026-07-13 22:30:05    Urmatoarea bara 15min @ 22:45:05 — 900s
2026-07-13 22:45:05  --- S7-XRP iter 5 @ 22:45:05 ---
2026-07-13 22:45:05    Niciun semnal nou. Pendinge: 0
2026-07-13 22:45:05    Urmatoarea bara 15min @ 23:00:05 — 900s
2026-07-13 23:00:05  --- S7-XRP iter 6 @ 23:00:05 ---
2026-07-13 23:00:05    Niciun semnal nou. Pendinge: 0
2026-07-13 23:00:05    Urmatoarea bara 15min @ 23:15:05 — 899s
2026-07-13 23:15:05  --- S7-XRP iter 7 @ 23:15:05 ---
2026-07-13 23:15:05    Niciun semnal nou. Pendinge: 0
2026-07-13 23:15:05    Urmatoarea bara 15min @ 23:30:05 — 900s
2026-07-13 23:21:17    [PROFIL] Profil 'Standard Profile' aplicat pe session7.
2026-07-13 23:21:17  =================================================================
2026-07-13 23:21:17    S7-XRP — XRPUSD M15+M30 BOTH pw=10 pullback+IB | test +0.245R DD -11.2%
2026-07-13 23:21:17    Piete: ['XRPUSD']
2026-07-13 23:21:17    TF: M15 (trend M30) | PW=4 | BOTH
2026-07-13 23:21:17    Output: C:\Dev\trading-bot\data\live_signals\session7
2026-07-13 23:21:17  =================================================================
2026-07-13 23:21:17  MT5: 52906593 @ ICMarketsEU-Demo (DEMO)
2026-07-13 23:21:17    [ORPHAN] Nicio pozitie MT5 fara corespondent — state consistent cu MT5.
2026-07-13 23:21:17  Simboluri active: ['XRPUSD']
2026-07-13 23:21:17  Pornit. Ctrl+C pentru oprire.

2026-07-13 23:21:17  --- S7-XRP iter 1 @ 23:21:17 ---
2026-07-13 23:21:17    Niciun semnal nou. Pendinge: 0
2026-07-13 23:21:17    Urmatoarea bara 15min @ 23:30:05 — 528s
2026-07-13 23:30:05  --- S7-XRP iter 2 @ 23:30:05 ---
2026-07-13 23:30:05    Niciun semnal nou. Pendinge: 0
2026-07-13 23:30:05    Urmatoarea bara 15min @ 23:45:05 — 900s
2026-07-13 23:45:05  --- S7-XRP iter 3 @ 23:45:05 ---
2026-07-13 23:45:05    Niciun semnal nou. Pendinge: 0
2026-07-13 23:45:05    Urmatoarea bara 15min @ 00:00:05 — 900s
2026-07-14 00:00:05  --- S7-XRP iter 4 @ 00:00:05 ---
2026-07-14 00:00:05    Niciun semnal nou. Pendinge: 0
2026-07-14 00:00:05    Urmatoarea bara 15min @ 00:15:05 — 900s
2026-07-14 00:15:05  --- S7-XRP iter 5 @ 00:15:05 ---
2026-07-14 00:15:05    Niciun semnal nou. Pendinge: 0
2026-07-14 00:15:05    Urmatoarea bara 15min @ 00:30:05 — 900s
2026-07-14 00:30:05  --- S7-XRP iter 6 @ 00:30:05 ---
2026-07-14 00:30:05    Niciun semnal nou. Pendinge: 0
2026-07-14 00:30:05    Urmatoarea bara 15min @ 00:45:05 — 900s
2026-07-14 00:45:05  --- S7-XRP iter 7 @ 00:45:05 ---
2026-07-14 00:45:05    Niciun semnal nou. Pendinge: 0
2026-07-14 00:45:05    Urmatoarea bara 15min @ 01:00:05 — 900s
2026-07-14 01:00:05  --- S7-XRP iter 8 @ 01:00:05 ---
2026-07-14 01:00:05    Niciun semnal nou. Pendinge: 0
2026-07-14 01:00:05    Urmatoarea bara 15min @ 01:15:05 — 900s
2026-07-14 01:15:05  --- S7-XRP iter 9 @ 01:15:05 ---
2026-07-14 01:15:05    Niciun semnal nou. Pendinge: 0
2026-07-14 01:15:05    Urmatoarea bara 15min @ 01:30:05 — 900s
2026-07-14 01:30:05  --- S7-XRP iter 10 @ 01:30:05 ---
2026-07-14 01:30:05    Niciun semnal nou. Pendinge: 0
2026-07-14 01:30:05    Urmatoarea bara 15min @ 01:45:05 — 900s
2026-07-14 01:45:05  --- S7-XRP iter 11 @ 01:45:05 ---
2026-07-14 01:45:05    Niciun semnal nou. Pendinge: 0
2026-07-14 01:45:05    Urmatoarea bara 15min @ 02:00:05 — 900s
2026-07-14 02:00:05  --- S7-XRP iter 12 @ 02:00:05 ---
2026-07-14 02:00:05    Niciun semnal nou. Pendinge: 0
2026-07-14 02:00:05    Urmatoarea bara 15min @ 02:15:05 — 900s
2026-07-14 02:15:05  --- S7-XRP iter 13 @ 02:15:05 ---
2026-07-14 02:15:05    Niciun semnal nou. Pendinge: 0
2026-07-14 02:15:05    Urmatoarea bara 15min @ 02:30:05 — 900s
2026-07-14 02:30:05  --- S7-XRP iter 14 @ 02:30:05 ---
2026-07-14 02:30:05    Niciun semnal nou. Pendinge: 0
2026-07-14 02:30:05    Urmatoarea bara 15min @ 02:45:05 — 900s
2026-07-14 02:45:05  --- S7-XRP iter 15 @ 02:45:05 ---
2026-07-14 02:45:05    Niciun semnal nou. Pendinge: 0
2026-07-14 02:45:05    Urmatoarea bara 15min @ 03:00:05 — 900s
2026-07-14 03:00:05  --- S7-XRP iter 16 @ 03:00:05 ---
2026-07-14 03:00:05    Niciun semnal nou. Pendinge: 0
2026-07-14 03:00:05    Urmatoarea bara 15min @ 03:15:05 — 900s
2026-07-14 03:15:05  --- S7-XRP iter 17 @ 03:15:05 ---
2026-07-14 03:15:05    Niciun semnal nou. Pendinge: 0
2026-07-14 03:15:05    Urmatoarea bara 15min @ 03:30:05 — 900s
2026-07-14 03:30:05  --- S7-XRP iter 18 @ 03:30:05 ---
2026-07-14 03:30:05    Niciun semnal nou. Pendinge: 0
2026-07-14 03:30:05    Urmatoarea bara 15min @ 03:45:05 — 900s
2026-07-14 03:45:05  --- S7-XRP iter 19 @ 03:45:05 ---
2026-07-14 03:45:05    Niciun semnal nou. Pendinge: 0
2026-07-14 03:45:05    Urmatoarea bara 15min @ 04:00:05 — 900s
2026-07-14 04:00:05  --- S7-XRP iter 20 @ 04:00:05 ---
2026-07-14 04:00:05    Niciun semnal nou. Pendinge: 0
2026-07-14 04:00:05    Urmatoarea bara 15min @ 04:15:05 — 900s
2026-07-14 04:15:05  --- S7-XRP iter 21 @ 04:15:05 ---
2026-07-14 04:15:27    Niciun semnal nou. Pendinge: 0
2026-07-14 04:15:27    Urmatoarea bara 15min @ 04:30:05 — 878s
2026-07-14 04:30:05  --- S7-XRP iter 22 @ 04:30:05 ---
2026-07-14 04:30:05    Niciun semnal nou. Pendinge: 0
2026-07-14 04:30:05    Urmatoarea bara 15min @ 04:45:05 — 900s
2026-07-14 04:45:05  --- S7-XRP iter 23 @ 04:45:05 ---
2026-07-14 04:45:05    Niciun semnal nou. Pendinge: 0
2026-07-14 04:45:05    Urmatoarea bara 15min @ 05:00:05 — 900s
2026-07-14 05:00:05  --- S7-XRP iter 24 @ 05:00:05 ---
2026-07-14 05:00:05    Niciun semnal nou. Pendinge: 0
2026-07-14 05:00:05    Urmatoarea bara 15min @ 05:15:05 — 900s
2026-07-14 05:15:05  --- S7-XRP iter 25 @ 05:15:05 ---
2026-07-14 05:15:05    Niciun semnal nou. Pendinge: 0
2026-07-14 05:15:05    Urmatoarea bara 15min @ 05:30:05 — 900s
2026-07-14 05:30:05  --- S7-XRP iter 26 @ 05:30:05 ---
2026-07-14 05:30:05    Niciun semnal nou. Pendinge: 0
2026-07-14 05:30:05    Urmatoarea bara 15min @ 05:45:05 — 900s
2026-07-14 05:45:05  --- S7-XRP iter 27 @ 05:45:05 ---
2026-07-14 05:45:05    Niciun semnal nou. Pendinge: 0
2026-07-14 05:45:05    Urmatoarea bara 15min @ 06:00:05 — 900s
2026-07-14 06:00:05  --- S7-XRP iter 28 @ 06:00:05 ---
2026-07-14 06:00:05    Niciun semnal nou. Pendinge: 0
2026-07-14 06:00:05    Urmatoarea bara 15min @ 06:15:05 — 899s
2026-07-14 06:15:05  --- S7-XRP iter 29 @ 06:15:05 ---
2026-07-14 06:15:05    Niciun semnal nou. Pendinge: 0
2026-07-14 06:15:05    Urmatoarea bara 15min @ 06:30:05 — 900s
2026-07-14 06:30:05  --- S7-XRP iter 30 @ 06:30:05 ---
2026-07-14 06:30:05    Niciun semnal nou. Pendinge: 0
2026-07-14 06:30:05    Urmatoarea bara 15min @ 06:45:05 — 900s
2026-07-14 06:45:05  --- S7-XRP iter 31 @ 06:45:05 ---
2026-07-14 06:45:05    Niciun semnal nou. Pendinge: 0
2026-07-14 06:45:05    Urmatoarea bara 15min @ 07:00:05 — 900s
2026-07-14 07:00:05  --- S7-XRP iter 32 @ 07:00:05 ---
2026-07-14 07:00:05    Niciun semnal nou. Pendinge: 0
2026-07-14 07:00:05    Urmatoarea bara 15min @ 07:15:05 — 900s
2026-07-14 07:15:05  --- S7-XRP iter 33 @ 07:15:05 ---
2026-07-14 07:15:05    Niciun semnal nou. Pendinge: 0
2026-07-14 07:15:05    Urmatoarea bara 15min @ 07:30:05 — 900s
2026-07-14 07:30:05  --- S7-XRP iter 34 @ 07:30:05 ---
2026-07-14 07:30:05    Niciun semnal nou. Pendinge: 0
2026-07-14 07:30:05    Urmatoarea bara 15min @ 07:45:05 — 900s
2026-07-14 07:45:05  --- S7-XRP iter 35 @ 07:45:05 ---
2026-07-14 07:45:05    Niciun semnal nou. Pendinge: 0
2026-07-14 07:45:05    Urmatoarea bara 15min @ 08:00:05 — 900s
2026-07-14 08:00:05  --- S7-XRP iter 36 @ 08:00:05 ---
2026-07-14 08:00:05    Niciun semnal nou. Pendinge: 0
2026-07-14 08:00:05    Urmatoarea bara 15min @ 08:15:05 — 900s
2026-07-14 08:15:05  --- S7-XRP iter 37 @ 08:15:05 ---
2026-07-14 08:15:05    Niciun semnal nou. Pendinge: 0
2026-07-14 08:15:05    Urmatoarea bara 15min @ 08:30:05 — 900s
2026-07-14 08:30:05  --- S7-XRP iter 38 @ 08:30:05 ---
2026-07-14 08:30:05    Niciun semnal nou. Pendinge: 0
2026-07-14 08:30:05    Urmatoarea bara 15min @ 08:45:05 — 900s
2026-07-14 08:30:59    [PROFIL] Profil 'Standard Profile' aplicat pe session7.
2026-07-14 08:30:59  =================================================================
2026-07-14 08:30:59    S7-XRP — XRPUSD M15+M30 BOTH pw=10 pullback+IB | test +0.245R DD -11.2%
2026-07-14 08:30:59    Piete: ['XRPUSD']
2026-07-14 08:30:59    TF: M15 (trend M30) | PW=4 | BOTH
2026-07-14 08:30:59    Output: C:\Dev\trading-bot\data\live_signals\session7
2026-07-14 08:30:59  =================================================================
2026-07-14 08:30:59  MT5: 52906593 @ ICMarketsEU-Demo (DEMO)
2026-07-14 08:31:00    [ORPHAN] Nicio pozitie MT5 fara corespondent — state consistent cu MT5.
2026-07-14 08:31:00  Simboluri active: ['XRPUSD']
2026-07-14 08:31:00  Pornit. Ctrl+C pentru oprire.

2026-07-14 08:31:00  --- S7-XRP iter 1 @ 08:31:00 ---
2026-07-14 08:31:01    Niciun semnal nou. Pendinge: 0
2026-07-14 08:31:01    Urmatoarea bara 15min @ 08:45:05 — 844s
2026-07-14 08:45:05  --- S7-XRP iter 2 @ 08:45:05 ---
2026-07-14 08:45:05    Niciun semnal nou. Pendinge: 0
2026-07-14 08:45:05    Urmatoarea bara 15min @ 09:00:05 — 900s
2026-07-14 09:00:05  --- S7-XRP iter 3 @ 09:00:05 ---
2026-07-14 09:00:05    Niciun semnal nou. Pendinge: 0
2026-07-14 09:00:05    Urmatoarea bara 15min @ 09:15:05 — 899s
2026-07-14 09:15:05  --- S7-XRP iter 4 @ 09:15:05 ---
2026-07-14 09:15:05    Niciun semnal nou. Pendinge: 0
2026-07-14 09:15:05    Urmatoarea bara 15min @ 09:30:05 — 900s
2026-07-14 09:30:05  --- S7-XRP iter 5 @ 09:30:05 ---
2026-07-14 09:30:05    Niciun semnal nou. Pendinge: 0
2026-07-14 09:30:05    Urmatoarea bara 15min @ 09:45:05 — 900s
2026-07-14 09:45:05  --- S7-XRP iter 6 @ 09:45:05 ---
2026-07-14 09:45:05    Niciun semnal nou. Pendinge: 0
2026-07-14 09:45:05    Urmatoarea bara 15min @ 10:00:05 — 900s
2026-07-14 10:00:05  --- S7-XRP iter 7 @ 10:00:05 ---
2026-07-14 10:00:05    Niciun semnal nou. Pendinge: 0
2026-07-14 10:00:06    Urmatoarea bara 15min @ 10:15:05 — 899s
2026-07-14 10:15:05  --- S7-XRP iter 8 @ 10:15:05 ---
2026-07-14 10:15:05    Niciun semnal nou. Pendinge: 0
2026-07-14 10:15:05    Urmatoarea bara 15min @ 10:30:05 — 900s
2026-07-14 10:30:05  --- S7-XRP iter 9 @ 10:30:05 ---
2026-07-14 10:30:05    Niciun semnal nou. Pendinge: 0
2026-07-14 10:30:05    Urmatoarea bara 15min @ 10:45:05 — 900s
2026-07-14 10:45:05  --- S7-XRP iter 10 @ 10:45:05 ---
2026-07-14 10:45:05    Niciun semnal nou. Pendinge: 0
2026-07-14 10:45:05    Urmatoarea bara 15min @ 11:00:05 — 900s
2026-07-14 11:00:05  --- S7-XRP iter 11 @ 11:00:05 ---
2026-07-14 11:00:11    Niciun semnal nou. Pendinge: 0
2026-07-14 11:00:11    Urmatoarea bara 15min @ 11:15:05 — 894s
2026-07-14 11:15:05  --- S7-XRP iter 12 @ 11:15:05 ---
2026-07-14 11:15:30    Niciun semnal nou. Pendinge: 0
2026-07-14 11:15:30    Urmatoarea bara 15min @ 11:30:05 — 875s
2026-07-14 11:30:05  --- S7-XRP iter 13 @ 11:30:05 ---
2026-07-14 11:30:05    Niciun semnal nou. Pendinge: 0
2026-07-14 11:30:05    Urmatoarea bara 15min @ 11:45:05 — 900s
2026-07-14 11:45:05  --- S7-XRP iter 14 @ 11:45:05 ---
2026-07-14 11:45:05    Niciun semnal nou. Pendinge: 0
2026-07-14 11:45:05    Urmatoarea bara 15min @ 12:00:05 — 900s
2026-07-14 12:00:05  --- S7-XRP iter 15 @ 12:00:05 ---
2026-07-14 12:00:05    Niciun semnal nou. Pendinge: 0
2026-07-14 12:00:05    Urmatoarea bara 15min @ 12:15:05 — 899s
2026-07-14 12:15:05  --- S7-XRP iter 16 @ 12:15:05 ---
2026-07-14 12:15:05    Niciun semnal nou. Pendinge: 0
2026-07-14 12:15:05    Urmatoarea bara 15min @ 12:30:05 — 900s
2026-07-14 12:30:05  --- S7-XRP iter 17 @ 12:30:05 ---
2026-07-14 12:30:05    Niciun semnal nou. Pendinge: 0
2026-07-14 12:30:05    Urmatoarea bara 15min @ 12:45:05 — 900s
2026-07-14 12:45:05  --- S7-XRP iter 18 @ 12:45:05 ---
2026-07-14 12:45:05    Niciun semnal nou. Pendinge: 0
2026-07-14 12:45:05    Urmatoarea bara 15min @ 13:00:05 — 900s
2026-07-14 13:00:05  --- S7-XRP iter 19 @ 13:00:05 ---
2026-07-14 13:00:05    Niciun semnal nou. Pendinge: 0
2026-07-14 13:00:05    Urmatoarea bara 15min @ 13:15:05 — 899s
2026-07-14 13:15:05  --- S7-XRP iter 20 @ 13:15:05 ---
2026-07-14 13:15:05    Niciun semnal nou. Pendinge: 0
2026-07-14 13:15:05    Urmatoarea bara 15min @ 13:30:05 — 900s
2026-07-14 13:30:05  --- S7-XRP iter 21 @ 13:30:05 ---
2026-07-14 13:30:05    Niciun semnal nou. Pendinge: 0
2026-07-14 13:30:05    Urmatoarea bara 15min @ 13:45:05 — 900s
2026-07-14 13:45:05  --- S7-XRP iter 22 @ 13:45:05 ---
2026-07-14 13:45:05    Niciun semnal nou. Pendinge: 0
2026-07-14 13:45:05    Urmatoarea bara 15min @ 14:00:05 — 900s
2026-07-14 14:00:05  --- S7-XRP iter 23 @ 14:00:05 ---
2026-07-14 14:00:05    Niciun semnal nou. Pendinge: 0
2026-07-14 14:00:05    Urmatoarea bara 15min @ 14:15:05 — 899s
2026-07-14 14:15:05  --- S7-XRP iter 24 @ 14:15:05 ---
2026-07-14 14:15:05    Niciun semnal nou. Pendinge: 0
2026-07-14 14:15:05    Urmatoarea bara 15min @ 14:30:05 — 900s
2026-07-14 14:30:05  --- S7-XRP iter 25 @ 14:30:05 ---
2026-07-14 14:30:51    Niciun semnal nou. Pendinge: 0
2026-07-14 14:30:51    Urmatoarea bara 15min @ 14:45:05 — 853s
2026-07-14 14:39:14    [PROFIL] Profil 'Standard Profile' aplicat pe session7.
2026-07-14 14:39:14  =================================================================
2026-07-14 14:39:14    S7-XRP — XRPUSD M15+M30 BOTH pw=10 pullback+IB | test +0.245R DD -11.2%
2026-07-14 14:39:14    Piete: ['XRPUSD']
2026-07-14 14:39:14    TF: M15 (trend M30) | PW=4 | BOTH
2026-07-14 14:39:14    Output: C:\Dev\trading-bot\data\live_signals\session7
2026-07-14 14:39:14  =================================================================
2026-07-14 14:39:14  MT5: 52906593 @ ICMarketsEU-Demo (DEMO)
2026-07-14 14:39:14    [ORPHAN] Nicio pozitie MT5 fara corespondent — state consistent cu MT5.
2026-07-14 14:39:14  Simboluri active: ['XRPUSD']
2026-07-14 14:39:14  Pornit. Ctrl+C pentru oprire.

2026-07-14 14:39:14  --- S7-XRP iter 1 @ 14:39:14 ---
2026-07-14 14:39:14    Niciun semnal nou. Pendinge: 0
2026-07-14 14:39:14    Urmatoarea bara 15min @ 14:45:05 — 351s
2026-07-14 14:45:05  --- S7-XRP iter 2 @ 14:45:05 ---
2026-07-14 14:45:05    Niciun semnal nou. Pendinge: 0
2026-07-14 14:45:05    Urmatoarea bara 15min @ 15:00:05 — 900s
2026-07-14 15:00:05  --- S7-XRP iter 3 @ 15:00:05 ---
2026-07-14 15:00:05    Niciun semnal nou. Pendinge: 0
2026-07-14 15:00:05    Urmatoarea bara 15min @ 15:15:05 — 900s
2026-07-14 15:15:05  --- S7-XRP iter 4 @ 15:15:05 ---
2026-07-14 15:15:05    Niciun semnal nou. Pendinge: 0
2026-07-14 15:15:05    Urmatoarea bara 15min @ 15:30:05 — 900s
2026-07-14 15:30:05  --- S7-XRP iter 5 @ 15:30:05 ---
2026-07-14 15:30:05    [STIRI] Pauza automata — Core CPI m/m (USD, High, 1 min)
2026-07-14 15:30:05    [STIRI] Tranzitie → pauza: inchid ordine/pozitii active.
2026-07-14 15:30:05    [STIRI] Nicio pozitie/ordin activ — nimic de inchis.
2026-07-14 15:30:05    Niciun semnal nou. Pendinge: 0
2026-07-14 15:30:05    Urmatoarea bara 15min @ 15:45:05 — 900s
2026-07-14 15:45:05  --- S7-XRP iter 6 @ 15:45:05 ---
2026-07-14 15:45:05    [STIRI] Pauza automata — Core CPI m/m (USD, High, -14 min)
2026-07-14 15:45:05    Niciun semnal nou. Pendinge: 0
2026-07-14 15:45:05    Urmatoarea bara 15min @ 16:00:05 — 900s
2026-07-14 16:00:05  --- S7-XRP iter 7 @ 16:00:05 ---
2026-07-14 16:00:05    Niciun semnal nou. Pendinge: 0
2026-07-14 16:00:05    Urmatoarea bara 15min @ 16:15:05 — 900s
2026-07-14 16:15:05  --- S7-XRP iter 8 @ 16:15:05 ---
2026-07-14 16:15:06    Niciun semnal nou. Pendinge: 0
2026-07-14 16:15:06    Urmatoarea bara 15min @ 16:30:05 — 898s
2026-07-14 16:30:05  --- S7-XRP iter 9 @ 16:30:05 ---
2026-07-14 16:30:05    [AI-FILTER] S7-XRP-IB0053: consiliul AI evalueaza (nivel balanced)...
2026-07-14 16:30:06    [AI-FILTER] consiliul «openroute» indisponibil (openroute: quota epuizata (HTTP 402) {"error":{"message":"This request requires more credits, or fewer max_tokens. You requested up to 2000 tokens, but can o)
2026-07-14 16:30:06    [AI-FILTER] toate consiliile indisponibile (openroute: quota epuizata (HTTP 402) {"error":{"message":"This request requires more credits, or fewer max_tokens. You requested up to 2000 tokens, but can o) — fail-open, trade permis
2026-07-14 16:30:06    [AI-FILTER] S7-XRP-IB0053: APROBAT — incredere ?% (prag 70%, 0.6s) | eroare: openroute: quota epuizata (HTTP 402) {"error":{"message":"This request requires more credits, or fewer max_tokens. You requested up to 2000 tokens, but can o
2026-07-14 16:30:06    *** SEMNAL [INSIDE_BAR]: S7-XRP-IB0053 XRPUSD LONG entry=1.10402 sl=1.08438 tp=1.14330 (2.0R) RSI=85
2026-07-14 16:30:13    [EXEC] *** ORDIN: S7-XRP-IB0053 XRPUSD LONG 100.0lot @ 1.10402  SL=1.08438  TP=1.14330  ticket=#1807463822
2026-07-14 16:30:13    Urmatoarea bara 15min @ 16:45:05 — 891s
2026-07-14 16:45:05  --- S7-XRP iter 10 @ 16:45:05 ---
2026-07-14 16:45:05    Niciun semnal nou. Pendinge: 1
2026-07-14 16:45:05    Urmatoarea bara 15min @ 17:00:05 — 900s
2026-07-14 17:00:05  --- S7-XRP iter 11 @ 17:00:05 ---
2026-07-14 17:00:05    [STIRI] Pauza automata — Fed Chairman Warsh Testifies (USD, High, 1 min)
2026-07-14 17:00:05    [STIRI] Tranzitie → pauza: inchid ordine/pozitii active.
2026-07-14 17:00:05    [STIRI] S7-XRP-IB0053 XRPUSD: ordin #1807463822 anulat la stire
2026-07-14 17:00:05    Niciun semnal nou. Pendinge: 0
2026-07-14 17:00:05    Urmatoarea bara 15min @ 17:15:05 — 899s
2026-07-14 17:15:05  --- S7-XRP iter 12 @ 17:15:05 ---
2026-07-14 17:15:05    [STIRI] Pauza automata — Fed Chairman Warsh Testifies (USD, High, -14 min)
2026-07-14 17:15:05    Niciun semnal nou. Pendinge: 0
2026-07-14 17:15:05    Urmatoarea bara 15min @ 17:30:05 — 900s
2026-07-14 17:30:05  --- S7-XRP iter 13 @ 17:30:05 ---
2026-07-14 17:30:05    Niciun semnal nou. Pendinge: 0
2026-07-14 17:30:05    Urmatoarea bara 15min @ 17:45:05 — 900s
2026-07-14 17:45:05  --- S7-XRP iter 14 @ 17:45:05 ---
2026-07-14 17:45:05    Niciun semnal nou. Pendinge: 0
2026-07-14 17:45:05    Urmatoarea bara 15min @ 18:00:05 — 900s
2026-07-14 18:00:05  --- S7-XRP iter 15 @ 18:00:05 ---
2026-07-14 18:00:05    Niciun semnal nou. Pendinge: 0
2026-07-14 18:00:05    Urmatoarea bara 15min @ 18:15:05 — 899s
2026-07-14 18:15:05  --- S7-XRP iter 16 @ 18:15:05 ---
2026-07-14 18:15:05    Niciun semnal nou. Pendinge: 0
2026-07-14 18:15:05    Urmatoarea bara 15min @ 18:30:05 — 900s
2026-07-14 18:30:05  --- S7-XRP iter 17 @ 18:30:05 ---
2026-07-14 18:30:06    [AI-FILTER] S7-XRP-IB0054: consiliul AI evalueaza (nivel balanced)...
2026-07-14 18:30:06    [AI-FILTER] consiliul «openroute» indisponibil (sursa 'openroute' indisponibila (paused))
2026-07-14 18:30:06    [AI-FILTER] toate consiliile indisponibile (sursa 'openroute' indisponibila (paused)) — fail-open, trade permis
2026-07-14 18:30:06    [AI-FILTER] S7-XRP-IB0054: APROBAT — incredere ?% (prag 70%, 0.0s) | eroare: sursa 'openroute' indisponibila (paused)
2026-07-14 18:30:06    *** SEMNAL [INSIDE_BAR]: S7-XRP-IB0054 XRPUSD LONG entry=1.10632 sl=1.10028 tp=1.11840 (2.0R) RSI=78
2026-07-14 18:30:35    [EXEC] S7-XRP-IB0054: filling=1 → retcode=10015 (Invalid price)
2026-07-14 18:30:35    [EXEC] S7-XRP-IB0054: retcode=10015 (pret/stops invalide — pretul a depasit entry?) — retry bara urm.
2026-07-14 18:30:35    S7-XRP-IB0054: pret depasit acum — retry bara urm.
2026-07-14 18:30:35    [RETRY] S7-XRP-IB0054: incerc plasare ordin (bara precedenta → None)
2026-07-14 18:30:35    [EXEC] S7-XRP-IB0054: BUY_STOP amanat (Ask 1.10650 >= entry 1.10632) — retry bara urm.
2026-07-14 18:30:35    Urmatoarea bara 15min @ 18:45:05 — 870s
2026-07-14 18:45:05  --- S7-XRP iter 18 @ 18:45:05 ---
2026-07-14 18:45:05    [RECOVER] Verificare 1 semnale fara ticket MT5 in history...
2026-07-14 18:45:30    [RETRY] S7-XRP-IB0054: incerc plasare ordin (bara precedenta → None)
2026-07-14 18:45:30    [EXEC] S7-XRP-IB0054: BUY_STOP amanat (Ask 1.10650 >= entry 1.10632) — retry bara urm.
2026-07-14 18:45:30    Niciun semnal nou. Pendinge: 1
2026-07-14 18:45:30    Urmatoarea bara 15min @ 19:00:05 — 875s
2026-07-14 18:46:00    [PROFIL] Profil 'Standard Profile' aplicat pe session7.
2026-07-14 18:46:00  =================================================================
2026-07-14 18:46:00    S7-XRP — XRPUSD M15+M30 BOTH pw=10 pullback+IB | test +0.245R DD -11.2%
2026-07-14 18:46:00    Piete: ['XRPUSD']
2026-07-14 18:46:00    TF: M15 (trend M30) | PW=4 | BOTH
2026-07-14 18:46:00    Output: C:\Dev\trading-bot\data\live_signals\session7
2026-07-14 18:46:00  =================================================================
2026-07-14 18:46:00  MT5: 52906593 @ ICMarketsEU-Demo (DEMO)
2026-07-14 18:46:00    [RECOVER] Verificare 1 semnale fara ticket MT5 in history...
2026-07-14 18:46:00    [ORPHAN] Nicio pozitie MT5 fara corespondent — state consistent cu MT5.
2026-07-14 18:46:00  Simboluri active: ['XRPUSD']
2026-07-14 18:46:00  Pornit. Ctrl+C pentru oprire.

2026-07-14 18:46:00  --- S7-XRP iter 1 @ 18:46:00 ---
2026-07-14 18:46:00    [RECOVER] Verificare 1 semnale fara ticket MT5 in history...
2026-07-14 18:46:00    [RETRY] S7-XRP-IB0054: incerc plasare ordin (bara precedenta → None)
2026-07-14 18:46:00    [EXEC] S7-XRP-IB0054: BUY_STOP amanat (Ask 1.10660 >= entry 1.10632) — retry bara urm.
2026-07-14 18:46:00    Niciun semnal nou. Pendinge: 1
2026-07-14 18:46:00    Urmatoarea bara 15min @ 19:00:05 — 844s
2026-07-14 19:00:05  --- S7-XRP iter 2 @ 19:00:05 ---
2026-07-14 19:00:05    [RECOVER] Verificare 1 semnale fara ticket MT5 in history...
2026-07-14 19:00:05    [RETRY] S7-XRP-IB0054: incerc plasare ordin (bara precedenta → None)
2026-07-14 19:00:13    [EXEC] *** ORDIN: S7-XRP-IB0054 XRPUSD LONG 217.04lot @ 1.10632  SL=1.10028  TP=1.11840  ticket=#1807907284
2026-07-14 19:00:13    Niciun semnal nou. Pendinge: 1
2026-07-14 19:00:13    Urmatoarea bara 15min @ 19:15:05 — 891s
2026-07-14 19:15:05  --- S7-XRP iter 3 @ 19:15:05 ---
2026-07-14 19:15:05    TRIGGERAT: S7-XRP-IB0054 XRPUSD LONG @ 1.10632
2026-07-14 19:15:05    [MT5] Ordin #1807907284 anulat/respins in MT5 (state=2) — scos din tracking fara outcome
2026-07-14 19:15:05    [MT5] S7-XRP-IB0054 scos din tracking (anulat/respins fara executie)
2026-07-14 19:15:05    Niciun semnal nou. Pendinge: 0
2026-07-14 19:15:05    Urmatoarea bara 15min @ 19:30:05 — 900s
2026-07-14 19:30:05  --- S7-XRP iter 4 @ 19:30:05 ---
2026-07-14 19:30:05    Niciun semnal nou. Pendinge: 0
2026-07-14 19:30:05    Urmatoarea bara 15min @ 19:45:05 — 900s
2026-07-14 19:45:05  --- S7-XRP iter 5 @ 19:45:05 ---
2026-07-14 19:45:05    Niciun semnal nou. Pendinge: 0
2026-07-14 19:45:05    Urmatoarea bara 15min @ 20:00:05 — 900s
2026-07-14 20:00:05  --- S7-XRP iter 6 @ 20:00:05 ---
2026-07-14 20:00:05    XRPUSD: eroare M15 — Simbolul 'XRPUSD' nu este disponibil in MT5: (-10001, 'IPC send failed')
2026-07-14 20:00:05    Niciun semnal nou. Pendinge: 0
2026-07-14 20:00:05  [MT5-HEALTH] terminal_info() = None — IPC pierdut
2026-07-14 20:00:05    Urmatoarea bara 15min @ 20:15:05 — 900s
2026-07-14 20:15:05  --- S7-XRP iter 7 @ 20:15:05 ---
2026-07-14 20:15:05    XRPUSD: eroare M15 — Simbolul 'XRPUSD' nu este disponibil in MT5: (-10001, 'IPC send failed')
2026-07-14 20:15:05    Niciun semnal nou. Pendinge: 0
2026-07-14 20:15:05  [MT5-HEALTH] terminal_info() = None — IPC pierdut
2026-07-14 20:15:05    Urmatoarea bara 15min @ 20:30:05 — 900s
2026-07-14 20:30:05  --- S7-XRP iter 8 @ 20:30:05 ---
2026-07-14 20:30:05    XRPUSD: eroare M15 — Simbolul 'XRPUSD' nu este disponibil in MT5: (-10001, 'IPC send failed')
2026-07-14 20:30:05    Niciun semnal nou. Pendinge: 0
2026-07-14 20:30:05  [MT5-HEALTH] terminal_info() = None — IPC pierdut
2026-07-14 20:30:05    Urmatoarea bara 15min @ 20:45:05 — 900s
2026-07-14 20:44:31    [PROFIL] Profil 'Standard Profile' aplicat pe session7.
2026-07-14 20:44:31  =================================================================
2026-07-14 20:44:31    S7-XRP — XRPUSD M15+M30 BOTH pw=10 pullback+IB | test +0.245R DD -11.2%
2026-07-14 20:44:31    Piete: ['XRPUSD']
2026-07-14 20:44:31    TF: M15 (trend M30) | PW=4 | BOTH
2026-07-14 20:44:31    Output: C:\Dev\trading-bot\data\live_signals\session7
2026-07-14 20:44:31  =================================================================
2026-07-14 20:44:31  MT5: 52906593 @ ICMarketsEU-Demo (DEMO)
2026-07-14 20:44:31    [MIGRATE] Cheie goala stearsa din pending: 'XRPUSD'
2026-07-14 20:44:31    [MIGRATE] Migrare pending: 0 semnale migrate, 1 chei goale sterse.
2026-07-14 20:44:31    [ORPHAN] Nicio pozitie MT5 fara corespondent — state consistent cu MT5.
2026-07-14 20:44:31  Simboluri active: ['XRPUSD']
2026-07-14 20:44:31  Pornit. Ctrl+C pentru oprire.

2026-07-14 20:44:31  --- S7-XRP iter 1 @ 20:44:31 ---
2026-07-14 20:44:32    Niciun semnal nou. Pendinge: 0
2026-07-14 20:44:32    Urmatoarea bara 15min @ 20:45:05 — 33s
2026-07-14 20:45:05  --- S7-XRP iter 2 @ 20:45:05 ---
2026-07-14 20:45:06    Niciun semnal nou. Pendinge: 0
2026-07-14 20:45:06    Urmatoarea bara 15min @ 21:00:05 — 899s
2026-07-14 21:00:05  --- S7-XRP iter 3 @ 21:00:05 ---
2026-07-14 21:00:05    Niciun semnal nou. Pendinge: 0
2026-07-14 21:00:05    Urmatoarea bara 15min @ 21:15:05 — 900s
2026-07-14 21:15:05  --- S7-XRP iter 4 @ 21:15:05 ---
2026-07-14 21:15:05    Niciun semnal nou. Pendinge: 0
2026-07-14 21:15:05    Urmatoarea bara 15min @ 21:30:05 — 900s
2026-07-14 21:30:05  --- S7-XRP iter 5 @ 21:30:05 ---
2026-07-14 21:30:05    Niciun semnal nou. Pendinge: 0
2026-07-14 21:30:05    Urmatoarea bara 15min @ 21:45:05 — 900s
2026-07-14 21:45:05  --- S7-XRP iter 6 @ 21:45:05 ---
2026-07-14 21:45:05    [AI-FILTER] S7-XRP-IB0055: consiliul AI evalueaza (nivel balanced)...
2026-07-14 21:46:45    [AI-FILTER] consiliul «openroute» indisponibil (openroute: quota epuizata (HTTP 402) {"error":{"message":"This request requires more credits, or fewer max_tokens. You requested up to 2000 tokens, but can o)
2026-07-14 21:46:45    [AI-FILTER] S7-XRP-IB0055: RESPINS — incredere 68% (prag 70%, 99.4s)
2026-07-14 21:46:45    *** SEMNAL RESPINS DE FILTRUL AI: S7-XRP-IB0055 XRPUSD LONG — incredere 68% < prag 70%
2026-07-14 21:46:45    Urmatoarea bara 15min @ 22:00:05 — 800s
2026-07-14 22:00:05  --- S7-XRP iter 7 @ 22:00:05 ---
2026-07-14 22:00:05    Niciun semnal nou. Pendinge: 0
2026-07-14 22:00:05    Urmatoarea bara 15min @ 22:15:05 — 900s
2026-07-14 22:15:05  --- S7-XRP iter 8 @ 22:15:05 ---
2026-07-14 22:15:05    Niciun semnal nou. Pendinge: 0
2026-07-14 22:15:05    Urmatoarea bara 15min @ 22:30:05 — 900s
2026-07-14 22:30:05  --- S7-XRP iter 9 @ 22:30:05 ---
2026-07-14 22:30:05    Niciun semnal nou. Pendinge: 0
2026-07-14 22:30:05    Urmatoarea bara 15min @ 22:45:05 — 900s
2026-07-14 22:45:05  --- S7-XRP iter 10 @ 22:45:05 ---
2026-07-14 22:45:05    Niciun semnal nou. Pendinge: 0
2026-07-14 22:45:05    Urmatoarea bara 15min @ 23:00:05 — 900s
2026-07-14 23:00:05  --- S7-XRP iter 11 @ 23:00:05 ---
2026-07-14 23:00:05    Niciun semnal nou. Pendinge: 0
2026-07-14 23:00:05    Urmatoarea bara 15min @ 23:15:05 — 900s
2026-07-14 23:15:05  --- S7-XRP iter 12 @ 23:15:05 ---
2026-07-14 23:15:05    Niciun semnal nou. Pendinge: 0
2026-07-14 23:15:05    Urmatoarea bara 15min @ 23:30:05 — 900s
2026-07-14 23:30:05  --- S7-XRP iter 13 @ 23:30:05 ---
2026-07-14 23:30:05    Niciun semnal nou. Pendinge: 0
2026-07-14 23:30:05    Urmatoarea bara 15min @ 23:45:05 — 900s
2026-07-14 23:45:05  --- S7-XRP iter 14 @ 23:45:05 ---
2026-07-14 23:45:05    Niciun semnal nou. Pendinge: 0
2026-07-14 23:45:05    Urmatoarea bara 15min @ 00:00:05 — 900s
2026-07-15 00:00:05  --- S7-XRP iter 15 @ 00:00:05 ---
2026-07-15 00:00:05    Niciun semnal nou. Pendinge: 0
2026-07-15 00:00:05    Urmatoarea bara 15min @ 00:15:05 — 900s
2026-07-15 00:15:05  --- S7-XRP iter 16 @ 00:15:05 ---
2026-07-15 00:15:05    XRPUSD: eroare M15 — Simbolul 'XRPUSD' nu este disponibil in MT5: (-10001, 'IPC send failed')
2026-07-15 00:15:05    Niciun semnal nou. Pendinge: 0
2026-07-15 00:15:05  [MT5-HEALTH] terminal_info() = None — IPC pierdut
2026-07-15 00:15:05    Urmatoarea bara 15min @ 00:30:05 — 900s
2026-07-15 00:30:05  --- S7-XRP iter 17 @ 00:30:05 ---
2026-07-15 00:30:05    XRPUSD: eroare M15 — Simbolul 'XRPUSD' nu este disponibil in MT5: (-10001, 'IPC send failed')
2026-07-15 00:30:05    Niciun semnal nou. Pendinge: 0
2026-07-15 00:30:05  [MT5-HEALTH] terminal_info() = None — IPC pierdut
2026-07-15 00:30:05    Urmatoarea bara 15min @ 00:45:05 — 900s
2026-07-15 00:45:05  --- S7-XRP iter 18 @ 00:45:05 ---
2026-07-15 00:45:05    XRPUSD: eroare M15 — Simbolul 'XRPUSD' nu este disponibil in MT5: (-10001, 'IPC send failed')
2026-07-15 00:45:05    Niciun semnal nou. Pendinge: 0
2026-07-15 00:45:05  [MT5-HEALTH] terminal_info() = None — IPC pierdut
2026-07-15 00:45:05    Urmatoarea bara 15min @ 01:00:05 — 900s
2026-07-15 01:00:05  --- S7-XRP iter 19 @ 01:00:05 ---
2026-07-15 01:00:05    XRPUSD: eroare M15 — Simbolul 'XRPUSD' nu este disponibil in MT5: (-10001, 'IPC send failed')
2026-07-15 01:00:05    Niciun semnal nou. Pendinge: 0
2026-07-15 01:00:05  [MT5-HEALTH] terminal_info() = None — IPC pierdut
2026-07-15 01:00:05    Urmatoarea bara 15min @ 01:15:05 — 900s
2026-07-15 01:15:05  --- S7-XRP iter 20 @ 01:15:05 ---
2026-07-15 01:15:05    XRPUSD: eroare M15 — Simbolul 'XRPUSD' nu este disponibil in MT5: (-10001, 'IPC send failed')
2026-07-15 01:15:05    Niciun semnal nou. Pendinge: 0
2026-07-15 01:15:05  [MT5-HEALTH] terminal_info() = None — IPC pierdut
2026-07-15 01:15:05    Urmatoarea bara 15min @ 01:30:05 — 900s
2026-07-15 01:30:05  --- S7-XRP iter 21 @ 01:30:05 ---
2026-07-15 01:30:05    XRPUSD: eroare M15 — Simbolul 'XRPUSD' nu este disponibil in MT5: (-10001, 'IPC send failed')
2026-07-15 01:30:05    Niciun semnal nou. Pendinge: 0
2026-07-15 01:30:05  [MT5-HEALTH] terminal_info() = None — IPC pierdut
2026-07-15 01:30:05    Urmatoarea bara 15min @ 01:45:05 — 900s
2026-07-15 01:45:05  --- S7-XRP iter 22 @ 01:45:05 ---
2026-07-15 01:45:05    XRPUSD: eroare M15 — Simbolul 'XRPUSD' nu este disponibil in MT5: (-10001, 'IPC send failed')
2026-07-15 01:45:05    Niciun semnal nou. Pendinge: 0
2026-07-15 01:45:05  [MT5-HEALTH] terminal_info() = None — IPC pierdut
2026-07-15 01:45:05    Urmatoarea bara 15min @ 02:00:05 — 900s
2026-07-15 02:00:05  --- S7-XRP iter 23 @ 02:00:05 ---
2026-07-15 02:00:05    XRPUSD: eroare M15 — Simbolul 'XRPUSD' nu este disponibil in MT5: (-10001, 'IPC send failed')
2026-07-15 02:00:05    Niciun semnal nou. Pendinge: 0
2026-07-15 02:00:05  [MT5-HEALTH] terminal_info() = None — IPC pierdut
2026-07-15 02:00:05    Urmatoarea bara 15min @ 02:15:05 — 900s
2026-07-15 02:15:05  --- S7-XRP iter 24 @ 02:15:05 ---
2026-07-15 02:15:05    XRPUSD: eroare M15 — Simbolul 'XRPUSD' nu este disponibil in MT5: (-10001, 'IPC send failed')
2026-07-15 02:15:05    Niciun semnal nou. Pendinge: 0
2026-07-15 02:15:05  [MT5-HEALTH] terminal_info() = None — IPC pierdut
2026-07-15 02:15:05    Urmatoarea bara 15min @ 02:30:05 — 900s
2026-07-15 02:30:05  --- S7-XRP iter 25 @ 02:30:05 ---
2026-07-15 02:30:05    XRPUSD: eroare M15 — Simbolul 'XRPUSD' nu este disponibil in MT5: (-10001, 'IPC send failed')
2026-07-15 02:30:05    Niciun semnal nou. Pendinge: 0
2026-07-15 02:30:05  [MT5-HEALTH] terminal_info() = None — IPC pierdut
2026-07-15 02:30:05    Urmatoarea bara 15min @ 02:45:05 — 900s
2026-07-15 02:45:05  --- S7-XRP iter 26 @ 02:45:05 ---
2026-07-15 02:45:05    XRPUSD: eroare M15 — Simbolul 'XRPUSD' nu este disponibil in MT5: (-10001, 'IPC send failed')
2026-07-15 02:45:05    Niciun semnal nou. Pendinge: 0
2026-07-15 02:45:05  [MT5-HEALTH] terminal_info() = None — IPC pierdut
2026-07-15 02:45:05    Urmatoarea bara 15min @ 03:00:05 — 900s
2026-07-15 03:00:05  --- S7-XRP iter 27 @ 03:00:05 ---
2026-07-15 03:00:05    XRPUSD: eroare M15 — Simbolul 'XRPUSD' nu este disponibil in MT5: (-10001, 'IPC send failed')
2026-07-15 03:00:05    Niciun semnal nou. Pendinge: 0
2026-07-15 03:00:05  [MT5-HEALTH] terminal_info() = None — IPC pierdut
2026-07-15 03:00:05    Urmatoarea bara 15min @ 03:15:05 — 900s
2026-07-15 03:15:05  --- S7-XRP iter 28 @ 03:15:05 ---
2026-07-15 03:15:05    XRPUSD: eroare M15 — Simbolul 'XRPUSD' nu este disponibil in MT5: (-10001, 'IPC send failed')
2026-07-15 03:15:05    Niciun semnal nou. Pendinge: 0
2026-07-15 03:15:05  [MT5-HEALTH] terminal_info() = None — IPC pierdut
2026-07-15 03:15:05    Urmatoarea bara 15min @ 03:30:05 — 900s
2026-07-15 03:30:05  --- S7-XRP iter 29 @ 03:30:05 ---
2026-07-15 03:30:05    XRPUSD: eroare M15 — Simbolul 'XRPUSD' nu este disponibil in MT5: (-10001, 'IPC send failed')
2026-07-15 03:30:05    Niciun semnal nou. Pendinge: 0
2026-07-15 03:30:05  [MT5-HEALTH] terminal_info() = None — IPC pierdut
2026-07-15 03:30:05    Urmatoarea bara 15min @ 03:45:05 — 900s
2026-07-15 03:45:05  --- S7-XRP iter 30 @ 03:45:05 ---
2026-07-15 03:45:05    XRPUSD: eroare M15 — Simbolul 'XRPUSD' nu este disponibil in MT5: (-10001, 'IPC send failed')
2026-07-15 03:45:05    Niciun semnal nou. Pendinge: 0
2026-07-15 03:45:05  [MT5-HEALTH] terminal_info() = None — IPC pierdut
2026-07-15 03:45:05    Urmatoarea bara 15min @ 04:00:05 — 900s
2026-07-15 04:00:05  --- S7-XRP iter 31 @ 04:00:05 ---
2026-07-15 04:00:05    XRPUSD: eroare M15 — Simbolul 'XRPUSD' nu este disponibil in MT5: (-10001, 'IPC send failed')
2026-07-15 04:00:05    Niciun semnal nou. Pendinge: 0
2026-07-15 04:00:05  [MT5-HEALTH] terminal_info() = None — IPC pierdut
2026-07-15 04:00:05    Urmatoarea bara 15min @ 04:15:05 — 900s
2026-07-15 04:15:05  --- S7-XRP iter 32 @ 04:15:05 ---
2026-07-15 04:15:05    XRPUSD: eroare M15 — Simbolul 'XRPUSD' nu este disponibil in MT5: (-10001, 'IPC send failed')
2026-07-15 04:15:05    Niciun semnal nou. Pendinge: 0
2026-07-15 04:15:05  [MT5-HEALTH] terminal_info() = None — IPC pierdut
2026-07-15 04:15:05    Urmatoarea bara 15min @ 04:30:05 — 900s
2026-07-15 04:30:05  --- S7-XRP iter 33 @ 04:30:05 ---
2026-07-15 04:30:05    XRPUSD: eroare M15 — Simbolul 'XRPUSD' nu este disponibil in MT5: (-10001, 'IPC send failed')
2026-07-15 04:30:05    Niciun semnal nou. Pendinge: 0
2026-07-15 04:30:05  [MT5-HEALTH] terminal_info() = None — IPC pierdut
2026-07-15 04:30:05    Urmatoarea bara 15min @ 04:45:05 — 900s
2026-07-15 04:45:05  --- S7-XRP iter 34 @ 04:45:05 ---
2026-07-15 04:45:05    XRPUSD: eroare M15 — Simbolul 'XRPUSD' nu este disponibil in MT5: (-10001, 'IPC send failed')
2026-07-15 04:45:05    Niciun semnal nou. Pendinge: 0
2026-07-15 04:45:05  [MT5-HEALTH] terminal_info() = None — IPC pierdut
2026-07-15 04:45:05    Urmatoarea bara 15min @ 05:00:05 — 900s
2026-07-15 05:00:05  --- S7-XRP iter 35 @ 05:00:05 ---
2026-07-15 05:00:05    XRPUSD: eroare M15 — Simbolul 'XRPUSD' nu este disponibil in MT5: (-10001, 'IPC send failed')
2026-07-15 05:00:05    Niciun semnal nou. Pendinge: 0
2026-07-15 05:00:05  [MT5-HEALTH] terminal_info() = None — IPC pierdut
2026-07-15 05:00:05    Urmatoarea bara 15min @ 05:15:05 — 900s
2026-07-15 05:15:05  --- S7-XRP iter 36 @ 05:15:05 ---
2026-07-15 05:15:05    XRPUSD: eroare M15 — Simbolul 'XRPUSD' nu este disponibil in MT5: (-10001, 'IPC send failed')
2026-07-15 05:15:05    Niciun semnal nou. Pendinge: 0
2026-07-15 05:15:05  [MT5-HEALTH] terminal_info() = None — IPC pierdut
2026-07-15 05:15:05    Urmatoarea bara 15min @ 05:30:05 — 900s
2026-07-15 05:30:05  --- S7-XRP iter 37 @ 05:30:05 ---
2026-07-15 05:30:05    XRPUSD: eroare M15 — Simbolul 'XRPUSD' nu este disponibil in MT5: (-10001, 'IPC send failed')
2026-07-15 05:30:05    Niciun semnal nou. Pendinge: 0
2026-07-15 05:30:05  [MT5-HEALTH] terminal_info() = None — IPC pierdut
2026-07-15 05:30:05    Urmatoarea bara 15min @ 05:45:05 — 900s
2026-07-15 05:45:05  --- S7-XRP iter 38 @ 05:45:05 ---
2026-07-15 05:45:05    XRPUSD: eroare M15 — Simbolul 'XRPUSD' nu este disponibil in MT5: (-10001, 'IPC send failed')
2026-07-15 05:45:05    Niciun semnal nou. Pendinge: 0
2026-07-15 05:45:05  [MT5-HEALTH] terminal_info() = None — IPC pierdut
2026-07-15 05:45:05    Urmatoarea bara 15min @ 06:00:05 — 900s
2026-07-15 06:00:05  --- S7-XRP iter 39 @ 06:00:05 ---
2026-07-15 06:00:05    XRPUSD: eroare M15 — Simbolul 'XRPUSD' nu este disponibil in MT5: (-10001, 'IPC send failed')
2026-07-15 06:00:05    Niciun semnal nou. Pendinge: 0
2026-07-15 06:00:05  [MT5-HEALTH] terminal_info() = None — IPC pierdut
2026-07-15 06:00:05    Urmatoarea bara 15min @ 06:15:05 — 900s
2026-07-15 06:15:05  --- S7-XRP iter 40 @ 06:15:05 ---
2026-07-15 06:15:05    XRPUSD: eroare M15 — Simbolul 'XRPUSD' nu este disponibil in MT5: (-10001, 'IPC send failed')
2026-07-15 06:15:05    Niciun semnal nou. Pendinge: 0
2026-07-15 06:15:05  [MT5-HEALTH] terminal_info() = None — IPC pierdut
2026-07-15 06:15:05    Urmatoarea bara 15min @ 06:30:05 — 900s
2026-07-15 06:30:05  --- S7-XRP iter 41 @ 06:30:05 ---
2026-07-15 06:30:05    XRPUSD: eroare M15 — Simbolul 'XRPUSD' nu este disponibil in MT5: (-10001, 'IPC send failed')
2026-07-15 06:30:05    Niciun semnal nou. Pendinge: 0
2026-07-15 06:30:05  [MT5-HEALTH] terminal_info() = None — IPC pierdut
2026-07-15 06:30:05    Urmatoarea bara 15min @ 06:45:05 — 900s
2026-07-15 06:45:05  --- S7-XRP iter 42 @ 06:45:05 ---
2026-07-15 06:45:05    XRPUSD: eroare M15 — Simbolul 'XRPUSD' nu este disponibil in MT5: (-10001, 'IPC send failed')
2026-07-15 06:45:05    Niciun semnal nou. Pendinge: 0
2026-07-15 06:45:05  [MT5-HEALTH] terminal_info() = None — IPC pierdut
2026-07-15 06:45:05    Urmatoarea bara 15min @ 07:00:05 — 900s
2026-07-15 07:00:05  --- S7-XRP iter 43 @ 07:00:05 ---
2026-07-15 07:00:05    XRPUSD: eroare M15 — Simbolul 'XRPUSD' nu este disponibil in MT5: (-10001, 'IPC send failed')
2026-07-15 07:00:05    Niciun semnal nou. Pendinge: 0
2026-07-15 07:00:05  [MT5-HEALTH] terminal_info() = None — IPC pierdut
2026-07-15 07:00:05    Urmatoarea bara 15min @ 07:15:05 — 900s
2026-07-15 07:15:05  --- S7-XRP iter 44 @ 07:15:05 ---
2026-07-15 07:15:05    XRPUSD: eroare M15 — Simbolul 'XRPUSD' nu este disponibil in MT5: (-10001, 'IPC send failed')
2026-07-15 07:15:05    Niciun semnal nou. Pendinge: 0
2026-07-15 07:15:05  [MT5-HEALTH] terminal_info() = None — IPC pierdut
2026-07-15 07:15:05    Urmatoarea bara 15min @ 07:30:05 — 900s
2026-07-15 07:30:05  --- S7-XRP iter 45 @ 07:30:05 ---
2026-07-15 07:30:05    XRPUSD: eroare M15 — Simbolul 'XRPUSD' nu este disponibil in MT5: (-10001, 'IPC send failed')
2026-07-15 07:30:05    Niciun semnal nou. Pendinge: 0
2026-07-15 07:30:05  [MT5-HEALTH] terminal_info() = None — IPC pierdut
2026-07-15 07:30:05    Urmatoarea bara 15min @ 07:45:05 — 900s
2026-07-15 07:45:05  --- S7-XRP iter 46 @ 07:45:05 ---
2026-07-15 07:45:05    XRPUSD: eroare M15 — Simbolul 'XRPUSD' nu este disponibil in MT5: (-10001, 'IPC send failed')
2026-07-15 07:45:05    Niciun semnal nou. Pendinge: 0
2026-07-15 07:45:05  [MT5-HEALTH] terminal_info() = None — IPC pierdut
2026-07-15 07:45:05    Urmatoarea bara 15min @ 08:00:05 — 900s
2026-07-15 08:00:05  --- S7-XRP iter 47 @ 08:00:05 ---
2026-07-15 08:00:05    XRPUSD: eroare M15 — Simbolul 'XRPUSD' nu este disponibil in MT5: (-10001, 'IPC send failed')
2026-07-15 08:00:05    Niciun semnal nou. Pendinge: 0
2026-07-15 08:00:05  [MT5-HEALTH] terminal_info() = None — IPC pierdut
2026-07-15 08:00:05    Urmatoarea bara 15min @ 08:15:05 — 900s
2026-07-15 08:15:05  --- S7-XRP iter 48 @ 08:15:05 ---
2026-07-15 08:15:05    XRPUSD: eroare M15 — Simbolul 'XRPUSD' nu este disponibil in MT5: (-10001, 'IPC send failed')
2026-07-15 08:15:05    Niciun semnal nou. Pendinge: 0
2026-07-15 08:15:05  [MT5-HEALTH] terminal_info() = None — IPC pierdut
2026-07-15 08:15:05    Urmatoarea bara 15min @ 08:30:05 — 900s
2026-07-15 08:30:05  --- S7-XRP iter 49 @ 08:30:05 ---
2026-07-15 08:30:05    XRPUSD: eroare M15 — Simbolul 'XRPUSD' nu este disponibil in MT5: (-10001, 'IPC send failed')
2026-07-15 08:30:05    Niciun semnal nou. Pendinge: 0
2026-07-15 08:30:05  [MT5-HEALTH] terminal_info() = None — IPC pierdut
2026-07-15 08:30:05    Urmatoarea bara 15min @ 08:45:05 — 900s
2026-07-15 08:45:05  --- S7-XRP iter 50 @ 08:45:05 ---
2026-07-15 08:45:05    XRPUSD: eroare M15 — Simbolul 'XRPUSD' nu este disponibil in MT5: (-10001, 'IPC send failed')
2026-07-15 08:45:05    Niciun semnal nou. Pendinge: 0
2026-07-15 08:45:05  [MT5-HEALTH] terminal_info() = None — IPC pierdut
2026-07-15 08:45:05    Urmatoarea bara 15min @ 09:00:05 — 900s
2026-07-15 09:21:09    [PROFIL] Profil 'Standard Profile' aplicat pe session7.
2026-07-15 09:21:09  =================================================================
2026-07-15 09:21:09    S7-XRP — XRPUSD M15+M30 BOTH pw=10 pullback+IB | test +0.245R DD -11.2%
2026-07-15 09:21:09    Piete: ['XRPUSD']
2026-07-15 09:21:09    TF: M15 (trend M30) | PW=4 | BOTH
2026-07-15 09:21:09    Output: C:\Dev\trading-bot\data\live_signals\session7
2026-07-15 09:21:09  =================================================================
2026-07-15 09:21:10  MT5: 52906593 @ ICMarketsEU-Demo (DEMO)
2026-07-15 09:21:10    [ORPHAN] Nicio pozitie MT5 fara corespondent — state consistent cu MT5.
2026-07-15 09:21:10  Simboluri active: ['XRPUSD']
2026-07-15 09:21:10  Pornit. Ctrl+C pentru oprire.

2026-07-15 09:21:10  --- S7-XRP iter 1 @ 09:21:10 ---
2026-07-15 09:21:10    Niciun semnal nou. Pendinge: 0
2026-07-15 09:21:10    Urmatoarea bara 15min @ 09:30:05 — 534s
2026-07-15 09:21:54    [PROFIL] Profil 'Standard Profile' aplicat pe session7.
2026-07-15 09:21:54  =================================================================
2026-07-15 09:21:54    S7-XRP — XRPUSD M15+M30 BOTH pw=10 pullback+IB | test +0.245R DD -11.2%
2026-07-15 09:21:54    Piete: ['XRPUSD']
2026-07-15 09:21:54    TF: M15 (trend M30) | PW=4 | BOTH
2026-07-15 09:21:54    Output: C:\Dev\trading-bot\data\live_signals\session7
2026-07-15 09:21:54  =================================================================
2026-07-15 09:21:54  MT5: 52906593 @ ICMarketsEU-Demo (DEMO)
2026-07-15 09:21:55    [ORPHAN] Nicio pozitie MT5 fara corespondent — state consistent cu MT5.
2026-07-15 09:21:55  Simboluri active: ['XRPUSD']
2026-07-15 09:21:55  Pornit. Ctrl+C pentru oprire.

2026-07-15 09:21:55  --- S7-XRP iter 1 @ 09:21:55 ---
2026-07-15 09:21:55    Niciun semnal nou. Pendinge: 0
2026-07-15 09:21:55    Urmatoarea bara 15min @ 09:30:05 — 489s
2026-07-15 09:30:05  --- S7-XRP iter 2 @ 09:30:05 ---
2026-07-15 09:30:05    Niciun semnal nou. Pendinge: 0
2026-07-15 09:30:05    Urmatoarea bara 15min @ 09:45:05 — 900s
2026-07-15 09:45:04  --- S7-XRP iter 3 @ 09:45:04 ---
2026-07-15 09:45:05    Niciun semnal nou. Pendinge: 0
2026-07-15 09:45:05    Urmatoarea bara 15min @ 10:00:05 — 900s
2026-07-15 10:00:04  --- S7-XRP iter 4 @ 10:00:04 ---
2026-07-15 10:00:05    Niciun semnal nou. Pendinge: 0
2026-07-15 10:00:05    Urmatoarea bara 15min @ 10:15:05 — 900s
2026-07-15 10:15:04  --- S7-XRP iter 5 @ 10:15:04 ---
2026-07-15 10:15:05    Niciun semnal nou. Pendinge: 0
2026-07-15 10:15:05    Urmatoarea bara 15min @ 10:30:05 — 900s
2026-07-15 10:30:04  --- S7-XRP iter 6 @ 10:30:04 ---
2026-07-15 10:30:05    Niciun semnal nou. Pendinge: 0
2026-07-15 10:30:05    Urmatoarea bara 15min @ 10:45:05 — 900s
2026-07-15 10:45:04  --- S7-XRP iter 7 @ 10:45:04 ---
2026-07-15 10:45:05    Niciun semnal nou. Pendinge: 0
2026-07-15 10:45:05    Urmatoarea bara 15min @ 11:00:05 — 900s
2026-07-15 11:00:04  --- S7-XRP iter 8 @ 11:00:04 ---
2026-07-15 11:00:05    Niciun semnal nou. Pendinge: 0
2026-07-15 11:00:05    Urmatoarea bara 15min @ 11:15:05 — 900s
2026-07-15 11:15:04  --- S7-XRP iter 9 @ 11:15:04 ---
2026-07-15 11:15:05    Niciun semnal nou. Pendinge: 0
2026-07-15 11:15:05    Urmatoarea bara 15min @ 11:30:05 — 900s
2026-07-15 11:30:04  --- S7-XRP iter 10 @ 11:30:04 ---
2026-07-15 11:30:05    Niciun semnal nou. Pendinge: 0
2026-07-15 11:30:05    Urmatoarea bara 15min @ 11:45:05 — 900s
2026-07-15 11:45:04  --- S7-XRP iter 11 @ 11:45:04 ---
2026-07-15 11:45:05    Niciun semnal nou. Pendinge: 0
2026-07-15 11:45:05    Urmatoarea bara 15min @ 12:00:05 — 900s
2026-07-15 12:00:05  --- S7-XRP iter 12 @ 12:00:04 ---
2026-07-15 12:00:05    Niciun semnal nou. Pendinge: 0
2026-07-15 12:00:05    Urmatoarea bara 15min @ 12:15:05 — 899s
2026-07-15 12:15:04  --- S7-XRP iter 13 @ 12:15:04 ---
2026-07-15 12:15:05    Niciun semnal nou. Pendinge: 0
2026-07-15 12:15:05    Urmatoarea bara 15min @ 12:30:05 — 900s
2026-07-15 12:30:05  --- S7-XRP iter 14 @ 12:30:05 ---
2026-07-15 12:30:05    Niciun semnal nou. Pendinge: 0
2026-07-15 12:30:05    Urmatoarea bara 15min @ 12:45:05 — 900s
2026-07-15 12:45:05  --- S7-XRP iter 15 @ 12:45:05 ---
2026-07-15 12:45:05    Niciun semnal nou. Pendinge: 0
2026-07-15 12:45:05    Urmatoarea bara 15min @ 13:00:05 — 900s
2026-07-15 13:00:05  --- S7-XRP iter 16 @ 13:00:05 ---
2026-07-15 13:00:05    Niciun semnal nou. Pendinge: 0
2026-07-15 13:00:05    Urmatoarea bara 15min @ 13:15:05 — 900s
2026-07-15 13:15:05  --- S7-XRP iter 17 @ 13:15:05 ---
2026-07-15 13:15:05    Niciun semnal nou. Pendinge: 0
2026-07-15 13:15:05    Urmatoarea bara 15min @ 13:30:05 — 900s
2026-07-15 13:30:05  --- S7-XRP iter 18 @ 13:30:05 ---
2026-07-15 13:30:05    Niciun semnal nou. Pendinge: 0
2026-07-15 13:30:05    Urmatoarea bara 15min @ 13:45:05 — 900s
2026-07-15 13:45:05  --- S7-XRP iter 19 @ 13:45:05 ---
2026-07-15 13:45:05    Niciun semnal nou. Pendinge: 0
2026-07-15 13:45:05    Urmatoarea bara 15min @ 14:00:05 — 900s
2026-07-15 14:00:05  --- S7-XRP iter 20 @ 14:00:05 ---
2026-07-15 14:00:05    Niciun semnal nou. Pendinge: 0
2026-07-15 14:00:05    Urmatoarea bara 15min @ 14:15:05 — 900s
2026-07-15 14:15:05  --- S7-XRP iter 21 @ 14:15:05 ---
2026-07-15 14:15:05    Niciun semnal nou. Pendinge: 0
2026-07-15 14:15:05    Urmatoarea bara 15min @ 14:30:05 — 900s
2026-07-15 14:30:05  --- S7-XRP iter 22 @ 14:30:05 ---
2026-07-15 14:30:05    Niciun semnal nou. Pendinge: 0
2026-07-15 14:30:05    Urmatoarea bara 15min @ 14:45:05 — 900s
2026-07-15 14:45:05  --- S7-XRP iter 23 @ 14:45:05 ---
2026-07-15 14:45:05    Niciun semnal nou. Pendinge: 0
2026-07-15 14:45:05    Urmatoarea bara 15min @ 15:00:05 — 900s
2026-07-15 15:00:05  --- S7-XRP iter 24 @ 15:00:05 ---
2026-07-15 15:00:05    Niciun semnal nou. Pendinge: 0
2026-07-15 15:00:05    Urmatoarea bara 15min @ 15:15:05 — 899s
2026-07-15 15:15:05  --- S7-XRP iter 25 @ 15:15:05 ---
2026-07-15 15:15:05    Niciun semnal nou. Pendinge: 0
2026-07-15 15:15:05    Urmatoarea bara 15min @ 15:30:05 — 900s
2026-07-15 15:30:05  --- S7-XRP iter 26 @ 15:30:05 ---
2026-07-15 15:30:05    [STIRI] Pauza automata — Core PPI m/m (USD, High, 1 min)
2026-07-15 15:30:05    [STIRI] Tranzitie → pauza: inchid ordine/pozitii active.
2026-07-15 15:30:05    [STIRI] Nicio pozitie/ordin activ — nimic de inchis.
2026-07-15 15:30:39    Niciun semnal nou. Pendinge: 0
2026-07-15 15:30:39    Urmatoarea bara 15min @ 15:45:05 — 865s
2026-07-15 15:45:05  --- S7-XRP iter 27 @ 15:45:05 ---
2026-07-15 15:45:05    [STIRI] Pauza automata — Core PPI m/m (USD, High, -14 min)
2026-07-15 15:45:05    Niciun semnal nou. Pendinge: 0
2026-07-15 15:45:05    Urmatoarea bara 15min @ 16:00:05 — 900s
2026-07-15 16:00:05  --- S7-XRP iter 28 @ 16:00:05 ---
2026-07-15 16:00:05    Niciun semnal nou. Pendinge: 0
2026-07-15 16:00:05    Urmatoarea bara 15min @ 16:15:05 — 899s
2026-07-15 16:15:05  --- S7-XRP iter 29 @ 16:15:05 ---
2026-07-15 16:15:05    Niciun semnal nou. Pendinge: 0
2026-07-15 16:15:05    Urmatoarea bara 15min @ 16:30:05 — 900s
2026-07-15 16:30:05  --- S7-XRP iter 30 @ 16:30:05 ---
2026-07-15 16:30:05    Niciun semnal nou. Pendinge: 0
2026-07-15 16:30:05    Urmatoarea bara 15min @ 16:45:05 — 900s
2026-07-15 16:45:05  --- S7-XRP iter 31 @ 16:45:05 ---
2026-07-15 16:45:05    Niciun semnal nou. Pendinge: 0
2026-07-15 16:45:05    Urmatoarea bara 15min @ 17:00:05 — 900s
2026-07-15 17:00:05  --- S7-XRP iter 32 @ 17:00:05 ---
2026-07-15 17:00:05    [STIRI] Pauza automata — Fed Chairman Warsh Testifies (USD, High, 1 min)
2026-07-15 17:00:05    [STIRI] Tranzitie → pauza: inchid ordine/pozitii active.
2026-07-15 17:00:05    [STIRI] Nicio pozitie/ordin activ — nimic de inchis.
2026-07-15 17:00:05    Niciun semnal nou. Pendinge: 0
2026-07-15 17:00:05    Urmatoarea bara 15min @ 17:15:05 — 900s
2026-07-15 17:15:05  --- S7-XRP iter 33 @ 17:15:05 ---
2026-07-15 17:15:05    [STIRI] Pauza automata — Fed Chairman Warsh Testifies (USD, High, -14 min)
2026-07-15 17:15:05    Niciun semnal nou. Pendinge: 0
2026-07-15 17:15:05    Urmatoarea bara 15min @ 17:30:05 — 900s
2026-07-15 17:30:05  --- S7-XRP iter 34 @ 17:30:05 ---
2026-07-15 17:30:05    Niciun semnal nou. Pendinge: 0
2026-07-15 17:30:05    Urmatoarea bara 15min @ 17:45:05 — 900s
2026-07-15 17:45:05  --- S7-XRP iter 35 @ 17:45:05 ---
2026-07-15 17:45:05    Niciun semnal nou. Pendinge: 0
2026-07-15 17:45:05    Urmatoarea bara 15min @ 18:00:05 — 900s
2026-07-15 18:00:05  --- S7-XRP iter 36 @ 18:00:05 ---
2026-07-15 18:00:05    Niciun semnal nou. Pendinge: 0
2026-07-15 18:00:05    Urmatoarea bara 15min @ 18:15:05 — 900s
2026-07-15 18:15:05  --- S7-XRP iter 37 @ 18:15:05 ---
2026-07-15 18:15:05    Niciun semnal nou. Pendinge: 0
2026-07-15 18:15:05    Urmatoarea bara 15min @ 18:30:05 — 900s
2026-07-15 18:30:05  --- S7-XRP iter 38 @ 18:30:05 ---
2026-07-15 18:30:05    Niciun semnal nou. Pendinge: 0
2026-07-15 18:30:05    Urmatoarea bara 15min @ 18:45:05 — 900s
2026-07-15 18:45:05  --- S7-XRP iter 39 @ 18:45:05 ---
2026-07-15 18:45:05    Niciun semnal nou. Pendinge: 0
2026-07-15 18:45:05    Urmatoarea bara 15min @ 19:00:05 — 900s
2026-07-15 19:00:05  --- S7-XRP iter 40 @ 19:00:05 ---
2026-07-15 19:00:05    Niciun semnal nou. Pendinge: 0
2026-07-15 19:00:05    Urmatoarea bara 15min @ 19:15:05 — 899s
2026-07-15 19:15:05  --- S7-XRP iter 41 @ 19:15:05 ---
2026-07-15 19:15:05    Niciun semnal nou. Pendinge: 0
2026-07-15 19:15:05    Urmatoarea bara 15min @ 19:30:05 — 900s
2026-07-15 19:30:05  --- S7-XRP iter 42 @ 19:30:05 ---
2026-07-15 19:30:05    Niciun semnal nou. Pendinge: 0
2026-07-15 19:30:05    Urmatoarea bara 15min @ 19:45:05 — 900s
2026-07-15 19:45:05  --- S7-XRP iter 43 @ 19:45:05 ---
2026-07-15 19:45:05    Niciun semnal nou. Pendinge: 0
2026-07-15 19:45:05    Urmatoarea bara 15min @ 20:00:05 — 900s
2026-07-15 20:00:05  --- S7-XRP iter 44 @ 20:00:05 ---
2026-07-15 20:00:05    Niciun semnal nou. Pendinge: 0
2026-07-15 20:00:05    Urmatoarea bara 15min @ 20:15:05 — 900s
2026-07-15 20:15:05  --- S7-XRP iter 45 @ 20:15:05 ---
2026-07-15 20:15:05    Niciun semnal nou. Pendinge: 0
2026-07-15 20:15:05    Urmatoarea bara 15min @ 20:30:05 — 900s
2026-07-15 20:30:05  --- S7-XRP iter 46 @ 20:30:05 ---
2026-07-15 20:30:05    Niciun semnal nou. Pendinge: 0
2026-07-15 20:30:05    Urmatoarea bara 15min @ 20:45:05 — 900s
2026-07-15 20:45:05  --- S7-XRP iter 47 @ 20:45:05 ---
2026-07-15 20:45:05    Niciun semnal nou. Pendinge: 0
2026-07-15 20:45:05    Urmatoarea bara 15min @ 21:00:05 — 900s
2026-07-15 21:00:05  --- S7-XRP iter 48 @ 21:00:05 ---
2026-07-15 21:00:05    Niciun semnal nou. Pendinge: 0
2026-07-15 21:00:05    Urmatoarea bara 15min @ 21:15:05 — 899s
2026-07-15 21:15:05  --- S7-XRP iter 49 @ 21:15:05 ---
2026-07-15 21:15:05    Niciun semnal nou. Pendinge: 0
2026-07-15 21:15:05    Urmatoarea bara 15min @ 21:30:05 — 900s
2026-07-15 21:30:05  --- S7-XRP iter 50 @ 21:30:05 ---
2026-07-15 21:30:05    Niciun semnal nou. Pendinge: 0
2026-07-15 21:30:05    Urmatoarea bara 15min @ 21:45:05 — 900s
2026-07-15 21:45:05  --- S7-XRP iter 51 @ 21:45:05 ---
2026-07-15 21:45:05    Niciun semnal nou. Pendinge: 0
2026-07-15 21:45:05    Urmatoarea bara 15min @ 22:00:05 — 900s
2026-07-15 22:00:05  --- S7-XRP iter 52 @ 22:00:05 ---
2026-07-15 22:00:05    Niciun semnal nou. Pendinge: 0
2026-07-15 22:00:05    Urmatoarea bara 15min @ 22:15:05 — 899s
2026-07-15 22:15:05  --- S7-XRP iter 53 @ 22:15:05 ---
2026-07-15 22:15:05    Niciun semnal nou. Pendinge: 0
2026-07-15 22:15:05    Urmatoarea bara 15min @ 22:30:05 — 900s
2026-07-15 22:30:05  --- S7-XRP iter 54 @ 22:30:05 ---
2026-07-15 22:30:05    Niciun semnal nou. Pendinge: 0
2026-07-15 22:30:05    Urmatoarea bara 15min @ 22:45:05 — 900s
2026-07-15 22:45:05  --- S7-XRP iter 55 @ 22:45:05 ---
2026-07-15 22:45:05    Niciun semnal nou. Pendinge: 0
2026-07-15 22:45:05    Urmatoarea bara 15min @ 23:00:05 — 900s
2026-07-15 23:00:05  --- S7-XRP iter 56 @ 23:00:05 ---
2026-07-15 23:00:05    Niciun semnal nou. Pendinge: 0
2026-07-15 23:00:05    Urmatoarea bara 15min @ 23:15:05 — 899s
2026-07-15 23:15:05  --- S7-XRP iter 57 @ 23:15:05 ---
2026-07-15 23:15:05    Niciun semnal nou. Pendinge: 0
2026-07-15 23:15:05    Urmatoarea bara 15min @ 23:30:05 — 900s
2026-07-15 23:30:05  --- S7-XRP iter 58 @ 23:30:05 ---
2026-07-15 23:30:05    Niciun semnal nou. Pendinge: 0
2026-07-15 23:30:05    Urmatoarea bara 15min @ 23:45:05 — 900s
2026-07-15 23:45:05  --- S7-XRP iter 59 @ 23:45:05 ---
2026-07-15 23:45:05    Niciun semnal nou. Pendinge: 0
2026-07-15 23:45:05    Urmatoarea bara 15min @ 00:00:05 — 900s
2026-07-16 00:00:05  --- S7-XRP iter 60 @ 00:00:05 ---
2026-07-16 00:00:05    Niciun semnal nou. Pendinge: 0
2026-07-16 00:00:05    Urmatoarea bara 15min @ 00:15:05 — 899s
2026-07-16 00:15:05  --- S7-XRP iter 61 @ 00:15:05 ---
2026-07-16 00:15:05    Niciun semnal nou. Pendinge: 0
2026-07-16 00:15:05    Urmatoarea bara 15min @ 00:30:05 — 900s
2026-07-16 00:30:05  --- S7-XRP iter 62 @ 00:30:05 ---
2026-07-16 00:30:05    Niciun semnal nou. Pendinge: 0
2026-07-16 00:30:05    Urmatoarea bara 15min @ 00:45:05 — 900s
2026-07-16 00:45:05  --- S7-XRP iter 63 @ 00:45:05 ---
2026-07-16 00:45:05    Niciun semnal nou. Pendinge: 0
2026-07-16 00:45:05    Urmatoarea bara 15min @ 01:00:05 — 900s
2026-07-16 01:00:05  --- S7-XRP iter 64 @ 01:00:05 ---
2026-07-16 01:00:09    [AI-FILTER] S7-XRP-IB0056: consiliul AI evalueaza (nivel balanced)...
2026-07-16 01:00:14    [AI-FILTER] consiliul «openroute» indisponibil (openroute: quota epuizata (HTTP 402) {"error":{"message":"This request requires more credits, or fewer max_tokens. You requested up to 2000 tokens, but can o)
2026-07-16 01:00:15    [AI-FILTER] S7-XRP-IB0056: RESPINS — incredere 50% (prag 70%, 5.6s)
2026-07-16 01:00:15    *** SEMNAL RESPINS DE FILTRUL AI: S7-XRP-IB0056 XRPUSD LONG — incredere 50% < prag 70%
2026-07-16 01:00:15    Urmatoarea bara 15min @ 01:15:05 — 890s
2026-07-16 01:15:05  --- S7-XRP iter 65 @ 01:15:05 ---
2026-07-16 01:15:05    Niciun semnal nou. Pendinge: 0
2026-07-16 01:15:05    Urmatoarea bara 15min @ 01:30:05 — 900s
2026-07-16 01:30:05  --- S7-XRP iter 66 @ 01:30:05 ---
2026-07-16 01:30:05    Niciun semnal nou. Pendinge: 0
2026-07-16 01:30:05    Urmatoarea bara 15min @ 01:45:05 — 900s
2026-07-16 01:45:05  --- S7-XRP iter 67 @ 01:45:05 ---
2026-07-16 01:45:05    Niciun semnal nou. Pendinge: 0
2026-07-16 01:45:05    Urmatoarea bara 15min @ 02:00:05 — 900s
2026-07-16 02:00:05  --- S7-XRP iter 68 @ 02:00:05 ---
2026-07-16 02:00:05    Niciun semnal nou. Pendinge: 0
2026-07-16 02:00:05    Urmatoarea bara 15min @ 02:15:05 — 899s
2026-07-16 02:15:05  --- S7-XRP iter 69 @ 02:15:05 ---
2026-07-16 02:15:05    Niciun semnal nou. Pendinge: 0
2026-07-16 02:15:05    Urmatoarea bara 15min @ 02:30:05 — 900s
2026-07-16 02:30:05  --- S7-XRP iter 70 @ 02:30:05 ---
2026-07-16 02:30:05    Niciun semnal nou. Pendinge: 0
2026-07-16 02:30:05    Urmatoarea bara 15min @ 02:45:05 — 900s
2026-07-16 02:45:05  --- S7-XRP iter 71 @ 02:45:05 ---
2026-07-16 02:45:05    Niciun semnal nou. Pendinge: 0
2026-07-16 02:45:05    Urmatoarea bara 15min @ 03:00:05 — 900s
2026-07-16 03:00:05  --- S7-XRP iter 72 @ 03:00:05 ---
2026-07-16 03:00:05    Niciun semnal nou. Pendinge: 0
2026-07-16 03:00:05    Urmatoarea bara 15min @ 03:15:05 — 899s
2026-07-16 03:15:05  --- S7-XRP iter 73 @ 03:15:05 ---
2026-07-16 03:15:05    Niciun semnal nou. Pendinge: 0
2026-07-16 03:15:05    Urmatoarea bara 15min @ 03:30:05 — 900s
2026-07-16 03:30:05  --- S7-XRP iter 74 @ 03:30:05 ---
2026-07-16 03:30:05    Niciun semnal nou. Pendinge: 0
2026-07-16 03:30:05    Urmatoarea bara 15min @ 03:45:05 — 900s
2026-07-16 03:45:05  --- S7-XRP iter 75 @ 03:45:05 ---
2026-07-16 03:45:05    Niciun semnal nou. Pendinge: 0
2026-07-16 03:45:05    Urmatoarea bara 15min @ 04:00:05 — 900s
2026-07-16 04:00:05  --- S7-XRP iter 76 @ 04:00:05 ---
2026-07-16 04:00:05    Niciun semnal nou. Pendinge: 0
2026-07-16 04:00:05    Urmatoarea bara 15min @ 04:15:05 — 899s
2026-07-16 04:15:05  --- S7-XRP iter 77 @ 04:15:05 ---
2026-07-16 04:15:05    Niciun semnal nou. Pendinge: 0
2026-07-16 04:15:05    Urmatoarea bara 15min @ 04:30:05 — 900s
2026-07-16 04:30:05  --- S7-XRP iter 78 @ 04:30:05 ---
2026-07-16 04:30:05    Niciun semnal nou. Pendinge: 0
2026-07-16 04:30:05    Urmatoarea bara 15min @ 04:45:05 — 899s
2026-07-16 04:45:05  --- S7-XRP iter 79 @ 04:45:05 ---
2026-07-16 04:45:05    Niciun semnal nou. Pendinge: 0
2026-07-16 04:45:05    Urmatoarea bara 15min @ 05:00:05 — 900s
2026-07-16 05:00:05  --- S7-XRP iter 80 @ 05:00:05 ---
2026-07-16 05:00:05    Niciun semnal nou. Pendinge: 0
2026-07-16 05:00:05    Urmatoarea bara 15min @ 05:15:05 — 899s
2026-07-16 05:15:05  --- S7-XRP iter 81 @ 05:15:05 ---
2026-07-16 05:15:05    Niciun semnal nou. Pendinge: 0
2026-07-16 05:15:05    Urmatoarea bara 15min @ 05:30:05 — 900s
2026-07-16 05:30:05  --- S7-XRP iter 82 @ 05:30:05 ---
2026-07-16 05:30:06    [AI-FILTER] S7-XRP-IB0057: consiliul AI evalueaza (nivel balanced)...
2026-07-16 05:30:10    [AI-FILTER] consiliul «openroute» indisponibil (sursa 'openroute' indisponibila (paused))
2026-07-16 05:30:10    [AI-FILTER] S7-XRP-IB0057: RESPINS — incredere 30% (prag 70%, 4.6s)
2026-07-16 05:30:10    *** SEMNAL RESPINS DE FILTRUL AI: S7-XRP-IB0057 XRPUSD LONG — incredere 30% < prag 70%
2026-07-16 05:30:10    Urmatoarea bara 15min @ 05:45:05 — 894s
2026-07-16 05:45:05  --- S7-XRP iter 83 @ 05:45:05 ---
2026-07-16 05:45:05    Niciun semnal nou. Pendinge: 0
2026-07-16 05:45:05    Urmatoarea bara 15min @ 06:00:05 — 900s
2026-07-16 06:00:05  --- S7-XRP iter 84 @ 06:00:05 ---
2026-07-16 06:00:05    Niciun semnal nou. Pendinge: 0
2026-07-16 06:00:05    Urmatoarea bara 15min @ 06:15:05 — 899s
2026-07-16 06:15:05  --- S7-XRP iter 85 @ 06:15:05 ---
2026-07-16 06:15:05    Niciun semnal nou. Pendinge: 0
2026-07-16 06:15:05    Urmatoarea bara 15min @ 06:30:05 — 900s
2026-07-16 06:30:05  --- S7-XRP iter 86 @ 06:30:05 ---
2026-07-16 06:30:05    Niciun semnal nou. Pendinge: 0
2026-07-16 06:30:05    Urmatoarea bara 15min @ 06:45:05 — 900s
2026-07-16 06:45:05  --- S7-XRP iter 87 @ 06:45:05 ---
2026-07-16 06:45:05    Niciun semnal nou. Pendinge: 0
2026-07-16 06:45:05    Urmatoarea bara 15min @ 07:00:05 — 899s
2026-07-16 07:00:05  --- S7-XRP iter 88 @ 07:00:05 ---
2026-07-16 07:00:05    Niciun semnal nou. Pendinge: 0
2026-07-16 07:00:05    Urmatoarea bara 15min @ 07:15:05 — 899s
2026-07-16 07:15:05  --- S7-XRP iter 89 @ 07:15:05 ---
2026-07-16 07:15:05    Niciun semnal nou. Pendinge: 0
2026-07-16 07:15:05    Urmatoarea bara 15min @ 07:30:05 — 900s
2026-07-16 07:30:05  --- S7-XRP iter 90 @ 07:30:05 ---
2026-07-16 07:30:05    Niciun semnal nou. Pendinge: 0
2026-07-16 07:30:05    Urmatoarea bara 15min @ 07:45:05 — 900s
2026-07-16 07:45:05  --- S7-XRP iter 91 @ 07:45:05 ---
2026-07-16 07:45:05    Niciun semnal nou. Pendinge: 0
2026-07-16 07:45:05    Urmatoarea bara 15min @ 08:00:05 — 900s
2026-07-16 08:00:05  --- S7-XRP iter 92 @ 08:00:05 ---
2026-07-16 08:00:05    Niciun semnal nou. Pendinge: 0
2026-07-16 08:00:05    Urmatoarea bara 15min @ 08:15:05 — 899s
2026-07-16 08:15:05  --- S7-XRP iter 93 @ 08:15:05 ---
2026-07-16 08:15:05    Niciun semnal nou. Pendinge: 0
2026-07-16 08:15:05    Urmatoarea bara 15min @ 08:30:05 — 900s
2026-07-16 08:30:05  --- S7-XRP iter 94 @ 08:30:05 ---
2026-07-16 08:30:05    Niciun semnal nou. Pendinge: 0
2026-07-16 08:30:05    Urmatoarea bara 15min @ 08:45:05 — 900s
2026-07-16 08:45:05  --- S7-XRP iter 95 @ 08:45:05 ---
2026-07-16 08:45:05    Niciun semnal nou. Pendinge: 0
2026-07-16 08:45:05    Urmatoarea bara 15min @ 09:00:05 — 900s
2026-07-16 09:00:05  --- S7-XRP iter 96 @ 09:00:05 ---
2026-07-16 09:00:05    Niciun semnal nou. Pendinge: 0
2026-07-16 09:00:05    Urmatoarea bara 15min @ 09:15:05 — 900s
2026-07-16 09:15:05  --- S7-XRP iter 97 @ 09:15:05 ---
2026-07-16 09:15:05    Niciun semnal nou. Pendinge: 0
2026-07-16 09:15:05    Urmatoarea bara 15min @ 09:30:05 — 900s
2026-07-16 09:30:05  --- S7-XRP iter 98 @ 09:30:05 ---
2026-07-16 09:30:05    Niciun semnal nou. Pendinge: 0
2026-07-16 09:30:05    Urmatoarea bara 15min @ 09:45:05 — 900s
2026-07-16 09:45:05  --- S7-XRP iter 99 @ 09:45:05 ---
2026-07-16 09:45:05    Niciun semnal nou. Pendinge: 0
2026-07-16 09:45:05    Urmatoarea bara 15min @ 10:00:05 — 900s
2026-07-16 10:00:05  --- S7-XRP iter 100 @ 10:00:05 ---
2026-07-16 10:00:05    Niciun semnal nou. Pendinge: 0
2026-07-16 10:00:05    Urmatoarea bara 15min @ 10:15:05 — 900s
2026-07-16 10:15:05  --- S7-XRP iter 101 @ 10:15:05 ---
2026-07-16 10:15:05    Niciun semnal nou. Pendinge: 0
2026-07-16 10:15:05    Urmatoarea bara 15min @ 10:30:05 — 900s
2026-07-16 10:30:05  --- S7-XRP iter 102 @ 10:30:05 ---
2026-07-16 10:30:05    Niciun semnal nou. Pendinge: 0
2026-07-16 10:30:05    Urmatoarea bara 15min @ 10:45:05 — 900s
2026-07-16 10:45:05  --- S7-XRP iter 103 @ 10:45:05 ---
2026-07-16 10:45:05    Niciun semnal nou. Pendinge: 0
2026-07-16 10:45:05    Urmatoarea bara 15min @ 11:00:05 — 900s
2026-07-16 11:00:05  --- S7-XRP iter 104 @ 11:00:05 ---
2026-07-16 11:00:05    Niciun semnal nou. Pendinge: 0
2026-07-16 11:00:05    Urmatoarea bara 15min @ 11:15:05 — 899s
2026-07-16 11:15:05  --- S7-XRP iter 105 @ 11:15:05 ---
2026-07-16 11:15:53    Niciun semnal nou. Pendinge: 0
2026-07-16 11:15:53    Urmatoarea bara 15min @ 11:30:05 — 852s
2026-07-16 11:30:05  --- S7-XRP iter 106 @ 11:30:05 ---
2026-07-16 11:30:05    Niciun semnal nou. Pendinge: 0
2026-07-16 11:30:05    Urmatoarea bara 15min @ 11:45:05 — 900s
2026-07-16 11:45:05  --- S7-XRP iter 107 @ 11:45:05 ---
2026-07-16 11:45:05    Niciun semnal nou. Pendinge: 0
2026-07-16 11:45:05    Urmatoarea bara 15min @ 12:00:05 — 900s
2026-07-16 12:00:05  --- S7-XRP iter 108 @ 12:00:05 ---
2026-07-16 12:00:05    Niciun semnal nou. Pendinge: 0
2026-07-16 12:00:06    Urmatoarea bara 15min @ 12:15:05 — 899s
2026-07-16 12:15:05  --- S7-XRP iter 109 @ 12:15:05 ---
2026-07-16 12:15:05    Niciun semnal nou. Pendinge: 0
2026-07-16 12:15:05    Urmatoarea bara 15min @ 12:30:05 — 900s
2026-07-16 12:30:05  --- S7-XRP iter 110 @ 12:30:05 ---
2026-07-16 12:30:05    Niciun semnal nou. Pendinge: 0
2026-07-16 12:30:05    Urmatoarea bara 15min @ 12:45:05 — 900s
2026-07-16 12:45:05  --- S7-XRP iter 111 @ 12:45:05 ---
2026-07-16 12:45:05    Niciun semnal nou. Pendinge: 0
2026-07-16 12:45:05    Urmatoarea bara 15min @ 13:00:05 — 900s
2026-07-16 13:00:05  --- S7-XRP iter 112 @ 13:00:05 ---
2026-07-16 13:00:05    Niciun semnal nou. Pendinge: 0
2026-07-16 13:00:05    Urmatoarea bara 15min @ 13:15:05 — 899s
2026-07-16 13:15:05  --- S7-XRP iter 113 @ 13:15:05 ---
2026-07-16 13:15:05    Niciun semnal nou. Pendinge: 0
2026-07-16 13:15:05    Urmatoarea bara 15min @ 13:30:05 — 900s
2026-07-16 13:30:05  --- S7-XRP iter 114 @ 13:30:05 ---
2026-07-16 13:31:06    Niciun semnal nou. Pendinge: 0
2026-07-16 13:31:06    Urmatoarea bara 15min @ 13:45:05 — 838s
2026-07-16 13:45:05  --- S7-XRP iter 115 @ 13:45:05 ---
2026-07-16 13:45:05    Niciun semnal nou. Pendinge: 0
2026-07-16 13:45:05    Urmatoarea bara 15min @ 14:00:05 — 900s
2026-07-16 14:00:05  --- S7-XRP iter 116 @ 14:00:05 ---
2026-07-16 14:00:05    Niciun semnal nou. Pendinge: 0
2026-07-16 14:00:05    Urmatoarea bara 15min @ 14:15:05 — 899s
2026-07-16 14:15:05  --- S7-XRP iter 117 @ 14:15:05 ---
2026-07-16 14:15:05    Niciun semnal nou. Pendinge: 0
2026-07-16 14:15:05    Urmatoarea bara 15min @ 14:30:05 — 900s
2026-07-16 14:30:05  --- S7-XRP iter 118 @ 14:30:05 ---
2026-07-16 14:30:05    Niciun semnal nou. Pendinge: 0
2026-07-16 14:30:05    Urmatoarea bara 15min @ 14:45:05 — 900s
2026-07-16 14:45:05  --- S7-XRP iter 119 @ 14:45:05 ---
2026-07-16 14:45:05    Niciun semnal nou. Pendinge: 0
2026-07-16 14:45:05    Urmatoarea bara 15min @ 15:00:05 — 900s
2026-07-16 15:00:05  --- S7-XRP iter 120 @ 15:00:05 ---
2026-07-16 15:00:05    Niciun semnal nou. Pendinge: 0
2026-07-16 15:00:05    Urmatoarea bara 15min @ 15:15:05 — 899s
2026-07-16 15:15:05  --- S7-XRP iter 121 @ 15:15:05 ---
2026-07-16 15:15:05    Niciun semnal nou. Pendinge: 0
2026-07-16 15:15:05    Urmatoarea bara 15min @ 15:30:05 — 900s
2026-07-16 15:30:05  --- S7-XRP iter 122 @ 15:30:05 ---
2026-07-16 15:30:05    Niciun semnal nou. Pendinge: 0
2026-07-16 15:30:05    Urmatoarea bara 15min @ 15:45:05 — 900s
2026-07-16 15:45:05  --- S7-XRP iter 123 @ 15:45:05 ---
2026-07-16 15:45:05    Niciun semnal nou. Pendinge: 0
2026-07-16 15:45:05    Urmatoarea bara 15min @ 16:00:05 — 900s
2026-07-16 16:00:05  --- S7-XRP iter 124 @ 16:00:05 ---
2026-07-16 16:00:05    Niciun semnal nou. Pendinge: 0
2026-07-16 16:00:05    Urmatoarea bara 15min @ 16:15:05 — 900s
2026-07-16 16:15:05  --- S7-XRP iter 125 @ 16:15:05 ---
2026-07-16 16:15:05    Niciun semnal nou. Pendinge: 0
2026-07-16 16:15:05    Urmatoarea bara 15min @ 16:30:05 — 900s
2026-07-16 16:30:05  --- S7-XRP iter 126 @ 16:30:05 ---
2026-07-16 16:30:05    Niciun semnal nou. Pendinge: 0
2026-07-16 16:30:05    Urmatoarea bara 15min @ 16:45:05 — 900s
2026-07-16 16:45:05  --- S7-XRP iter 127 @ 16:45:05 ---
2026-07-16 16:45:05    Niciun semnal nou. Pendinge: 0
2026-07-16 16:45:05    Urmatoarea bara 15min @ 17:00:05 — 900s
2026-07-16 17:00:05  --- S7-XRP iter 128 @ 17:00:05 ---
2026-07-16 17:00:05    Niciun semnal nou. Pendinge: 0
2026-07-16 17:00:05    Urmatoarea bara 15min @ 17:15:05 — 899s
2026-07-16 17:15:05  --- S7-XRP iter 129 @ 17:15:05 ---
2026-07-16 17:15:05    Niciun semnal nou. Pendinge: 0
2026-07-16 17:15:05    Urmatoarea bara 15min @ 17:30:05 — 900s
2026-07-16 17:30:05  --- S7-XRP iter 130 @ 17:30:05 ---
2026-07-16 17:30:05    Niciun semnal nou. Pendinge: 0
2026-07-16 17:30:05    Urmatoarea bara 15min @ 17:45:05 — 900s
2026-07-16 17:45:05  --- S7-XRP iter 131 @ 17:45:05 ---
2026-07-16 17:45:05    Niciun semnal nou. Pendinge: 0
2026-07-16 17:45:05    Urmatoarea bara 15min @ 18:00:05 — 900s
2026-07-16 18:00:05  --- S7-XRP iter 132 @ 18:00:05 ---
2026-07-16 18:00:05    Niciun semnal nou. Pendinge: 0
2026-07-16 18:00:05    Urmatoarea bara 15min @ 18:15:05 — 899s
2026-07-16 18:15:05  --- S7-XRP iter 133 @ 18:15:05 ---
2026-07-16 18:15:05    Niciun semnal nou. Pendinge: 0
2026-07-16 18:15:05    Urmatoarea bara 15min @ 18:30:05 — 900s
2026-07-16 18:30:05  --- S7-XRP iter 134 @ 18:30:05 ---
2026-07-16 18:30:05    Niciun semnal nou. Pendinge: 0
2026-07-16 18:30:05    Urmatoarea bara 15min @ 18:45:05 — 900s
2026-07-16 18:45:05  --- S7-XRP iter 135 @ 18:45:05 ---
2026-07-16 18:45:05    Niciun semnal nou. Pendinge: 0
2026-07-16 18:45:05    Urmatoarea bara 15min @ 19:00:05 — 900s
2026-07-16 19:00:05  --- S7-XRP iter 136 @ 19:00:05 ---
2026-07-16 19:00:05    Niciun semnal nou. Pendinge: 0
2026-07-16 19:00:05    Urmatoarea bara 15min @ 19:15:05 — 900s
2026-07-16 19:15:05  --- S7-XRP iter 137 @ 19:15:05 ---
2026-07-16 19:15:05    Niciun semnal nou. Pendinge: 0
2026-07-16 19:15:05    Urmatoarea bara 15min @ 19:30:05 — 900s
2026-07-16 19:30:05  --- S7-XRP iter 138 @ 19:30:05 ---
2026-07-16 19:30:05    Niciun semnal nou. Pendinge: 0
2026-07-16 19:30:05    Urmatoarea bara 15min @ 19:45:05 — 900s
2026-07-16 19:45:05  --- S7-XRP iter 139 @ 19:45:05 ---
2026-07-16 19:45:05    Niciun semnal nou. Pendinge: 0
2026-07-16 19:45:05    Urmatoarea bara 15min @ 20:00:05 — 900s
2026-07-16 20:00:05  --- S7-XRP iter 140 @ 20:00:05 ---
2026-07-16 20:00:05    Niciun semnal nou. Pendinge: 0
2026-07-16 20:00:05    Urmatoarea bara 15min @ 20:15:05 — 900s
2026-07-16 20:15:05  --- S7-XRP iter 141 @ 20:15:05 ---
2026-07-16 20:15:05    Niciun semnal nou. Pendinge: 0
2026-07-16 20:15:05    Urmatoarea bara 15min @ 20:30:05 — 900s
2026-07-16 20:30:05  --- S7-XRP iter 142 @ 20:30:05 ---
2026-07-16 20:30:05    Niciun semnal nou. Pendinge: 0
2026-07-16 20:30:05    Urmatoarea bara 15min @ 20:45:05 — 900s
2026-07-16 20:45:05  --- S7-XRP iter 143 @ 20:45:05 ---
2026-07-16 20:45:05    Niciun semnal nou. Pendinge: 0
2026-07-16 20:45:05    Urmatoarea bara 15min @ 21:00:05 — 900s
